mask,morphology,thickness,seed,degradation,target_dice_loss,severity,dice,reachable,err_pixel_area,base_pixel_area,err_convex_hull_area,base_convex_hull_area,err_bounding_depth,base_bounding_depth,err_bounding_width,base_bounding_width,err_total_length,base_total_length,err_mean_diameter,base_mean_diameter,err_n_tips,base_n_tips,err_n_branch_points,base_n_branch_points,err_n_components,base_n_components,err_n_holes,base_n_holes,err_fractal_dimension,base_fractal_dimension,err_lacunarity,base_lacunarity
herringbone|thin|0,herringbone,thin,0,boundary_erode,0.005,-0.017578125,0.995115279406018,True,0.009721952167995334,5143.0,0.0,55271.0,0.0,361.0,0.0,189.0,0.0,1456.0,0.009721952167995424,3.53228021978022,0.0,19.0,0.0,60.0,0.0,2.0,0.0,0.0,0.00039678815243472887,1.3205826523735409,0.0011722686546701703,5.163732634547883
herringbone|thin|0,herringbone,thin,0,boundary_erode,0.01,-0.03515625,0.9901826035735323,True,0.019443904335990667,5143.0,0.0,55271.0,0.0,361.0,0.0,189.0,0.0020604395604395605,1456.0,0.02146012660260619,3.53228021978022,0.0,19.0,0.0,60.0,0.0,2.0,0.0,0.0,0.0017024613266067232,1.3205826523735409,0.00030129591042576915,5.163732634547883
herringbone|thin|0,herringbone,thin,0,boundary_erode,0.02,-0.0703125,0.9801705334126511,True,0.038887808671981335,5143.0,0.0,55271.0,0.0,361.0,0.0,189.0,0.0013736263736263737,1456.0,0.04020620673964671,3.53228021978022,0.0,19.0,0.0,60.0,0.0,2.0,0.0,0.0,0.0023666802948526474,1.3205826523735409,0.003237357850462864,5.163732634547883
herringbone|thin|0,herringbone,thin,0,boundary_erode,0.05,-0.17578125,0.9489066012671162,True,0.09721952167995333,5143.0,0.0035642561198458503,55271.0,0.002770083102493075,361.0,0.0,189.0,0.017170329670329672,1456.0,0.11245889504794872,3.53228021978022,0.21052631578947367,19.0,0.18333333333333332,60.0,0.0,2.0,0.0,0.0,0.005712724099914058,1.3205826523735409,0.01734630147821051,5.163732634547883
herringbone|thin|0,herringbone,thin,0,boundary_erode,0.1,-0.328125,0.9002459104030792,True,0.18141162745479292,5143.0,0.0009770042155922635,55271.0,0.002770083102493075,361.0,0.0,189.0,0.02197802197802198,1456.0,0.19901567847727056,3.53228021978022,0.15789473684210525,19.0,0.5,60.0,0.5,2.0,0.0,0.0,0.014638187493233642,1.3205826523735409,0.03260520402969048,5.163732634547883
herringbone|thin|0,herringbone,thin,0,boundary_erode,0.2,-0.603515625,0.7999066619997667,True,0.33346295936223996,5143.0,0.0035280707785276186,55271.0,0.00554016620498615,361.0,0.0,189.0,0.029532967032967032,1456.0,0.35258310128847326,3.53228021978022,0.05263157894736842,19.0,0.8,60.0,0.0,2.0,0.0,0.0,0.034123733484803534,1.3205826523735409,0.11214927646969546,5.163732634547883
herringbone|thin|0,herringbone,thin,0,boundary_dilate,0.005,0.0234375,0.9935284458611031,True,0.013027415905113747,5143.0,0.0,55271.0,0.0,361.0,0.0,189.0,0.006868131868131868,1456.0,0.006117269821176999,3.53228021978022,0.15789473684210525,19.0,0.25,60.0,0.0,2.0,0.0,0.0,0.0030022770953423163,1.3205826523735409,0.0013324292005344003,5.163732634547883
herringbone|thin|0,herringbone,thin,0,boundary_dilate,0.01,0.03515625,0.9903716541498171,True,0.019443904335990667,5143.0,0.0002352047185685079,55271.0,0.0,361.0,0.0,189.0,0.013736263736263736,1456.0,0.005630301296207544,3.53228021978022,0.0,19.0,0.48333333333333334,60.0,0.5,2.0,2.0,0.0,0.005666962227435131,1.3205826523735409,0.0031052336941760515,5.163732634547883
herringbone|thin|0,herringbone,thin,0,boundary_dilate,0.02,0.0703125,0.9809269502193401,True,0.038887808671981335,5143.0,0.00032566807186408785,55271.0,0.0,361.0,0.0,189.0,0.02197802197802198,1456.0,0.016546135367207535,3.53228021978022,0.3157894736842105,19.0,0.7166666666666667,60.0,0.0,2.0,1.0,0.0,0.009583756216881826,1.3205826523735409,0.007858630412441526,5.163732634547883
herringbone|thin|0,herringbone,thin,0,boundary_dilate,0.05,0.1875,0.9506469500924214,True,0.10383044915419017,5143.0,0.006875214850464077,55271.0,0.002770083102493075,361.0,0.0,189.0,0.059752747252747256,1456.0,0.04159243938334463,3.53228021978022,0.6842105263157895,19.0,1.8,60.0,0.5,2.0,4.0,0.0,0.019247254879532594,1.3205826523735409,0.023415219421833004,5.163732634547883
herringbone|thin|0,herringbone,thin,0,boundary_dilate,0.1,0.3984375,0.9006216618509763,True,0.22068831421349408,5143.0,0.004595538347415462,55271.0,0.0,361.0,0.005291005291005291,189.0,0.07554945054945054,1456.0,0.13494392432621163,3.53228021978022,1.105263157894737,19.0,2.1166666666666667,60.0,0.5,2.0,5.0,0.0,0.038376571807892466,1.3205826523735409,0.0405463258967561,5.163732634547883
herringbone|thin|0,herringbone,thin,0,boundary_dilate,0.2,0.90234375,0.800031111456794,True,0.49990278047832004,5143.0,0.01630149626386351,55271.0,0.002770083102493075,361.0,0.010582010582010581,189.0,0.023351648351648352,1456.0,0.46567681099089536,3.53228021978022,0.0,19.0,0.75,60.0,0.5,2.0,9.0,0.0,0.062146374388498404,1.3205826523735409,0.07387103909614094,5.163732634547883
herringbone|thin|0,herringbone,thin,0,junction_break,0.005,0.03125,0.9961940080023421,True,0.00758312269103636,5143.0,0.0,55271.0,0.0,361.0,0.0,189.0,0.005494505494505495,1456.0,0.0021001565180586617,3.53228021978022,0.21052631578947367,19.0,0.016666666666666666,60.0,1.0,2.0,0.0,0.0,0.0005690449138279034,1.3205826523735409,0.004889194465453267,5.163732634547883
herringbone|thin|0,herringbone,thin,0,junction_break,0.01,0.0625,0.9890909090909091,True,0.02158273381294964,5143.0,0.0,55271.0,0.0,361.0,0.0,189.0,0.01304945054945055,1456.0,0.008646110251673476,3.53228021978022,0.7368421052631579,19.0,0.06666666666666667,60.0,3.5,2.0,0.0,0.0,0.0014835930238517605,1.3205826523735409,0.016617193592377115,5.163732634547883
herringbone|thin|0,herringbone,thin,0,junction_break,0.02,0.15625,0.9802716367601864,True,0.038693369628621424,5143.0,0.0,55271.0,0.0,361.0,0.0,189.0,0.026785714285714284,1456.0,0.01223538897619814,3.53228021978022,1.0526315789473684,19.0,0.1,60.0,5.0,2.0,0.0,0.0,0.0031167957434466006,1.3205826523735409,0.028616176179502687,5.163732634547883
herringbone|thin|0,herringbone,thin,0,junction_break,0.05,0.5,0.9495506535947712,True,0.0960528874197939,5143.0,0.0,55271.0,0.0,361.0,0.0,189.0,0.05837912087912088,1456.0,0.04000948510811083,3.53228021978022,2.6315789473684212,19.0,0.31666666666666665,60.0,14.5,2.0,0.0,0.0,0.008603273717394017,1.3205826523735409,0.07876593473228301,5.163732634547883
herringbone|thin|0,herringbone,thin,0,junction_break,0.1,,,False,,,,,,,,,,,,,,,,,,,,,,,,
herringbone|thin|0,herringbone,thin,0,junction_break,0.2,,,False,,,,,,,,,,,,,,,,,,,,,,,,
herringbone|thin|0,herringbone,thin,0,thin_dropout,0.005,0.07812499999968167,0.9977589398811264,True,0.004472097997277854,5143.0,0.0,55271.0,0.0,361.0,0.0,189.0,0.004120879120879121,1456.0,0.00035267219588732324,3.53228021978022,0.10526315789473684,19.0,0.13333333333333333,60.0,0.0,2.0,0.0,0.0,0.0010306634193726365,1.3205826523735409,0.002642894220986983,5.163732634547883
herringbone|thin|0,herringbone,thin,0,thin_dropout,0.01,0.07812499999968167,0.9977589398811264,True,0.004472097997277854,5143.0,0.0,55271.0,0.0,361.0,0.0,189.0,0.004120879120879121,1456.0,0.00035267219588732324,3.53228021978022,0.10526315789473684,19.0,0.13333333333333333,60.0,0.0,2.0,0.0,0.0,0.0010306634193726365,1.3205826523735409,0.002642894220986983,5.163732634547883
herringbone|thin|0,herringbone,thin,0,thin_dropout,0.02,0.07812499999968167,0.9977589398811264,True,0.004472097997277854,5143.0,0.0,55271.0,0.0,361.0,0.0,189.0,0.004120879120879121,1456.0,0.00035267219588732324,3.53228021978022,0.10526315789473684,19.0,0.13333333333333333,60.0,0.0,2.0,0.0,0.0,0.0010306634193726365,1.3205826523735409,0.002642894220986983,5.163732634547883
herringbone|thin|0,herringbone,thin,0,thin_dropout,0.05,0.10937500000004548,0.9480466353037431,True,0.09877503402683259,5143.0,0.0,55271.0,0.0,361.0,0.0,189.0,0.10782967032967034,1456.0,0.010148999581933632,3.53228021978022,0.21052631578947367,19.0,0.26666666666666666,60.0,0.0,2.0,0.0,0.0,0.014450300831000516,1.3205826523735409,0.11593666085143775,5.163732634547883
herringbone|thin|0,herringbone,thin,0,thin_dropout,0.1,0.17187499999995454,0.9182879377431906,True,0.1510791366906475,5143.0,0.0,55271.0,0.0,361.0,0.0,189.0,0.16689560439560439,1456.0,0.0189849768989425,3.53228021978022,0.2631578947368421,19.0,0.3333333333333333,60.0,0.0,2.0,0.0,0.0,0.028496674213058914,1.3205826523735409,0.19571997403976243,5.163732634547883
herringbone|thin|0,herringbone,thin,0,thin_dropout,0.2,0.28125,0.8001866324507174,True,0.33307408127552013,5143.0,0.1493369036203434,55271.0,0.008310249307479225,361.0,0.0,189.0,0.36881868131868134,1456.0,0.056631270579807026,3.53228021978022,0.47368421052631576,19.0,0.6,60.0,0.0,2.0,0.0,0.0,0.06816928345393643,1.3205826523735409,0.5677903525493039,5.163732634547883
herringbone|thin|0,herringbone,thin,0,speckle,0.005,0.000390625,0.9945851866176755,True,0.010888586428154774,5143.0,1.260624920844566,55271.0,0.05263157894736842,361.0,0.9312169312169312,189.0,0.038461538461538464,1456.0,0.026551731587702777,3.53228021978022,0.05263157894736842,19.0,0.05,60.0,27.0,2.0,0.0,0.0,0.11104716479769286,1.3205826523735409,0.01701493446053792,5.163732634547883
herringbone|thin|0,herringbone,thin,0,speckle,0.01,0.00078125,0.9893238434163701,True,0.02158273381294964,5143.0,1.2539487253713522,55271.0,0.055401662049861494,361.0,0.9259259259259259,189.0,0.07486263736263736,1456.0,0.0495690348679523,3.53228021978022,0.0,19.0,0.0,60.0,54.5,2.0,0.0,0.0,0.10658130282170393,1.3205826523735409,0.03284301917384256,5.163732634547883
herringbone|thin|0,herringbone,thin,0,speckle,0.02,0.0015625,0.9788732394366197,True,0.04316546762589928,5143.0,1.5313817372582368,55271.0,0.060941828254847646,361.0,1.0317460317460319,189.0,0.15178571428571427,1456.0,0.09430595058836654,3.53228021978022,0.05263157894736842,19.0,0.05,60.0,109.0,2.0,0.0,0.0,0.09847047779486225,1.3205826523735409,0.05943464971401827,5.163732634547883
herringbone|thin|0,herringbone,thin,0,speckle,0.05,0.00390625,0.9487179487179487,True,0.10810810810810811,5143.0,1.6140290568290785,55271.0,0.06371191135734072,361.0,1.0317460317460319,189.0,0.37774725274725274,1456.0,0.19571016679690656,3.53228021978022,1.368421052631579,19.0,0.15,60.0,266.5,2.0,0.0,0.0,0.03691322803199081,1.3205826523735409,0.1450231146816884,5.163732634547883
herringbone|thin|0,herringbone,thin,0,speckle,0.1,0.0080078125,0.9002275511990198,True,0.2216605094302936,5143.0,1.6474281268658066,55271.0,0.06371191135734072,361.0,1.0317460317460319,189.0,0.7774725274725275,1456.0,0.31269795141788737,3.53228021978022,3.0,19.0,0.4,60.0,545.5,2.0,0.0,0.0,0.045149353082656295,1.3205826523735409,0.2554275844254065,5.163732634547883
herringbone|thin|0,herringbone,thin,0,speckle,0.2,0.017968750000000002,0.8009032157595577,True,0.49718063387128136,5143.0,1.6589712507463226,55271.0,0.06371191135734072,361.0,1.0317460317460319,189.0,1.7410714285714286,1456.0,0.45379729318050976,3.53228021978022,18.105263157894736,19.0,1.1166666666666667,60.0,1155.0,2.0,0.0,0.0,0.1629152264746881,1.3205826523735409,0.43747313850065545,5.163732634547883
herringbone|thin|0,herringbone,thin,0,blob,0.005,1.3642420526593924e-12,0.9920910493827161,True,0.015944001555512347,5143.0,0.3912720956740424,55271.0,0.0,361.0,0.5026455026455027,189.0,0.008241758241758242,1456.0,0.00763928219674793,3.53228021978022,0.10526315789473684,19.0,0.0,60.0,0.5,2.0,0.0,0.0,0.005382260877932315,1.3205826523735409,0.004161512111896022,5.163732634547883
herringbone|thin|0,herringbone,thin,0,blob,0.01,0.037500000000818545,0.9736842105263158,True,0.05405405405405406,5143.0,0.42136020698015236,55271.0,0.0,361.0,0.3915343915343915,189.0,0.0013736263736263737,1456.0,0.052608163719274736,3.53228021978022,0.0,19.0,0.0,60.0,1.0,2.0,0.0,0.0,0.02358573093936385,1.3205826523735409,0.033573086139133436,5.163732634547883
herringbone|thin|0,herringbone,thin,0,blob,0.02,0.037500000000818545,0.967456734386757,True,0.06727590900252771,5143.0,0.05596063034864576,55271.0,0.0,361.0,0.12169312169312169,189.0,0.0013736263736263737,1456.0,0.06581188169251051,3.53228021978022,0.0,19.0,0.0,60.0,1.0,2.0,0.0,0.0,0.00186406652723435,1.3205826523735409,0.03434288977101359,5.163732634547883
herringbone|thin|0,herringbone,thin,0,blob,0.05,0.08750000000009095,0.9464482885535517,True,0.11316352323546568,5143.0,0.3247996236724503,55271.0,0.0,361.0,0.5238095238095238,189.0,0.017170329670329672,1456.0,0.0943727817898973,3.53228021978022,0.0,19.0,0.36666666666666664,60.0,1.5,2.0,4.0,0.0,0.016823646892461436,1.3205826523735409,0.00799498086459296,5.163732634547883
herringbone|thin|0,herringbone,thin,0,blob,0.1,0.28749999999990905,0.9048205489092188,True,0.210383044915419,5143.0,0.7501764035389263,55271.0,0.0,361.0,0.8941798941798942,189.0,0.01304945054945055,1456.0,0.19479167009955944,3.53228021978022,0.2631578947368421,19.0,0.0,60.0,3.5,2.0,0.0,0.0,0.02810339609193507,1.3205826523735409,0.052443410102675975,5.163732634547883
herringbone|thin|0,herringbone,thin,0,blob,0.2,0.6796875,0.8002800902513032,True,0.4991250243048804,5143.0,1.182193193537298,55271.0,0.06371191135734072,361.0,1.0317460317460319,189.0,0.04807692307692308,1456.0,0.43035782135511524,3.53228021978022,0.8947368421052632,19.0,0.06666666666666667,60.0,10.5,2.0,0.0,0.0,0.007470534131601514,1.3205826523735409,0.20063429282164214,5.163732634547883
herringbone|thin|1,herringbone,thin,1,boundary_erode,0.005,-0.017578125,0.9950920245398773,True,0.009768009768009768,4914.0,0.0,56202.0,0.0,370.0,0.0,192.0,0.0014285714285714286,1400.0,0.011180608898155225,3.51,0.0,16.0,0.0,56.0,0.0,1.0,0.0,0.0,0.0005672137733400878,1.2992702699522152,0.001740701094172786,5.47136145899322
herringbone|thin|1,herringbone,thin,1,boundary_erode,0.01,-0.03515625,0.9901356350184957,True,0.019536019536019536,4914.0,0.0,56202.0,0.0,370.0,0.0,192.0,0.002857142857142857,1400.0,0.022329364209706087,3.51,0.0625,16.0,0.05357142857142857,56.0,0.0,1.0,0.0,0.0,0.0012606156627586213,1.2992702699522152,0.005664739215362084,5.47136145899322
herringbone|thin|1,herringbone,thin,1,boundary_erode,0.02,-0.0703125,0.9800747198007472,True,0.03907203907203907,4914.0,0.0003380662609871535,56202.0,0.002702702702702703,370.0,0.0,192.0,0.0014285714285714286,1400.0,0.04044283502200755,3.51,0.0,16.0,0.08928571428571429,56.0,0.0,1.0,0.0,0.0,0.002043507098310179,1.2992702699522152,0.006530136742953127,5.47136145899322
herringbone|thin|1,herringbone,thin,1,boundary_erode,0.05,-0.17578125,0.9487645737512034,True,0.09747659747659748,4914.0,0.005498024981317391,56202.0,0.002702702702702703,370.0,0.0,192.0,0.007142857142857143,1400.0,0.10387747267179881,3.51,0.0,16.0,0.19642857142857142,56.0,0.0,1.0,0.0,0.0,0.005005991702180899,1.2992702699522152,0.02318131482279625,5.47136145899322
herringbone|thin|1,herringbone,thin,1,boundary_erode,0.1,-0.328125,0.8999328408327737,True,0.18192918192918192,4914.0,0.002793494893420163,56202.0,0.0,370.0,0.005208333333333333,192.0,0.020714285714285713,1400.0,0.19853103897890453,3.51,0.0625,16.0,0.44642857142857145,56.0,0.0,1.0,0.0,0.0,0.015023756972214673,1.2992702699522152,0.05166956339033232,5.47136145899322
herringbone|thin|1,herringbone,thin,1,boundary_erode,0.2,-0.59765625,0.8013172338090011,True,0.3315018315018315,4914.0,0.01309561937297605,56202.0,0.002702702702702703,370.0,0.010416666666666666,192.0,0.02,1400.0,0.3446096387272858,3.51,0.0,16.0,0.9107142857142857,56.0,0.0,1.0,0.0,0.0,0.029719594276102483,1.2992702699522152,0.10719737636733266,5.47136145899322
herringbone|thin|1,herringbone,thin,1,boundary_dilate,0.005,0.0234375,0.9935301253538212,True,0.013024013024013023,4914.0,0.0,56202.0,0.0,370.0,0.0,192.0,0.002857142857142857,1400.0,0.010137904724799411,3.51,0.0,16.0,0.10714285714285714,56.0,0.0,1.0,0.0,0.0,0.0037806398179335327,1.2992702699522152,0.0033727426682134626,5.47136145899322
herringbone|thin|1,herringbone,thin,1,boundary_dilate,0.01,0.03515625,0.9903264812575574,True,0.019536019536019536,4914.0,0.0003558592220917405,56202.0,0.0,370.0,0.0,192.0,0.010714285714285714,1400.0,0.008728217208782597,3.51,0.125,16.0,0.21428571428571427,56.0,0.0,1.0,0.0,0.0,0.005222503348251698,1.2992702699522152,0.0031657992990525696,5.47136145899322
herringbone|thin|1,herringbone,thin,1,boundary_dilate,0.02,0.0703125,0.9808383233532935,True,0.03907203907203907,4914.0,0.0011209565495889826,56202.0,0.0,370.0,0.0,192.0,0.02642857142857143,1400.0,0.012317922547567708,3.51,0.4375,16.0,0.9464285714285714,56.0,0.0,1.0,1.0,0.0,0.010314779640543536,1.2992702699522152,0.008765294867565054,5.47136145899322
herringbone|thin|1,herringbone,thin,1,boundary_dilate,0.05,0.1875,0.9504835589941973,True,0.10419210419210419,4914.0,0.007010426675207288,56202.0,0.0,370.0,0.010416666666666666,192.0,0.04928571428571429,1400.0,0.05232739677940503,3.51,1.0625,16.0,1.6607142857142858,56.0,0.0,1.0,2.0,0.0,0.023955696375209917,1.2992702699522152,0.02325217165898633,5.47136145899322
herringbone|thin|1,herringbone,thin,1,boundary_dilate,0.1,0.3984375,0.9004122766834631,True,0.2212047212047212,4914.0,0.00580050532009537,56202.0,0.0,370.0,0.005208333333333333,192.0,0.055714285714285716,1400.0,0.1567568401127266,3.51,1.3125,16.0,1.8214285714285714,56.0,0.0,1.0,5.0,0.0,0.0408780752662371,1.2992702699522152,0.04180742115998415,5.47136145899322
herringbone|thin|1,herringbone,thin,1,boundary_dilate,0.2,0.90234375,0.7996745321399512,True,0.501017501017501,4914.0,0.01046226112949717,56202.0,0.002702702702702703,370.0,0.005208333333333333,192.0,0.005,1400.0,0.4935497522562201,3.51,0.0625,16.0,0.44642857142857145,56.0,0.0,1.0,4.0,0.0,0.06697784260633453,1.2992702699522152,0.07623515012126827,5.47136145899322
herringbone|thin|1,herringbone,thin,1,junction_break,0.005,0.03125,0.994372250076742,True,0.011192511192511193,4914.0,0.0,56202.0,0.0,370.0,0.0,192.0,0.004285714285714286,1400.0,0.006936524870527631,3.51,0.5,16.0,0.03571428571428571,56.0,4.0,1.0,0.0,0.0,0.0007191972625552091,1.2992702699522152,0.007872483486974521,5.47136145899322
herringbone|thin|1,herringbone,thin,1,junction_break,0.01,0.0625,0.9909650924024641,True,0.01790801790801791,4914.0,0.0,56202.0,0.0,370.0,0.0,192.0,0.010714285714285714,1400.0,0.007271642650704025,3.51,0.5,16.0,0.05357142857142857,56.0,4.0,1.0,0.0,0.0,0.0013893854217700429,1.2992702699522152,0.012130382055535224,5.47136145899322
herringbone|thin|1,herringbone,thin,1,junction_break,0.02,0.15625,0.9808150990355698,True,0.03764753764753765,4914.0,0.0,56202.0,0.0,370.0,0.0,192.0,0.02142857142857143,1400.0,0.016574126063177153,3.51,1.25,16.0,0.08928571428571429,56.0,10.0,1.0,0.0,0.0,0.0029732057198402304,1.2992702699522152,0.026653281099581646,5.47136145899322
herringbone|thin|1,herringbone,thin,1,junction_break,0.05,0.5446428571426623,0.9544680851063829,True,0.0870980870980871,4914.0,0.0,56202.0,0.0,370.0,0.0,192.0,0.06,1400.0,0.02882775223200745,3.51,2.625,16.0,0.30357142857142855,56.0,22.0,1.0,0.0,0.0,0.007704622100875524,1.2992702699522152,0.06772916973505963,5.47136145899322
herringbone|thin|1,herringbone,thin,1,junction_break,0.1,,,False,,,,,,,,,,,,,,,,,,,,,,,,
herringbone|thin|1,herringbone,thin,1,junction_break,0.2,,,False,,,,,,,,,,,,,,,,,,,,,,,,
herringbone|thin|1,herringbone,thin,1,thin_dropout,0.005,0.017241379310644327,0.976889444097439,True,0.045177045177045176,4914.0,0.0,56202.0,0.0,370.0,0.0,192.0,0.05142857142857143,1400.0,0.006590464421789775,3.51,0.0625,16.0,0.07142857142857142,56.0,0.0,1.0,0.0,0.0,0.006799392686552839,1.2992702699522152,0.05333354247383232,5.47136145899322
herringbone|thin|1,herringbone,thin,1,thin_dropout,0.01,0.017241379310644327,0.976889444097439,True,0.045177045177045176,4914.0,0.0,56202.0,0.0,370.0,0.0,192.0,0.05142857142857143,1400.0,0.006590464421789775,3.51,0.0625,16.0,0.07142857142857142,56.0,0.0,1.0,0.0,0.0,0.006799392686552839,1.2992702699522152,0.05333354247383232,5.47136145899322
herringbone|thin|1,herringbone,thin,1,thin_dropout,0.02,0.017241379310644327,0.976889444097439,True,0.045177045177045176,4914.0,0.0,56202.0,0.0,370.0,0.0,192.0,0.05142857142857143,1400.0,0.006590464421789775,3.51,0.0625,16.0,0.07142857142857142,56.0,0.0,1.0,0.0,0.0,0.006799392686552839,1.2992702699522152,0.05333354247383232,5.47136145899322
herringbone|thin|1,herringbone,thin,1,thin_dropout,0.05,0.05625,0.95,True,0.09523809523809523,4914.0,0.0,56202.0,0.0,370.0,0.0,192.0,0.10571428571428572,1400.0,0.011714589989350497,3.51,0.125,16.0,0.14285714285714285,56.0,0.0,1.0,0.0,0.0,0.02030426219234276,1.2992702699522152,0.11753394043196809,5.47136145899322
herringbone|thin|1,herringbone,thin,1,thin_dropout,0.1,0.1206896551720547,0.9194062671797691,True,0.14916564916564917,4914.0,0.043201309561937296,56202.0,0.0,370.0,0.03125,192.0,0.16857142857142857,1400.0,0.023340284508669484,3.51,0.1875,16.0,0.21428571428571427,56.0,0.0,1.0,0.0,0.0,0.018423380034291486,1.2992702699522152,0.20113781907406655,5.47136145899322
herringbone|thin|1,herringbone,thin,1,thin_dropout,0.2,0.2586206896555721,0.7779159413081324,True,0.3634513634513635,4914.0,0.08022846162058289,56202.0,0.032432432432432434,370.0,0.03125,192.0,0.4142857142857143,1400.0,0.08679035508303803,3.51,0.5,16.0,0.5714285714285714,56.0,0.0,1.0,0.0,0.0,0.06029508792716371,1.2992702699522152,0.6626985611640341,5.47136145899322
herringbone|thin|1,herringbone,thin,1,speckle,0.005,0.000390625,0.9943342776203966,True,0.011396011396011397,4914.0,1.3936336785167787,56202.0,0.021621621621621623,370.0,0.9947916666666666,192.0,0.04071428571428572,1400.0,0.028171299962651972,3.51,0.0625,16.0,0.05357142857142857,56.0,55.0,1.0,0.0,0.0,0.11011728189532471,1.2992702699522152,0.018064549344718524,5.47136145899322
herringbone|thin|1,herringbone,thin,1,speckle,0.01,0.00078125,0.9888318744340477,True,0.022588522588522588,4914.0,1.5346962741539447,56202.0,0.03783783783783784,370.0,1.0,192.0,0.07642857142857143,1400.0,0.050017298192480575,3.51,0.25,16.0,0.0,56.0,105.0,1.0,0.0,0.0,0.10722010522520506,1.2992702699522152,0.030512763187007522,5.47136145899322
herringbone|thin|1,herringbone,thin,1,speckle,0.02,0.0013671875000000001,0.980544747081712,True,0.03968253968253968,4914.0,1.3183338671221665,56202.0,0.01891891891891892,370.0,0.9583333333333334,192.0,0.13714285714285715,1400.0,0.08570630932439977,3.51,0.0625,16.0,0.05357142857142857,56.0,190.0,1.0,0.0,0.0,0.10182345074852238,1.2992702699522152,0.06017490978475762,5.47136145899322
herringbone|thin|1,herringbone,thin,1,speckle,0.05,0.003515625,0.9514957885564914,True,0.10195360195360195,4914.0,1.5453898437778015,56202.0,0.03783783783783784,370.0,0.9895833333333334,192.0,0.355,1400.0,0.1867501092593343,3.51,0.875,16.0,0.10714285714285714,56.0,487.0,1.0,0.0,0.0,0.04240313780622317,1.2992702699522152,0.13946196300359573,5.47136145899322
herringbone|thin|1,herringbone,thin,1,speckle,0.1,0.0076171875,0.9004947773501925,True,0.221001221001221,4914.0,1.5857620725241095,56202.0,0.03783783783783784,370.0,1.0,192.0,0.7642857142857142,1400.0,0.30793453060659537,3.51,3.5,16.0,0.25,56.0,1031.0,1.0,0.0,0.0,0.0470546062253963,1.2992702699522152,0.26333690749683236,5.47136145899322
herringbone|thin|1,herringbone,thin,1,speckle,0.2,0.0171875,0.8004561003420753,True,0.4985754985754986,4914.0,1.6075584498772286,56202.0,0.03783783783783784,370.0,1.0,192.0,1.7128571428571429,1400.0,0.447602501841575,3.51,18.1875,16.0,0.375,56.0,2224.0,1.0,0.0,0.0,0.1702593530058482,1.2992702699522152,0.4457422760809727,5.47136145899322
herringbone|thin|1,herringbone,thin,1,blob,0.005,1.3642420526593924e-12,0.9850656509972938,True,0.030321530321530323,4914.0,0.0,56202.0,0.0,370.0,0.0,192.0,0.0007142857142857143,1400.0,0.029586111670337298,3.51,0.0,16.0,0.0,56.0,1.0,1.0,0.0,0.0,0.005365614474481675,1.2992702699522152,0.015748822413330633,5.47136145899322
herringbone|thin|1,herringbone,thin,1,blob,0.01,0.0234375,0.9886329343124434,True,0.022995522995522995,4914.0,0.0,56202.0,0.0,370.0,0.0,192.0,0.0007142857142857143,1400.0,0.022265333471614718,3.51,0.0,16.0,0.0,56.0,1.0,1.0,0.0,0.0,0.0035124973372866746,1.2992702699522152,0.021504394833148106,5.47136145899322
herringbone|thin|1,herringbone,thin,1,blob,0.02,0.046875,0.9802513464991023,True,0.040293040293040296,4914.0,0.19853386000498202,56202.0,0.0,370.0,0.4166666666666667,192.0,0.0014285714285714286,1400.0,0.03880902739675927,3.51,0.0,16.0,0.0,56.0,2.0,1.0,0.0,0.0,0.009708134982875299,1.2992702699522152,0.03500448450877373,5.47136145899322
herringbone|thin|1,herringbone,thin,1,blob,0.05,0.11249999999972715,0.9590163934426229,True,0.08547008547008547,4914.0,0.5184690936265614,56202.0,0.002702702702702703,370.0,0.5208333333333334,192.0,0.005,1400.0,0.08006973678615471,3.51,0.0625,16.0,0.07142857142857142,56.0,3.0,1.0,0.0,0.0,0.005354932785322313,1.2992702699522152,0.048016225821255254,5.47136145899322
herringbone|thin|1,herringbone,thin,1,blob,0.1,0.28125,0.899505766062603,True,0.22344322344322345,4914.0,0.3048290096437849,56202.0,0.0,370.0,0.5833333333333334,192.0,0.02642857142857143,1400.0,0.19194190175401046,3.51,0.5625,16.0,0.017857142857142856,56.0,6.0,1.0,0.0,0.0,0.007865611811812183,1.2992702699522152,0.05146207997797039,5.47136145899322
herringbone|thin|1,herringbone,thin,1,blob,0.2,0.65625,0.8007822048398925,True,0.49755799755799757,4914.0,1.1541048361268282,56202.0,0.0,370.0,0.9739583333333334,192.0,0.03428571428571429,1400.0,0.44791519100911376,3.51,0.75,16.0,0.14285714285714285,56.0,24.0,1.0,0.0,0.0,0.028382717494506254,1.2992702699522152,0.25125463381037216,5.47136145899322
herringbone|medium|0,herringbone,medium,0,boundary_erode,0.005,-0.0234375,0.99648591663513,True,0.007003555651330676,9281.0,0.0,56565.0,0.0,362.0,0.0,191.0,0.0013831258644536654,1446.0,0.008375097701536107,6.418395573997234,0.0,16.0,0.0,56.0,0.0,1.0,0.0,0.0,0.0005702361937219122,1.4328981038398305,0.0018199424694390642,5.205536236170003
herringbone|medium|0,herringbone,medium,0,boundary_erode,0.01,-0.0703125,0.9893831327925083,True,0.021010666953992025,9281.0,0.0003889330858304605,56565.0,0.0,362.0,0.0,191.0,0.007607192254495159,1446.0,0.028401801246034666,6.418395573997234,0.0625,16.0,0.03571428571428571,56.0,0.0,1.0,0.0,0.0,0.0013954861672965991,1.4328981038398305,0.008637177437292415,5.205536236170003
herringbone|medium|0,herringbone,medium,0,boundary_erode,0.02,-0.140625,0.9785384107418006,True,0.04202133390798405,9281.0,0.0003889330858304605,56565.0,0.0,362.0,0.0,191.0,0.020055325034578148,1446.0,0.0608561686989458,6.418395573997234,0.125,16.0,0.19642857142857142,56.0,0.0,1.0,0.0,0.0,0.0035620204351188268,1.4328981038398305,0.018240381202990163,5.205536236170003
herringbone|medium|0,herringbone,medium,0,boundary_erode,0.05,-0.328125,0.9485073358635926,True,0.09794203210860898,9281.0,0.0027755679306991957,56565.0,0.0027624309392265192,362.0,0.005235602094240838,191.0,0.04495159059474412,1446.0,0.13674664356654445,6.418395573997234,0.75,16.0,0.7321428571428571,56.0,0.0,1.0,0.0,0.0,0.0083742444131478,1.4328981038398305,0.043695042551918375,5.205536236170003
herringbone|medium|0,herringbone,medium,0,boundary_erode,0.1,-0.609375,0.8998992473182007,True,0.18198469992457708,9281.0,0.008556527888270132,56565.0,0.0,362.0,0.005235602094240838,191.0,0.0677731673582296,1446.0,0.233905360162525,6.418395573997234,1.625,16.0,1.9107142857142858,56.0,0.0,1.0,0.0,0.0,0.01853612523052846,1.4328981038398305,0.08890733733311995,5.205536236170003
herringbone|medium|0,herringbone,medium,0,boundary_erode,0.2,-1.11328125,0.8007494508334411,True,0.33229177890313544,9281.0,0.017696455405285954,56565.0,0.0055248618784530384,362.0,0.010471204188481676,191.0,0.015214384508990318,1446.0,0.3422983053773392,6.418395573997234,0.0,16.0,0.08928571428571429,56.0,0.0,1.0,0.0,0.0,0.0522425409299354,1.4328981038398305,0.21988166094216774,5.205536236170003
herringbone|medium|0,herringbone,medium,0,boundary_dilate,0.005,0.03515625,0.9948014363041964,True,0.010451459971985778,9281.0,0.0003535755325731459,56565.0,0.0,362.0,0.0,191.0,0.011756569847856155,1446.0,0.0012899445526375014,6.418395573997234,0.3125,16.0,0.21428571428571427,56.0,0.0,1.0,0.0,0.0,0.003424010104061405,1.4328981038398305,0.004444604108905039,5.205536236170003
herringbone|medium|0,herringbone,medium,0,boundary_dilate,0.01,0.0703125,0.9896566432075069,True,0.020902919943971556,9281.0,0.00014143021302925838,56565.0,0.0,362.0,0.0,191.0,0.03734439834024896,1446.0,0.015849585174011502,6.418395573997234,0.5,16.0,0.75,56.0,0.0,1.0,3.0,0.0,0.006604111608122974,1.4328981038398305,0.008720143137639306,5.205536236170003
herringbone|medium|0,herringbone,medium,0,boundary_dilate,0.02,0.140625,0.9794733787135244,True,0.04191358689796358,9281.0,0.0027755679306991957,56565.0,0.0,362.0,0.0,191.0,0.06016597510373444,1446.0,0.01721653838587386,6.418395573997234,1.1875,16.0,1.0535714285714286,56.0,0.0,1.0,0.0,0.0,0.0035072717574863997,1.4328981038398305,0.015845707972045223,5.205536236170003
herringbone|medium|0,herringbone,medium,0,boundary_dilate,0.05,0.3515625,0.9502406061226579,True,0.10473009373989872,9281.0,0.010253690444621232,56565.0,0.0027624309392265192,362.0,0.010471204188481676,191.0,0.08990318118948824,1446.0,0.013603880423790227,6.418395573997234,1.3125,16.0,1.9285714285714286,56.0,0.0,1.0,7.0,0.0,0.022405328230152212,1.4328981038398305,0.04165182599471988,5.205536236170003
herringbone|medium|0,herringbone,medium,0,boundary_dilate,0.1,0.75,0.899496026361698,True,0.22346729878245877,9281.0,0.010571908423937064,56565.0,0.0027624309392265192,362.0,0.005235602094240838,191.0,0.05532503457814661,1446.0,0.15932746660513458,6.418395573997234,0.75,16.0,1.0178571428571428,56.0,0.0,1.0,4.0,0.0,0.03028421550879894,1.4328981038398305,0.0772078114870246,5.205536236170003
herringbone|medium|0,herringbone,medium,0,boundary_dilate,0.2,1.6875,0.7997414907367514,True,0.5008081025751535,9281.0,0.029541235746486344,56565.0,0.0055248618784530384,362.0,0.020942408376963352,191.0,0.08160442600276625,1446.0,0.38757577770055746,6.418395573997234,1.0625,16.0,1.4464285714285714,56.0,0.0,1.0,4.0,0.0,0.058572347976602594,1.4328981038398305,0.14097710234084496,5.205536236170003
herringbone|medium|0,herringbone,medium,0,junction_break,0.005,0.0625,0.9937113737395641,True,0.012498653162374744,9281.0,0.0,56565.0,0.0,362.0,0.0,191.0,0.03250345781466114,1446.0,0.043585433672333515,6.418395573997234,0.0,16.0,0.3392857142857143,56.0,0.0,1.0,4.0,0.0,0.0005916561925637723,1.4328981038398305,0.012366116010256528,5.205536236170003
herringbone|medium|0,herringbone,medium,0,junction_break,0.01,0.125,0.9912504755176349,True,0.017347268613295982,9281.0,0.0,56565.0,0.0,362.0,0.0,191.0,0.042876901798063624,1446.0,0.057748110354659155,6.418395573997234,0.0,16.0,0.4642857142857143,56.0,0.0,1.0,5.0,0.0,0.0009136655661139129,1.4328981038398305,0.01668037522309033,5.205536236170003
herringbone|medium|0,herringbone,medium,0,junction_break,0.02,0.25,0.9811175760237129,True,0.03706497144704234,9281.0,0.0,56565.0,0.0,362.0,0.0,191.0,0.09197786998616875,1446.0,0.11817349506803243,6.418395573997234,0.0,16.0,0.8928571428571429,56.0,0.0,1.0,11.0,0.0,0.001967225491308633,1.4328981038398305,0.03757691346728964,5.205536236170003
herringbone|medium|0,herringbone,medium,0,junction_break,0.05,,,False,,,,,,,,,,,,,,,,,,,,,,,,
herringbone|medium|0,herringbone,medium,0,junction_break,0.1,,,False,,,,,,,,,,,,,,,,,,,,,,,,
herringbone|medium|0,herringbone,medium,0,junction_break,0.2,,,False,,,,,,,,,,,,,,,,,,,,,,,,
herringbone|medium|0,herringbone,medium,0,thin_dropout,0.005,0.017241379310644327,0.9762285588219072,True,0.046438961318823406,9281.0,0.0,56565.0,0.0,362.0,0.0,191.0,0.05463347164591978,1446.0,0.008668077493036783,6.418395573997234,0.0625,16.0,0.07142857142857142,56.0,0.0,1.0,0.0,0.0,0.0037412372049603787,1.4328981038398305,0.05637995334658435,5.205536236170003
herringbone|medium|0,herringbone,medium,0,thin_dropout,0.01,0.017241379310644327,0.9762285588219072,True,0.046438961318823406,9281.0,0.0,56565.0,0.0,362.0,0.0,191.0,0.05463347164591978,1446.0,0.008668077493036783,6.418395573997234,0.0625,16.0,0.07142857142857142,56.0,0.0,1.0,0.0,0.0,0.0037412372049603787,1.4328981038398305,0.05637995334658435,5.205536236170003
herringbone|medium|0,herringbone,medium,0,thin_dropout,0.02,0.017241379310644327,0.9762285588219072,True,0.046438961318823406,9281.0,0.0,56565.0,0.0,362.0,0.0,191.0,0.05463347164591978,1446.0,0.008668077493036783,6.418395573997234,0.0625,16.0,0.07142857142857142,56.0,0.0,1.0,0.0,0.0,0.0037412372049603787,1.4328981038398305,0.05637995334658435,5.205536236170003
herringbone|medium|0,herringbone,medium,0,thin_dropout,0.05,0.08620689655158455,0.9518324016037043,True,0.09190819954746256,9281.0,0.0057986387341995935,56565.0,0.0,362.0,0.0,191.0,0.1078838174273859,1446.0,0.01790755306540237,6.418395573997234,0.125,16.0,0.14285714285714285,56.0,0.0,1.0,0.0,0.0,0.012394652033969278,1.4328981038398305,0.1149902075933854,5.205536236170003
herringbone|medium|0,herringbone,medium,0,thin_dropout,0.1,0.1551724137933434,0.8744163483112001,True,0.22314405775239737,9281.0,0.14376381154424114,56565.0,0.0027624309392265192,362.0,0.0,191.0,0.26832641770401106,1446.0,0.061752072296817846,6.418395573997234,0.3125,16.0,0.35714285714285715,56.0,0.0,1.0,0.0,0.0,0.030674134684338942,1.4328981038398305,0.3395720179770592,5.205536236170003
herringbone|medium|0,herringbone,medium,0,thin_dropout,0.2,0.2586206896555721,0.7981092981092981,True,0.3359551772438315,9281.0,0.14482453814196058,56565.0,0.0027624309392265192,362.0,0.0,191.0,0.4066390041493776,1446.0,0.1191244914981581,6.418395573997234,0.5,16.0,0.5714285714285714,56.0,0.0,1.0,0.0,0.0,0.049599644060245945,1.4328981038398305,0.6010037239402508,5.205536236170003
herringbone|medium|0,herringbone,medium,0,speckle,0.005,0.00078125,0.9942153186930905,True,0.011636677082210969,9281.0,1.3805356669318483,56565.0,0.06077348066298342,362.0,0.9895287958115183,191.0,0.07123098201936376,1446.0,0.05563161067729054,6.418395573997234,0.0,16.0,0.0,56.0,103.0,1.0,0.0,0.0,0.10479134976073466,1.4328981038398305,0.018071253667098625,5.205536236170003
herringbone|medium|0,herringbone,medium,0,speckle,0.01,0.0011718750000000002,0.9913480025635548,True,0.01745501562331645,9281.0,1.41119066560594,56565.0,0.058011049723756904,362.0,0.9685863874345549,191.0,0.11065006915629322,1446.0,0.08391036575883215,6.418395573997234,0.1875,16.0,0.017857142857142856,56.0,157.0,1.0,0.0,0.0,0.10500977356236853,1.4328981038398305,0.027281732235356713,5.205536236170003
herringbone|medium|0,herringbone,medium,0,speckle,0.02,0.0027343750000000003,0.9800422386483633,True,0.04072836978773839,9281.0,1.4487403871652083,56565.0,0.06077348066298342,362.0,1.0,191.0,0.2572614107883817,1446.0,0.17222595010282196,6.418395573997234,0.375,16.0,0.0,56.0,367.0,1.0,0.0,0.0,0.07868464343711114,1.4328981038398305,0.061446176669584004,5.205536236170003
herringbone|medium|0,herringbone,medium,0,speckle,0.05,0.00703125,0.9502406061226579,True,0.10473009373989872,9281.0,1.5677715902059577,56565.0,0.06077348066298342,362.0,1.0104712041884816,191.0,0.6715076071922544,1446.0,0.33908162368725964,6.418395573997234,4.5,16.0,0.48214285714285715,56.0,912.0,1.0,0.0,0.0,0.009489997456358005,1.4328981038398305,0.14323272740991103,5.205536236170003
herringbone|medium|0,herringbone,medium,0,speckle,0.1,0.01484375,0.9004996846650172,True,0.22098911755198794,9281.0,1.592734022805622,56565.0,0.06077348066298342,362.0,1.0104712041884816,191.0,1.4121715076071923,1446.0,0.4938215986295372,6.418395573997234,15.5625,16.0,1.0357142857142858,56.0,1853.0,1.0,1.0,0.0,0.07371593276416007,1.4328981038398305,0.2641414864336982,5.205536236170003
herringbone|medium|0,herringbone,medium,0,speckle,0.2,0.033593750000000006,0.7999482847784865,True,0.5001616205150307,9281.0,1.6036771855387608,56565.0,0.06077348066298342,362.0,1.0104712041884816,191.0,3.1977869986168743,1446.0,0.6426303619003733,6.418395573997234,62.875,16.0,2.0714285714285716,56.0,3957.0,1.0,2.0,0.0,0.17972879659484564,1.4328981038398305,0.4533875523277797,5.205536236170003
herringbone|medium|0,herringbone,medium,0,blob,0.005,0.046875,0.995655205707236,True,0.008727507811658226,9281.0,0.07518783700167948,56565.0,0.0,362.0,0.193717277486911,191.0,0.0013831258644536654,1446.0,0.007334237773244289,6.418395573997234,0.0,16.0,0.0,56.0,1.0,1.0,0.0,0.0,0.012032717037005425,1.4328981038398305,0.011590513653582404,5.205536236170003
herringbone|medium|0,herringbone,medium,0,blob,0.01,0.037500000000818545,0.9869204593789876,True,0.026505764465036094,9281.0,0.14298594537258022,56565.0,0.0,362.0,0.10471204188481675,191.0,0.0013831258644536654,1446.0,0.025087938823509796,6.418395573997234,0.0,16.0,0.0,56.0,2.0,1.0,0.0,0.0,0.023978096886568965,1.4328981038398305,0.03209085938777309,5.205536236170003
herringbone|medium|0,herringbone,medium,0,blob,0.02,0.08750000000009095,0.9760740390177209,True,0.04902488955931473,9281.0,0.4048616635728808,56565.0,0.0,362.0,0.6335078534031413,191.0,0.005532503457814661,1446.0,0.04325308824124418,6.418395573997234,0.0625,16.0,0.017857142857142856,56.0,3.0,1.0,0.0,0.0,0.021650559800272768,1.4328981038398305,0.05547172834630648,5.205536236170003
herringbone|medium|0,herringbone,medium,0,blob,0.05,0.23750000000063665,0.9482987636660877,True,0.10903997414071759,9281.0,0.554760010607266,56565.0,0.04419889502762431,362.0,0.6858638743455497,191.0,0.011756569847856155,1446.0,0.09615297512472828,6.418395573997234,0.25,16.0,0.0,56.0,9.0,1.0,0.0,0.0,0.038141208596597295,1.4328981038398305,0.11629900434641925,5.205536236170003
herringbone|medium|0,herringbone,medium,0,blob,0.1,0.375,0.8991038992492129,True,0.22443702187264303,9281.0,0.8229293732873685,56565.0,0.0,362.0,0.9476439790575916,191.0,0.019363762102351315,1446.0,0.20117770259690754,6.418395573997234,0.125,16.0,0.21428571428571427,56.0,13.0,1.0,1.0,0.0,0.040390306146731364,1.4328981038398305,0.18290433525618327,5.205536236170003
herringbone|medium|0,herringbone,medium,0,blob,0.2,1.1375000000011823,0.7957984994640943,True,0.5131990087275078,9281.0,0.9972774683991867,56565.0,0.06077348066298342,362.0,0.9895287958115183,191.0,0.10442600276625173,1446.0,0.3701225839824522,6.418395573997234,1.625,16.0,0.625,56.0,36.0,1.0,2.0,0.0,0.004095264208293535,1.4328981038398305,0.3313291989350928,5.205536236170003
herringbone|medium|1,herringbone,medium,1,boundary_erode,0.005,-0.03515625,0.9947214734950584,True,0.010501619930733997,8951.0,0.0,57377.0,0.0,371.0,0.0,194.0,0.004307250538406317,1393.0,0.01474535851573444,6.425699928212491,0.0625,16.0,0.05357142857142857,56.0,0.0,1.0,0.0,0.0,0.0005806018520000603,1.4222414401938615,0.003812344840123085,5.490801177965937
herringbone|medium|1,herringbone,medium,1,boundary_erode,0.01,-0.0703125,0.9894439740333051,True,0.020891520500502737,8951.0,0.0005402861773881521,57377.0,0.0,371.0,0.0,194.0,0.013639626704953339,1393.0,0.03406649295835708,6.425699928212491,0.0625,16.0,0.07142857142857142,56.0,0.0,1.0,0.0,0.0,0.0014572634179711881,1.4222414401938615,0.0068506383241463565,5.490801177965937
herringbone|medium|1,herringbone,medium,1,boundary_erode,0.02,-0.140625,0.9786627110908261,True,0.04178304100100547,8951.0,0.0005054290046534325,57377.0,0.0,371.0,0.0,194.0,0.01866475233309404,1393.0,0.05934022277265722,6.425699928212491,0.1875,16.0,0.35714285714285715,56.0,0.0,1.0,0.0,0.0,0.0037926954916204904,1.4222414401938615,0.018611138250679834,5.490801177965937
herringbone|medium|1,herringbone,medium,1,boundary_erode,0.05,-0.328125,0.9487345117153092,True,0.09753100212266785,8951.0,0.006710005751433501,57377.0,0.0,371.0,0.010309278350515464,194.0,0.03445800430725054,1393.0,0.12759242606306476,6.425699928212491,0.6875,16.0,0.9107142857142857,56.0,0.0,1.0,0.0,0.0,0.008970517901664157,1.4222414401938615,0.04204321441541008,5.490801177965937
herringbone|medium|1,herringbone,medium,1,boundary_erode,0.1,-0.609375,0.9003685503685503,True,0.18120880348564405,8951.0,0.007720863760740366,57377.0,0.0,371.0,0.005154639175257732,194.0,0.07394113424264179,1393.0,0.2375827962937848,6.425699928212491,1.4375,16.0,2.0357142857142856,56.0,0.0,1.0,0.0,0.0,0.02268897181213251,1.4222414401938615,0.09162504827249841,5.490801177965937
herringbone|medium|1,herringbone,medium,1,boundary_erode,0.2,-1.125,0.7992487759071701,True,0.33437604736900906,8951.0,0.017132300399114626,57377.0,0.005390835579514825,371.0,0.010309278350515464,194.0,0.013639626704953339,1393.0,0.34333274361546,6.425699928212491,0.125,16.0,0.10714285714285714,56.0,0.0,1.0,0.0,0.0,0.05876102388451587,1.4222414401938615,0.22941081423348916,5.490801177965937
herringbone|medium|1,herringbone,medium,1,boundary_dilate,0.005,0.03515625,0.9948318977493749,True,0.010389900569768741,8951.0,0.0005228575910207923,57377.0,0.0,371.0,0.0,194.0,0.01722900215362527,1393.0,0.006723266412358534,6.425699928212491,0.4375,16.0,0.42857142857142855,56.0,0.0,1.0,0.0,0.0,0.004257849906292868,1.4222414401938615,0.004621219569296728,5.490801177965937
herringbone|medium|1,herringbone,medium,1,boundary_dilate,0.01,0.0703125,0.9896622256620046,True,0.020891520500502737,8951.0,0.0026840023005734004,57377.0,0.0,371.0,0.0,194.0,0.038765254845656856,1393.0,0.017206711778023184,6.425699928212491,0.875,16.0,0.8571428571428571,56.0,0.0,1.0,0.0,0.0,0.007648693343686747,1.4222414401938615,0.010600339502963128,5.490801177965937
herringbone|medium|1,herringbone,medium,1,boundary_dilate,0.02,0.140625,0.9795360035018603,True,0.04178304100100547,8951.0,0.0033637171689004305,57377.0,0.0026954177897574125,371.0,0.0,194.0,0.04809763101220388,1393.0,0.006024810880547519,6.425699928212491,1.0625,16.0,0.9642857142857143,56.0,0.0,1.0,1.0,0.0,0.011581369682309516,1.4222414401938615,0.018925781608580088,5.490801177965937
herringbone|medium|1,herringbone,medium,1,boundary_dilate,0.05,0.3515625,0.9504141006583139,True,0.10434588314154843,8951.0,0.010422294647681126,57377.0,0.0,371.0,0.010309278350515464,194.0,0.0832735104091888,1393.0,0.019452495173079523,6.425699928212491,1.6875,16.0,1.8392857142857142,56.0,0.0,1.0,2.0,0.0,0.02637000377942796,1.4222414401938615,0.039649997582184744,5.490801177965937
herringbone|medium|1,herringbone,medium,1,boundary_dilate,0.1,0.75,0.8998693073288428,True,0.2225449670427885,8951.0,0.015040870035031458,57377.0,0.0026954177897574125,371.0,0.010309278350515464,194.0,0.054558506819813356,1393.0,0.15929553375806976,6.425699928212491,0.625,16.0,1.1428571428571428,56.0,0.0,1.0,6.0,0.0,0.04020686217328412,1.4222414401938615,0.07876629326033056,5.490801177965937
herringbone|medium|1,herringbone,medium,1,boundary_dilate,0.2,1.6875,0.8003755532704431,True,0.4988269467098648,8951.0,0.025393450337243145,57377.0,0.005390835579514825,371.0,0.015463917525773196,194.0,0.08399138549892318,1393.0,0.3826926733555244,6.425699928212491,1.0,16.0,1.4107142857142858,56.0,0.0,1.0,5.0,0.0,0.07172225487384992,1.4222414401938615,0.14032890911148846,5.490801177965937
herringbone|medium|1,herringbone,medium,1,junction_break,0.005,0.0625,0.9947214734950584,True,0.010501619930733997,8951.0,0.0,57377.0,0.0,371.0,0.0,194.0,0.02512562814070352,1393.0,0.03475403120694142,6.425699928212491,0.0,16.0,0.23214285714285715,56.0,0.0,1.0,3.0,0.0,0.0005981203661011038,1.4222414401938615,0.009214800533129175,5.490801177965937
herringbone|medium|1,herringbone,medium,1,junction_break,0.01,0.125,0.9907543127748337,True,0.018321975198301865,8951.0,0.0,57377.0,0.0,371.0,0.0,194.0,0.04450825556353195,1393.0,0.060152928832463544,6.425699928212491,0.0,16.0,0.4642857142857143,56.0,0.0,1.0,5.0,0.0,0.0010656632004539758,1.4222414401938615,0.016038018091049246,5.490801177965937
herringbone|medium|1,herringbone,medium,1,junction_break,0.02,0.25,0.980117358856036,True,0.03899005697687409,8951.0,0.0,57377.0,0.0,371.0,0.0,194.0,0.09619526202440776,1393.0,0.12332229821138542,6.425699928212491,0.0,16.0,0.9464285714285714,56.0,0.0,1.0,11.0,0.0,0.002034736670734604,1.4222414401938615,0.03699396935976638,5.490801177965937
herringbone|medium|1,herringbone,medium,1,junction_break,0.05,,,False,,,,,,,,,,,,,,,,,,,,,,,,
herringbone|medium|1,herringbone,medium,1,junction_break,0.1,,,False,,,,,,,,,,,,,,,,,,,,,,,,
herringbone|medium|1,herringbone,medium,1,junction_break,0.2,,,False,,,,,,,,,,,,,,,,,,,,,,,,
herringbone|medium|1,herringbone,medium,1,thin_dropout,0.005,0.017241379310644327,0.9758581235697941,True,0.04714557032733773,8951.0,0.0,57377.0,0.0,371.0,0.0,194.0,0.057430007178750894,1393.0,0.01091105905104235,6.425699928212491,0.0625,16.0,0.07142857142857142,56.0,0.0,1.0,0.0,0.0,0.011421406660997996,1.4222414401938615,0.05641847554310117,5.490801177965937
herringbone|medium|1,herringbone,medium,1,thin_dropout,0.01,0.017241379310644327,0.9758581235697941,True,0.04714557032733773,8951.0,0.0,57377.0,0.0,371.0,0.0,194.0,0.057430007178750894,1393.0,0.01091105905104235,6.425699928212491,0.0625,16.0,0.07142857142857142,56.0,0.0,1.0,0.0,0.0,0.011421406660997996,1.4222414401938615,0.05641847554310117,5.490801177965937
herringbone|medium|1,herringbone,medium,1,thin_dropout,0.02,0.017241379310644327,0.9758581235697941,True,0.04714557032733773,8951.0,0.0,57377.0,0.0,371.0,0.0,194.0,0.057430007178750894,1393.0,0.01091105905104235,6.425699928212491,0.0625,16.0,0.07142857142857142,56.0,0.0,1.0,0.0,0.0,0.011421406660997996,1.4222414401938615,0.05641847554310117,5.490801177965937
herringbone|medium|1,herringbone,medium,1,thin_dropout,0.05,0.08620689655158455,0.9570030295968306,True,0.0824488883923584,8951.0,0.03501403001202572,57377.0,0.026954177897574125,371.0,0.0,194.0,0.09978463747307968,1393.0,0.019257335302587518,6.425699928212491,0.125,16.0,0.14285714285714285,56.0,0.0,1.0,0.0,0.0,0.01901086593135313,1.4222414401938615,0.09885990916996928,5.490801177965937
herringbone|medium|1,herringbone,medium,1,thin_dropout,0.1,0.1551724137933434,0.8837760319241801,True,0.20824488883923584,8951.0,0.03501403001202572,57377.0,0.026954177897574125,371.0,0.0,194.0,0.2548456568557071,1393.0,0.06253841025717198,6.425699928212491,0.3125,16.0,0.35714285714285715,56.0,0.0,1.0,0.0,0.0,0.04371565925836342,1.4222414401938615,0.29944154046213856,5.490801177965937
herringbone|medium|1,herringbone,medium,1,thin_dropout,0.2,0.2586206896555721,0.7947216050629502,True,0.34063233158306333,8951.0,0.07733063771197518,57377.0,0.026954177897574125,371.0,0.030927835051546393,194.0,0.41995692749461594,1393.0,0.1367563887435554,6.425699928212491,0.5,16.0,0.5714285714285714,56.0,0.0,1.0,0.0,0.0,0.058153018064685036,1.4222414401938615,0.6135465428051059,5.490801177965937
herringbone|medium|1,herringbone,medium,1,speckle,0.005,0.00078125,0.9940033314825097,True,0.01206569098424757,8951.0,1.4352789445248095,57377.0,0.029649595687331536,371.0,0.9381443298969072,194.0,0.07681263460157932,1393.0,0.06012832830596202,6.425699928212491,0.0,16.0,0.0,56.0,107.0,1.0,0.0,0.0,0.10821233367204065,1.4222414401938615,0.018661679829221407,5.490801177965937
herringbone|medium|1,herringbone,medium,1,speckle,0.01,0.0011718750000000002,0.9910318866253321,True,0.018098536476371354,8951.0,1.4325252278787668,57377.0,0.03504043126684636,371.0,0.9690721649484536,194.0,0.11557788944723618,1393.0,0.08738014072613559,6.425699928212491,0.0625,16.0,0.05357142857142857,56.0,157.0,1.0,0.0,0.0,0.11314005386662272,1.4222414401938615,0.02897019648270383,5.490801177965937
herringbone|medium|1,herringbone,medium,1,speckle,0.02,0.0027343750000000003,0.9792680925551118,True,0.04234163780583175,8951.0,1.4873207034177458,57377.0,0.03504043126684636,371.0,0.9742268041237113,194.0,0.2727925340990668,1393.0,0.18105927723433524,6.425699928212491,0.5,16.0,0.30357142857142855,56.0,365.0,1.0,1.0,0.0,0.08223244867929815,1.4222414401938615,0.06351156664749233,5.490801177965937
herringbone|medium|1,herringbone,medium,1,speckle,0.05,0.006640625000000001,0.9511210285835724,True,0.10278181208803486,8951.0,1.5220733046342612,57377.0,0.03504043126684636,371.0,0.9742268041237113,194.0,0.6518305814788227,1393.0,0.3323880642161527,6.425699928212491,2.6875,16.0,0.17857142857142858,56.0,880.0,1.0,0.0,0.0,0.014491486464154582,1.4222414401938615,0.14208445564308525,5.490801177965937
herringbone|medium|1,herringbone,medium,1,speckle,0.1,0.014453125,0.8994172025723473,True,0.22366216065244107,8951.0,1.5575579064782055,57377.0,0.03504043126684636,371.0,0.979381443298969,194.0,1.4393395549174444,1393.0,0.49836333437644187,6.425699928212491,13.1875,16.0,1.5178571428571428,56.0,1825.0,1.0,0.0,0.0,0.07334570383889215,1.4222414401938615,0.2665423825226539,5.490801177965937
herringbone|medium|1,herringbone,medium,1,speckle,0.2,0.03203125,0.8014146297788521,True,0.4955870852418724,8951.0,1.56445962667968,57377.0,0.03504043126684636,371.0,0.979381443298969,194.0,3.1751615218951903,1393.0,0.6417894068531759,6.425699928212491,59.75,16.0,2.5892857142857144,56.0,3757.0,1.0,2.0,0.0,0.17922893180911526,1.4222414401938615,0.4517173580031638,5.490801177965937
herringbone|medium|1,herringbone,medium,1,blob,0.005,0.0703125,0.9964377156851831,True,0.007150039101776338,8951.0,0.02380744897781341,57377.0,0.0,371.0,0.02577319587628866,194.0,0.00574300071787509,1393.0,0.001399003903479335,6.425699928212491,0.25,16.0,0.0,56.0,2.0,1.0,0.0,0.0,0.009999331817451914,1.4222414401938615,0.010307568624842597,5.490801177965937
herringbone|medium|1,herringbone,medium,1,blob,0.01,0.037500000000818545,0.9881872378008391,True,0.02390794324656463,8951.0,0.10317723129476968,57377.0,0.029649595687331536,371.0,0.08762886597938144,194.0,0.002871500358937545,1393.0,0.02097620969396181,6.425699928212491,0.0,16.0,0.0,56.0,1.0,1.0,0.0,0.0,0.003034483428806418,1.4222414401938615,0.015086017046652647,5.490801177965937
herringbone|medium|1,herringbone,medium,1,blob,0.02,0.1171875,0.9798040610804006,True,0.0412244441961792,8951.0,0.4327169423288077,57377.0,0.0,371.0,0.6855670103092784,194.0,0.007896625987078248,1393.0,0.033066702824271876,6.425699928212491,0.25,16.0,0.0,56.0,5.0,1.0,0.0,0.0,0.03237526302025778,1.4222414401938615,0.05077872636550052,5.490801177965937
herringbone|medium|1,herringbone,medium,1,blob,0.05,0.3515625,0.9513737577722272,True,0.10222321528320857,8951.0,0.8208689893162766,57377.0,0.03504043126684636,371.0,0.9639175257731959,194.0,0.03948312993539124,1393.0,0.06035700199551765,6.425699928212491,1.0625,16.0,0.19642857142857142,56.0,11.0,1.0,0.0,0.0,0.05691730649303003,1.4222414401938615,0.09270838665869963,5.490801177965937
herringbone|medium|1,herringbone,medium,1,blob,0.1,0.5625000000013642,0.896624261244115,True,0.2305887610322869,8951.0,0.826846994440281,57377.0,0.03504043126684636,371.0,0.7577319587628866,194.0,0.04594400574300072,1393.0,0.17653407283320224,6.425699928212491,0.5625,16.0,0.39285714285714285,56.0,16.0,1.0,2.0,0.0,0.03468826345360568,1.4222414401938615,0.18501619780173742,5.490801177965937
herringbone|medium|1,herringbone,medium,1,blob,0.2,1.2421875,0.8009126700071582,True,0.497151156295386,8951.0,1.2260139080119212,57377.0,0.03504043126684636,371.0,0.9639175257731959,194.0,0.09045226130653267,1393.0,0.37296350277779633,6.425699928212491,2.1875,16.0,0.16071428571428573,56.0,39.0,1.0,1.0,0.0,0.023621897060807327,1.4222414401938615,0.33263510062547996,5.490801177965937
herringbone|thick|0,herringbone,thick,0,boundary_erode,0.005,-0.046875,0.9959462883202432,True,0.008074690890739339,15852.0,1.7056696459029815e-05,58628.0,0.0,364.0,0.0,195.0,0.007575757575757576,1452.0,0.015532775921636084,10.917355371900827,0.0625,16.0,0.05357142857142857,56.0,0.0,1.0,0.0,0.0,0.0006684331423074147,1.5411372601060764,0.0031212218298754084,4.347496978305379
herringbone|thick|0,herringbone,thick,0,boundary_erode,0.01,-0.1171875,0.9898359088736658,True,0.020123643704264445,15852.0,0.00035819062563962614,58628.0,0.0,364.0,0.0,195.0,0.011707988980716254,1452.0,0.03146326116990603,10.917355371900827,0.1875,16.0,0.05357142857142857,56.0,0.0,1.0,0.0,0.0,0.001811900261792058,1.5411372601060764,0.007454526496780562,4.347496978305379
herringbone|thick|0,herringbone,thick,0,boundary_erode,0.02,-0.234375,0.979463078606837,True,0.04024728740852889,15852.0,0.0022003138432148462,58628.0,0.0,364.0,0.005128205128205128,195.0,0.046831955922865015,1452.0,0.08318359297183169,10.917355371900827,0.5,16.0,0.2857142857142857,56.0,0.0,1.0,0.0,0.0,0.003942411760860425,1.5411372601060764,0.015888687891540045,4.347496978305379
herringbone|thick|0,herringbone,thick,0,boundary_erode,0.05,-0.5625,0.949259271534153,True,0.09658087307595256,15852.0,0.008698915194105206,58628.0,0.0,364.0,0.005128205128205128,195.0,0.11570247933884298,1452.0,0.19026878253474266,10.917355371900827,2.25,16.0,1.9642857142857142,56.0,0.0,1.0,0.0,0.0,0.010040115965624645,1.5411372601060764,0.040772005689720406,4.347496978305379
herringbone|thick|0,herringbone,thick,0,boundary_erode,0.1,-1.0546875,0.9005028611062944,True,0.18098662629321222,15852.0,0.01642559869004571,58628.0,0.005494505494505495,364.0,0.010256410256410256,195.0,0.007575757575757576,1452.0,0.18714462158424078,10.917355371900827,0.0625,16.0,0.017857142857142856,56.0,0.0,1.0,0.0,0.0,0.02611765512708323,1.5411372601060764,0.08714788428814522,4.347496978305379
herringbone|thick|0,herringbone,thick,0,boundary_erode,0.2,-1.9453125,0.7998182919442762,True,0.33358566742366896,15852.0,0.029320461213072253,58628.0,0.01098901098901099,364.0,0.020512820512820513,195.0,0.008953168044077135,1452.0,0.33949924170591633,10.917355371900827,0.375,16.0,0.30357142857142855,56.0,0.0,1.0,0.0,0.0,0.05153859433761974,1.5411372601060764,0.20262916115990418,4.347496978305379
herringbone|thick|0,herringbone,thick,0,boundary_dilate,0.005,0.046875,0.9960101787565581,True,0.008011607368155437,15852.0,0.0028996383980350684,58628.0,0.0,364.0,0.0,195.0,0.04201101928374656,1452.0,0.03262864910868366,10.917355371900827,0.625,16.0,0.42857142857142855,56.0,0.0,1.0,0.0,0.0,0.002000847238021531,1.5411372601060764,0.0037749974236856512,4.347496978305379
herringbone|thick|0,herringbone,thick,0,boundary_dilate,0.01,0.1171875,0.9900693273374555,True,0.020060560181680544,15852.0,0.002575561165313502,58628.0,0.0027472527472527475,364.0,0.0,195.0,0.05853994490358127,1452.0,0.036351377108783306,10.917355371900827,1.0,16.0,0.8035714285714286,56.0,0.0,1.0,0.0,0.0,0.0065187853991346715,1.5411372601060764,0.010069492009496465,4.347496978305379
herringbone|thick|0,herringbone,thick,0,boundary_dilate,0.02,0.234375,0.9803642660564643,True,0.04005803684077719,15852.0,0.004741761615610289,58628.0,0.0027472527472527475,364.0,0.005128205128205128,195.0,0.14118457300275483,1452.0,0.08861540766879404,10.917355371900827,2.375,16.0,1.6607142857142858,56.0,0.0,1.0,0.0,0.0,0.010361179514820377,1.5411372601060764,0.01753947496603792,4.347496978305379
herringbone|thick|0,herringbone,thick,0,boundary_dilate,0.05,0.609375,0.9505021735871684,True,0.10415089578602069,15852.0,0.01284369243364945,58628.0,0.0027472527472527475,364.0,0.010256410256410256,195.0,0.1246556473829201,1452.0,0.01823202652706553,10.917355371900827,1.375,16.0,1.7321428571428572,56.0,0.0,1.0,6.0,0.0,0.021211004220464694,1.5411372601060764,0.04176545284862785,4.347496978305379
herringbone|thick|0,herringbone,thick,0,boundary_dilate,0.1,1.3125,0.8993277167900604,True,0.22388342165026495,15852.0,0.021610834413590775,58628.0,0.005494505494505495,364.0,0.015384615384615385,195.0,0.15426997245179064,1452.0,0.06030950372087387,10.917355371900827,2.125,16.0,1.8571428571428572,56.0,0.0,1.0,1.0,0.0,0.02860375658217927,1.5411372601060764,0.08183571611459775,4.347496978305379
herringbone|thick|0,herringbone,thick,0,boundary_dilate,0.2,2.953125,0.7999798137821402,True,0.5000630835225839,15852.0,0.04629187418980692,58628.0,0.008241758241758242,364.0,0.03076923076923077,195.0,0.003443526170798898,1452.0,0.4949153035516759,10.917355371900827,0.0625,16.0,0.21428571428571427,56.0,0.0,1.0,3.0,0.0,0.06144407535646025,1.5411372601060764,0.16008436675045398,4.347496978305379
herringbone|thick|0,herringbone,thick,0,junction_break,0.005,0.125,0.9941943466260588,True,0.011544284632853898,15852.0,0.0,58628.0,0.0,364.0,0.0,195.0,0.06611570247933884,1452.0,0.07284386388042885,10.917355371900827,0.0,16.0,0.4107142857142857,56.0,0.0,1.0,6.0,0.0,0.0005979891887998384,1.5411372601060764,0.01033757713535465,4.347496978305379
herringbone|thick|0,herringbone,thick,0,junction_break,0.01,0.1875,0.9907684471891514,True,0.018294221549331316,15852.0,0.0,58628.0,0.0,364.0,0.0,195.0,0.10881542699724518,1452.0,0.1146355339687137,10.917355371900827,0.0,16.0,0.6964285714285714,56.0,0.0,1.0,10.0,0.0,0.000990462218433812,1.5411372601060764,0.01666591809781661,4.347496978305379
herringbone|thick|0,herringbone,thick,0,junction_break,0.02,0.75,0.9811684555562696,True,0.036966944234166035,15852.0,0.0,58628.0,0.0,364.0,0.0,195.0,0.1618457300275482,1452.0,0.17111796267220464,10.917355371900827,0.0,16.0,0.9821428571428571,56.0,0.0,1.0,14.0,0.0,0.002348317149186297,1.5411372601060764,0.033456175115103154,4.347496978305379
herringbone|thick|0,herringbone,thick,0,junction_break,0.05,,,False,,,,,,,,,,,,,,,,,,,,,,,,
herringbone|thick|0,herringbone,thick,0,junction_break,0.1,,,False,,,,,,,,,,,,,,,,,,,,,,,,
herringbone|thick|0,herringbone,thick,0,junction_break,0.2,,,False,,,,,,,,,,,,,,,,,,,,,,,,
herringbone|thick|0,herringbone,thick,0,thin_dropout,0.005,0.017241379310644327,0.9727172574687317,True,0.05311632601564471,15852.0,0.07146755816333493,58628.0,0.0,364.0,0.0,195.0,0.06198347107438017,1452.0,0.009453079754246512,10.917355371900827,0.0625,16.0,0.08928571428571429,56.0,0.0,1.0,0.0,0.0,0.000263999002678172,1.5411372601060764,0.061058671950432804,4.347496978305379
herringbone|thick|0,herringbone,thick,0,thin_dropout,0.01,0.017241379310644327,0.9727172574687317,True,0.05311632601564471,15852.0,0.07146755816333493,58628.0,0.0,364.0,0.0,195.0,0.06198347107438017,1452.0,0.009453079754246512,10.917355371900827,0.0625,16.0,0.08928571428571429,56.0,0.0,1.0,0.0,0.0,0.000263999002678172,1.5411372601060764,0.061058671950432804,4.347496978305379
herringbone|thick|0,herringbone,thick,0,thin_dropout,0.02,0.017241379310644327,0.9727172574687317,True,0.05311632601564471,15852.0,0.07146755816333493,58628.0,0.0,364.0,0.0,195.0,0.06198347107438017,1452.0,0.009453079754246512,10.917355371900827,0.0625,16.0,0.08928571428571429,56.0,0.0,1.0,0.0,0.0,0.000263999002678172,1.5411372601060764,0.061058671950432804,4.347496978305379
herringbone|thick|0,herringbone,thick,0,thin_dropout,0.05,0.08620689655158455,0.9517606215903455,True,0.09203885944991168,15852.0,0.07146755816333493,58628.0,0.0,364.0,0.0,195.0,0.10743801652892562,1452.0,0.017252759320006347,10.917355371900827,0.125,16.0,0.16071428571428573,56.0,0.0,1.0,0.0,0.0,0.008486197899848464,1.5411372601060764,0.10697373203803581,4.347496978305379
herringbone|thick|0,herringbone,thick,0,thin_dropout,0.1,0.1206896551720547,0.9211923233973051,True,0.1461014383043149,15852.0,0.07146755816333493,58628.0,0.0,364.0,0.0,195.0,0.16666666666666666,1452.0,0.02467827403482201,10.917355371900827,0.1875,16.0,0.23214285714285715,56.0,0.0,1.0,0.0,0.0,0.021570365564873906,1.5411372601060764,0.182746257655906,4.347496978305379
herringbone|thick|0,herringbone,thick,0,thin_dropout,0.2,0.2586206896555721,0.7651320401963075,True,0.38039364118092356,15852.0,0.2324827727365764,58628.0,0.0,364.0,0.046153846153846156,195.0,0.4290633608815427,1452.0,0.0852453956638106,10.917355371900827,0.5,16.0,0.5892857142857143,56.0,0.0,1.0,0.0,0.0,0.03061149838327375,1.5411372601060764,0.6455563764499246,4.347496978305379
herringbone|thick|0,herringbone,thick,0,speckle,0.005,0.0015625,0.9935443434659981,True,0.012995205652283624,15852.0,1.4106399672511427,58628.0,0.046703296703296704,364.0,0.9641025641025641,195.0,0.1453168044077135,1452.0,0.11553274888327371,10.917355371900827,0.25,16.0,0.125,56.0,201.0,1.0,0.0,0.0,0.09095247008359,1.5411372601060764,0.020735061418512064,4.347496978305379
herringbone|thick|0,herringbone,thick,0,speckle,0.01,0.0023437500000000003,0.9903786080219917,True,0.019429724955841533,15852.0,1.4523094767005527,58628.0,0.054945054945054944,364.0,0.9692307692307692,195.0,0.21694214876033058,1452.0,0.16230222940810318,10.917355371900827,0.875,16.0,0.125,56.0,295.0,1.0,0.0,0.0,0.08238322677928706,1.5411372601060764,0.02865406158399218,4.347496978305379
herringbone|thick|0,herringbone,thick,0,speckle,0.02,0.004687500000000001,0.9809102441137341,True,0.03892253343426697,15852.0,1.4681551477109913,58628.0,0.0521978021978022,364.0,0.9692307692307692,195.0,0.43112947658402206,1452.0,0.2740541296696075,10.917355371900827,1.625,16.0,0.26785714285714285,56.0,591.0,1.0,0.0,0.0,0.05351640216256404,1.5411372601060764,0.059332534083084414,4.347496978305379
herringbone|thick|0,herringbone,thick,0,speckle,0.05,0.0125,0.9506731836037062,True,0.10377239465051728,15852.0,1.496588660708194,58628.0,0.054945054945054944,364.0,0.9692307692307692,195.0,1.165977961432507,1452.0,0.4904046050770903,10.917355371900827,9.625,16.0,0.875,56.0,1523.0,1.0,0.0,0.0,0.01757034450170288,1.5411372601060764,0.1437512807733969,4.347496978305379
herringbone|thick|0,herringbone,thick,0,speckle,0.1,0.026562500000000003,0.9006818181818181,True,0.2205399949533182,15852.0,1.509193559391417,58628.0,0.054945054945054944,364.0,0.9692307692307692,195.0,2.4545454545454546,1452.0,0.6466857909345659,10.917355371900827,38.75,16.0,1.8214285714285714,56.0,3048.0,1.0,1.0,0.0,0.09198649307975816,1.5411372601060764,0.26250298320607895,4.347496978305379
herringbone|thick|0,herringbone,thick,0,speckle,0.2,,,False,,,,,,,,,,,,,,,,,,,,,,,,
herringbone|thick|0,herringbone,thick,0,blob,0.005,0.046875,0.9944169123643435,True,0.011228867019934393,15852.0,0.06698164699461008,58628.0,0.0,364.0,0.0,195.0,0.013085399449035813,1452.0,0.0018325527444291877,10.917355371900827,0.1875,16.0,0.07142857142857142,56.0,1.0,1.0,0.0,0.0,0.0007212616112246729,1.5411372601060764,0.00791014457025238,4.347496978305379
herringbone|thick|0,herringbone,thick,0,blob,0.01,0.09375,0.9896675511159669,True,0.02088064597527126,15852.0,0.1121818926110391,58628.0,0.0,364.0,0.24102564102564103,195.0,0.010330578512396695,1452.0,0.010442193562436156,10.917355371900827,0.1875,16.0,0.07142857142857142,56.0,3.0,1.0,0.0,0.0,0.007193791034204666,1.5411372601060764,0.023879310141041096,4.347496978305379
herringbone|thick|0,herringbone,thick,0,blob,0.02,0.140625,0.9806371790906279,True,0.03949028513752208,15852.0,0.5297980487139251,58628.0,0.054945054945054944,364.0,0.6871794871794872,195.0,0.011019283746556474,1452.0,0.028160690749102178,10.917355371900827,0.1875,16.0,0.05357142857142857,56.0,5.0,1.0,0.0,0.0,0.01437898951936893,1.5411372601060764,0.03325070500749223,4.347496978305379
herringbone|thick|0,herringbone,thick,0,blob,0.05,0.46875,0.9514720446565229,True,0.10200605601816805,15852.0,0.7137204066316436,58628.0,0.0,364.0,0.717948717948718,195.0,0.03650137741046832,1452.0,0.0631978693278272,10.917355371900827,0.125,16.0,0.4107142857142857,56.0,14.0,1.0,5.0,0.0,0.030032031724766095,1.5411372601060764,0.11379225311492745,4.347496978305379
herringbone|thick|0,herringbone,thick,0,blob,0.1,1.0546875,0.9011426297538514,True,0.21940449154680797,15852.0,1.0567646858156512,58628.0,0.054945054945054944,364.0,0.8871794871794871,195.0,0.1081267217630854,1452.0,0.1004197151808359,10.917355371900827,1.6875,16.0,0.4642857142857143,56.0,33.0,1.0,4.0,0.0,0.027260122954710423,1.5411372601060764,0.20366243669693632,4.347496978305379
herringbone|thick|0,herringbone,thick,0,blob,0.2,2.4124999999989996,0.8024703857446593,True,0.49230381024476405,15852.0,1.3020399808965,58628.0,0.054945054945054944,364.0,0.9641025641025641,195.0,0.1921487603305785,1452.0,0.2517765063404952,10.917355371900827,3.5,16.0,0.625,56.0,69.0,1.0,2.0,0.0,0.00736380771982066,1.5411372601060764,0.3605601479489172,4.347496978305379
herringbone|thick|1,herringbone,thick,1,boundary_erode,0.005,-0.046875,0.9959164702367119,True,0.008133844729533131,15122.0,0.0001686113171916099,59308.0,0.0,373.0,0.0,198.0,0.0,1399.0,0.00813384472953313,10.809149392423159,0.0,16.0,0.0,56.0,0.0,1.0,0.0,0.0,0.0006795060659634866,1.5397288783338612,0.003407145507868378,4.612397870282665
herringbone|thick|1,herringbone,thick,1,boundary_erode,0.01,-0.1171875,0.9897451314426964,True,0.02030154741436318,15122.0,0.003389087475551359,59308.0,0.0,373.0,0.005050505050505051,198.0,0.027877055039313797,1399.0,0.04687195050952286,10.809149392423159,0.3125,16.0,0.21428571428571427,56.0,0.0,1.0,0.0,0.0,0.00015038805439209903,1.5397288783338612,0.007340505986073357,4.612397870282665
herringbone|thick|1,herringbone,thick,1,boundary_erode,0.02,-0.234375,0.9792777590280122,True,0.04060309482872636,15122.0,0.0014669184595670062,59308.0,0.0,373.0,0.0,198.0,0.055039313795568263,1399.0,0.09065293337763412,10.809149392423159,0.625,16.0,0.5714285714285714,56.0,0.0,1.0,0.0,0.0,0.00366595474155101,1.5397288783338612,0.015762993932925597,4.612397870282665
herringbone|thick|1,herringbone,thick,1,boundary_erode,0.05,-0.5625,0.9488026137430051,True,0.09740775029757968,15122.0,0.006946786268294328,59308.0,0.0,373.0,0.010101010101010102,198.0,0.11365260900643316,1399.0,0.18952082327748002,10.809149392423159,2.4375,16.0,2.1964285714285716,56.0,0.0,1.0,0.0,0.0,0.006669572632506912,1.5397288783338612,0.041535826382814146,4.612397870282665
herringbone|thick|1,herringbone,thick,1,boundary_erode,0.1,-1.0546875,0.899537896153986,True,0.18258166909139004,15122.0,0.016389020031024482,59308.0,0.005361930294906166,373.0,0.010101010101010102,198.0,0.007862759113652609,1399.0,0.18895869153110245,10.809149392423159,0.0625,16.0,0.03571428571428571,56.0,0.0,1.0,0.0,0.0,0.023484210597950222,1.5397288783338612,0.08961932124649195,4.612397870282665
herringbone|thick|1,herringbone,thick,1,boundary_erode,0.2,-1.921875,0.8006979141882782,True,0.33236344398889034,15122.0,0.028883118634922777,59308.0,0.00804289544235925,373.0,0.020202020202020204,198.0,0.03788420300214439,1399.0,0.3567330978928771,10.809149392423159,0.8125,16.0,0.875,56.0,0.0,1.0,0.0,0.0,0.0527429324277387,1.5397288783338612,0.20162978116545013,4.612397870282665
herringbone|thick|1,herringbone,thick,1,boundary_dilate,0.005,0.046875,0.9959823486794441,True,0.008067715910593836,15122.0,0.006727591555945235,59308.0,0.0,373.0,0.010101010101010102,198.0,0.03359542530378842,1399.0,0.02469797056782789,10.809149392423159,0.375,16.0,0.21428571428571427,56.0,0.0,1.0,0.0,0.0,0.003114592479165212,1.5397288783338612,0.0037370076882366167,4.612397870282665
herringbone|thick|1,herringbone,thick,1,boundary_dilate,0.01,0.1171875,0.9899836333878888,True,0.020235418595423885,15122.0,0.001669252040196938,59308.0,0.0,373.0,0.0,198.0,0.07791279485346676,1399.0,0.053508388186340836,10.809149392423159,1.3125,16.0,0.75,56.0,0.0,1.0,0.0,0.0,0.005414498907809707,1.5397288783338612,0.009627125190005826,4.612397870282665
herringbone|thick|1,herringbone,thick,1,boundary_dilate,0.02,0.234375,0.9801976989142764,True,0.04040470837190848,15122.0,0.006845619477979362,59308.0,0.002680965147453083,373.0,0.0,198.0,0.1401000714796283,1399.0,0.08744439685749206,10.809149392423159,2.125,16.0,1.9107142857142858,56.0,0.0,1.0,2.0,0.0,0.011197931771233302,1.5397288783338612,0.017888818113703273,4.612397870282665
herringbone|thick|1,herringbone,thick,1,boundary_dilate,0.05,0.609375,0.9500832469449942,True,0.10507869329453776,15122.0,0.007469481351588318,59308.0,0.002680965147453083,373.0,0.005050505050505051,198.0,0.14295925661186562,1399.0,0.03314253163285895,10.809149392423159,1.625,16.0,2.0892857142857144,56.0,0.0,1.0,8.0,0.0,0.020925475389936738,1.5397288783338612,0.04139353472849721,4.612397870282665
herringbone|thick|1,herringbone,thick,1,boundary_dilate,0.1,1.3125,0.8985946459874617,True,0.22569765903980954,15122.0,0.021194442570985364,59308.0,0.005361930294906166,373.0,0.015151515151515152,198.0,0.19656897784131522,1399.0,0.02434350358225426,10.809149392423159,2.125,16.0,2.7857142857142856,56.0,0.0,1.0,9.0,0.0,0.035889945324172265,1.5397288783338612,0.08151030905909948,4.612397870282665
herringbone|thick|1,herringbone,thick,1,boundary_dilate,0.2,2.90625,0.8014203190418147,True,0.4955693691310673,15122.0,0.043855803601537735,59308.0,0.00804289544235925,373.0,0.030303030303030304,198.0,0.0407433881343817,1399.0,0.437020293553821,10.809149392423159,0.0,16.0,0.5714285714285714,56.0,0.0,1.0,6.0,0.0,0.06322162710319483,1.5397288783338612,0.1593546522692341,4.612397870282665
herringbone|thick|1,herringbone,thick,1,junction_break,0.005,0.09375,0.9959164702367119,True,0.008133844729533131,15122.0,0.0,59308.0,0.0,373.0,0.0,198.0,0.04503216583273767,1399.0,0.050874999163212566,10.809149392423159,0.0,16.0,0.2857142857142857,56.0,0.0,1.0,4.0,0.0,0.00040176173182931724,1.5397288783338612,0.0068115245124667975,4.612397870282665
herringbone|thick|1,herringbone,thick,1,junction_break,0.01,0.25,0.9893062424809518,True,0.021161222060573998,15122.0,0.0,59308.0,0.0,373.0,0.0,198.0,0.11222301644031452,1399.0,0.11992580312515619,10.809149392423159,0.0,16.0,0.7142857142857143,56.0,0.0,1.0,10.0,0.0,0.0011015061542600534,1.5397288783338612,0.018365600568349422,4.612397870282665
herringbone|thick|1,herringbone,thick,1,junction_break,0.02,0.75,0.9801726463447532,True,0.03888374553630472,15122.0,0.0,59308.0,0.0,373.0,0.0,198.0,0.16940671908506075,1399.0,0.17811635697144876,10.809149392423159,0.0,16.0,0.7678571428571429,56.0,0.0,1.0,14.0,0.0,0.0023375362487211906,1.5397288783338612,0.03362440749244508,4.612397870282665
herringbone|thick|1,herringbone,thick,1,junction_break,0.05,,,False,,,,,,,,,,,,,,,,,,,,,,,,
herringbone|thick|1,herringbone,thick,1,junction_break,0.1,,,False,,,,,,,,,,,,,,,,,,,,,,,,
herringbone|thick|1,herringbone,thick,1,junction_break,0.2,,,False,,,,,,,,,,,,,,,,,,,,,,,,
herringbone|thick|1,herringbone,thick,1,thin_dropout,0.005,0.017241379310644327,0.9720617225205629,True,0.05435788916809946,15122.0,0.03702704525527754,59308.0,0.0,373.0,0.030303030303030304,198.0,0.06290207290922087,1399.0,0.009117706372104552,10.809149392423159,0.0625,16.0,0.07142857142857142,56.0,0.0,1.0,0.0,0.0,0.0016988790337114838,1.5397288783338612,0.0632953922912094,4.612397870282665
herringbone|thick|1,herringbone,thick,1,thin_dropout,0.01,0.017241379310644327,0.9720617225205629,True,0.05435788916809946,15122.0,0.03702704525527754,59308.0,0.0,373.0,0.030303030303030304,198.0,0.06290207290922087,1399.0,0.009117706372104552,10.809149392423159,0.0625,16.0,0.07142857142857142,56.0,0.0,1.0,0.0,0.0,0.0016988790337114838,1.5397288783338612,0.0632953922912094,4.612397870282665
herringbone|thick|1,herringbone,thick,1,thin_dropout,0.02,0.017241379310644327,0.9720617225205629,True,0.05435788916809946,15122.0,0.03702704525527754,59308.0,0.0,373.0,0.030303030303030304,198.0,0.06290207290922087,1399.0,0.009117706372104552,10.809149392423159,0.0625,16.0,0.07142857142857142,56.0,0.0,1.0,0.0,0.0,0.0016988790337114838,1.5397288783338612,0.0632953922912094,4.612397870282665
herringbone|thick|1,herringbone,thick,1,thin_dropout,0.05,0.05172413793111445,0.9479981912414345,True,0.09886258431424415,15122.0,0.03702704525527754,59308.0,0.0,373.0,0.030303030303030304,198.0,0.11365260900643316,1399.0,0.016686487535784365,10.809149392423159,0.125,16.0,0.14285714285714285,56.0,0.0,1.0,0.0,0.0,0.010818158098353231,1.5397288783338612,0.11759767198110113,4.612397870282665
herringbone|thick|1,herringbone,thick,1,thin_dropout,0.1,0.1206896551720547,0.9203198629158932,True,0.14759952387250364,15122.0,0.03702704525527754,59308.0,0.0,373.0,0.030303030303030304,198.0,0.16869192280200143,1399.0,0.025372541790513754,10.809149392423159,0.1875,16.0,0.21428571428571427,56.0,0.0,1.0,0.0,0.0,0.0175810776859715,1.5397288783338612,0.1854927569102625,4.612397870282665
herringbone|thick|1,herringbone,thick,1,thin_dropout,0.2,0.225,0.8011257779363381,True,0.3317682846184367,15122.0,0.07582450934106698,59308.0,0.024128686327077747,373.0,0.030303030303030304,198.0,0.3695496783416726,1399.0,0.059927630180053336,10.809149392423159,0.4375,16.0,0.5,56.0,0.0,1.0,0.0,0.0,0.051632702519543106,1.5397288783338612,0.5159065579639023,4.612397870282665
herringbone|thick|1,herringbone,thick,1,speckle,0.005,0.0011718750000000002,0.994901148064081,True,0.01024996693559053,15122.0,1.3545558777905173,59308.0,0.029490616621983913,373.0,0.9292929292929293,198.0,0.1093638313080772,1399.0,0.08934297439246698,10.809149392423159,0.0,16.0,0.0,56.0,153.0,1.0,0.0,0.0,0.10254122705603048,1.5397288783338612,0.015804138930109055,4.612397870282665
herringbone|thick|1,herringbone,thick,1,speckle,0.01,0.0023437500000000003,0.9898540289323821,True,0.02049993387118106,15122.0,1.3914143117286033,59308.0,0.024128686327077747,373.0,0.9343434343434344,198.0,0.22087205146533237,1399.0,0.1641221267647644,10.809149392423159,0.4375,16.0,0.05357142857142857,56.0,302.0,1.0,0.0,0.0,0.09099733190150144,1.5397288783338612,0.032013004174608416,4.612397870282665
herringbone|thick|1,herringbone,thick,1,speckle,0.02,0.004687500000000001,0.9799118714359772,True,0.04099986774236212,15122.0,1.4663957644837122,59308.0,0.029490616621983913,373.0,0.9393939393939394,198.0,0.44603288062902074,1399.0,0.2800994488524149,10.809149392423159,0.875,16.0,0.16071428571428573,56.0,596.0,1.0,1.0,0.0,0.06069761635260976,1.5397288783338612,0.06143453306953329,4.612397870282665
herringbone|thick|1,herringbone,thick,1,speckle,0.05,0.01171875,0.9512187450857053,True,0.1025657981748446,15122.0,1.4690261010319012,59308.0,0.029490616621983913,373.0,0.9393939393939394,198.0,1.1208005718370264,1399.0,0.48011811538705507,10.809149392423159,9.3125,16.0,0.6964285714285714,56.0,1429.0,1.0,0.0,0.0,0.007637512996258546,1.5397288783338612,0.14217158439438873,4.612397870282665
herringbone|thick|1,herringbone,thick,1,speckle,0.1,0.025,0.9014067715784454,True,0.2187541330511837,15122.0,1.4821609226411276,59308.0,0.029490616621983913,373.0,0.9393939393939394,198.0,2.41529664045747,1399.0,0.6431483817206769,10.809149392423159,36.0625,16.0,1.6428571428571428,56.0,2899.0,1.0,0.0,0.0,0.08302866508228687,1.5397288783338612,0.2653589484326471,4.612397870282665
herringbone|thick|1,herringbone,thick,1,speckle,0.2,,,False,,,,,,,,,,,,,,,,,,,,,,,,
herringbone|thick|1,herringbone,thick,1,blob,0.005,0.037500000000818545,0.9925828683951428,True,0.014945113080280386,15122.0,0.008245093410669724,59308.0,0.0,373.0,0.0,198.0,0.0035739814152966403,1399.0,0.011330636181846442,10.809149392423159,0.125,16.0,0.0,56.0,2.0,1.0,0.0,0.0,0.001022470518335721,1.5397288783338612,0.018972360265820214,4.612397870282665
herringbone|thick|1,herringbone,thick,1,blob,0.01,0.0703125,0.9885275371792777,True,0.023211215447692106,15122.0,0.1686113171916099,59308.0,0.029490616621983913,373.0,0.17676767676767677,198.0,0.007862759113652609,1399.0,0.015228716603774022,10.809149392423159,0.1875,16.0,0.05357142857142857,56.0,2.0,1.0,0.0,0.0,0.008674049168367273,1.5397288783338612,0.009077021295396932,4.612397870282665
herringbone|thick|1,herringbone,thick,1,blob,0.02,0.234375,0.9808016603969386,True,0.039148260812061894,15122.0,0.3485701760302152,59308.0,0.0,373.0,0.5353535353535354,198.0,0.012866333095067906,1399.0,0.025948071189890374,10.809149392423159,0.375,16.0,0.0,56.0,7.0,1.0,0.0,0.0,0.026673009420158187,1.5397288783338612,0.049034100263534115,4.612397870282665
herringbone|thick|1,herringbone,thick,1,blob,0.05,0.421875,0.9502623558613755,True,0.104681920380902,15122.0,0.5941356983880758,59308.0,0.029490616621983913,373.0,0.8434343434343434,198.0,0.027162258756254467,1399.0,0.07546973320311899,10.809149392423159,0.5,16.0,0.0,56.0,15.0,1.0,0.0,0.0,0.033024510423093456,1.5397288783338612,0.12497739319409068,4.612397870282665
herringbone|thick|1,herringbone,thick,1,blob,0.1,1.125,0.8998244622296272,True,0.22265573336860203,15122.0,1.04220341269306,59308.0,0.029490616621983913,373.0,0.9393939393939394,198.0,0.09864188706218728,1399.0,0.11287922640382206,10.809149392423159,2.0,16.0,0.44642857142857145,56.0,36.0,1.0,4.0,0.0,0.051784391138891404,1.5397288783338612,0.22377620471594054,4.612397870282665
herringbone|thick|1,herringbone,thick,1,blob,0.2,2.2265625,0.7998730528153183,True,0.5003967729136357,15122.0,1.2439637148445404,59308.0,0.029490616621983913,373.0,0.9393939393939394,198.0,0.21729807005003574,1399.0,0.23256317399070847,10.809149392423159,2.875,16.0,0.8571428571428571,56.0,59.0,1.0,5.0,0.0,0.016208487807589426,1.5397288783338612,0.37040260625958354,4.612397870282665
dichotomous|thin|0,dichotomous,thin,0,boundary_erode,0.005,-0.017578125,0.995253164556962,True,0.009448818897637795,2540.0,0.0,13156.0,0.0,174.0,0.0,138.0,0.002717391304347826,736.0,0.0067497693578493145,3.4510869565217392,0.0,26.0,0.04201680672268908,119.0,0.0,1.0,0.0,9.0,0.0003011764327178056,1.3995688824275305,0.0013199415007380847,14.92220306856411
dichotomous|thin|0,dichotomous,thin,0,boundary_erode,0.01,-0.03515625,0.9902603856092228,True,0.019291338582677165,2540.0,0.0,13156.0,0.0,174.0,0.0,138.0,0.019021739130434784,736.0,0.037597900262467183,3.4510869565217392,0.0,26.0,0.12605042016806722,119.0,0.0,1.0,0.0,9.0,0.0012388331848519729,1.3995688824275305,9.174720108332726e-06,14.92220306856411
dichotomous|thin|0,dichotomous,thin,0,boundary_erode,0.02,-0.0703125,0.9803291850662385,True,0.03858267716535433,2540.0,0.0003040437823046519,13156.0,0.0,174.0,0.0,138.0,0.009510869565217392,736.0,0.047640444675236676,3.4510869565217392,0.07692307692307693,26.0,0.058823529411764705,119.0,0.0,1.0,0.1111111111111111,9.0,0.0015566006922442604,1.3995688824275305,0.0012364147866220302,14.92220306856411
dichotomous|thin|0,dichotomous,thin,0,boundary_erode,0.05,-0.17578125,0.9495450785773366,True,0.09606299212598425,2540.0,0.0035725144420796595,13156.0,0.0,174.0,0.0,138.0,0.028532608695652172,736.0,0.12113918388999266,3.4510869565217392,0.07692307692307693,26.0,0.15966386554621848,119.0,0.0,1.0,0.0,9.0,0.006193006584301804,1.3995688824275305,0.010738704363161707,14.92220306856411
dichotomous|thin|0,dichotomous,thin,0,boundary_erode,0.1,-0.333984375,0.8997184318821746,True,0.18228346456692912,2540.0,0.003952569169960474,13156.0,0.005747126436781609,174.0,0.0,138.0,0.04619565217391304,736.0,0.21839042846916865,3.4510869565217392,0.15384615384615385,26.0,0.15966386554621848,119.0,0.0,1.0,0.4444444444444444,9.0,0.015724033751013368,1.3995688824275305,0.014172182271030872,14.92220306856411
dichotomous|thin|0,dichotomous,thin,0,boundary_erode,0.2,-0.609375,0.8004722550177096,True,0.33267716535433073,2540.0,0.016190331407722712,13156.0,0.011494252873563218,174.0,0.014492753623188406,138.0,0.051630434782608696,736.0,0.36543978514313624,3.4510869565217392,0.3076923076923077,26.0,0.35294117647058826,119.0,0.0,1.0,0.7777777777777778,9.0,0.032746386034844005,1.3995688824275305,0.02130860302154055,14.92220306856411
dichotomous|thin|0,dichotomous,thin,0,boundary_dilate,0.005,0.0234375,0.9937402190923318,True,0.012598425196850394,2540.0,0.0017482517482517483,13156.0,0.0,174.0,0.0,138.0,0.017663043478260868,736.0,0.004976714359303288,3.4510869565217392,0.11538461538461539,26.0,0.06722689075630252,119.0,0.0,1.0,0.0,9.0,0.0006267732490382493,1.3995688824275305,0.0010974333096018917,14.92220306856411
dichotomous|thin|0,dichotomous,thin,0,boundary_dilate,0.01,0.03515625,0.9906396255850234,True,0.01889763779527559,2540.0,0.0,13156.0,0.0,174.0,0.0,138.0,0.019021739130434784,736.0,0.0001217847769028905,3.4510869565217392,0.0,26.0,0.13445378151260504,119.0,0.0,1.0,0.2222222222222222,9.0,0.003912212864921093,1.3995688824275305,0.0029074699104595144,14.92220306856411
dichotomous|thin|0,dichotomous,thin,0,boundary_dilate,0.02,0.08203125,0.9786168368329802,True,0.043700787401574806,2540.0,0.002584372149589541,13156.0,0.0,174.0,0.0,138.0,0.06385869565217392,736.0,0.018947918866463565,3.4510869565217392,0.23076923076923078,26.0,0.47058823529411764,119.0,0.0,1.0,0.7777777777777778,9.0,0.005814747596839298,1.3995688824275305,0.0005989907355234672,14.92220306856411
dichotomous|thin|0,dichotomous,thin,0,boundary_dilate,0.05,0.19921875,0.9495327102803738,True,0.1062992125984252,2540.0,0.01178169656430526,13156.0,0.0,174.0,0.007246376811594203,138.0,0.10190217391304347,736.0,0.003990407487596645,3.4510869565217392,0.2692307692307692,26.0,1.1512605042016806,119.0,0.0,1.0,2.0,9.0,0.015848545171814433,1.3995688824275305,0.0037692354474154364,14.92220306856411
dichotomous|thin|0,dichotomous,thin,0,boundary_dilate,0.1,0.421875,0.8987968860580325,True,0.2251968503937008,2540.0,0.01740650653694132,13156.0,0.005747126436781609,174.0,0.0,138.0,0.17798913043478262,736.0,0.04007483493629039,3.4510869565217392,0.3076923076923077,26.0,1.453781512605042,119.0,0.0,1.0,2.7777777777777777,9.0,0.02836843456525484,1.3995688824275305,0.013998119348404673,14.92220306856411
dichotomous|thin|0,dichotomous,thin,0,boundary_dilate,0.2,0.9375,0.8,True,0.5,2540.0,0.02820006080875646,13156.0,0.0,174.0,0.007246376811594203,138.0,0.014945652173913044,736.0,0.47791164658634544,3.4510869565217392,0.4230769230769231,26.0,0.5378151260504201,119.0,0.0,1.0,1.8888888888888888,9.0,0.04542717251648997,1.3995688824275305,0.025084859751114002,14.92220306856411
dichotomous|thin|0,dichotomous,thin,0,junction_break,0.005,0.0078125,0.9954518489222859,True,0.00905511811023622,2540.0,0.0,13156.0,0.0,174.0,0.0,138.0,0.006793478260869565,736.0,0.0022771093421803676,3.4510869565217392,0.11538461538461539,26.0,0.03361344537815126,119.0,1.0,1.0,0.1111111111111111,9.0,0.0005626815367359665,1.3995688824275305,0.006228586385186044,14.92220306856411
dichotomous|thin|0,dichotomous,thin,0,junction_break,0.01,0.015625,0.9908621374652364,True,0.01811023622047244,2540.0,0.0,13156.0,0.0,174.0,0.0,138.0,0.020380434782608696,736.0,0.0023174287680058484,3.4510869565217392,0.07692307692307693,26.0,0.07563025210084033,119.0,2.0,1.0,0.2222222222222222,9.0,0.0023183033002447937,1.3995688824275305,0.004711757450111064,14.92220306856411
dichotomous|thin|0,dichotomous,thin,0,junction_break,0.02,0.0390625,0.98012447299739,True,0.03897637795275591,2540.0,0.0,13156.0,0.0,174.0,0.0,138.0,0.025815217391304348,736.0,0.01350992213839387,3.4510869565217392,0.3076923076923077,26.0,0.16806722689075632,119.0,3.0,1.0,0.4444444444444444,9.0,0.004475523017346599,1.3995688824275305,0.0035056945219946937,14.92220306856411
dichotomous|thin|0,dichotomous,thin,0,junction_break,0.05,0.0859375,0.9497622493280959,True,0.09566929133858268,2540.0,0.0,13156.0,0.0,174.0,0.0,138.0,0.057065217391304345,736.0,0.04094034355215682,3.4510869565217392,0.9230769230769231,26.0,0.31932773109243695,119.0,14.0,1.0,0.7777777777777778,9.0,0.009998415900938834,1.3995688824275305,0.01144980365912774,14.92220306856411
dichotomous|thin|0,dichotomous,thin,0,junction_break,0.1,0.2109375,0.9004329004329005,True,0.18110236220472442,2540.0,0.0,13156.0,0.0,174.0,0.0,138.0,0.1358695652173913,736.0,0.05234487198534144,3.4510869565217392,1.3461538461538463,26.0,0.5042016806722689,119.0,24.0,1.0,0.8888888888888888,9.0,0.019171990088857928,1.3995688824275305,0.017158372416152996,14.92220306856411
dichotomous|thin|0,dichotomous,thin,0,junction_break,0.2,0.625,0.7996219281663516,True,0.33385826771653543,2540.0,0.019686834904226208,13156.0,0.0,174.0,0.007246376811594203,138.0,0.28940217391304346,736.0,0.06256153927221812,3.4510869565217392,2.6538461538461537,26.0,0.865546218487395,119.0,48.0,1.0,1.0,9.0,0.041509465189238315,1.3995688824275305,0.017519469280304612,14.92220306856411
dichotomous|thin|0,dichotomous,thin,0,thin_dropout,0.005,0.028125,0.9956504547251879,True,0.008661417322834646,2540.0,0.0,13156.0,0.0,174.0,0.0,138.0,0.014945652173913044,736.0,0.006379581862612022,3.4510869565217392,0.0,26.0,0.06722689075630252,119.0,0.0,1.0,0.1111111111111111,9.0,0.0018233720130327172,1.3995688824275305,0.0010561223482929594,14.92220306856411
dichotomous|thin|0,dichotomous,thin,0,thin_dropout,0.01,0.0703125,0.9902603856092228,True,0.019291338582677165,2540.0,0.0,13156.0,0.0,174.0,0.0,138.0,0.02717391304347826,736.0,0.008102758104957463,3.4510869565217392,0.038461538461538464,26.0,0.11764705882352941,119.0,0.0,1.0,0.2222222222222222,9.0,0.0033998583494896594,1.3995688824275305,0.0062007334188068685,14.92220306856411
dichotomous|thin|0,dichotomous,thin,0,thin_dropout,0.02,0.1546875,0.9797148021691102,True,0.03976377952755906,2540.0,0.0017482517482517483,13156.0,0.0,174.0,0.0,138.0,0.05570652173913043,736.0,0.01688324930606693,3.4510869565217392,0.19230769230769232,26.0,0.2773109243697479,119.0,0.0,1.0,0.3333333333333333,9.0,0.007571843485201852,1.3995688824275305,0.007777000138630981,14.92220306856411
dichotomous|thin|0,dichotomous,thin,0,thin_dropout,0.05,0.28125,0.9486754966887417,True,0.09763779527559055,2540.0,0.0031924597141988445,13156.0,0.0,174.0,0.0,138.0,0.12635869565217392,736.0,0.0328749341791063,3.4510869565217392,0.23076923076923078,26.0,0.453781512605042,119.0,3.0,1.0,0.3333333333333333,9.0,0.021830217312166587,1.3995688824275305,0.0036380863287090036,14.92220306856411
dichotomous|thin|0,dichotomous,thin,0,thin_dropout,0.1,0.421875,0.9006708504652673,True,0.18070866141732284,2540.0,0.012161751292186074,13156.0,0.0,174.0,0.0,138.0,0.21467391304347827,736.0,0.04324987058278611,3.4510869565217392,0.15384615384615385,26.0,0.5294117647058824,119.0,6.0,1.0,0.4444444444444444,9.0,0.04196376414536754,1.3995688824275305,0.020787402838127293,14.92220306856411
dichotomous|thin|0,dichotomous,thin,0,thin_dropout,0.2,0.5416666666665606,0.8024516737388024,True,0.3299212598425197,2540.0,0.012161751292186074,13156.0,0.0,174.0,0.0,138.0,0.36141304347826086,736.0,0.04931479309767121,3.4510869565217392,0.038461538461538464,26.0,0.7310924369747899,119.0,13.0,1.0,0.4444444444444444,9.0,0.08109742816845521,1.3995688824275305,0.11601959498187489,14.92220306856411
dichotomous|thin|0,dichotomous,thin,0,speckle,0.005,0.0001953125,0.9945184025058731,True,0.011023622047244094,2540.0,7.531088476740651,13156.0,1.2011494252873562,174.0,1.5942028985507246,138.0,0.036684782608695655,736.0,0.02475309852323509,3.4510869565217392,0.0,26.0,0.0,119.0,27.0,1.0,0.0,9.0,0.25289720746703803,1.3995688824275305,0.01815442745206657,14.92220306856411
dichotomous|thin|0,dichotomous,thin,0,speckle,0.01,0.000390625,0.9889040295892544,True,0.022440944881889763,2540.0,8.08437214958954,13156.0,1.1781609195402298,174.0,1.7318840579710144,138.0,0.07472826086956522,736.0,0.048651661905093756,3.4510869565217392,0.0,26.0,0.058823529411764705,119.0,54.0,1.0,0.1111111111111111,9.0,0.3040083915003245,1.3995688824275305,0.03829124472376743,14.92220306856411
dichotomous|thin|0,dichotomous,thin,0,speckle,0.02,0.0006835937500000001,0.9808843406062947,True,0.03897637795275591,2540.0,8.836728488902402,13156.0,1.2011494252873562,174.0,1.681159420289855,138.0,0.13451086956521738,736.0,0.08420764769673261,3.4510869565217392,0.07692307692307693,26.0,0.0,119.0,98.0,1.0,0.0,9.0,0.3039839876281939,1.3995688824275305,0.06629081602067538,14.92220306856411
dichotomous|thin|0,dichotomous,thin,0,speckle,0.05,0.00185546875,0.9497102262105066,True,0.10590551181102362,2540.0,9.80883247187595,13156.0,1.1896551724137931,174.0,1.7608695652173914,138.0,0.3641304347826087,736.0,0.18929635787558433,3.4510869565217392,0.4230769230769231,26.0,0.025210084033613446,119.0,261.0,1.0,0.0,9.0,0.2661579140967665,1.3995688824275305,0.15996385518131948,14.92220306856411
dichotomous|thin|0,dichotomous,thin,0,speckle,0.1,0.00390625,0.8997520368402409,True,0.22283464566929134,2540.0,9.976968683490423,13156.0,1.206896551724138,174.0,1.7826086956521738,138.0,0.7622282608695652,736.0,0.3060861224266782,3.4510869565217392,0.23076923076923078,26.0,0.01680672268907563,119.0,556.0,1.0,0.0,9.0,0.1863815309228079,1.3995688824275305,0.29732267386392863,14.92220306856411
dichotomous|thin|0,dichotomous,thin,0,speckle,0.2,0.0087890625,0.7994963802329241,True,0.5015748031496063,2540.0,10.06339312861052,13156.0,1.206896551724138,174.0,1.7826086956521738,138.0,1.7228260869565217,736.0,0.4485234255897654,3.4510869565217392,3.0,26.0,0.09243697478991597,119.0,1223.0,1.0,0.0,9.0,0.06267200175033354,1.3995688824275305,0.5055331067940912,14.92220306856411
dichotomous|thin|0,dichotomous,thin,0,blob,0.005,1.3642420526593924e-12,0.9843053671769038,True,0.03188976377952756,2540.0,0.5773791425965339,13156.0,0.0,174.0,0.6231884057971014,138.0,0.001358695652173913,736.0,0.03048964198335446,3.4510869565217392,0.0,26.0,0.0,119.0,1.0,1.0,0.0,9.0,0.03905756851699703,1.3995688824275305,0.04425501043411392,14.92220306856411
dichotomous|thin|0,dichotomous,thin,0,blob,0.01,1.3642420526593924e-12,0.9715050678906101,True,0.05866141732283465,2540.0,0.28884159318941927,13156.0,0.0,174.0,0.0,138.0,0.001358695652173913,736.0,0.0572249703522473,3.4510869565217392,0.0,26.0,0.0,119.0,1.0,1.0,0.0,9.0,0.0093287868707844,1.3995688824275305,0.06016278426681839,14.92220306856411
dichotomous|thin|0,dichotomous,thin,0,blob,0.02,0.037500000000818545,0.963215775502465,True,0.07637795275590552,2540.0,1.4946792338096686,13156.0,1.0402298850574712,174.0,0.3333333333333333,138.0,0.002717391304347826,736.0,0.0734609393338027,3.4510869565217392,0.0,26.0,0.0,119.0,2.0,1.0,0.0,9.0,0.05918382207183241,1.3995688824275305,0.09348197042625497,14.92220306856411
dichotomous|thin|0,dichotomous,thin,0,blob,0.05,0.08750000000009095,0.9345106696100074,True,0.14015748031496064,2540.0,4.478184858619641,13156.0,0.9540229885057471,174.0,1.3043478260869565,138.0,0.005434782608695652,736.0,0.1339944669078527,3.4510869565217392,0.0,26.0,0.0,119.0,4.0,1.0,0.0,9.0,0.11094634989608744,1.3995688824275305,0.16167981650601296,14.92220306856411
dichotomous|thin|0,dichotomous,thin,0,blob,0.1,0.11249999999972715,0.9169675090252708,True,0.18110236220472442,2540.0,2.6888111888111887,13156.0,1.2011494252873562,174.0,0.9710144927536232,138.0,0.005434782608695652,736.0,0.17471802511172596,3.4510869565217392,0.0,26.0,0.0,119.0,4.0,1.0,0.0,9.0,0.08205211653044849,1.3995688824275305,0.16124557625872016,14.92220306856411
dichotomous|thin|0,dichotomous,thin,0,blob,0.2,0.421875,0.7987421383647799,True,0.5039370078740157,2540.0,5.88134691395561,13156.0,1.1954022988505748,174.0,1.4710144927536233,138.0,0.07065217391304347,736.0,0.40469243375034963,3.4510869565217392,0.34615384615384615,26.0,0.1092436974789916,119.0,11.0,1.0,0.2222222222222222,9.0,0.09994821124418447,1.3995688824275305,0.3148529900649502,14.92220306856411
dichotomous|thin|1,dichotomous,thin,1,boundary_erode,0.005,-0.017578125,0.9951744617668894,True,0.009604728481714075,2707.0,0.00016287971333170455,12279.0,0.0,193.0,0.0,119.0,0.0,802.0,0.009604728481714035,3.3753117206982544,0.0,26.0,0.02,150.0,0.0,1.0,0.0,17.0,0.0007893857056717386,1.4104141029659039,0.0006064898856193915,15.980662969682866
dichotomous|thin|1,dichotomous,thin,1,boundary_erode,0.01,-0.03515625,0.990302126072361,True,0.01920945696342815,2707.0,0.0,12279.0,0.0,193.0,0.0,119.0,0.004987531172069825,802.0,0.024076903827133237,3.3753117206982544,0.0,26.0,0.02,150.0,0.0,1.0,0.058823529411764705,17.0,0.0006051553802308322,1.4104141029659039,0.0014529402346615031,15.980662969682866
dichotomous|thin|1,dichotomous,thin,1,boundary_erode,0.02,-0.0703125,0.9802222640798643,True,0.03878832656076838,2707.0,8.143985666585227e-05,12279.0,0.0,193.0,0.0,119.0,0.011221945137157107,802.0,0.049455287178466395,3.3753117206982544,0.07692307692307693,26.0,0.02,150.0,0.0,1.0,0.058823529411764705,17.0,0.001767351561640232,1.4104141029659039,0.0009476810950523535,15.980662969682866
dichotomous|thin|1,dichotomous,thin,1,boundary_erode,0.05,-0.17578125,0.9493498932660586,True,0.09641669745105283,2707.0,0.013437576349865624,12279.0,0.0,193.0,0.01680672268907563,119.0,0.026184538653366583,802.0,0.11947289350637223,3.3753117206982544,0.0,26.0,0.10666666666666667,150.0,0.0,1.0,0.11764705882352941,17.0,0.00013282000767785541,1.4104141029659039,0.012415367566180115,15.980662969682866
dichotomous|thin|1,dichotomous,thin,1,boundary_erode,0.1,-0.328125,0.900933820544052,True,0.18027336534909494,2707.0,0.01001710236989983,12279.0,0.0,193.0,0.008403361344537815,119.0,0.022443890274314215,802.0,0.19826736464630995,3.3753117206982544,0.038461538461538464,26.0,0.02666666666666667,150.0,0.0,1.0,0.47058823529411764,17.0,0.013420764242834293,1.4104141029659039,0.016239264361053867,15.980662969682866
dichotomous|thin|1,dichotomous,thin,1,boundary_erode,0.2,-0.609375,0.7990239574090505,True,0.3346878463243443,2707.0,0.014251974916524147,12279.0,0.0051813471502590676,193.0,0.008403361344537815,119.0,0.029925187032418952,802.0,0.3540189500631042,3.3753117206982544,0.15384615384615385,26.0,0.2,150.0,0.0,1.0,0.5294117647058824,17.0,0.024478321468126226,1.4104141029659039,0.03581039081308673,15.980662969682866
dichotomous|thin|1,dichotomous,thin,1,boundary_dilate,0.005,0.0234375,0.9939416192399486,True,0.012190616919098634,2707.0,0.009447023373238862,12279.0,0.0,193.0,0.008403361344537815,119.0,0.0199501246882793,802.0,0.007607732556091558,3.3753117206982544,0.038461538461538464,26.0,0.12,150.0,0.0,1.0,0.058823529411764705,17.0,0.012040222244629278,1.4104141029659039,0.0027999869749106266,15.980662969682866
dichotomous|thin|1,dichotomous,thin,1,boundary_dilate,0.01,0.03515625,0.9908491947291361,True,0.01847063169560399,2707.0,0.008062545809919374,12279.0,0.0,193.0,0.008403361344537815,119.0,0.0199501246882793,802.0,0.0014505542544323343,3.3753117206982544,0.11538461538461539,26.0,0.14666666666666667,150.0,0.0,1.0,0.29411764705882354,17.0,0.010809841181326,1.4104141029659039,0.0013324016287525587,15.980662969682866
dichotomous|thin|1,dichotomous,thin,1,boundary_dilate,0.02,0.08203125,0.9788465015367926,True,0.04322127816771334,2707.0,0.002768955126638977,12279.0,0.0,193.0,0.0,119.0,0.06608478802992519,802.0,0.021446239660226817,3.3753117206982544,0.11538461538461539,26.0,0.5333333333333333,150.0,0.0,1.0,0.47058823529411764,17.0,0.0040015328277028354,1.4104141029659039,0.004461840912163757,15.980662969682866
dichotomous|thin|1,dichotomous,thin,1,boundary_dilate,0.05,0.19921875,0.9501579501579501,True,0.10491318803103065,2707.0,0.017102369899828978,12279.0,0.0051813471502590676,193.0,0.008403361344537815,119.0,0.0885286783042394,802.0,0.015051978007888368,3.3753117206982544,0.15384615384615385,26.0,0.6733333333333333,150.0,0.0,1.0,0.7058823529411765,17.0,0.009828452985656827,1.4104141029659039,0.009663470830650311,15.980662969682866
dichotomous|thin|1,dichotomous,thin,1,boundary_dilate,0.1,0.421875,0.8999335106382979,True,0.22238640561507203,2707.0,0.02410619757309227,12279.0,0.0,193.0,0.008403361344537815,119.0,0.15087281795511223,802.0,0.06213856695914163,3.3753117206982544,0.0,26.0,1.3,150.0,0.0,1.0,1.7647058823529411,17.0,0.015636749173117297,1.4104141029659039,0.014724136945924782,15.980662969682866
dichotomous|thin|1,dichotomous,thin,1,boundary_dilate,0.2,0.94921875,0.7998227212291328,True,0.5005541189508681,2707.0,0.03257594266634091,12279.0,0.0051813471502590676,193.0,0.01680672268907563,119.0,0.026184538653366583,802.0,0.5409019249661924,3.3753117206982544,0.5384615384615384,26.0,0.18,150.0,0.0,1.0,0.35294117647058826,17.0,0.029807335245445234,1.4104141029659039,0.035229638422343126,15.980662969682866
dichotomous|thin|1,dichotomous,thin,1,junction_break,0.005,0.0078125,0.9955473098330241,True,0.008865903213889916,2707.0,0.0,12279.0,0.0,193.0,0.0,119.0,0.006234413965087282,802.0,0.00264799796429071,3.3753117206982544,0.11538461538461539,26.0,0.02,150.0,3.0,1.0,0.0,17.0,0.0005706183211691976,1.4104141029659039,0.0006285691320887019,15.980662969682866
dichotomous|thin|1,dichotomous,thin,1,junction_break,0.01,0.015625,0.9912427799515559,True,0.01736239379386775,2707.0,0.0,12279.0,0.0,193.0,0.0,119.0,0.017456359102244388,802.0,9.563474278942799e-05,3.3753117206982544,0.11538461538461539,26.0,0.06,150.0,2.0,1.0,0.058823529411764705,17.0,0.0013921441152251453,1.4104141029659039,0.0030713233622400057,15.980662969682866
dichotomous|thin|1,dichotomous,thin,1,junction_break,0.02,0.03000000000020009,0.9775259678942398,True,0.043960103435537495,2707.0,0.0,12279.0,0.0,193.0,0.0,119.0,0.03865336658354115,802.0,0.005520107594424196,3.3753117206982544,0.3076923076923077,26.0,0.21333333333333335,150.0,2.0,1.0,0.47058823529411764,17.0,0.0043617043348972645,1.4104141029659039,0.023489596737397884,15.980662969682866
dichotomous|thin|1,dichotomous,thin,1,junction_break,0.05,0.08333333333348492,0.9456669912366115,True,0.10306612486147027,2707.0,0.023780438146428863,12279.0,0.0,193.0,0.01680672268907563,119.0,0.09102244389027432,802.0,0.013249701150753353,3.3753117206982544,0.8846153846153846,26.0,0.4666666666666667,150.0,16.0,1.0,0.7058823529411765,17.0,0.0048602120781509545,1.4104141029659039,0.010471806044117632,15.980662969682866
dichotomous|thin|1,dichotomous,thin,1,junction_break,0.1,0.19666666666626043,0.9060416245706203,True,0.1717768747691171,2707.0,0.0,12279.0,0.0,193.0,0.0,119.0,0.1571072319201995,802.0,0.01740392539176314,3.3753117206982544,1.6153846153846154,26.0,0.54,150.0,27.0,1.0,0.8235294117647058,17.0,0.019085889087492855,1.4104141029659039,0.008050321710690802,15.980662969682866
dichotomous|thin|1,dichotomous,thin,1,junction_break,0.2,0.515625,0.8003545313538666,True,0.3328407831547839,2707.0,0.03290170209300432,12279.0,0.0,193.0,0.025210084033613446,119.0,0.2942643391521197,802.0,0.054661321714022396,3.3753117206982544,2.423076923076923,26.0,0.8733333333333333,150.0,50.0,1.0,1.0,17.0,0.039904300501152415,1.4104141029659039,0.018428243441931707,15.980662969682866
dichotomous|thin|1,dichotomous,thin,1,thin_dropout,0.005,0.05625,0.995919881305638,True,0.008127077946065755,2707.0,0.0,12279.0,0.0,193.0,0.0,119.0,0.017456359102244388,802.0,0.00949502980616148,3.3753117206982544,0.0,26.0,0.14666666666666667,150.0,0.0,1.0,0.23529411764705882,17.0,0.0003927971104084267,1.4104141029659039,0.004355427854780024,15.980662969682866
dichotomous|thin|1,dichotomous,thin,1,thin_dropout,0.01,0.09843750000000001,0.9897368912110468,True,0.02031769486516439,2707.0,0.0025246355566414204,12279.0,0.0,193.0,0.0,119.0,0.03117206982543641,802.0,0.011203614823858591,3.3753117206982544,0.07692307692307693,26.0,0.20666666666666667,150.0,0.0,1.0,0.29411764705882354,17.0,0.002621190271680608,1.4104141029659039,0.002283995443186698,15.980662969682866
dichotomous|thin|1,dichotomous,thin,1,thin_dropout,0.02,0.140625,0.9809900244682853,True,0.03731067602512006,2707.0,0.0030947145533023863,12279.0,0.0,193.0,0.0,119.0,0.04987531172069826,802.0,0.013224196624479937,3.3753117206982544,0.19230769230769232,26.0,0.26,150.0,0.0,1.0,0.29411764705882354,17.0,0.0071141978865578905,1.4104141029659039,0.004597761190062388,15.980662969682866
dichotomous|thin|1,dichotomous,thin,1,thin_dropout,0.05,0.28125,0.9489419530188313,True,0.09715552271887698,2707.0,0.016206531476504603,12279.0,0.0,193.0,0.01680672268907563,119.0,0.1172069825436409,802.0,0.02271365929302348,3.3753117206982544,0.38461538461538464,26.0,0.4266666666666667,150.0,1.0,1.0,0.4117647058823529,17.0,0.015025152626250036,1.4104141029659039,0.02417264779393702,15.980662969682866
dichotomous|thin|1,dichotomous,thin,1,thin_dropout,0.1,0.37968750000000007,0.9013798701298701,True,0.1795345400812708,2707.0,0.02948122811303852,12279.0,0.0,193.0,0.01680672268907563,119.0,0.22069825436408977,802.0,0.0528212781677133,3.3753117206982544,0.4230769230769231,26.0,0.62,150.0,2.0,1.0,0.5882352941176471,17.0,0.0359957245958638,1.4104141029659039,0.07897247500421092,15.980662969682866
dichotomous|thin|1,dichotomous,thin,1,thin_dropout,0.2,0.50625,0.7990239574090505,True,0.3346878463243443,2707.0,0.02948122811303852,12279.0,0.0,193.0,0.01680672268907563,119.0,0.36658354114713215,802.0,0.05035501426747218,3.3753117206982544,0.0,26.0,0.7,150.0,10.0,1.0,0.5882352941176471,17.0,0.0791751664436745,1.4104141029659039,0.2501369998645964,15.980662969682866
dichotomous|thin|1,dichotomous,thin,1,speckle,0.005,0.0001953125,0.9948548327820654,True,0.010343553749538234,2707.0,8.495480087955045,12279.0,0.9844559585492227,193.0,2.176470588235294,119.0,0.03366583541147132,802.0,0.02256268985870975,3.3753117206982544,0.0,26.0,0.0,150.0,27.0,1.0,0.0,17.0,0.23903523625787268,1.4104141029659039,0.016138747425676978,15.980662969682866
dichotomous|thin|1,dichotomous,thin,1,speckle,0.01,0.000390625,0.9895814293547798,True,0.02105652013298855,2707.0,9.411026956592556,12279.0,0.9585492227979274,193.0,2.1596638655462184,119.0,0.07107231920199501,802.0,0.046696939293763874,3.3753117206982544,0.07692307692307693,26.0,0.0,150.0,56.0,1.0,0.0,17.0,0.2726426064218766,1.4104141029659039,0.03613623582314363,15.980662969682866
dichotomous|thin|1,dichotomous,thin,1,speckle,0.02,0.00078125,0.9795549122489596,True,0.04174362763206502,2707.0,9.938268588647285,12279.0,0.9689119170984456,193.0,2.19327731092437,119.0,0.14214463840399003,802.0,0.08790568847061557,3.3753117206982544,0.0,26.0,0.0,150.0,111.0,1.0,0.0,17.0,0.28963131060969893,1.4104141029659039,0.06334596904182097,15.980662969682866
dichotomous|thin|1,dichotomous,thin,1,speckle,0.05,0.001953125,0.9503247323152536,True,0.10454377539711858,2707.0,10.733203029562668,12279.0,0.9844559585492227,193.0,2.2100840336134455,119.0,0.35037406483790523,802.0,0.18204606845014862,3.3753117206982544,0.038461538461538464,26.0,0.03333333333333333,150.0,278.0,1.0,0.0,17.0,0.26032924419280706,1.4104141029659039,0.15393023957981822,15.980662969682866
dichotomous|thin|1,dichotomous,thin,1,speckle,0.1,0.0041015625,0.9011318242343542,True,0.2194311045437754,2707.0,10.709422591416239,12279.0,0.9896373056994818,193.0,2.2184873949579833,119.0,0.7369077306733167,802.0,0.29792983069338996,3.3753117206982544,0.9615384615384616,26.0,0.04666666666666667,150.0,574.0,1.0,0.058823529411764705,17.0,0.17973478062137702,1.4104141029659039,0.2908514873824654,15.980662969682866
dichotomous|thin|1,dichotomous,thin,1,speckle,0.2,0.009375000000000001,0.7995864717176192,True,0.5012929442186923,2707.0,10.964817981920351,12279.0,0.9896373056994818,193.0,2.226890756302521,119.0,1.6870324189526185,802.0,0.4412821618267326,3.3753117206982544,4.3076923076923075,26.0,0.14666666666666667,150.0,1281.0,1.0,0.11764705882352941,17.0,0.05663138045815793,1.4104141029659039,0.5015589323112106,15.980662969682866
dichotomous|thin|1,dichotomous,thin,1,blob,0.005,1.3642420526593924e-12,0.991030569284276,True,0.01810121906169191,2707.0,0.6430491082335695,12279.0,0.694300518134715,193.0,0.18487394957983194,119.0,0.0012468827930174563,802.0,0.01683334705787908,3.3753117206982544,0.0,26.0,0.0,150.0,1.0,1.0,0.0,17.0,0.02917154086992753,1.4104141029659039,0.029887654963882716,15.980662969682866
dichotomous|thin|1,dichotomous,thin,1,blob,0.01,0.037500000000818545,0.9628312288813801,True,0.07720724048762467,2707.0,0.4624155061487092,12279.0,0.0,193.0,0.42016806722689076,119.0,0.0,802.0,0.07720724048762462,3.3753117206982544,0.0,26.0,0.0,150.0,1.0,1.0,0.0,17.0,0.022589922148030097,1.4104141029659039,0.07261754552061139,15.980662969682866
dichotomous|thin|1,dichotomous,thin,1,blob,0.02,0.06250000000045475,0.963173812488881,True,0.07646841521980052,2707.0,1.5651111654043488,12279.0,0.8808290155440415,193.0,1.26890756302521,119.0,0.011221945137157107,802.0,0.06452240321366223,3.3753117206982544,0.15384615384615385,26.0,0.0,150.0,3.0,1.0,0.0,17.0,0.04457408795303053,1.4104141029659039,0.09594185604846386,15.980662969682866
dichotomous|thin|1,dichotomous,thin,1,blob,0.05,0.06250000000045475,0.9268960794384523,True,0.15773919468045808,2707.0,1.1553058066617803,12279.0,0.7564766839378239,193.0,0.6218487394957983,119.0,0.003740648379052369,802.0,0.15342463867543776,3.3753117206982544,0.0,26.0,0.0,150.0,3.0,1.0,0.0,17.0,0.06176860112612656,1.4104141029659039,0.15774102092857892,15.980662969682866
dichotomous|thin|1,dichotomous,thin,1,blob,0.1,0.11249999999972715,0.922945789294238,True,0.16697451052826007,2707.0,3.3284469419333824,12279.0,0.6632124352331606,193.0,1.3865546218487395,119.0,0.008728179551122194,802.0,0.15687707965842349,3.3753117206982544,0.07692307692307693,26.0,0.0,150.0,4.0,1.0,0.0,17.0,0.10278468355559676,1.4104141029659039,0.16916031112109803,15.980662969682866
dichotomous|thin|1,dichotomous,thin,1,blob,0.2,0.33749999999918145,0.8116941529235382,True,0.46398226819357224,2707.0,6.4638814235686946,12279.0,0.689119170984456,193.0,2.226890756302521,119.0,0.03117206982543641,802.0,0.41972645597490316,3.3753117206982544,0.15384615384615385,26.0,0.06,150.0,11.0,1.0,0.11764705882352941,17.0,0.11384876966399181,1.4104141029659039,0.2851452549995386,15.980662969682866
dichotomous|medium|0,dichotomous,medium,0,boundary_erode,0.005,-0.0234375,0.9958316525480705,True,0.008302088912694162,3734.0,0.0,13609.0,0.0,174.0,0.0,138.0,0.002751031636863824,727.0,0.011022796487693514,5.136176066024759,0.0,26.0,0.0,121.0,0.0,1.0,0.0,9.0,0.0005070079788802839,1.4552627868011254,0.0008479664375306404,14.287292874140137
dichotomous|medium|0,dichotomous,medium,0,boundary_erode,0.01,-0.046875,0.9914922349763673,True,0.016871987145152652,3734.0,0.00022044235432434417,13609.0,0.0,174.0,0.0,138.0,0.012379642365887207,727.0,0.028893932954518947,5.136176066024759,0.0,26.0,0.03305785123966942,121.0,0.0,1.0,0.1111111111111111,9.0,0.0005844252725869386,1.4552627868011254,0.002326916787282182,14.287292874140137
dichotomous|medium|0,dichotomous,medium,0,boundary_erode,0.02,-0.1171875,0.9785255095062235,True,0.042046063202999466,3734.0,0.0,13609.0,0.0,174.0,0.0,138.0,0.008253094910591471,727.0,0.04988743239915485,5.136176066024759,0.038461538461538464,26.0,0.04132231404958678,121.0,0.0,1.0,0.2222222222222222,9.0,0.0013104253563122322,1.4552627868011254,0.006120956407041592,14.287292874140137
dichotomous|medium|0,dichotomous,medium,0,boundary_erode,0.05,-0.26953125,0.9492050091459124,True,0.09667916443492233,3734.0,0.0010287309868469395,13609.0,0.0,174.0,0.0,138.0,0.0453920220082531,727.0,0.13590230597919534,5.136176066024759,0.038461538461538464,26.0,0.15702479338842976,121.0,0.0,1.0,0.3333333333333333,9.0,0.0054565739114245644,1.4552627868011254,0.025062315443291853,14.287292874140137
dichotomous|medium|0,dichotomous,medium,0,boundary_erode,0.1,-0.50390625,0.9006330045635212,True,0.18077129084092125,3734.0,0.009919905944595488,13609.0,0.005747126436781609,174.0,0.0,138.0,0.04676753782668501,727.0,0.21737283632240434,5.136176066024759,0.34615384615384615,26.0,0.2396694214876033,121.0,0.0,1.0,0.5555555555555556,9.0,0.01654086745687104,1.4552627868011254,0.053891067514575425,14.287292874140137
dichotomous|medium|0,dichotomous,medium,0,boundary_erode,0.2,-0.92578125,0.8008991650610148,True,0.3320835565077665,3734.0,0.032845910794327283,13609.0,0.011494252873563218,174.0,0.014492753623188406,138.0,0.01925722145804677,727.0,0.3447027605683484,5.136176066024759,0.19230769230769232,26.0,0.04132231404958678,121.0,0.0,1.0,0.6666666666666666,9.0,0.05207517614363466,1.4552627868011254,0.13658665156608077,14.287292874140137
dichotomous|medium|0,dichotomous,medium,0,boundary_dilate,0.005,0.0234375,0.995998933048813,True,0.008034279592929834,3734.0,0.0,13609.0,0.0,174.0,0.0,138.0,0.009628610729023384,727.0,0.001579126343242522,5.136176066024759,0.0,26.0,0.024793388429752067,121.0,0.0,1.0,0.0,9.0,0.0022043616562623398,1.4552627868011254,0.0010112147535292985,14.287292874140137
dichotomous|medium|0,dichotomous,medium,0,boundary_dilate,0.01,0.05859375,0.9899257688229056,True,0.020353508302088912,3734.0,0.00786244397090161,13609.0,0.0,174.0,0.0,138.0,0.023383768913342505,727.0,0.00296102078545871,5.136176066024759,0.038461538461538464,26.0,0.15702479338842976,121.0,0.0,1.0,0.3333333333333333,9.0,0.006425437202075607,1.4552627868011254,0.0053153725829720635,14.287292874140137
dichotomous|medium|0,dichotomous,medium,0,boundary_dilate,0.02,0.1171875,0.9800524934383202,True,0.040707016604177824,3734.0,0.01271217576603718,13609.0,0.0,174.0,0.007246376811594203,138.0,0.06740027510316368,727.0,0.025007730578302398,5.136176066024759,0.0,26.0,0.47107438016528924,121.0,0.0,1.0,0.8888888888888888,9.0,0.010200838575189407,1.4552627868011254,0.009756576339708237,14.287292874140137
dichotomous|medium|0,dichotomous,medium,0,boundary_dilate,0.05,0.3046875,0.9497647208444614,True,0.10578468130690948,3734.0,0.017561907561172752,13609.0,0.0,174.0,0.007246376811594203,138.0,0.1499312242090784,727.0,0.03839059412664681,5.136176066024759,0.15384615384615385,26.0,1.1983471074380165,121.0,0.0,1.0,2.6666666666666665,9.0,0.019556632891658862,1.4552627868011254,0.02228126686128422,14.287292874140137
dichotomous|medium|0,dichotomous,medium,0,boundary_dilate,0.1,0.6328125,0.9009530703341778,True,0.21987145152651313,3734.0,0.025938717025497833,13609.0,0.005747126436781609,174.0,0.014492753623188406,138.0,0.14442916093535077,727.0,0.06592132843722963,5.136176066024759,0.19230769230769232,26.0,1.3884297520661157,121.0,0.0,1.0,2.4444444444444446,9.0,0.03298152188813978,1.4552627868011254,0.03763587486536041,14.287292874140137
dichotomous|medium|0,dichotomous,medium,0,boundary_dilate,0.2,1.5,0.8011156404205106,True,0.4965184788430637,3734.0,0.05944595488279815,13609.0,0.011494252873563218,174.0,0.021739130434782608,138.0,0.10729023383768914,727.0,0.35151420387441923,5.136176066024759,0.0,26.0,1.024793388429752,121.0,0.0,1.0,2.5555555555555554,9.0,0.05516325212925016,1.4552627868011254,0.06829492856230607,14.287292874140137
dichotomous|medium|0,dichotomous,medium,0,junction_break,0.005,0.015625,0.9938022096469954,True,0.012319228709159078,3734.0,0.0,13609.0,0.0,174.0,0.0,138.0,0.016506189821182942,727.0,0.004257231788029867,5.136176066024759,0.19230769230769232,26.0,0.08264462809917356,121.0,3.0,1.0,0.2222222222222222,9.0,0.000987837748051989,1.4552627868011254,0.003276981455555752,14.287292874140137
dichotomous|medium|0,dichotomous,medium,0,junction_break,0.01,0.0234375,0.9912197757665812,True,0.017407605784681306,3734.0,0.0,13609.0,0.0,174.0,0.0,138.0,0.02200825309491059,727.0,0.004704178051387886,5.136176066024759,0.038461538461538464,26.0,0.10743801652892562,121.0,1.0,1.0,0.1111111111111111,9.0,0.0016889560948289233,1.4552627868011254,0.004152558464255684,14.287292874140137
dichotomous|medium|0,dichotomous,medium,0,junction_break,0.02,0.06198347107465452,0.9778264440186148,True,0.0433851098018211,3734.0,0.015210522448379749,13609.0,0.0,174.0,0.007246376811594203,138.0,0.04401650618982118,727.0,0.0006604678763684834,5.136176066024759,0.6153846153846154,26.0,0.17355371900826447,121.0,7.0,1.0,0.5555555555555556,9.0,0.004244866933671416,1.4552627868011254,0.016683845713238988,14.287292874140137
dichotomous|medium|0,dichotomous,medium,0,junction_break,0.05,0.125,0.951123595505618,True,0.09319764327798608,3734.0,0.0,13609.0,0.0,174.0,0.0,138.0,0.009628610729023384,727.0,0.0843815092542998,5.136176066024759,0.8461538461538461,26.0,0.17355371900826447,121.0,9.0,1.0,0.7777777777777778,9.0,0.007706085709287175,1.4552627868011254,0.013685981802153205,14.287292874140137
dichotomous|medium|0,dichotomous,medium,0,junction_break,0.1,0.3347107438016792,0.8926453143534994,True,0.19389394750937333,3734.0,0.0,13609.0,0.0,174.0,0.0,138.0,0.14580467675378267,727.0,0.05629774531290553,5.136176066024759,2.269230769230769,26.0,0.6942148760330579,121.0,39.0,1.0,0.8888888888888888,9.0,0.019443437667100955,1.4552627868011254,0.08840578656004294,14.287292874140137
dichotomous|medium|0,dichotomous,medium,0,junction_break,0.2,,,False,,,,,,,,,,,,,,,,,,,,,,,,
dichotomous|medium|0,dichotomous,medium,0,thin_dropout,0.005,0.05625,0.995020858565469,True,0.00990894483128013,3734.0,0.0,13609.0,0.0,174.0,0.0,138.0,0.02063273727647868,727.0,0.01094971503884743,5.136176066024759,0.038461538461538464,26.0,0.0743801652892562,121.0,0.0,1.0,0.1111111111111111,9.0,0.0022578411861686972,1.4552627868011254,0.00482535098012442,14.287292874140137
dichotomous|medium|0,dichotomous,medium,0,thin_dropout,0.01,0.1125,0.9897186147186147,True,0.020353508302088912,3734.0,0.001690058049819972,13609.0,0.0,174.0,0.0,138.0,0.04401650618982118,727.0,0.024752517214937358,5.136176066024759,0.11538461538461539,26.0,0.21487603305785125,121.0,0.0,1.0,0.3333333333333333,9.0,0.004104903147951987,1.4552627868011254,0.008224648015574881,14.287292874140137
dichotomous|medium|0,dichotomous,medium,0,thin_dropout,0.02,0.18281250000000002,0.9814511729405346,True,0.03642206748794858,3734.0,0.0019839811889190975,13609.0,0.0,174.0,0.0,138.0,0.07565337001375516,727.0,0.04244219782181768,5.136176066024759,0.23076923076923078,26.0,0.36363636363636365,121.0,1.0,1.0,0.3333333333333333,9.0,0.007731831832543836,1.4552627868011254,0.0172004802892211,14.287292874140137
dichotomous|medium|0,dichotomous,medium,0,thin_dropout,0.05,0.36562500000000003,0.9508288845181231,True,0.09373326191751473,3734.0,0.0049966933646851345,13609.0,0.0,174.0,0.0,138.0,0.171939477303989,727.0,0.09444504748499476,5.136176066024759,0.23076923076923078,26.0,0.49586776859504134,121.0,4.0,1.0,0.4444444444444444,9.0,0.023329824116367002,1.4552627868011254,0.06102812283948816,14.287292874140137
dichotomous|medium|0,dichotomous,medium,0,thin_dropout,0.1,0.6083333333330756,0.9025716385011021,True,0.17755757900374933,3734.0,0.07098243809243883,13609.0,0.017241379310344827,174.0,0.057971014492753624,138.0,0.30949105914718017,727.0,0.19106701208022772,5.136176066024759,0.07692307692307693,26.0,0.7024793388429752,121.0,9.0,1.0,0.5555555555555556,9.0,0.04721787417481381,1.4552627868011254,0.16657895395812775,14.287292874140137
dichotomous|medium|0,dichotomous,medium,0,thin_dropout,0.2,0.8416666666662878,0.8102596781902183,True,0.3189608998393144,3734.0,0.07957968991108826,13609.0,0.022988505747126436,174.0,0.057971014492753624,138.0,0.4607977991746905,727.0,0.2630495556551492,5.136176066024759,0.5769230769230769,26.0,0.8181818181818182,121.0,20.0,1.0,0.5555555555555556,9.0,0.08710231305034705,1.4552627868011254,0.41254630179791985,14.287292874140137
dichotomous|medium|0,dichotomous,medium,0,speckle,0.005,0.0001953125,0.996264674493063,True,0.007498660953401178,3734.0,7.550224116393563,13609.0,1.0804597701149425,174.0,1.7318840579710144,138.0,0.03851444291609354,727.0,0.029865527797188495,5.136176066024759,0.038461538461538464,26.0,0.008264462809917356,121.0,26.0,1.0,0.0,9.0,0.22380503495771853,1.4552627868011254,0.012154050973705947,14.287292874140137
dichotomous|medium|0,dichotomous,medium,0,speckle,0.01,0.0005859375000000001,0.9888771186440678,True,0.022495982860203535,3734.0,8.662576236314203,13609.0,1.1954022988505748,174.0,1.7681159420289856,138.0,0.11829436038514443,727.0,0.08566472381381547,5.136176066024759,0.0,26.0,0.0,121.0,83.0,1.0,0.0,9.0,0.2856840146738299,1.4552627868011254,0.037601329862803796,14.287292874140137
dichotomous|medium|0,dichotomous,medium,0,speckle,0.02,0.00107421875,0.9797953293098924,True,0.04124263524370648,3734.0,9.326916011463002,13609.0,1.2011494252873562,174.0,1.7826086956521738,138.0,0.21182943603851445,727.0,0.14076799566154968,5.136176066024759,0.11538461538461539,26.0,0.008264462809917356,121.0,150.0,1.0,0.0,9.0,0.2875261976789817,1.4552627868011254,0.07009817220023618,14.287292874140137
dichotomous|medium|0,dichotomous,medium,0,speckle,0.05,0.0027343750000000003,0.9500063605139295,True,0.10524906266738082,3734.0,9.30090381365273,13609.0,1.206896551724138,174.0,1.7391304347826086,138.0,0.5433287482806052,727.0,0.28385377133762396,5.136176066024759,0.34615384615384615,26.0,0.09090909090909091,121.0,385.0,1.0,0.1111111111111111,9.0,0.22965581839316257,1.4552627868011254,0.16396304807019005,14.287292874140137
dichotomous|medium|0,dichotomous,medium,0,speckle,0.1,0.005859375,0.898676293622142,True,0.225495447241564,3734.0,9.620692188992578,13609.0,1.206896551724138,174.0,1.7826086956521738,138.0,1.1471801925722145,727.0,0.4292535617267027,5.136176066024759,1.1538461538461537,26.0,0.05785123966942149,121.0,814.0,1.0,0.1111111111111111,9.0,0.14258507656166186,1.4552627868011254,0.3040359884718012,14.287292874140137
dichotomous|medium|0,dichotomous,medium,0,speckle,0.2,0.012890625000000001,0.8012015878124664,True,0.49625066952329944,3734.0,9.792857667719892,13609.0,1.206896551724138,174.0,1.7826086956521738,138.0,2.5529573590096284,727.0,0.5788717627783823,5.136176066024759,6.461538461538462,26.0,0.1322314049586777,121.0,1743.0,1.0,0.2222222222222222,9.0,0.022324234109452775,1.4552627868011254,0.5046599927925633,14.287292874140137
dichotomous|medium|0,dichotomous,medium,0,blob,0.005,1.3642420526593924e-12,0.9934814420646535,True,0.013122656668452063,3734.0,0.6337717686824895,13609.0,0.7011494252873564,174.0,0.2753623188405797,138.0,0.001375515818431912,727.0,0.011731004667533896,5.136176066024759,0.0,26.0,0.0,121.0,1.0,1.0,0.0,9.0,0.04507345905598917,1.4552627868011254,0.022840339392216098,14.287292874140137
dichotomous|medium|0,dichotomous,medium,0,blob,0.01,1.3642420526593924e-12,0.985094314734204,True,0.03026245313336904,3734.0,0.8796384745389081,13609.0,0.9367816091954023,174.0,0.4492753623188406,138.0,0.001375515818431912,727.0,0.02884725745598819,5.136176066024759,0.0,26.0,0.0,121.0,1.0,1.0,0.0,9.0,0.03231757211489919,1.4552627868011254,0.0435716762508158,14.287292874140137
dichotomous|medium|0,dichotomous,medium,0,blob,0.02,0.037500000000818545,0.9661060802069857,True,0.07016604177825388,3734.0,0.8408406201778235,13609.0,0.41954022988505746,174.0,0.34782608695652173,138.0,0.002751031636863824,727.0,0.06723005812454141,5.136176066024759,0.0,26.0,0.0,121.0,2.0,1.0,0.0,9.0,0.05205056331602103,1.4552627868011254,0.0909510265231076,14.287292874140137
dichotomous|medium|0,dichotomous,medium,0,blob,0.05,0.06250000000045475,0.9401989172856603,True,0.1272094268880557,3734.0,2.563230215298699,13609.0,0.9310344827586207,174.0,0.6376811594202898,138.0,0.0041265474552957355,727.0,0.12257705938029664,5.136176066024759,0.0,26.0,0.0,121.0,3.0,1.0,0.0,9.0,0.06934118483352349,1.4552627868011254,0.14183086077035328,14.287292874140137
dichotomous|medium|0,dichotomous,medium,0,blob,0.1,0.23750000000063665,0.8945855294681361,True,0.23567220139260847,3734.0,4.589315893893747,13609.0,0.8908045977011494,174.0,1.3623188405797102,138.0,0.03163686382393398,727.0,0.19777825388323528,5.136176066024759,0.2692307692307692,26.0,0.06611570247933884,121.0,9.0,1.0,0.0,9.0,0.11529045422791037,1.4552627868011254,0.1919635615003992,14.287292874140137
dichotomous|medium|0,dichotomous,medium,0,blob,0.2,0.375,0.7990584207147443,True,0.5029459025174076,3734.0,4.913880520243956,13609.0,1.1896551724137931,174.0,1.536231884057971,138.0,0.07702888583218707,727.0,0.3954555186847452,5.136176066024759,0.19230769230769232,26.0,0.15702479338842976,121.0,12.0,1.0,0.2222222222222222,9.0,0.11590743137401487,1.4552627868011254,0.33136364963910203,14.287292874140137
dichotomous|medium|1,dichotomous,medium,1,boundary_erode,0.005,-0.0234375,0.9958084592912486,True,0.008348090058183658,3953.0,0.0,12762.0,0.0,193.0,0.0,119.0,0.008771929824561403,798.0,0.01697115014463411,4.953634085213032,0.038461538461538464,26.0,0.022988505747126436,174.0,0.0,1.0,0.0,19.0,6.0050515075798585e-05,1.4634404813819744,0.00019620293111311757,14.859583250472149
dichotomous|medium|1,dichotomous,medium,1,boundary_erode,0.01,-0.046875,0.9914529914529915,True,0.01694915254237288,3953.0,0.0,12762.0,0.0,193.0,0.0,119.0,0.017543859649122806,798.0,0.03389830508474573,4.953634085213032,0.0,26.0,0.011494252873563218,174.0,0.0,1.0,0.05263157894736842,19.0,0.0009909681733822598,1.4634404813819744,0.002114750547093901,14.859583250472149
dichotomous|medium|1,dichotomous,medium,1,boundary_erode,0.02,-0.10546875,0.980660134089737,True,0.037945863900834806,3953.0,0.001097006738755681,12762.0,0.0,193.0,0.0,119.0,0.018796992481203006,798.0,0.055695940212627394,4.953634085213032,0.038461538461538464,26.0,0.034482758620689655,174.0,0.0,1.0,0.21052631578947367,19.0,0.0030761360539903475,1.4634404813819744,0.005158091727223073,14.859583250472149
dichotomous|medium|1,dichotomous,medium,1,boundary_erode,0.05,-0.2578125,0.9513198036874917,True,0.0928408803440425,3953.0,0.007835762419683435,12762.0,0.0,193.0,0.008403361344537815,119.0,0.02631578947368421,798.0,0.11610137059163102,4.953634085213032,0.07692307692307693,26.0,0.05172413793103448,174.0,0.0,1.0,0.2631578947368421,19.0,0.004497698286743367,1.4634404813819744,0.018711598249621555,14.859583250472149
dichotomous|medium|1,dichotomous,medium,1,boundary_erode,0.1,-0.50390625,0.9002642926693559,True,0.1813812294459904,3953.0,0.002429086350101865,12762.0,0.0,193.0,0.0,119.0,0.02882205513784461,798.0,0.20431452021668733,4.953634085213032,0.3076923076923077,26.0,0.011494252873563218,174.0,0.0,1.0,0.47368421052631576,19.0,0.014334807103590084,1.4634404813819744,0.038457869822646686,14.859583250472149
dichotomous|medium|1,dichotomous,medium,1,boundary_erode,0.2,-0.92578125,0.8003034901365705,True,0.3329117126233241,3953.0,0.030481115812568564,12762.0,0.0051813471502590676,193.0,0.01680672268907563,119.0,0.011278195488721804,798.0,0.3403513589509449,4.953634085213032,0.23076923076923078,26.0,0.034482758620689655,174.0,0.0,1.0,0.6842105263157895,19.0,0.024696845119215743,1.4634404813819744,0.11867358010289111,14.859583250472149
dichotomous|medium|1,dichotomous,medium,1,boundary_dilate,0.005,0.0234375,0.9959687578735198,True,0.008095117632178092,3953.0,0.0018805829807240243,12762.0,0.0,193.0,0.0,119.0,0.008771929824561403,798.0,0.00067092686897124,4.953634085213032,0.038461538461538464,26.0,0.08620689655172414,174.0,0.0,1.0,0.05263157894736842,19.0,0.002235447073672691,1.4634404813819744,0.001430555206011894,14.859583250472149
dichotomous|medium|1,dichotomous,medium,1,boundary_dilate,0.01,0.05859375,0.9901064495929869,True,0.019984821654439665,3953.0,0.0007835762419683435,12762.0,0.0,193.0,0.0,119.0,0.015037593984962405,798.0,0.004873935407707304,4.953634085213032,0.07692307692307693,26.0,0.13218390804597702,174.0,0.0,1.0,0.10526315789473684,19.0,0.005210422763643886,1.4634404813819744,0.003462345731226139,14.859583250472149
dichotomous|medium|1,dichotomous,medium,1,boundary_dilate,0.02,0.1171875,0.980406746031746,True,0.03996964330887933,3953.0,0.004936530324400564,12762.0,0.0,193.0,0.0,119.0,0.06265664160401002,798.0,0.021349321508861208,4.953634085213032,0.0,26.0,0.367816091954023,174.0,0.0,1.0,0.47368421052631576,19.0,0.010123425943903046,1.4634404813819744,0.008009281293187911,14.859583250472149
dichotomous|medium|1,dichotomous,medium,1,boundary_dilate,0.05,0.3046875,0.9504688627073816,True,0.10422463951429294,3953.0,0.011205140260147312,12762.0,0.0,193.0,0.0,119.0,0.13909774436090225,798.0,0.030614672901643797,4.953634085213032,0.34615384615384615,26.0,0.8218390804597702,174.0,0.0,1.0,1.0526315789473684,19.0,0.020373772511538962,1.4634404813819744,0.015959663568543676,14.859583250472149
dichotomous|medium|1,dichotomous,medium,1,boundary_dilate,0.1,0.65625,0.8991243034231775,True,0.22438654186693652,3953.0,0.02664159222692368,12762.0,0.0051813471502590676,193.0,0.008403361344537815,119.0,0.12781954887218044,798.0,0.08562273378868386,4.953634085213032,0.15384615384615385,26.0,0.8160919540229885,174.0,0.0,1.0,1.3157894736842106,19.0,0.031460378390941214,1.4634404813819744,0.03340584326496405,14.859583250472149
dichotomous|medium|1,dichotomous,medium,1,boundary_dilate,0.2,1.5703125,0.7996358855062203,True,0.501138375917025,3953.0,0.0593167215170036,12762.0,0.0051813471502590676,193.0,0.025210084033613446,119.0,0.07393483709273183,798.0,0.39779279344432444,4.953634085213032,0.19230769230769232,26.0,0.39080459770114945,174.0,0.0,1.0,0.42105263157894735,19.0,0.04750836740571824,1.4634404813819744,0.0654962008665967,14.859583250472149
dichotomous|medium|1,dichotomous,medium,1,junction_break,0.005,0.01171875,0.9945313493577514,True,0.010877814318239311,3953.0,0.0,12762.0,0.0,193.0,0.0,119.0,0.013784461152882205,798.0,0.0029472734104765306,4.953634085213032,0.07692307692307693,26.0,0.1206896551724138,174.0,0.0,1.0,0.3157894736842105,19.0,0.001024358654607704,1.4634404813819744,0.002501568948391945,14.859583250472149
dichotomous|medium|1,dichotomous,medium,1,junction_break,0.01,0.020114942528834945,0.9882262605579729,True,0.023273463192512018,3953.0,0.022253565271900956,12762.0,0.0,193.0,0.01680672268907563,119.0,0.03007518796992481,798.0,0.007012630972061312,4.953634085213032,0.11538461538461539,26.0,0.10919540229885058,174.0,4.0,1.0,0.15789473684210525,19.0,0.0022613298950006702,1.4634404813819744,0.011048975519528307,14.859583250472149
dichotomous|medium|1,dichotomous,medium,1,junction_break,0.02,0.0390625,0.9803972143409853,True,0.03845180875284594,3953.0,0.0001567152483936687,12762.0,0.0,193.0,0.0,119.0,0.05388471177944862,798.0,0.01631186306652855,4.953634085213032,0.4230769230769231,26.0,0.26436781609195403,174.0,7.0,1.0,0.42105263157894735,19.0,0.004428410570500061,1.4634404813819744,0.02086399582972429,14.859583250472149
dichotomous|medium|1,dichotomous,medium,1,junction_break,0.05,0.106321839080465,0.9472703062583222,True,0.1001770806982039,3953.0,0.0,12762.0,0.0,193.0,0.0,119.0,0.07644110275689223,798.0,0.025700556848258723,4.953634085213032,1.3461538461538463,26.0,0.39655172413793105,174.0,17.0,1.0,0.8947368421052632,19.0,0.009993149190532161,1.4634404813819744,0.029918075592074305,14.859583250472149
dichotomous|medium|1,dichotomous,medium,1,junction_break,0.1,0.25,0.8994988864142539,True,0.18264609157601822,3953.0,0.022253565271900956,12762.0,0.0,193.0,0.01680672268907563,119.0,0.11779448621553884,798.0,0.07351076857622507,4.953634085213032,1.2692307692307692,26.0,0.5919540229885057,174.0,22.0,1.0,0.8947368421052632,19.0,0.01621636263695804,1.4634404813819744,0.041903111575737784,14.859583250472149
dichotomous|medium|1,dichotomous,medium,1,junction_break,0.2,,,False,,,,,,,,,,,,,,,,,,,,,,,,
dichotomous|medium|1,dichotomous,medium,1,thin_dropout,0.005,0.084375,0.9960634920634921,True,0.007842145206172527,3953.0,0.0,12762.0,0.0,193.0,0.0,119.0,0.02756892230576441,798.0,0.02028604139880714,4.953634085213032,0.0,26.0,0.19540229885057472,174.0,0.0,1.0,0.3157894736842105,19.0,0.00041756119185149676,1.4634404813819744,0.0010322086859353356,14.859583250472149
dichotomous|medium|1,dichotomous,medium,1,thin_dropout,0.01,0.140625,0.9886145580145836,True,0.02251454591449532,3953.0,0.002429086350101865,12762.0,0.0,193.0,0.0,119.0,0.04887218045112782,798.0,0.027711979394246074,4.953634085213032,0.15384615384615385,26.0,0.2471264367816092,174.0,0.0,1.0,0.3157894736842105,19.0,0.004596172659822613,1.4634404813819744,0.012931664848198918,14.859583250472149
dichotomous|medium|1,dichotomous,medium,1,thin_dropout,0.02,0.225,0.9796076406814662,True,0.03996964330887933,3953.0,0.0029775897194797055,12762.0,0.0,193.0,0.0,119.0,0.07769423558897243,798.0,0.04090247912977492,4.953634085213032,0.3076923076923077,26.0,0.3103448275862069,174.0,0.0,1.0,0.3684210526315789,19.0,0.008793005920947646,1.4634404813819744,0.025966337315630916,14.859583250472149
dichotomous|medium|1,dichotomous,medium,1,thin_dropout,0.05,0.36562500000000003,0.9492291334396598,True,0.09663546673412599,3953.0,0.028365459959254036,12762.0,0.0,193.0,0.01680672268907563,119.0,0.17418546365914786,798.0,0.093907280039708,4.953634085213032,0.2692307692307692,26.0,0.4540229885057471,174.0,4.0,1.0,0.42105263157894735,19.0,0.018361258677674606,1.4634404813819744,0.07400185771783883,14.859583250472149
dichotomous|medium|1,dichotomous,medium,1,thin_dropout,0.1,0.5765625,0.9005701571408705,True,0.18087528459397925,3953.0,0.08580159849553362,12762.0,0.0,193.0,0.08403361344537816,119.0,0.3032581453634085,798.0,0.17565022103238231,4.953634085213032,0.19230769230769232,26.0,0.5747126436781609,174.0,13.0,1.0,0.47368421052631576,19.0,0.03619946354749248,1.4634404813819744,0.1536153696090002,14.859583250472149
dichotomous|medium|1,dichotomous,medium,1,thin_dropout,0.2,0.8150684931506931,0.7820058542597442,True,0.35795598279787505,3953.0,0.09841717599122395,12762.0,0.02072538860103627,193.0,0.08403361344537816,119.0,0.4849624060150376,798.0,0.2465964129617901,4.953634085213032,0.8846153846153846,26.0,0.7413793103448276,174.0,24.0,1.0,0.5789473684210527,19.0,0.06817750149444364,1.4634404813819744,0.4288628219793994,14.859583250472149
dichotomous|medium|1,dichotomous,medium,1,speckle,0.005,0.0001953125,0.9964708847995967,True,0.007083227928155831,3953.0,8.059238363892806,12762.0,0.9792746113989638,193.0,1.815126050420168,119.0,0.03508771929824561,798.0,0.027055186577883333,4.953634085213032,0.0,26.0,0.0,174.0,28.0,1.0,0.0,19.0,0.22166516832210018,1.4634404813819744,0.012047580264027628,14.859583250472149
dichotomous|medium|1,dichotomous,medium,1,speckle,0.01,0.0005859375000000001,0.9894868585732165,True,0.021249683784467493,3953.0,9.12748785456825,12762.0,0.9844559585492227,193.0,2.1260504201680672,119.0,0.10401002506265664,798.0,0.07496339652666852,4.953634085213032,0.0,26.0,0.0,174.0,83.0,1.0,0.0,19.0,0.2906901967339182,1.4634404813819744,0.03850992472079157,14.859583250472149
dichotomous|medium|1,dichotomous,medium,1,speckle,0.02,0.0011718750000000002,0.979192469655685,True,0.042499367568934986,3953.0,9.536749725748315,12762.0,0.9740932642487047,193.0,2.1848739495798317,119.0,0.21553884711779447,798.0,0.1423561903917421,4.953634085213032,0.038461538461538464,26.0,0.017241379310344827,174.0,167.0,1.0,0.0,19.0,0.2802120989602155,1.4634404813819744,0.07487658822720065,14.859583250472149
dichotomous|medium|1,dichotomous,medium,1,speckle,0.05,0.0029296875,0.9495556089358635,True,0.10624841892233747,3953.0,10.246199655226453,12762.0,0.9740932642487047,193.0,2.226890756302521,119.0,0.5300751879699248,798.0,0.27699734782962704,4.953634085213032,0.5,26.0,0.06896551724137931,174.0,411.0,1.0,0.05263157894736842,19.0,0.22240823729554596,1.4634404813819744,0.16459547360877333,14.859583250472149
dichotomous|medium|1,dichotomous,medium,1,speckle,0.1,0.0060546875,0.900968660968661,True,0.21983303819883632,3953.0,10.381523272214386,12762.0,0.9896373056994818,193.0,2.226890756302521,119.0,1.086466165413534,798.0,0.4153593006110082,4.953634085213032,1.8076923076923077,26.0,0.06321839080459771,174.0,831.0,1.0,0.0,19.0,0.14110539176590406,1.4634404813819744,0.29772378178265624,14.859583250472149
dichotomous|medium|1,dichotomous,medium,1,speckle,0.2,0.013671875,0.8011755168220511,True,0.4963318998229193,3953.0,10.457138379564332,12762.0,0.9896373056994818,193.0,2.226890756302521,119.0,2.481203007518797,798.0,0.5701681583662025,4.953634085213032,7.5,26.0,0.23563218390804597,174.0,1837.0,1.0,0.2631578947368421,19.0,0.018665525597033477,1.4634404813819744,0.5039368546406535,14.859583250472149
dichotomous|medium|1,dichotomous,medium,1,blob,0.005,1.3642420526593924e-12,0.981502172563625,True,0.037692891474829245,3953.0,0.6092305281303871,12762.0,0.6424870466321243,193.0,0.0,119.0,0.0012531328320802004,798.0,0.03639415193606231,4.953634085213032,0.0,26.0,0.0,174.0,1.0,1.0,0.0,19.0,0.0416131337646587,1.4634404813819744,0.05141068317270184,14.859583250472149
dichotomous|medium|1,dichotomous,medium,1,blob,0.01,1.3642420526593924e-12,0.9756880167839072,True,0.04983556792309638,3953.0,0.7417332706472339,12762.0,0.7253886010362695,193.0,0.6050420168067226,119.0,0.0012531328320802004,798.0,0.048521631042091236,4.953634085213032,0.0,26.0,0.0,174.0,1.0,1.0,0.0,19.0,0.021940878640870663,1.4634404813819744,0.060880494185145066,14.859583250472149
dichotomous|medium|1,dichotomous,medium,1,blob,0.02,0.0703125,0.9802851828890267,True,0.0402226157348849,3953.0,2.4826829650524997,12762.0,0.7046632124352331,193.0,1.949579831932773,119.0,0.007518796992481203,798.0,0.0324597603935799,4.953634085213032,0.07692307692307693,26.0,0.0,174.0,3.0,1.0,0.0,19.0,0.07056121868623215,1.4634404813819744,0.05686707340656029,14.859583250472149
dichotomous|medium|1,dichotomous,medium,1,blob,0.05,0.11249999999972715,0.9644992070269611,True,0.07361497596761953,3953.0,4.575144961604765,12762.0,0.6321243523316062,193.0,2.1092436974789917,119.0,0.005012531328320802,798.0,0.06826028780818012,4.953634085213032,0.0,26.0,0.0,174.0,4.0,1.0,0.0,19.0,0.09380247247994862,1.4634404813819744,0.09460071766600033,14.859583250472149
dichotomous|medium|1,dichotomous,medium,1,blob,0.1,0.234375,0.9001480132073324,True,0.22185681760688086,3953.0,5.8222849083215795,12762.0,0.9326424870466321,193.0,2.176470588235294,119.0,0.023809523809523808,798.0,0.19344154277881395,4.953634085213032,0.11538461538461539,26.0,0.017241379310344827,174.0,8.0,1.0,0.0,19.0,0.08462637293226748,1.4634404813819744,0.20707829083485052,14.859583250472149
dichotomous|medium|1,dichotomous,medium,1,blob,0.2,0.48749999999972715,0.8100409836065574,True,0.4690108778143182,3953.0,7.08885754583921,12762.0,0.9378238341968912,193.0,1.915966386554622,119.0,0.047619047619047616,798.0,0.40223765609548573,4.953634085213032,0.38461538461538464,26.0,0.0,174.0,19.0,1.0,0.0,19.0,0.14278988716673652,1.4634404813819744,0.3864574402180144,14.859583250472149
dichotomous|thick|0,dichotomous,thick,0,boundary_erode,0.005,-0.046875,0.994535519125683,True,0.010869565217391304,5244.0,7.113387395077535e-05,14058.0,0.0,174.0,0.0,138.0,0.03008595988538682,698.0,0.03975932756848276,7.512893982808023,0.07692307692307693,26.0,0.05384615384615385,130.0,0.0,1.0,0.0,11.0,0.0006055296551939275,1.5302589845283858,0.003233767888527311,13.946233546869689
dichotomous|thick|0,dichotomous,thick,0,boundary_erode,0.01,-0.09375,0.989010989010989,True,0.021739130434782608,5244.0,0.0016360791008678333,14058.0,0.005747126436781609,174.0,0.0,138.0,0.025787965616045846,698.0,0.04633228078698081,7.512893982808023,0.11538461538461539,26.0,0.015384615384615385,130.0,0.0,1.0,0.09090909090909091,11.0,0.0009917150387339126,1.5302589845283858,0.007017995223251477,13.946233546869689
dichotomous|thick|0,dichotomous,thick,0,boundary_erode,0.02,-0.1640625,0.98065895616678,True,0.03794813119755912,5244.0,0.007895860008536065,14058.0,0.0,174.0,0.014492753623188406,138.0,0.03151862464183381,698.0,0.06734416052207808,7.512893982808023,0.19230769230769232,26.0,0.038461538461538464,130.0,0.0,1.0,0.18181818181818182,11.0,0.0034540405424644508,1.5302589845283858,0.014126523505535666,13.946233546869689
dichotomous|thick|0,dichotomous,thick,0,boundary_erode,0.05,-0.421875,0.948782199057833,True,0.09744469870327994,5244.0,0.008607198748043818,14058.0,0.005747126436781609,174.0,0.007246376811594203,138.0,0.09025787965616046,698.0,0.17216346871864566,7.512893982808023,0.46153846153846156,26.0,0.16923076923076924,130.0,0.0,1.0,0.5454545454545454,11.0,0.009792146083657888,1.5302589845283858,0.03541216620667872,13.946233546869689
dichotomous|thick|0,dichotomous,thick,0,boundary_erode,0.1,-0.796875,0.8985507246376812,True,0.18421052631578946,5244.0,0.021553563807084935,14058.0,0.005747126436781609,174.0,0.014492753623188406,138.0,0.09742120343839542,698.0,0.2566304795932389,7.512893982808023,0.6538461538461539,26.0,0.23076923076923078,130.0,0.0,1.0,0.7272727272727273,11.0,0.023392391702040074,1.5302589845283858,0.08717953494692028,13.946233546869689
dichotomous|thick|0,dichotomous,thick,0,boundary_erode,0.2,-1.4765625,0.7995879592537485,True,0.33390541571319604,5244.0,0.04780196329492104,14058.0,0.022988505747126436,174.0,0.021739130434782608,138.0,0.04011461318051576,698.0,0.3060686271161356,7.512893982808023,0.8076923076923077,26.0,0.17692307692307693,130.0,20.0,1.0,0.8181818181818182,11.0,0.05332906567257151,1.5302589845283858,0.19796406332891092,13.946233546869689
dichotomous|thick|0,dichotomous,thick,0,boundary_dilate,0.005,0.046875,0.9947832685193968,True,0.010488176964149503,5244.0,0.0001422677479015507,14058.0,0.0,174.0,0.0,138.0,0.04727793696275072,698.0,0.03512893635981342,7.512893982808023,0.07692307692307693,26.0,0.2153846153846154,130.0,0.0,1.0,0.18181818181818182,11.0,0.001956132039513291,1.5302589845283858,0.003892689646988351,13.946233546869689
dichotomous|thick|0,dichotomous,thick,0,boundary_dilate,0.01,0.09375,0.9897140700198169,True,0.020785659801678107,5244.0,0.005335040546308152,14058.0,0.0,174.0,0.007246376811594203,138.0,0.050143266475644696,698.0,0.02795581099376354,7.512893982808023,0.07692307692307693,26.0,0.3384615384615385,130.0,0.0,1.0,0.6363636363636364,11.0,0.004591529154206702,1.5302589845283858,0.008124818186161753,13.946233546869689
dichotomous|thick|0,dichotomous,thick,0,boundary_dilate,0.02,0.1875,0.9796375864001494,True,0.041571319603356215,5244.0,0.006971119647175985,14058.0,0.0,174.0,0.0,138.0,0.17621776504297995,698.0,0.11447407907047175,7.512893982808023,0.15384615384615385,26.0,0.7846153846153846,130.0,0.0,1.0,1.5454545454545454,11.0,0.009791953310147272,1.5302589845283858,0.016204669747059645,13.946233546869689
dichotomous|thick|0,dichotomous,thick,0,boundary_dilate,0.05,0.46875,0.9505165851005981,True,0.10411899313501144,5244.0,0.024612320386968273,14058.0,0.005747126436781609,174.0,0.014492753623188406,138.0,0.13896848137535817,698.0,0.03059741231668177,7.512893982808023,0.038461538461538464,26.0,0.9692307692307692,130.0,0.0,1.0,2.3636363636363638,11.0,0.01828957455162301,1.5302589845283858,0.03498644300163427,13.946233546869689
dichotomous|thick|0,dichotomous,thick,0,boundary_dilate,0.1,0.984375,0.901418134937688,True,0.21872616323417238,5244.0,0.03151230616019349,14058.0,0.005747126436781609,174.0,0.014492753623188406,138.0,0.025787965616045846,698.0,0.25098656167272404,7.512893982808023,0.38461538461538464,26.0,0.15384615384615385,130.0,0.0,1.0,0.6363636363636364,11.0,0.02649745471766257,1.5302589845283858,0.0607812237546466,13.946233546869689
dichotomous|thick|0,dichotomous,thick,0,boundary_dilate,0.2,2.53125,0.8005495763682162,True,0.4982837528604119,5244.0,0.09140702802674634,14058.0,0.017241379310344827,174.0,0.043478260869565216,138.0,0.02005730659025788,698.0,0.46882311727046,7.512893982808023,0.0,26.0,0.1,130.0,0.0,1.0,0.0,11.0,0.051555277378605074,1.5302589845283858,0.12346534599992962,13.946233546869689
dichotomous|thick|0,dichotomous,thick,0,junction_break,0.005,0.015625,0.9951135383730957,True,0.009725400457665904,5244.0,0.0,14058.0,0.0,174.0,0.0,138.0,0.027220630372492838,698.0,0.017984787158393616,7.512893982808023,0.23076923076923078,26.0,0.09230769230769231,130.0,4.0,1.0,0.09090909090909091,11.0,0.0008308902562271141,1.5302589845283858,0.0042624185226643845,13.946233546869689
dichotomous|thick|0,dichotomous,thick,0,junction_break,0.01,0.03125,0.989010989010989,True,0.021739130434782608,5244.0,0.0,14058.0,0.0,174.0,0.0,138.0,0.055873925501432664,698.0,0.07350598784732465,7.512893982808023,0.038461538461538464,26.0,0.08461538461538462,130.0,0.0,1.0,0.18181818181818182,11.0,0.0010400148848488191,1.5302589845283858,0.0007586478166720806,13.946233546869689
dichotomous|thick|0,dichotomous,thick,0,junction_break,0.02,0.06538461538502816,0.9771796372147454,True,0.04462242562929062,5244.0,0.0,14058.0,0.0,174.0,0.0,138.0,0.0071633237822349575,698.0,0.05141742971443078,7.512893982808023,0.23076923076923078,26.0,0.07692307692307693,130.0,9.0,1.0,0.2727272727272727,11.0,0.0036769341430172176,1.5302589845283858,0.015487473538815617,13.946233546869689
dichotomous|thick|0,dichotomous,thick,0,junction_break,0.05,0.2265625,0.9488875526157546,True,0.09725400457665904,5244.0,0.0,14058.0,0.0,174.0,0.0,138.0,0.03581661891117478,698.0,0.12846928795920884,7.512893982808023,0.8461538461538461,26.0,0.14615384615384616,130.0,14.0,1.0,0.5454545454545454,11.0,0.008265694053915746,1.5302589845283858,0.03731324163717899,13.946233546869689
dichotomous|thick|0,dichotomous,thick,0,junction_break,0.1,0.6115384615382027,0.9024696525742989,True,0.17772692601067888,5244.0,0.017712334613743063,14058.0,0.0,174.0,0.007246376811594203,138.0,0.07449856733524356,698.0,0.11153776216014527,7.512893982808023,1.6153846153846154,26.0,0.38461538461538464,130.0,27.0,1.0,0.6363636363636364,11.0,0.0204286703660484,1.5302589845283858,0.1137503337697033,13.946233546869689
dichotomous|thick|0,dichotomous,thick,0,junction_break,0.2,,,False,,,,,,,,,,,,,,,,,,,,,,,,
dichotomous|thick|0,dichotomous,thick,0,thin_dropout,0.005,0.084375,0.9950172479877347,True,0.009916094584286803,5244.0,0.0,14058.0,0.0,174.0,0.0,138.0,0.03008595988538682,698.0,0.020795518434516748,7.512893982808023,0.07692307692307693,26.0,0.11538461538461539,130.0,0.0,1.0,0.18181818181818182,11.0,0.002430844486226339,1.5302589845283858,0.006990321566704029,13.946233546869689
dichotomous|thick|0,dichotomous,thick,0,thin_dropout,0.01,0.1546875,0.9900818488204141,True,0.019641495041952707,5244.0,0.0019206145966709346,14058.0,0.0,174.0,0.0,138.0,0.055873925501432664,698.0,0.03837668658682404,7.512893982808023,0.23076923076923078,26.0,0.23076923076923078,130.0,0.0,1.0,0.18181818181818182,11.0,0.004769184811809067,1.5302589845283858,0.015981546316235537,13.946233546869689
dichotomous|thick|0,dichotomous,thick,0,thin_dropout,0.02,0.253125,0.9809560823940925,True,0.03737604881769641,5244.0,0.002987622705932565,14058.0,0.0,174.0,0.0,138.0,0.1017191977077364,698.0,0.07162921519178295,7.512893982808023,0.3076923076923077,26.0,0.2846153846153846,130.0,0.0,1.0,0.2727272727272727,11.0,0.00974827524315497,1.5302589845283858,0.03610836239344453,13.946233546869689
dichotomous|thick|0,dichotomous,thick,0,thin_dropout,0.05,0.5203125,0.9501501501501501,True,0.09496567505720824,5244.0,0.07746478873239436,14058.0,0.022988505747126436,174.0,0.057971014492753624,138.0,0.24355300859598855,698.0,0.1964279522917967,7.512893982808023,0.38461538461538464,26.0,0.49230769230769234,130.0,2.0,1.0,0.36363636363636365,11.0,0.026546527783209713,1.5302589845283858,0.10628263977201283,13.946233546869689
dichotomous|thick|0,dichotomous,thick,0,thin_dropout,0.1,0.7312500000000001,0.8986663866428647,True,0.18401983218916856,5244.0,0.07746478873239436,14058.0,0.022988505747126436,174.0,0.057971014492753624,138.0,0.34813753581661894,698.0,0.25176737831200086,7.512893982808023,0.19230769230769232,26.0,0.5846153846153846,130.0,12.0,1.0,0.36363636363636365,11.0,0.046055005341900886,1.5302589845283858,0.21900565057473986,13.946233546869689
dichotomous|thick|0,dichotomous,thick,0,thin_dropout,0.2,0.8898305084748699,0.7759103641456583,True,0.36613272311212813,5244.0,0.07746478873239436,14058.0,0.022988505747126436,174.0,0.057971014492753624,138.0,0.497134670487106,698.0,0.2605109950647709,7.512893982808023,0.7692307692307693,26.0,0.7692307692307693,130.0,22.0,1.0,0.45454545454545453,11.0,0.09174689534213999,1.5302589845283858,0.5651483023385885,13.946233546869689
dichotomous|thick|0,dichotomous,thick,0,speckle,0.005,0.000390625,0.9946889226100152,True,0.010678871090770405,5244.0,7.342723004694836,14058.0,1.1781609195402298,174.0,1.5289855072463767,138.0,0.08739255014326648,698.0,0.07054828455684084,7.512893982808023,0.038461538461538464,26.0,0.03076923076923077,130.0,55.0,1.0,0.0,11.0,0.27552301532749135,1.5302589845283858,0.01995358801719394,13.946233546869689
dichotomous|thick|0,dichotomous,thick,0,speckle,0.01,0.00078125,0.9895273138975375,True,0.02116704805491991,5244.0,8.784179826433348,14058.0,1.2011494252873562,174.0,1.7536231884057971,138.0,0.15759312320916904,698.0,0.11785321838820036,7.512893982808023,0.0,26.0,0.0,130.0,110.0,1.0,0.0,11.0,0.2845245390494513,1.5302589845283858,0.03573428689830077,13.946233546869689
dichotomous|thick|0,dichotomous,thick,0,speckle,0.02,0.0015625,0.9792717086834734,True,0.04233409610983982,5244.0,8.864276568501921,14058.0,1.206896551724138,174.0,1.7753623188405796,138.0,0.32664756446991405,698.0,0.2143097202109414,7.512893982808023,0.11538461538461539,26.0,0.1,130.0,219.0,1.0,0.0,11.0,0.2712660685278357,1.5302589845283858,0.07368579660305967,13.946233546869689
dichotomous|thick|0,dichotomous,thick,0,speckle,0.05,0.00390625,0.9496559217674756,True,0.10602593440122045,5244.0,9.195049082373027,14058.0,1.2011494252873562,174.0,1.7826086956521738,138.0,0.8108882521489972,698.0,0.3892356786297058,7.512893982808023,0.6153846153846154,26.0,0.08461538461538462,130.0,545.0,1.0,0.09090909090909091,11.0,0.20803886799337656,1.5302589845283858,0.16668387494963674,13.946233546869689
dichotomous|thick|0,dichotomous,thick,0,speckle,0.1,0.008203125,0.8998712998712999,True,0.2225400457665904,5244.0,9.365699245980936,14058.0,1.206896551724138,174.0,1.7826086956521738,138.0,1.6991404011461317,698.0,0.547063188988811,7.512893982808023,2.0384615384615383,26.0,0.12307692307692308,130.0,1134.0,1.0,0.0,11.0,0.1198288114730129,1.5302589845283858,0.30358303148870946,13.946233546869689
dichotomous|thick|0,dichotomous,thick,0,speckle,0.2,0.018359375000000004,0.8006718070081685,True,0.4979023646071701,5244.0,9.446365059041115,14058.0,1.206896551724138,174.0,1.7826086956521738,138.0,3.7507163323782233,698.0,0.6846996832039189,7.512893982808023,14.192307692307692,26.0,0.3230769230769231,130.0,2378.0,1.0,0.18181818181818182,11.0,0.006635240352897061,1.5302589845283858,0.5098964908853941,13.946233546869689
dichotomous|thick|0,dichotomous,thick,0,blob,0.005,0.037500000000818545,0.9789061041627777,True,0.04309687261632342,5244.0,1.078247261345853,14058.0,0.2413793103448276,174.0,0.8623188405797102,138.0,0.0071633237822349575,698.0,0.0356779759405317,7.512893982808023,0.07692307692307693,26.0,0.0,130.0,2.0,1.0,0.0,11.0,0.038696637492416606,1.5302589845283858,0.04894745224989397,13.946233546869689
dichotomous|thick|0,dichotomous,thick,0,blob,0.01,1.3642420526593924e-12,0.9815629386991109,True,0.03756674294431731,5244.0,0.8438611466780481,14058.0,0.9310344827586207,174.0,0.3695652173913043,138.0,0.0014326647564469914,698.0,0.036082384227658845,7.512893982808023,0.0,26.0,0.0,130.0,1.0,1.0,0.0,11.0,0.021572082065713125,1.5302589845283858,0.05184460798494879,13.946233546869689
dichotomous|thick|0,dichotomous,thick,0,blob,0.02,0.06250000000045475,0.9685104811155232,True,0.06502669717772692,5244.0,1.2670365628112108,14058.0,0.27586206896551724,174.0,0.8768115942028986,138.0,0.017191977077363897,698.0,0.04702624595782179,7.512893982808023,0.07692307692307693,26.0,0.0,130.0,3.0,1.0,0.0,11.0,0.05471665911616392,1.5302589845283858,0.07733558434062687,13.946233546869689
dichotomous|thick|0,dichotomous,thick,0,blob,0.05,0.13749999999936335,0.9643251195292387,True,0.07398932112890923,5244.0,2.586427656850192,14058.0,1.1436781609195403,174.0,0.7028985507246377,138.0,0.01002865329512894,698.0,0.0633255973730194,7.512893982808023,0.07692307692307693,26.0,0.0,130.0,4.0,1.0,0.0,11.0,0.053231566538546764,1.5302589845283858,0.09345719870298941,13.946233546869689
dichotomous|thick|0,dichotomous,thick,0,blob,0.1,0.23750000000063665,0.8907006369426752,True,0.24542334096109839,5244.0,6.190140845070423,14058.0,1.206896551724138,174.0,1.5869565217391304,138.0,0.025787965616045846,698.0,0.21411381562967427,7.512893982808023,0.23076923076923078,26.0,0.0,130.0,10.0,1.0,0.0,11.0,0.12031083827980504,1.5302589845283858,0.24906994333281954,13.946233546869689
dichotomous|thick|0,dichotomous,thick,0,blob,0.2,0.703125,0.7986597624124276,True,0.5041952707856598,5244.0,6.456466069142126,14058.0,1.0689655172413792,174.0,1.7753623188405796,138.0,0.08739255014326648,698.0,0.3833047417765357,7.512893982808023,0.15384615384615385,26.0,0.13846153846153847,130.0,23.0,1.0,0.18181818181818182,11.0,0.15657278505957717,1.5302589845283858,0.4275593145966379,13.946233546869689
dichotomous|thick|1,dichotomous,thick,1,boundary_erode,0.005,-0.046875,0.9944792050055208,True,0.010980966325036604,5464.0,0.00022658610271903323,13240.0,0.0,193.0,0.0,119.0,0.001303780964797914,767.0,0.009689818761492212,7.123859191655802,0.08333333333333333,24.0,0.08074534161490683,161.0,0.0,1.0,0.16666666666666666,18.0,0.0008288905753026731,1.5336079557472602,0.003626783087147662,14.476085418177968
dichotomous|thick|1,dichotomous,thick,1,boundary_erode,0.01,-0.09375,0.9889906559348691,True,0.02177891654465593,5464.0,0.0,13240.0,0.0,193.0,0.0,119.0,0.02346805736636245,767.0,0.04420946368121165,7.123859191655802,0.125,24.0,0.062111801242236024,161.0,0.0,1.0,0.1111111111111111,18.0,0.0009550614331896807,1.5336079557472602,0.006553110689287458,14.476085418177968
dichotomous|thick|1,dichotomous,thick,1,boundary_erode,0.02,-0.1640625,0.9805019124918369,True,0.03825036603221083,5464.0,0.0009063444108761329,13240.0,0.0,193.0,0.0,119.0,0.03259452411994785,767.0,0.06860862468018394,7.123859191655802,0.16666666666666666,24.0,0.08695652173913043,161.0,0.0,1.0,0.16666666666666666,18.0,0.0020360694028248574,1.5336079557472602,0.010658772399630354,14.476085418177968
dichotomous|thick|1,dichotomous,thick,1,boundary_erode,0.05,-0.3984375,0.9513482391325209,True,0.0927891654465593,5464.0,0.012764350453172205,13240.0,0.0,193.0,0.008403361344537815,119.0,0.05345501955671447,767.0,0.13882337858602845,7.123859191655802,0.4166666666666667,24.0,0.2360248447204969,161.0,0.0,1.0,0.2777777777777778,18.0,0.002156559271243533,1.5336079557472602,0.03029773741228761,14.476085418177968
dichotomous|thick|1,dichotomous,thick,1,boundary_erode,0.1,-0.7734375,0.9009353313889168,True,0.18027086383601756,5464.0,0.02054380664652568,13240.0,0.0,193.0,0.008403361344537815,119.0,0.02998696219035202,767.0,0.20413639564838668,7.123859191655802,0.3333333333333333,24.0,0.10559006211180125,161.0,0.0,1.0,0.6666666666666666,18.0,0.020341738661701234,1.5336079557472602,0.07540487583330449,14.476085418177968
dichotomous|thick|1,dichotomous,thick,1,boundary_erode,0.2,-1.46484375,0.8001756697408872,True,0.3330893118594436,5464.0,0.04833836858006042,13240.0,0.010362694300518135,193.0,0.025210084033613446,119.0,0.11734028683181226,767.0,0.24443057931490883,7.123859191655802,1.7916666666666667,24.0,0.37267080745341613,161.0,35.0,1.0,0.9444444444444444,18.0,0.030553152703418254,1.5336079557472602,0.18830465471617336,14.476085418177968
dichotomous|thick|1,dichotomous,thick,1,boundary_dilate,0.005,0.046875,0.9949016751638747,True,0.010248901903367497,5464.0,0.0009063444108761329,13240.0,0.0051813471502590676,193.0,0.0,119.0,0.06258148631029987,767.0,0.04925041992652409,7.123859191655802,0.25,24.0,0.3105590062111801,161.0,0.0,1.0,0.2777777777777778,18.0,0.0025562789689088043,1.5336079557472602,0.0034967532589724286,14.476085418177968
dichotomous|thick|1,dichotomous,thick,1,boundary_dilate,0.01,0.09375,0.9898550724637681,True,0.020497803806734993,5464.0,0.007477341389728096,13240.0,0.0,193.0,0.0,119.0,0.10951760104302477,767.0,0.08023288423059262,7.123859191655802,0.20833333333333334,24.0,0.5714285714285714,161.0,0.0,1.0,0.6111111111111112,18.0,0.0057280879666293145,1.5336079557472602,0.006229950466055738,14.476085418177968
dichotomous|thick|1,dichotomous,thick,1,boundary_dilate,0.02,0.1875,0.9799139167862266,True,0.040995607613469986,5464.0,0.005589123867069486,13240.0,0.0,193.0,0.0,119.0,0.1290743155149935,767.0,0.07800966392663798,7.123859191655802,0.041666666666666664,24.0,0.7391304347826086,161.0,0.0,1.0,1.0,18.0,0.010564327888349238,1.5336079557472602,0.015360238186166279,14.476085418177968
dichotomous|thick|1,dichotomous,thick,1,boundary_dilate,0.05,0.46875,0.9512534818941504,True,0.10248901903367497,5464.0,0.015558912386706949,13240.0,0.0,193.0,0.0,119.0,0.25554106910039115,767.0,0.12190126936777916,7.123859191655802,0.4166666666666667,24.0,1.329192546583851,161.0,0.0,1.0,1.8333333333333333,18.0,0.020101950252879704,1.5336079557472602,0.03386372798002315,14.476085418177968
dichotomous|thick|1,dichotomous,thick,1,boundary_dilate,0.1,1.03125,0.8992018431662964,True,0.22419472913616398,5464.0,0.03308157099697885,13240.0,0.0051813471502590676,193.0,0.01680672268907563,119.0,0.11603650586701435,767.0,0.3848928572971059,7.123859191655802,0.4166666666666667,24.0,0.2732919254658385,161.0,0.0,1.0,0.3333333333333333,18.0,0.018804138261277203,1.5336079557472602,0.05823525763533522,14.476085418177968
dichotomous|thick|1,dichotomous,thick,1,boundary_dilate,0.2,2.671875,0.800468795780838,True,0.4985358711566618,5464.0,0.09297583081570997,13240.0,0.015544041450777202,193.0,0.04201680672268908,119.0,0.05084745762711865,767.0,0.5788145785400542,7.123859191655802,0.20833333333333334,24.0,0.16149068322981366,161.0,0.0,1.0,0.2222222222222222,18.0,0.03843835562759316,1.5336079557472602,0.12108105302387748,14.476085418177968
dichotomous|thick|1,dichotomous,thick,1,junction_break,0.005,0.01171875,0.9959573686144799,True,0.008052708638360176,5464.0,0.0,13240.0,0.0,193.0,0.0,119.0,0.009126466753585397,767.0,0.001083647992602321,7.123859191655802,0.16666666666666666,24.0,0.031055900621118012,161.0,3.0,1.0,0.0,18.0,0.0005482569937001327,1.5336079557472602,0.008435536137947695,14.476085418177968
dichotomous|thick|1,dichotomous,thick,1,junction_break,0.01,0.0234375,0.9902051376824986,True,0.019399707174231333,5464.0,0.0,13240.0,0.0,193.0,0.0,119.0,0.00651890482398957,767.0,0.02575074534020137,7.123859191655802,0.25,24.0,0.031055900621118012,161.0,2.0,1.0,0.16666666666666666,18.0,0.0011899104672034068,1.5336079557472602,0.00563261158582972,14.476085418177968
dichotomous|thick|1,dichotomous,thick,1,junction_break,0.02,0.0625,0.9786915887850467,True,0.04172767203513909,5464.0,0.0,13240.0,0.0,193.0,0.0,119.0,0.0,767.0,0.04172767203513909,7.123859191655802,0.4583333333333333,24.0,0.15527950310559005,161.0,7.0,1.0,0.3333333333333333,18.0,0.0033533182916632063,1.5336079557472602,0.016271645784050597,14.476085418177968
dichotomous|thick|1,dichotomous,thick,1,junction_break,0.05,0.1875,0.950240153698367,True,0.09480234260614934,5464.0,0.02084592145015106,13240.0,0.0,193.0,0.01680672268907563,119.0,0.0938722294654498,767.0,0.0010264701854914846,7.123859191655802,1.3333333333333333,24.0,0.40993788819875776,161.0,19.0,1.0,0.7222222222222222,18.0,0.005687842642894687,1.5336079557472602,0.047722466220987574,14.476085418177968
dichotomous|thick|1,dichotomous,thick,1,junction_break,0.1,0.46875,0.9011563599798894,True,0.179904831625183,5464.0,0.030513595166163143,13240.0,0.0,193.0,0.025210084033613446,119.0,0.10039113428943937,767.0,0.08838696500944253,7.123859191655802,1.6666666666666667,24.0,0.42857142857142855,161.0,30.0,1.0,0.7222222222222222,18.0,0.016560813737564482,1.5336079557472602,0.11542551519720289,14.476085418177968
dichotomous|thick|1,dichotomous,thick,1,junction_break,0.2,,,False,,,,,,,,,,,,,,,,,,,,,,,,
dichotomous|thick|1,dichotomous,thick,1,thin_dropout,0.005,0.1125,0.9954959095505101,True,0.00896778916544656,5464.0,0.0013595166163141994,13240.0,0.0,193.0,0.0,119.0,0.03911342894393742,767.0,0.03137273502049187,7.123859191655802,0.041666666666666664,24.0,0.2422360248447205,161.0,1.0,1.0,0.3888888888888889,18.0,0.0009025274936122987,1.5336079557472602,0.0035466106505674913,14.476085418177968
dichotomous|thick|1,dichotomous,thick,1,thin_dropout,0.01,0.16875,0.9888035532525216,True,0.022144948755490484,5464.0,0.002341389728096677,13240.0,0.0,193.0,0.0,119.0,0.0651890482398957,767.0,0.046045780062118215,7.123859191655802,0.125,24.0,0.2857142857142857,161.0,1.0,1.0,0.3888888888888889,18.0,0.004588581615656321,1.5336079557472602,0.01622520412557812,14.476085418177968
dichotomous|thick|1,dichotomous,thick,1,thin_dropout,0.02,0.28125,0.9811672571322021,True,0.0369692532942899,5464.0,0.015030211480362538,13240.0,0.0,193.0,0.01680672268907563,119.0,0.10430247718383312,767.0,0.07517406509938812,7.123859191655802,0.4166666666666667,24.0,0.40372670807453415,161.0,1.0,1.0,0.5,18.0,0.003572776634813772,1.5336079557472602,0.028652704888652757,14.476085418177968
dichotomous|thick|1,dichotomous,thick,1,thin_dropout,0.05,0.534375,0.9504417979254706,True,0.09443631039531479,5464.0,0.09501510574018127,13240.0,0.02072538860103627,193.0,0.08403361344537816,119.0,0.2542372881355932,767.0,0.21427858378810058,7.123859191655802,0.125,24.0,0.6273291925465838,161.0,7.0,1.0,0.6666666666666666,18.0,0.0005699570372866752,1.5336079557472602,0.08918877596004815,14.476085418177968
dichotomous|thick|1,dichotomous,thick,1,thin_dropout,0.1,0.6818181818179712,0.9018189126720932,True,0.17880673499267935,5464.0,0.09501510574018127,13240.0,0.02072538860103627,193.0,0.08403361344537816,119.0,0.3624511082138201,767.0,0.28804751382538846,7.123859191655802,0.4583333333333333,24.0,0.7453416149068323,161.0,16.0,1.0,0.6666666666666666,18.0,0.019495733991403818,1.5336079557472602,0.19560524099216453,14.476085418177968
dichotomous|thick|1,dichotomous,thick,1,thin_dropout,0.2,,,False,,,,,,,,,,,,,,,,,,,,,,,,
dichotomous|thick|1,dichotomous,thick,1,speckle,0.005,0.000390625,0.9949922607666394,True,0.01006588579795022,5464.0,8.093126888217522,13240.0,0.9740932642487047,193.0,2.0840336134453783,119.0,0.07170795306388526,767.0,0.057517598044978364,7.123859191655802,0.0,24.0,0.0,161.0,55.0,1.0,0.0,18.0,0.25794030231206727,1.5336079557472602,0.018279260954660103,14.476085418177968
dichotomous|thick|1,dichotomous,thick,1,speckle,0.01,0.00078125,0.989944741371501,True,0.020314787701317717,5464.0,9.113368580060422,13240.0,0.9896373056994818,193.0,2.2016806722689077,119.0,0.14471968709256844,767.0,0.10867717293062559,7.123859191655802,0.08333333333333333,24.0,0.0,161.0,110.0,1.0,0.0,18.0,0.2776152543760815,1.5336079557472602,0.03540914858357214,14.476085418177968
dichotomous|thick|1,dichotomous,thick,1,speckle,0.02,0.0015625,0.9800896860986547,True,0.04062957540263543,5464.0,9.486858006042295,13240.0,0.9896373056994818,193.0,2.2184873949579833,119.0,0.288135593220339,767.0,0.19214282962163828,7.123859191655802,0.125,24.0,0.006211180124223602,161.0,217.0,1.0,0.0,18.0,0.2701546619528566,1.5336079557472602,0.06997977616074122,14.476085418177968
dichotomous|thick|1,dichotomous,thick,1,speckle,0.05,0.0041015625,0.9494352736750652,True,0.10651537335285505,5464.0,9.806570996978852,13240.0,0.9844559585492227,193.0,2.2184873949579833,119.0,0.7666232073011734,767.0,0.373655135526465,7.123859191655802,0.7083333333333334,24.0,0.08695652173913043,161.0,560.0,1.0,0.1111111111111111,18.0,0.20264586953347938,1.5336079557472602,0.16506467744100345,14.476085418177968
dichotomous|thick|1,dichotomous,thick,1,speckle,0.1,0.00859375,0.8995719459993414,True,0.2232796486090776,5464.0,10.021450151057401,13240.0,0.9896373056994818,193.0,2.226890756302521,119.0,1.5958279009126466,767.0,0.5287516371254833,7.123859191655802,3.7916666666666665,24.0,0.06832298136645963,161.0,1160.0,1.0,0.0,18.0,0.1158614083938162,1.5336079557472602,0.3041900617112439,14.476085418177968
dichotomous|thick|1,dichotomous,thick,1,speckle,0.2,0.019140625,0.8008207533343105,True,0.4974377745241581,5464.0,10.102794561933536,13240.0,0.9896373056994818,193.0,2.226890756302521,119.0,3.5697522816166884,767.0,0.672315328656197,7.123859191655802,14.333333333333334,24.0,0.20496894409937888,161.0,2503.0,1.0,0.05555555555555555,18.0,0.0007661615845986676,1.5336079557472602,0.5120924832587123,14.476085418177968
dichotomous|thick|1,dichotomous,thick,1,blob,0.005,1.3642420526593924e-12,0.9897654197989313,True,0.02068081991215227,5464.0,0.5208459214501511,13240.0,0.0,193.0,0.5882352941176471,119.0,0.001303780964797914,767.0,0.019351808427891654,7.123859191655802,0.0,24.0,0.0,161.0,1.0,1.0,0.0,18.0,0.030805580644967034,1.5336079557472602,0.03377306649892966,14.476085418177968
dichotomous|thick|1,dichotomous,thick,1,blob,0.01,0.0703125,0.99030357951971,True,0.01958272327964861,5464.0,3.2955438066465255,13240.0,0.8031088082901554,193.0,1.680672268907563,119.0,0.011734028683181226,767.0,0.00775766592202379,7.123859191655802,0.16666666666666666,24.0,0.0,161.0,3.0,1.0,0.0,18.0,0.056566716438931436,1.5336079557472602,0.0362460038952603,14.476085418177968
dichotomous|thick|1,dichotomous,thick,1,blob,0.02,0.08750000000009095,0.9782472473368543,True,0.04447291361639824,5464.0,2.8558157099697885,13240.0,0.9896373056994818,193.0,1.319327731092437,119.0,0.00651890482398957,767.0,0.0377081926732868,7.123859191655802,0.08333333333333333,24.0,0.0,161.0,3.0,1.0,0.0,18.0,0.05557853298025147,1.5336079557472602,0.05977656354388898,14.476085418177968
dichotomous|thick|1,dichotomous,thick,1,blob,0.05,0.13749999999936335,0.9575046000175239,True,0.08876281112737922,5464.0,3.1660876132930516,13240.0,0.9015544041450777,193.0,0.9747899159663865,119.0,0.014341590612777053,767.0,0.0733689924610538,7.123859191655802,0.16666666666666666,24.0,0.0,161.0,5.0,1.0,0.0,18.0,0.08455086879685189,1.5336079557472602,0.1243985579151665,14.476085418177968
dichotomous|thick|1,dichotomous,thick,1,blob,0.1,0.328125,0.8985364249301102,True,0.22584187408491949,5464.0,6.387990936555891,13240.0,0.9481865284974094,193.0,2.0672268907563027,119.0,0.035202086049543675,767.0,0.1841570748402182,7.123859191655802,0.20833333333333334,24.0,0.018633540372670808,161.0,12.0,1.0,0.0,18.0,0.14008657875468994,1.5336079557472602,0.25958417003087403,14.476085418177968
dichotomous|thick|1,dichotomous,thick,1,blob,0.2,0.662499999999909,0.8070304999630751,True,0.4782210834553441,5464.0,7.406495468277946,13240.0,0.9533678756476683,193.0,2.1512605042016806,119.0,0.0560625814863103,767.0,0.3997476185311716,7.123859191655802,0.3333333333333333,24.0,0.0,161.0,23.0,1.0,0.0,18.0,0.1572850622473567,1.5336079557472602,0.4276253378830031,14.476085418177968
taproot|thin|0,taproot,thin,0,boundary_erode,0.005,-0.0234375,0.9935688485595983,True,0.012780112044817927,5712.0,0.0,65283.0,0.0,373.0,0.0,246.0,0.0031565656565656565,1584.0,0.015886530823783263,3.606060606060606,0.0,22.0,0.058823529411764705,85.0,0.0,1.0,0.0,3.0,0.0005409159306684064,1.2981074924723948,0.0020733270137495412,4.76377924215009
taproot|thin|0,taproot,thin,0,boundary_erode,0.01,-0.03515625,0.9903667697746354,True,0.01908263305322129,5712.0,0.0016083819677404532,65283.0,0.0,373.0,0.0,246.0,0.0025252525252525255,1584.0,0.021553457655102273,3.606060606060606,0.0,22.0,0.023529411764705882,85.0,0.0,1.0,0.0,3.0,0.0007552670406006844,1.2981074924723948,0.0022212560439975795,4.76377924215009
taproot|thin|0,taproot,thin,0,boundary_erode,0.02,-0.0703125,0.9805461359985722,True,0.03816526610644258,5712.0,0.000995665027648852,65283.0,0.0,373.0,0.0040650406504065045,246.0,0.011994949494949494,1584.0,0.04956567779950406,3.606060606060606,0.0,22.0,0.023529411764705882,85.0,0.0,1.0,0.0,3.0,0.00017150580678636476,1.2981074924723948,0.006031084833003212,4.76377924215009
taproot|thin|0,taproot,thin,0,boundary_erode,0.05,-0.17578125,0.9499034837760824,True,0.09541316526610644,5712.0,0.002542775301380145,65283.0,0.0,373.0,0.0,246.0,0.017045454545454544,1584.0,0.11057383847393701,3.606060606060606,0.18181818181818182,22.0,0.2,85.0,0.0,1.0,0.6666666666666666,3.0,0.006581371409699996,1.2981074924723948,0.012904211681319071,4.76377924215009
taproot|thin|0,taproot,thin,0,boundary_erode,0.1,-0.333984375,0.9002695417789758,True,0.18137254901960784,5712.0,0.006494799564970973,65283.0,0.002680965147453083,373.0,0.0040650406504065045,246.0,0.027777777777777776,1584.0,0.2034976152623211,3.606060606060606,0.18181818181818182,22.0,0.4,85.0,0.0,1.0,0.3333333333333333,3.0,0.013215353731266994,1.2981074924723948,0.03531674740565695,4.76377924215009
taproot|thin|0,taproot,thin,0,boundary_erode,0.2,-0.615234375,0.7994955863808323,True,0.33403361344537813,5712.0,0.004656648744696169,65283.0,0.0,373.0,0.0,246.0,0.027777777777777776,1584.0,0.35203270497388145,3.606060606060606,0.13636363636363635,22.0,0.5764705882352941,85.0,0.0,1.0,0.6666666666666666,3.0,0.033202030548423266,1.2981074924723948,0.07922793845032682,4.76377924215009
taproot|thin|0,taproot,thin,0,boundary_dilate,0.005,0.0234375,0.9936505175263112,True,0.012780112044817927,5712.0,1.531792350229003e-05,65283.0,0.0,373.0,0.0,246.0,0.005681818181818182,1584.0,0.007058190507841561,3.606060606060606,0.0,22.0,0.047058823529411764,85.0,0.0,1.0,0.0,3.0,0.003980893978911559,1.2981074924723948,0.0026944587736812986,4.76377924215009
taproot|thin|0,taproot,thin,0,boundary_dilate,0.01,0.03515625,0.9905488597936356,True,0.01908263305322129,5712.0,0.0,65283.0,0.0,373.0,0.0,246.0,0.015151515151515152,1584.0,0.0038724445001881366,3.606060606060606,0.22727272727272727,22.0,0.3764705882352941,85.0,0.0,1.0,0.0,3.0,0.005677255309063476,1.2981074924723948,0.0031211660564193036,4.76377924215009
taproot|thin|0,taproot,thin,0,boundary_dilate,0.02,0.0703125,0.9812746950695757,True,0.03816526610644258,5712.0,0.0006280348635938912,65283.0,0.0,373.0,0.0,246.0,0.023989898989898988,1584.0,0.013843268503455694,3.606060606060606,0.13636363636363635,22.0,0.3764705882352941,85.0,0.0,1.0,0.0,3.0,0.010143597360532988,1.2981074924723948,0.005655847690072709,4.76377924215009
taproot|thin|0,taproot,thin,0,boundary_dilate,0.05,0.19921875,0.9487584087700357,True,0.10801820728291317,5712.0,0.0008118499456213716,65283.0,0.0,373.0,0.0,246.0,0.0422979797979798,1584.0,0.06305320432231043,3.606060606060606,0.2727272727272727,22.0,0.8352941176470589,85.0,0.0,1.0,0.3333333333333333,3.0,0.02414295456274966,1.2981074924723948,0.0164412161070577,4.76377924215009
taproot|thin|0,taproot,thin,0,boundary_dilate,0.1,0.41015625,0.8998818432453722,True,0.22251400560224088,5712.0,0.006402892023957232,65283.0,0.002680965147453083,373.0,0.0,246.0,0.08270202020202021,1584.0,0.12913246931425643,3.606060606060606,1.0,22.0,1.4588235294117646,85.0,0.0,1.0,1.3333333333333333,3.0,0.039693913844882016,1.2981074924723948,0.034235919608253416,4.76377924215009
taproot|thin|0,taproot,thin,0,boundary_dilate,0.2,0.9140625,0.8013468013468014,True,0.4957983193277311,5712.0,0.011764165249758743,65283.0,0.002680965147453083,373.0,0.0040650406504065045,246.0,0.00946969696969697,1584.0,0.48176644015955344,3.606060606060606,0.09090909090909091,22.0,0.35294117647058826,85.0,0.0,1.0,1.6666666666666667,3.0,0.0666712656708268,1.2981074924723948,0.06016098938642121,4.76377924215009
taproot|thin|0,taproot,thin,0,junction_break,0.005,0.03125,0.9936575052854123,True,0.012605042016806723,5712.0,0.0,65283.0,0.0,373.0,0.0,246.0,0.015151515151515152,1584.0,0.0025856496444732094,3.606060606060606,0.36363636363636365,22.0,0.08235294117647059,85.0,4.0,1.0,0.3333333333333333,3.0,0.0013450922043797323,1.2981074924723948,0.0013661272569366804,4.76377924215009
taproot|thin|0,taproot,thin,0,junction_break,0.01,0.0625,0.9888475836431226,True,0.022058823529411766,5712.0,0.0,65283.0,0.0,373.0,0.0,246.0,0.01452020202020202,1584.0,0.007649696649960375,3.606060606060606,0.7727272727272727,22.0,0.15294117647058825,85.0,9.0,1.0,0.3333333333333333,3.0,0.0017955057972910502,1.2981074924723948,0.007502527104567754,4.76377924215009
taproot|thin|0,taproot,thin,0,junction_break,0.02,0.125,0.9788146956288549,True,0.04149159663865546,5712.0,0.0,65283.0,0.0,373.0,0.0,246.0,0.023989898989898988,1584.0,0.017931881678932837,3.606060606060606,1.1818181818181819,22.0,0.24705882352941178,85.0,13.0,1.0,1.0,3.0,0.003147138995569988,1.2981074924723948,0.0194035293829215,4.76377924215009
taproot|thin|0,taproot,thin,0,junction_break,0.05,0.4375,0.9510605086768892,True,0.09331232492997199,5712.0,0.0,65283.0,0.0,373.0,0.0,246.0,0.07828282828282829,1584.0,0.01630597444457228,3.606060606060606,2.590909090909091,22.0,0.5294117647058824,85.0,33.0,1.0,1.0,3.0,0.008663814186356082,1.2981074924723948,0.042308931675494675,4.76377924215009
taproot|thin|0,taproot,thin,0,junction_break,0.1,,,False,,,,,,,,,,,,,,,,,,,,,,,,
taproot|thin|0,taproot,thin,0,junction_break,0.2,,,False,,,,,,,,,,,,,,,,,,,,,,,,
taproot|thin|0,taproot,thin,0,thin_dropout,0.005,0.034883720930019985,0.9989484752891693,True,0.0021008403361344537,5712.0,0.0,65283.0,0.0,373.0,0.0,246.0,0.001893939393939394,1584.0,0.00020729354360333424,3.606060606060606,0.045454545454545456,22.0,0.047058823529411764,85.0,0.0,1.0,0.0,3.0,0.0004592752979350171,1.2981074924723948,0.0010079134192156596,4.76377924215009
taproot|thin|0,taproot,thin,0,thin_dropout,0.01,0.034883720930019985,0.9989484752891693,True,0.0021008403361344537,5712.0,0.0,65283.0,0.0,373.0,0.0,246.0,0.001893939393939394,1584.0,0.00020729354360333424,3.606060606060606,0.045454545454545456,22.0,0.047058823529411764,85.0,0.0,1.0,0.0,3.0,0.0004592752979350171,1.2981074924723948,0.0010079134192156596,4.76377924215009
taproot|thin|0,taproot,thin,0,thin_dropout,0.02,0.084375,0.9785407725321889,True,0.04201680672268908,5712.0,0.0,65283.0,0.0,373.0,0.0,246.0,0.04671717171717172,1584.0,0.004930714007457347,3.606060606060606,0.18181818181818182,22.0,0.10588235294117647,85.0,0.0,1.0,0.0,3.0,0.0006041511125224452,1.2981074924723948,0.03962574554345524,4.76377924215009
taproot|thin|0,taproot,thin,0,thin_dropout,0.05,0.15116279069784472,0.9481631525642206,True,0.09856442577030812,5712.0,0.00986474273547478,65283.0,0.0,373.0,0.0,246.0,0.11047979797979798,1584.0,0.013395280042464151,3.606060606060606,0.2727272727272727,22.0,0.2823529411764706,85.0,1.0,1.0,0.0,3.0,0.010633812537623515,1.2981074924723948,0.10055580556082255,4.76377924215009
taproot|thin|0,taproot,thin,0,thin_dropout,0.1,0.253125,0.8988915662650603,True,0.18364845938375352,5712.0,0.02044942787555719,65283.0,0.0,373.0,0.0,246.0,0.2039141414141414,1584.0,0.02545665371620504,3.606060606060606,0.2727272727272727,22.0,0.4,85.0,3.0,1.0,0.0,3.0,0.03294624867867145,1.2981074924723948,0.20307631128739945,4.76377924215009
taproot|thin|0,taproot,thin,0,thin_dropout,0.2,0.3837209302326756,0.7783124799486686,True,0.3629201680672269,5712.0,0.022992203176937336,65283.0,0.0,373.0,0.0,246.0,0.40845959595959597,1584.0,0.07698447575401565,3.606060606060606,0.22727272727272727,22.0,0.7058823529411765,85.0,6.0,1.0,0.3333333333333333,3.0,0.09744990118503372,1.2981074924723948,0.5316742963278753,4.76377924215009
taproot|thin|0,taproot,thin,0,speckle,0.005,0.000390625,0.9952086418677585,True,0.009628851540616247,5712.0,0.8199071733835761,65283.0,0.0,373.0,0.4715447154471545,246.0,0.03409090909090909,1584.0,0.023655616092590877,3.606060606060606,0.09090909090909091,22.0,0.047058823529411764,85.0,51.0,1.0,0.0,3.0,0.07329229026079569,1.2981074924723948,0.013751513688921309,4.76377924215009
taproot|thin|0,taproot,thin,0,speckle,0.01,0.00078125,0.9903771131339402,True,0.019432773109243698,5712.0,0.9958641606543817,65283.0,0.029490616621983913,373.0,0.5528455284552846,246.0,0.07133838383838384,1584.0,0.048449314905691133,3.606060606060606,0.22727272727272727,22.0,0.10588235294117647,85.0,106.0,1.0,0.0,3.0,0.0795201081437792,1.2981074924723948,0.02853161898800996,4.76377924215009
taproot|thin|0,taproot,thin,0,speckle,0.02,0.0015625,0.981021897810219,True,0.03869047619047619,5712.0,1.1745936920791018,65283.0,0.029490616621983913,373.0,0.556910569105691,246.0,0.13825757575757575,1584.0,0.08747325885429039,3.606060606060606,0.2727272727272727,22.0,0.0,85.0,213.0,1.0,0.0,3.0,0.0644313257174245,1.2981074924723948,0.055928564872477236,4.76377924215009
taproot|thin|0,taproot,thin,0,speckle,0.05,0.004296875,0.9493891797556719,True,0.10661764705882353,5712.0,1.194415085091065,65283.0,0.029490616621983913,373.0,0.5609756097560976,246.0,0.3819444444444444,1584.0,0.19923145137451967,3.606060606060606,0.7727272727272727,22.0,0.2823529411764706,85.0,582.0,1.0,0.0,3.0,0.0010869993504455245,1.2981074924723948,0.13872635106243236,4.76377924215009
taproot|thin|0,taproot,thin,0,speckle,0.1,0.008984375000000001,0.8997400960856895,True,0.22286414565826332,5712.0,1.224836481166613,65283.0,0.029490616621983913,373.0,0.5609756097560976,246.0,0.8005050505050505,1584.0,0.3208215965207963,3.606060606060606,4.0,22.0,0.4470588235294118,85.0,1194.0,1.0,0.0,3.0,0.086516398614072,1.2981074924723948,0.25030219670183534,4.76377924215009
taproot|thin|0,taproot,thin,0,speckle,0.2,0.020312500000000004,0.7987135565965182,True,0.5040266106442577,5712.0,1.246848337239404,65283.0,0.029490616621983913,373.0,0.5609756097560976,246.0,1.8080808080808082,1584.0,0.4643934012453902,3.606060606060606,17.40909090909091,22.0,1.3411764705882352,85.0,2589.0,1.0,0.0,3.0,0.2084359861053676,1.2981074924723948,0.43287803791588997,4.76377924215009
taproot|thin|0,taproot,thin,0,blob,0.005,0.0234375,0.99581589958159,True,0.008403361344537815,5712.0,0.19161190509014597,65283.0,0.0,373.0,0.27235772357723576,246.0,0.0006313131313131314,1584.0,0.007767144712774741,3.606060606060606,0.0,22.0,0.0,85.0,1.0,1.0,0.0,3.0,0.0046934188549551305,1.2981074924723948,0.0028607862613044405,4.76377924215009
taproot|thin|0,taproot,thin,0,blob,0.01,0.046875,0.9911504424778761,True,0.017857142857142856,5712.0,0.15448125852059494,65283.0,0.0,373.0,0.2886178861788618,246.0,0.004419191919191919,1584.0,0.013378827332315671,3.606060606060606,0.18181818181818182,22.0,0.0,85.0,2.0,1.0,0.0,3.0,0.0036712197342985,1.2981074924723948,0.010118853531337854,4.76377924215009
taproot|thin|0,taproot,thin,0,blob,0.02,0.046875,0.9802642869401064,True,0.040266106442577033,5712.0,0.03941301717139225,65283.0,0.0,373.0,0.09349593495934959,246.0,0.0012626262626262627,1584.0,0.03895429546345658,3.606060606060606,0.0,22.0,0.0,85.0,2.0,1.0,0.0,3.0,0.0017833794390638012,1.2981074924723948,0.030980344492109638,4.76377924215009
taproot|thin|0,taproot,thin,0,blob,0.05,0.11249999999972715,0.961211611274716,True,0.08070728291316527,5712.0,0.08288528407089135,65283.0,0.0,373.0,0.13821138211382114,246.0,0.003787878787878788,1584.0,0.07662914222292691,3.606060606060606,0.0,22.0,0.058823529411764705,85.0,2.0,1.0,0.3333333333333333,3.0,0.0018392200761412664,1.2981074924723948,0.009401575126232976,4.76377924215009
taproot|thin|0,taproot,thin,0,blob,0.1,0.36249999999881766,0.9060195098738996,True,0.20745798319327732,5712.0,0.35292495749276226,65283.0,0.0,373.0,0.2886178861788618,246.0,0.022727272727272728,1584.0,0.18062558356675998,3.606060606060606,0.2727272727272727,22.0,0.1411764705882353,85.0,10.0,1.0,0.6666666666666666,3.0,0.0013515714538258122,1.2981074924723948,0.07663637163098702,4.76377924215009
taproot|thin|0,taproot,thin,0,blob,0.2,0.8624999999997272,0.8079779333757692,True,0.47531512605042014,5712.0,1.0022670526783388,65283.0,0.029490616621983913,373.0,0.5609756097560976,246.0,0.052398989898989896,1584.0,0.40185912397352463,3.606060606060606,0.9090909090909091,22.0,0.09411764705882353,85.0,30.0,1.0,0.0,3.0,0.014071425058012479,1.2981074924723948,0.20427912359299297,4.76377924215009
taproot|thin|1,taproot,thin,1,boundary_erode,0.005,-0.0234375,0.9935197514425211,True,0.012877050626212735,5669.0,0.0,67523.0,0.0,384.0,0.0,229.0,0.0006289308176100629,1590.0,0.013497492454857417,3.5654088050314465,0.0,22.0,0.0,87.0,0.0,1.0,0.0,2.0,0.000758467774091924,1.3060060497733206,0.0030764980333713096,4.801261939874578
taproot|thin|1,taproot,thin,1,boundary_erode,0.01,-0.03515625,0.9902929913616528,True,0.019227376962427236,5669.0,0.0,67523.0,0.0,384.0,0.0,229.0,0.0018867924528301887,1590.0,0.02107440638434356,3.5654088050314465,0.0,22.0,0.0,87.0,0.0,1.0,0.0,2.0,0.0006939889067749617,1.3060060497733206,0.0029881857399552385,4.801261939874578
taproot|thin|1,taproot,thin,1,boundary_erode,0.02,-0.0703125,0.9803956834532375,True,0.03845475392485447,5669.0,0.0,67523.0,0.0,384.0,0.0,229.0,0.00440251572327044,1590.0,0.04266941686945434,3.5654088050314465,0.0,22.0,0.034482758620689655,87.0,0.0,1.0,0.0,2.0,0.002848752520191883,1.3060060497733206,0.006503789231887212,4.801261939874578
taproot|thin|1,taproot,thin,1,boundary_erode,0.05,-0.17578125,0.9494069681245367,True,0.09631328276591991,5669.0,0.0026065192601039647,67523.0,0.0,384.0,0.0,229.0,0.016981132075471698,1590.0,0.11140267136537585,3.5654088050314465,0.0,22.0,0.04597701149425287,87.0,0.0,1.0,0.0,2.0,0.006854441360251669,1.3060060497733206,0.015893351989676768,4.801261939874578
taproot|thin|1,taproot,thin,1,boundary_erode,0.1,-0.328125,0.901250121135769,True,0.1797495149056271,5669.0,0.0019104601395080194,67523.0,0.0026041666666666665,384.0,0.0,229.0,0.015723270440251572,1590.0,0.19244689083588057,3.5654088050314465,0.13636363636363635,22.0,0.09195402298850575,87.0,1.0,1.0,0.5,2.0,0.01489982278089174,1.3060060497733206,0.03643802557906457,4.801261939874578
taproot|thin|1,taproot,thin,1,boundary_erode,0.2,-0.609375,0.7995764955002647,True,0.33392132651261247,5669.0,0.006634776298446455,67523.0,0.0026041666666666665,384.0,0.008733624454148471,229.0,0.03018867924528302,1590.0,0.3534401154792759,3.5654088050314465,0.045454545454545456,22.0,0.5172413793103449,87.0,2.0,1.0,0.5,2.0,0.03451219475142752,1.3060060497733206,0.092724910625199,4.801261939874578
taproot|thin|1,taproot,thin,1,boundary_dilate,0.005,0.0234375,0.9936026640960477,True,0.012877050626212735,5669.0,0.0,67523.0,0.0,384.0,0.0,229.0,0.011320754716981131,1590.0,0.0015388746863670545,3.5654088050314465,0.18181818181818182,22.0,0.2413793103448276,87.0,0.0,1.0,0.0,2.0,0.0034101402559625826,1.3060060497733206,0.0034374258385814166,4.801261939874578
taproot|thin|1,taproot,thin,1,boundary_dilate,0.01,0.03515625,0.9904778544596837,True,0.019227376962427236,5669.0,0.0014365475467618442,67523.0,0.0,384.0,0.004366812227074236,229.0,0.01509433962264151,1590.0,0.004071579535476675,3.5654088050314465,0.09090909090909091,22.0,0.1839080459770115,87.0,0.0,1.0,0.5,2.0,0.00467941948513781,1.3060060497733206,0.003317786070848642,4.801261939874578
taproot|thin|1,taproot,thin,1,boundary_dilate,0.02,0.0703125,0.981135340948425,True,0.03845475392485447,5669.0,4.442930556995394e-05,67523.0,0.0,384.0,0.0,229.0,0.02389937106918239,1590.0,0.0142156380470016,3.5654088050314465,0.2727272727272727,22.0,0.4827586206896552,87.0,0.0,1.0,0.0,2.0,0.008523735736433093,1.3060060497733206,0.00931466921431686,4.801261939874578
taproot|thin|1,taproot,thin,1,boundary_dilate,0.05,0.1875,0.9513341164624937,True,0.10231081319456695,5669.0,0.0009033958799223969,67523.0,0.0,384.0,0.0,229.0,0.0440251572327044,1590.0,0.05582782709600087,3.5654088050314465,0.7727272727272727,22.0,0.9195402298850575,87.0,0.0,1.0,1.5,2.0,0.01964876415320973,1.3060060497733206,0.016478142751951308,4.801261939874578
taproot|thin|1,taproot,thin,1,boundary_dilate,0.1,0.41015625,0.8993416355992703,True,0.22384900335156113,5669.0,0.0063385809279800955,67523.0,0.0,384.0,0.0,229.0,0.07484276729559748,1590.0,0.13863072868869647,3.5654088050314465,0.6818181818181818,22.0,1.2298850574712643,87.0,0.0,1.0,4.0,2.0,0.034208753495267016,1.3060060497733206,0.03754066576295964,4.801261939874578
taproot|thin|1,taproot,thin,1,boundary_dilate,0.2,0.9140625,0.8003105809275076,True,0.49902981125418944,5669.0,0.011818195281607748,67523.0,0.0,384.0,0.008733624454148471,229.0,0.0006289308176100629,1590.0,0.49997319061935896,3.5654088050314465,0.045454545454545456,22.0,0.011494252873563218,87.0,0.0,1.0,0.5,2.0,0.057777814268038,1.3060060497733206,0.0630479079554278,4.801261939874578
taproot|thin|1,taproot,thin,1,junction_break,0.005,0.0234375,0.9951254099087122,True,0.009701887458105485,5669.0,0.0,67523.0,0.0,384.0,0.0,229.0,0.0037735849056603774,1590.0,0.00595075824393166,3.5654088050314465,0.2727272727272727,22.0,0.022988505747126436,87.0,3.0,1.0,0.0,2.0,0.0006120832289368423,1.3060060497733206,0.006353869963186134,4.801261939874578
taproot|thin|1,taproot,thin,1,junction_break,0.01,0.0625,0.9895731218251492,True,0.020638560592697124,5669.0,0.0,67523.0,0.0,384.0,0.0,229.0,0.009433962264150943,1590.0,0.011311308788817996,3.5654088050314465,0.5909090909090909,22.0,0.05747126436781609,87.0,8.0,1.0,0.5,2.0,0.0019650335613321567,1.3060060497733206,0.00464333561060343,4.801261939874578
taproot|thin|1,taproot,thin,1,junction_break,0.02,0.109375,0.9791103907797587,True,0.04092432527782678,5669.0,0.0,67523.0,0.0,384.0,0.0,229.0,0.03018867924528302,1590.0,0.011069829566630746,3.5654088050314465,1.3636363636363635,22.0,0.28735632183908044,87.0,17.0,1.0,0.5,2.0,0.003507711380097011,1.3060060497733206,0.015557290261430198,4.801261939874578
taproot|thin|1,taproot,thin,1,junction_break,0.05,0.375,0.9513503514613393,True,0.0927853236902452,5669.0,0.0,67523.0,0.0,384.0,0.0,229.0,0.07421383647798742,1590.0,0.02006023414910998,3.5654088050314465,2.590909090909091,22.0,0.4827586206896552,87.0,33.0,1.0,1.0,2.0,0.009238067888965711,1.3060060497733206,0.03249664004675765,4.801261939874578
taproot|thin|1,taproot,thin,1,junction_break,0.1,,,False,,,,,,,,,,,,,,,,,,,,,,,,
taproot|thin|1,taproot,thin,1,junction_break,0.2,,,False,,,,,,,,,,,,,,,,,,,,,,,,
taproot|thin|1,taproot,thin,1,thin_dropout,0.005,0.028125,0.995748449955713,True,0.008467101781619333,5669.0,0.0,67523.0,0.0,384.0,0.0,229.0,0.010062893081761006,1590.0,0.001612012812722517,3.5654088050314465,0.045454545454545456,22.0,0.04597701149425287,87.0,0.0,1.0,0.0,2.0,0.002458760859013752,1.3060060497733206,0.004786027355816178,4.801261939874578
taproot|thin|1,taproot,thin,1,thin_dropout,0.01,0.05625,0.9906525416184456,True,0.018521785147292292,5669.0,0.0,67523.0,0.0,384.0,0.0,229.0,0.021383647798742137,1590.0,0.002924396925324696,3.5654088050314465,0.09090909090909091,22.0,0.06896551724137931,87.0,0.0,1.0,0.0,2.0,0.005228497196151595,1.3060060497733206,0.01280757336338063,4.801261939874578
taproot|thin|1,taproot,thin,1,thin_dropout,0.02,0.1125,0.9794779477947795,True,0.040218733462691836,5669.0,0.016453652829406275,67523.0,0.0,384.0,0.0,229.0,0.0509433962264151,1590.0,0.011300340486626889,3.5654088050314465,0.22727272727272727,22.0,0.1839080459770115,87.0,0.0,1.0,0.0,2.0,0.00928797475274321,1.3060060497733206,0.026988427516141212,4.801261939874578
taproot|thin|1,taproot,thin,1,thin_dropout,0.05,0.15853658536557297,0.957712814855672,True,0.08114305874051861,5669.0,0.016453652829406275,67523.0,0.0,384.0,0.0,229.0,0.09937106918238994,1590.0,0.020239201538111356,3.5654088050314465,0.22727272727272727,22.0,0.27586206896551724,87.0,1.0,1.0,0.0,2.0,0.018607854301404884,1.3060060497733206,0.07418689174190964,4.801261939874578
taproot|thin|1,taproot,thin,1,thin_dropout,0.1,0.20731707317067966,0.9192641311600419,True,0.1494090668548245,5669.0,0.016453652829406275,67523.0,0.0,384.0,0.0,229.0,0.1710691823899371,1590.0,0.026130184901994792,3.5654088050314465,0.13636363636363635,22.0,0.3793103448275862,87.0,3.0,1.0,0.0,2.0,0.03882858060935805,1.3060060497733206,0.15443501083087832,4.801261939874578
taproot|thin|1,taproot,thin,1,thin_dropout,0.2,0.40243902439028717,0.7834763948497854,True,0.3559710707355795,5669.0,0.03804629533640389,67523.0,0.0,384.0,0.026200873362445413,229.0,0.4037735849056604,1590.0,0.08017510288019902,3.5654088050314465,0.13636363636363635,22.0,0.6896551724137931,87.0,7.0,1.0,0.0,2.0,0.10097396529445674,1.3060060497733206,0.5298518779048156,4.801261939874578
taproot|thin|1,taproot,thin,1,speckle,0.005,0.000390625,0.9951724743263407,True,0.009701887458105485,5669.0,0.6914532825851932,67523.0,0.0,384.0,0.5938864628820961,229.0,0.033962264150943396,1590.0,0.023463503005846858,3.5654088050314465,0.0,22.0,0.0,87.0,54.0,1.0,0.0,2.0,0.06724498951386923,1.3060060497733206,0.014571788493391856,4.801261939874578
taproot|thin|1,taproot,thin,1,speckle,0.01,0.00078125,0.9903048301161673,True,0.019580172869994708,5669.0,1.0206744368585519,67523.0,0.0,384.0,0.6724890829694323,229.0,0.06981132075471698,1590.0,0.046953277564202506,3.5654088050314465,0.045454545454545456,22.0,0.034482758620689655,87.0,109.0,1.0,0.0,2.0,0.08442368482083147,1.3060060497733206,0.028945983155992755,4.801261939874578
taproot|thin|1,taproot,thin,1,speckle,0.02,0.0015625,0.980795847750865,True,0.039160345739989416,5669.0,1.0619788812700857,67523.0,0.0,384.0,0.6681222707423581,229.0,0.13962264150943396,1590.0,0.08815400125464501,3.5654088050314465,0.045454545454545456,22.0,0.034482758620689655,87.0,220.0,1.0,0.0,2.0,0.06929356964140271,1.3060060497733206,0.05887141966329199,4.801261939874578
taproot|thin|1,taproot,thin,1,speckle,0.05,0.004296875,0.9490248597974387,True,0.10742635385429529,5669.0,1.1361758215719089,67523.0,0.0,384.0,0.6681222707423581,229.0,0.3805031446540881,1590.0,0.19780961155884758,3.5654088050314465,1.5454545454545454,22.0,0.16091954022988506,87.0,580.0,1.0,0.0,2.0,0.005770525532973043,1.3060060497733206,0.14579868091898912,4.801261939874578
taproot|thin|1,taproot,thin,1,speckle,0.1,0.008984375000000001,0.8989850935616873,True,0.2247309931204798,5669.0,1.1604786517186736,67523.0,0.0,384.0,0.6768558951965066,229.0,0.7968553459119497,1590.0,0.31840312248457714,3.5654088050314465,4.409090909090909,22.0,0.5517241379310345,87.0,1188.0,1.0,0.0,2.0,0.0783608016081637,1.3060060497733206,0.2517534119759888,4.801261939874578
taproot|thin|1,taproot,thin,1,speckle,0.2,0.019921875000000006,0.8005366094753936,True,0.4983242194390545,5669.0,1.1684611169527421,67523.0,0.0,384.0,0.6768558951965066,229.0,1.7622641509433963,1590.0,0.45757388230689966,3.5654088050314465,19.0,22.0,1.0574712643678161,87.0,2522.0,1.0,0.0,2.0,0.1972525309710168,1.3060060497733206,0.4342514730359992,4.801261939874578
taproot|thin|1,taproot,thin,1,blob,0.005,1.3642420526593924e-12,0.9871147483893435,True,0.026106897159992943,5669.0,0.0,67523.0,0.0,384.0,0.0,229.0,0.005660377358490566,1590.0,0.02033143620036816,3.5654088050314465,0.045454545454545456,22.0,0.034482758620689655,87.0,0.0,1.0,0.0,2.0,0.004611827966659958,1.3060060497733206,0.023714445812455427,4.801261939874578
taproot|thin|1,taproot,thin,1,blob,0.01,1.3642420526593924e-12,0.9870288151823801,True,0.02628329511377668,5669.0,0.08188321016542512,67523.0,0.0,384.0,0.18340611353711792,229.0,0.0006289308176100629,1590.0,0.02563823961716212,3.5654088050314465,0.0,22.0,0.0,87.0,1.0,1.0,0.0,2.0,0.0007388914377529971,1.3060060497733206,0.01853934339337269,4.801261939874578
taproot|thin|1,taproot,thin,1,blob,0.02,0.0703125,0.9786793267155804,True,0.04357029458458282,5669.0,0.30822090250729384,67523.0,0.0,384.0,0.462882096069869,229.0,0.0018867924528301887,1590.0,0.041605002127738065,3.5654088050314465,0.0,22.0,0.0,87.0,3.0,1.0,0.0,2.0,0.0052421720836523964,1.3060060497733206,0.028222667989393227,4.801261939874578
taproot|thin|1,taproot,thin,1,blob,0.05,0.11249999999972715,0.9516535168709082,True,0.101605221379432,5669.0,0.3981458169808806,67523.0,0.0,384.0,0.4890829694323144,229.0,0.0025157232704402514,1590.0,0.09884084190294666,3.5654088050314465,0.0,22.0,0.0,87.0,4.0,1.0,0.0,2.0,0.02157264427816066,1.3060060497733206,0.0497811516772754,4.801261939874578
taproot|thin|1,taproot,thin,1,blob,0.1,0.3984375,0.9006990784874483,True,0.22049744222967013,5669.0,0.3647645987293219,67523.0,0.0,384.0,0.4978165938864629,229.0,0.030817610062893082,1590.0,0.18400911113189472,3.5654088050314465,0.5,22.0,0.12643678160919541,87.0,12.0,1.0,0.5,2.0,0.004888286674671604,1.3060060497733206,0.07627798789204339,4.801261939874578
taproot|thin|1,taproot,thin,1,blob,0.2,0.65625,0.800480090369952,True,0.49850061739283824,5669.0,0.6410112109947722,67523.0,0.0,384.0,0.6506550218340611,229.0,0.04339622641509434,1590.0,0.43617599858626444,3.5654088050314465,0.7272727272727273,22.0,0.08045977011494253,87.0,19.0,1.0,0.0,2.0,0.01636957155786939,1.3060060497733206,0.16810392260371526,4.801261939874578
taproot|medium|0,taproot,medium,0,boundary_erode,0.005,-0.0234375,0.9960518267252405,True,0.00786529300985931,9027.0,0.0,65651.0,0.0,373.0,0.0,246.0,0.0006317119393556538,1583.0,0.008491640678413669,5.702463676563487,0.0,21.0,0.011904761904761904,84.0,0.0,1.0,0.0,3.0,0.0005308220283377642,1.3916196797684108,0.004585654500659807,5.258716189021739
taproot|medium|0,taproot,medium,0,boundary_erode,0.01,-0.05859375,0.9900990099009901,True,0.0196078431372549,9027.0,0.0005788182967510015,65651.0,0.0,373.0,0.0,246.0,0.00505369551484523,1583.0,0.02453753342946219,5.702463676563487,0.0,21.0,0.047619047619047616,84.0,0.0,1.0,0.0,3.0,0.0016280459878557996,1.3916196797684108,0.007930174699415083,5.258716189021739
taproot|medium|0,taproot,medium,0,boundary_erode,0.02,-0.1171875,0.98,True,0.0392156862745098,9027.0,0.0032596609343345873,65651.0,0.0,373.0,0.0,246.0,0.012634238787113077,1583.0,0.05120301395667429,5.702463676563487,0.047619047619047616,21.0,0.023809523809523808,84.0,0.0,1.0,0.3333333333333333,3.0,0.003190841655913784,1.3916196797684108,0.019032656066079904,5.258716189021739
taproot|medium|0,taproot,medium,0,boundary_erode,0.05,-0.28125,0.9506538796861378,True,0.09405117979395147,9027.0,0.0028331632419917444,65651.0,0.0,373.0,0.0040650406504065045,246.0,0.029058749210360075,1583.0,0.11963352830805712,5.702463676563487,0.19047619047619047,21.0,0.27380952380952384,84.0,0.0,1.0,0.3333333333333333,3.0,0.008690799379021414,1.3916196797684108,0.04889893916260947,5.258716189021739
taproot|medium|0,taproot,medium,0,boundary_erode,0.1,-0.5390625,0.9008888347741386,True,0.1803478453528304,9027.0,0.001507973983640767,65651.0,0.0,373.0,0.0,246.0,0.05432722678458623,1583.0,0.22258276764142038,5.702463676563487,0.6190476190476191,21.0,0.5714285714285714,84.0,0.0,1.0,1.0,3.0,0.02007672175126712,1.3916196797684108,0.11438805217614162,5.258716189021739
taproot|medium|0,taproot,medium,0,boundary_erode,0.2,-0.99609375,0.800079755416722,True,0.3332225545585466,9027.0,0.014729402446268906,65651.0,0.005361930294906166,373.0,0.008130081300813009,246.0,0.0,1583.0,0.33322255455854655,5.702463676563487,0.047619047619047616,21.0,0.09523809523809523,84.0,0.0,1.0,1.0,3.0,0.05705653772899645,1.3916196797684108,0.2939151621707046,5.258716189021739
taproot|medium|0,taproot,medium,0,boundary_dilate,0.005,0.0234375,0.9960827586206896,True,0.00786529300985931,9027.0,0.0008986915660081339,65651.0,0.0,373.0,0.0,246.0,0.006317119393556538,1583.0,0.0015384550123083791,5.702463676563487,0.09523809523809523,21.0,0.07142857142857142,84.0,0.0,1.0,0.0,3.0,0.0020101855259273605,1.3916196797684108,0.0045638869175268935,5.258716189021739
taproot|medium|0,taproot,medium,0,boundary_dilate,0.01,0.05859375,0.990345584201865,True,0.01949706436246815,9027.0,0.0003808015110203957,65651.0,0.0,373.0,0.0,246.0,0.015161086544535692,1583.0,0.004271221459730631,5.702463676563487,0.2857142857142857,21.0,0.39285714285714285,84.0,0.0,1.0,0.6666666666666666,3.0,0.006411156917458867,1.3916196797684108,0.01199138940964062,5.258716189021739
taproot|medium|0,taproot,medium,0,boundary_dilate,0.02,0.1171875,0.9808225131743359,True,0.039104907499723056,9027.0,0.0034576777200651934,65651.0,0.002680965147453083,373.0,0.0,246.0,0.04485154769425142,1583.0,0.005499958541679835,5.702463676563487,0.6190476190476191,21.0,0.8452380952380952,84.0,0.0,1.0,1.3333333333333333,3.0,0.009857408751872375,1.3916196797684108,0.01929387969213955,5.258716189021739
taproot|medium|0,taproot,medium,0,boundary_dilate,0.05,0.31640625,0.9499105545617174,True,0.10546139359698682,9027.0,0.0034576777200651934,65651.0,0.002680965147453083,373.0,0.0,246.0,0.06885660138976626,1583.0,0.03424668207093988,5.702463676563487,1.0476190476190477,21.0,1.3452380952380953,84.0,0.0,1.0,2.3333333333333335,3.0,0.023022498502088633,1.3916196797684108,0.04889756162564509,5.258716189021739
taproot|medium|0,taproot,medium,0,boundary_dilate,0.1,0.65625,0.9013929801787408,True,0.21878808020383295,9027.0,0.009367717171101735,65651.0,0.002680965147453083,373.0,0.008130081300813009,246.0,0.07012002526847758,1583.0,0.1389265235907129,5.702463676563487,0.9523809523809523,21.0,1.3333333333333333,84.0,0.0,1.0,2.6666666666666665,3.0,0.03672947327134413,1.3916196797684108,0.08567905317279466,5.258716189021739
taproot|medium|0,taproot,medium,0,boundary_dilate,0.2,1.5,0.8010115799281246,True,0.4968428049185776,9027.0,0.020502353353338106,65651.0,0.005361930294906166,373.0,0.012195121951219513,246.0,0.09475679090334807,1583.0,0.3672834161489374,5.702463676563487,1.0,21.0,1.7380952380952381,84.0,0.0,1.0,5.333333333333333,3.0,0.06893243234393648,1.3916196797684108,0.15483975966604835,5.258716189021739
taproot|medium|0,taproot,medium,0,junction_break,0.005,0.046875,0.9943181818181818,True,0.011299435028248588,9027.0,0.0,65651.0,0.0,373.0,0.0,246.0,0.00505369551484523,1583.0,0.016270902356830624,5.702463676563487,0.19047619047619047,21.0,0.011904761904761904,84.0,2.0,1.0,0.0,3.0,0.0010962622000303217,1.3916196797684108,0.002227000226584369,5.258716189021739
taproot|medium|0,taproot,medium,0,junction_break,0.01,0.09375,0.9892509237487404,True,0.021269524759056163,9027.0,0.0,65651.0,0.0,373.0,0.0,246.0,0.014529374605180037,1583.0,0.03528621276063884,5.702463676563487,0.2857142857142857,21.0,0.011904761904761904,84.0,4.0,1.0,0.6666666666666666,3.0,0.0015355009205284594,1.3916196797684108,0.007008107504495261,5.258716189021739
taproot|medium|0,taproot,medium,0,junction_break,0.02,0.1875,0.9802304563940353,True,0.0387725711753628,9027.0,0.0,65651.0,0.0,373.0,0.0,246.0,0.020846493998736577,1583.0,0.058401596640222264,5.702463676563487,0.9523809523809523,21.0,0.05952380952380952,84.0,13.0,1.0,1.0,3.0,0.0028278461127751045,1.3916196797684108,0.01062278143872902,5.258716189021739
taproot|medium|0,taproot,medium,0,junction_break,0.05,,,False,,,,,,,,,,,,,,,,,,,,,,,,
taproot|medium|0,taproot,medium,0,junction_break,0.1,,,False,,,,,,,,,,,,,,,,,,,,,,,,
taproot|medium|0,taproot,medium,0,junction_break,0.2,,,False,,,,,,,,,,,,,,,,,,,,,,,,
taproot|medium|0,taproot,medium,0,thin_dropout,0.005,0.012195121951071995,1.0,True,0.0,9027.0,0.0,65651.0,0.0,373.0,0.0,246.0,0.0,1583.0,0.0,5.702463676563487,0.0,21.0,0.0,84.0,0.0,1.0,0.0,3.0,0.0,1.3916196797684108,0.0,5.258716189021739
taproot|medium|0,taproot,medium,0,thin_dropout,0.01,0.05625,0.9895903290799194,True,0.02060485211033566,9027.0,0.0,65651.0,0.0,373.0,0.0,246.0,0.03853442830069488,1583.0,0.018648172870787575,5.702463676563487,0.09523809523809523,21.0,0.07142857142857142,84.0,0.0,1.0,0.0,3.0,0.0036874477356597588,1.3916196797684108,0.030567173897700636,5.258716189021739
taproot|medium|0,taproot,medium,0,thin_dropout,0.02,0.1125,0.9799423696254026,True,0.03932646504929656,9027.0,0.007844511127020152,65651.0,0.0,373.0,0.0,246.0,0.07075173720783323,1583.0,0.033817950936073135,5.702463676563487,0.23809523809523808,21.0,0.17857142857142858,84.0,0.0,1.0,0.0,3.0,0.0014639494164644259,1.3916196797684108,0.05744463735917357,5.258716189021739
taproot|medium|0,taproot,medium,0,thin_dropout,0.05,0.25609756097578606,0.9480859989512324,True,0.09870388833499502,9027.0,0.12801023594461622,65651.0,0.0,373.0,0.15853658536585366,246.0,0.1819330385344283,1583.0,0.10173879904687493,5.702463676563487,0.42857142857142855,21.0,0.34523809523809523,84.0,0.0,1.0,0.3333333333333333,3.0,0.005041538784434528,1.3916196797684108,0.15706997240502088,5.258716189021739
taproot|medium|0,taproot,medium,0,thin_dropout,0.1,0.45121951219539375,0.8904185360457255,True,0.19751855544477678,9027.0,0.2776195335943093,65651.0,0.0,373.0,0.23170731707317074,246.0,0.3404927353126974,1583.0,0.21678939342042,5.702463676563487,0.42857142857142855,21.0,0.44047619047619047,84.0,1.0,1.0,0.3333333333333333,3.0,0.017284587124308387,1.3916196797684108,0.36096325104452903,5.258716189021739
taproot|medium|0,taproot,medium,0,thin_dropout,0.2,0.5487804878047882,0.8233837330552659,True,0.30021047967209485,9027.0,0.2776195335943093,65651.0,0.0,373.0,0.23170731707317074,246.0,0.4497789008212255,1583.0,0.27183330732385064,5.702463676563487,0.2857142857142857,21.0,0.5833333333333334,84.0,4.0,1.0,0.3333333333333333,3.0,0.050751401102602164,1.3916196797684108,0.5832429317614298,5.258716189021739
taproot|medium|0,taproot,medium,0,speckle,0.005,0.00078125,0.9940535183349851,True,0.011964107676969093,9027.0,1.022573913573289,65651.0,0.0160857908847185,373.0,0.5609756097560976,246.0,0.06696146557169931,1583.0,0.05154577711507278,5.702463676563487,0.0,21.0,0.0,84.0,106.0,1.0,0.0,3.0,0.07570324741566953,1.3916196797684108,0.019310628944427127,5.258716189021739
taproot|medium|0,taproot,medium,0,speckle,0.01,0.0011718750000000002,0.991106719367589,True,0.01794616151545364,9027.0,1.0376688854701375,65651.0,0.02680965147453083,373.0,0.5365853658536586,246.0,0.09917877447883765,1583.0,0.0739030036327798,5.702463676563487,0.09523809523809523,21.0,0.047619047619047616,84.0,153.0,1.0,0.0,3.0,0.08033716672263921,1.3916196797684108,0.026230019981990184,5.258716189021739
taproot|medium|0,taproot,medium,0,speckle,0.02,0.0027343750000000003,0.9794390495307329,True,0.041985155644178575,9027.0,1.1902636669662305,65651.0,0.029490616621983913,373.0,0.5609756097560976,246.0,0.23941882501579279,1583.0,0.15929536116986,5.702463676563487,0.42857142857142855,21.0,0.13095238095238096,84.0,368.0,1.0,0.0,3.0,0.05008518013713853,1.3916196797684108,0.06171394885009917,5.258716189021739
taproot|medium|0,taproot,medium,0,speckle,0.05,0.00703125,0.9488621432700899,True,0.10778774786750858,9027.0,1.2029976694947526,65651.0,0.029490616621983913,373.0,0.556910569105691,246.0,0.6140240050536955,1583.0,0.31364853038189194,5.702463676563487,4.0,21.0,0.4642857142857143,84.0,906.0,1.0,0.3333333333333333,3.0,0.020831119865851015,1.3916196797684108,0.1487471845656775,5.258716189021739
taproot|medium|0,taproot,medium,0,speckle,0.1,0.014453125,0.900224382946896,True,0.22166832834828848,9027.0,1.230171665321168,65651.0,0.029490616621983913,373.0,0.5609756097560976,246.0,1.2596336070751737,1583.0,0.45935114236082175,5.702463676563487,10.952380952380953,21.0,0.5357142857142857,84.0,1840.0,1.0,0.0,3.0,0.10340328755521692,1.3916196797684108,0.26774757370975294,5.258716189021739
taproot|medium|0,taproot,medium,0,speckle,0.2,0.0328125,0.7989909718534254,True,0.5031571950814224,9027.0,1.2400420404868167,65651.0,0.029490616621983913,373.0,0.5609756097560976,246.0,2.8566013897662668,1583.0,0.6102378640763486,5.702463676563487,45.333333333333336,21.0,2.142857142857143,84.0,3843.0,1.0,1.3333333333333333,3.0,0.21172146609168072,1.3916196797684108,0.45370129524687863,5.258716189021739
taproot|medium|0,taproot,medium,0,blob,0.005,1.3642420526593924e-12,0.9918145360654838,True,0.016506037443225877,9027.0,0.06674688885165496,65651.0,0.0,373.0,0.15040650406504066,246.0,0.0006317119393556538,1583.0,0.015864303833728985,5.702463676563487,0.0,21.0,0.0,84.0,1.0,1.0,0.0,3.0,0.004724158129803157,1.3916196797684108,0.02068380920183879,5.258716189021739
taproot|medium|0,taproot,medium,0,blob,0.01,0.046875,0.9891518737672583,True,0.02193419740777667,9027.0,0.03631323209090494,65651.0,0.0,373.0,0.0,246.0,0.0012634238787113076,1583.0,0.020644690534076082,5.702463676563487,0.0,21.0,0.0,84.0,2.0,1.0,0.0,3.0,0.0061511828584698775,1.3916196797684108,0.029597772908587887,5.258716189021739
taproot|medium|0,taproot,medium,0,blob,0.02,0.06250000000045475,0.977212449255751,True,0.04663786418522211,9027.0,0.01939041294115855,65651.0,0.00804289544235925,373.0,0.0,246.0,0.014529374605180037,1583.0,0.031648654424163626,5.702463676563487,0.09523809523809523,21.0,0.08333333333333333,84.0,0.0,1.0,0.0,3.0,0.009238618106774203,1.3916196797684108,0.018074322114537293,5.258716189021739
taproot|medium|0,taproot,medium,0,blob,0.05,0.28749999999990905,0.954682459943948,True,0.09493740999224548,9027.0,0.29381121384289655,65651.0,0.02680965147453083,373.0,0.11788617886178862,246.0,0.013897662665824383,1583.0,0.07992892212942354,5.702463676563487,0.23809523809523808,21.0,0.09523809523809523,84.0,8.0,1.0,0.3333333333333333,3.0,0.00841430399132184,1.3916196797684108,0.07401487917921203,5.258716189021739
taproot|medium|0,taproot,medium,0,blob,0.1,0.4453125,0.8999551368326604,True,0.22233300099700898,9027.0,0.46724345402202555,65651.0,0.0,373.0,0.3089430894308943,246.0,0.014529374605180037,1583.0,0.2048276093264417,5.702463676563487,0.19047619047619047,21.0,0.10714285714285714,84.0,11.0,1.0,0.3333333333333333,3.0,0.012499352942176021,1.3916196797684108,0.15290106591174993,5.258716189021739
taproot|medium|0,taproot,medium,0,blob,0.2,1.2421875,0.7995571302037201,True,0.5013847346848344,9027.0,0.904388356612999,65651.0,0.029490616621983913,373.0,0.5284552845528455,246.0,0.10612760581174985,1583.0,0.35733411479502736,5.702463676563487,1.1904761904761905,21.0,0.6190476190476191,84.0,37.0,1.0,2.0,3.0,0.01791258975121117,1.3916196797684108,0.31912992303705234,5.258716189021739
taproot|medium|1,taproot,medium,1,boundary_erode,0.005,-0.0234375,0.9960632104241752,True,0.007842704075996907,9053.0,0.0,67821.0,0.0,384.0,0.0,229.0,0.0,1594.0,0.007842704075996956,5.679422835633626,0.0,22.0,0.0,87.0,0.0,1.0,0.0,2.0,0.0004012877339669893,1.39145888296393,0.003599567810606328,5.297972028393921
taproot|medium|1,taproot,medium,1,boundary_erode,0.01,-0.05859375,0.9901277260304534,True,0.019551529879597924,9053.0,0.00013270226036183483,67821.0,0.0,384.0,0.0,229.0,0.0037641154328732747,1594.0,0.023228211642549366,5.679422835633626,0.0,22.0,0.022988505747126436,87.0,0.0,1.0,0.0,2.0,0.001061016938600001,1.39145888296393,0.0077099801794397686,5.297972028393921
taproot|medium|1,taproot,medium,1,boundary_erode,0.02,-0.1171875,0.9800011266970875,True,0.03921352037998454,9053.0,0.0011205968652777164,67821.0,0.0,384.0,0.0,229.0,0.0056461731493099125,1594.0,0.04460782999731468,5.679422835633626,0.045454545454545456,22.0,0.04597701149425287,87.0,0.0,1.0,0.0,2.0,0.0028793320838499856,1.39145888296393,0.01996798971286764,5.297972028393921
taproot|medium|1,taproot,medium,1,boundary_erode,0.05,-0.28125,0.9506201460530891,True,0.09411244891196288,9053.0,0.003671429203344097,67821.0,0.0,384.0,0.0,229.0,0.028230865746549563,1594.0,0.11898428527496566,5.679422835633626,0.18181818181818182,22.0,0.25287356321839083,87.0,0.0,1.0,0.5,2.0,0.007753079684354412,1.39145888296393,0.05143426810389163,5.297972028393921
taproot|medium|1,taproot,medium,1,boundary_erode,0.1,-0.5390625,0.9009348063615394,True,0.18027173312714018,9053.0,0.005440792674835228,67821.0,0.0,384.0,0.004366812227074236,229.0,0.037641154328732745,1594.0,0.2100079459520323,5.679422835633626,0.3181818181818182,22.0,0.5632183908045977,87.0,1.0,1.0,0.0,2.0,0.018597492470174806,1.39145888296393,0.111515908058548,5.297972028393921
taproot|medium|1,taproot,medium,1,boundary_erode,0.2,-0.99609375,0.8001325381047051,True,0.33314923229868554,9053.0,0.017266038542634286,67821.0,0.005208333333333333,384.0,0.008733624454148471,229.0,0.003136762860727729,1594.0,0.33105089759855555,5.679422835633626,0.0,22.0,0.08045977011494253,87.0,0.0,1.0,0.5,2.0,0.05502746696179621,1.39145888296393,0.28915984231275493,5.297972028393921
taproot|medium|1,taproot,medium,1,boundary_dilate,0.005,0.0234375,0.9960939649006987,True,0.007842704075996907,9053.0,0.00026540452072366965,67821.0,0.0,384.0,0.0,229.0,0.0012547051442910915,1594.0,0.006579743293946808,5.679422835633626,0.09090909090909091,22.0,0.022988505747126436,87.0,0.0,1.0,0.5,2.0,0.0035361495273140272,1.39145888296393,0.004393695208104888,5.297972028393921
taproot|medium|1,taproot,medium,1,boundary_dilate,0.01,0.05859375,0.9903730445246691,True,0.019441069258809233,9053.0,0.002727768685215494,67821.0,0.0,384.0,0.0,229.0,0.010037641154328732,1594.0,0.009309977887293193,5.679422835633626,0.09090909090909091,22.0,0.10344827586206896,87.0,0.0,1.0,0.0,2.0,0.006630212889063932,1.39145888296393,0.00896699588892218,5.297972028393921
taproot|medium|1,taproot,medium,1,boundary_dilate,0.02,0.1171875,0.9808765371905304,True,0.03899259913840716,9053.0,0.002359151295321508,67821.0,0.0,384.0,0.0,229.0,0.039523212045169384,1594.0,0.0005104387286536028,5.679422835633626,0.7727272727272727,22.0,0.7586206896551724,87.0,0.0,1.0,1.0,2.0,0.013192418649137049,1.39145888296393,0.017771664566176973,5.297972028393921
taproot|medium|1,taproot,medium,1,boundary_dilate,0.05,0.31640625,0.9500472242627768,True,0.10515851099083177,9053.0,0.002978428510343404,67821.0,0.0,384.0,0.0,229.0,0.053952321204516936,1594.0,0.04858492054725355,5.679422835633626,0.8636363636363636,22.0,0.8850574712643678,87.0,0.0,1.0,1.0,2.0,0.026581454350398374,1.39145888296393,0.04818679908315074,5.297972028393921
taproot|medium|1,taproot,medium,1,boundary_dilate,0.1,0.6796875,0.8985162026698427,True,0.22589196951286866,9053.0,0.0066940918004747794,67821.0,0.0,384.0,0.004366812227074236,229.0,0.053952321204516936,1594.0,0.16313797583542422,5.679422835633626,0.6818181818181818,22.0,0.9770114942528736,87.0,0.0,1.0,3.0,2.0,0.042001394919799664,1.39145888296393,0.08839058747627702,5.297972028393921
taproot|medium|1,taproot,medium,1,boundary_dilate,0.2,1.5,0.8013986633027929,True,0.4956368054788468,9053.0,0.016573037849633595,67821.0,0.0,384.0,0.017467248908296942,229.0,0.08782936010037641,1594.0,0.37488181541711746,5.679422835633626,1.1818181818181819,22.0,1.2873563218390804,87.0,0.0,1.0,3.5,2.0,0.07345143871027936,1.39145888296393,0.15775562128804402,5.297972028393921
taproot|medium|1,taproot,medium,1,junction_break,0.005,0.03125,0.9954505104305371,True,0.009057770904672484,9053.0,0.0,67821.0,0.0,384.0,0.0,229.0,0.01066499372647428,1594.0,0.019514641106175068,5.679422835633626,0.13636363636363635,22.0,0.08045977011494253,87.0,2.0,1.0,1.0,2.0,0.0005331585624977287,1.39145888296393,0.004320294613216272,5.297972028393921
taproot|medium|1,taproot,medium,1,junction_break,0.01,0.078125,0.989169271996427,True,0.021429360433005633,9053.0,0.0,67821.0,0.0,384.0,0.0,229.0,0.029485570890840654,1594.0,0.04945667308361426,5.679422835633626,0.2727272727272727,22.0,0.1839080459770115,87.0,4.0,1.0,2.5,2.0,0.0012514534486650875,1.39145888296393,0.011787039107596188,5.297972028393921
taproot|medium|1,taproot,medium,1,junction_break,0.02,0.203125,0.9793111223857038,True,0.0405390478294488,9053.0,0.0,67821.0,0.0,384.0,0.0,229.0,0.02132998745294856,1594.0,0.06057693012293696,5.679422835633626,0.8636363636363636,22.0,0.16091954022988506,87.0,13.0,1.0,3.0,2.0,0.0029247274845405585,1.39145888296393,0.01011302093731064,5.297972028393921
taproot|medium|1,taproot,medium,1,junction_break,0.05,,,False,,,,,,,,,,,,,,,,,,,,,,,,
taproot|medium|1,taproot,medium,1,junction_break,0.1,,,False,,,,,,,,,,,,,,,,,,,,,,,,
taproot|medium|1,taproot,medium,1,junction_break,0.2,,,False,,,,,,,,,,,,,,,,,,,,,,,,
taproot|medium|1,taproot,medium,1,thin_dropout,0.005,0.05625,0.9941669907227376,True,0.011598365182812327,9053.0,0.0,67821.0,0.0,384.0,0.0,229.0,0.02132998745294856,1594.0,0.009943721729869986,5.679422835633626,0.09090909090909091,22.0,0.06896551724137931,87.0,0.0,1.0,0.0,2.0,0.0038204613622664575,1.39145888296393,0.01481046154960312,5.297972028393921
taproot|medium|1,taproot,medium,1,thin_dropout,0.01,0.09843750000000001,0.9908031882280809,True,0.018226002430133656,9053.0,0.016381356806888722,67821.0,0.0,384.0,0.0,229.0,0.038268506900878296,1594.0,0.020840020956534245,5.679422835633626,0.18181818181818182,22.0,0.13793103448275862,87.0,0.0,1.0,0.0,2.0,0.005809407188837351,1.39145888296393,0.016587112636985413,5.297972028393921
taproot|medium|1,taproot,medium,1,thin_dropout,0.02,0.140625,0.9814356435643564,True,0.03645200486026731,9053.0,0.023576768257619323,67821.0,0.0,384.0,0.026200873362445413,229.0,0.07214554579673776,1594.0,0.038468900779400926,5.679422835633626,0.2727272727272727,22.0,0.21839080459770116,87.0,0.0,1.0,0.0,2.0,0.009611138715322844,1.39145888296393,0.044589140520836845,5.297972028393921
taproot|medium|1,taproot,medium,1,thin_dropout,0.05,0.3048780487808928,0.9483649880931637,True,0.09819949188114437,9053.0,0.10390586986331667,67821.0,0.0,384.0,0.06986899563318777,229.0,0.18820577164366373,1594.0,0.1108732688882966,5.679422835633626,0.45454545454545453,22.0,0.3793103448275862,87.0,0.0,1.0,0.0,2.0,0.0005000166162336886,1.39145888296393,0.1539706289555402,5.297972028393921
taproot|medium|1,taproot,medium,1,thin_dropout,0.1,0.45121951219539375,0.895167195508909,True,0.1897713465149674,9053.0,0.25231123103463526,67821.0,0.010416666666666666,384.0,0.24017467248908297,229.0,0.328732747804266,1594.0,0.20701352678050647,5.679422835633626,0.45454545454545453,22.0,0.45977011494252873,87.0,1.0,1.0,0.0,2.0,0.010439717329053022,1.39145888296393,0.3327866038688621,5.297972028393921
taproot|medium|1,taproot,medium,1,thin_dropout,0.2,0.5487804878047882,0.8187630480167014,True,0.30685960455097755,9053.0,0.292534760619867,67821.0,0.010416666666666666,384.0,0.24017467248908297,229.0,0.4604767879548306,1594.0,0.28472766319272297,5.679422835633626,0.4090909090909091,22.0,0.5977011494252874,87.0,3.0,1.0,0.0,2.0,0.03868090936040811,1.39145888296393,0.5991397613778856,5.297972028393921
taproot|medium|1,taproot,medium,1,speckle,0.005,0.00078125,0.9940704952234545,True,0.011929747045178393,9053.0,0.9397679184913228,67821.0,0.0,384.0,0.6157205240174672,229.0,0.06900878293601004,1594.0,0.05339435634388825,5.679422835633626,0.18181818181818182,22.0,0.16091954022988506,87.0,100.0,1.0,0.0,2.0,0.08180551670521703,1.39145888296393,0.01847746091316498,5.297972028393921
taproot|medium|1,taproot,medium,1,speckle,0.01,0.0011718750000000002,0.9911320341580907,True,0.01789462056776759,9053.0,1.0369354624673774,67821.0,0.0,384.0,0.6462882096069869,229.0,0.10100376411543287,1594.0,0.0754848859344606,5.679422835633626,0.18181818181818182,22.0,0.06896551724137931,87.0,152.0,1.0,0.0,2.0,0.07822818528817127,1.39145888296393,0.028068545981455476,5.297972028393921
taproot|medium|1,taproot,medium,1,speckle,0.02,0.0027343750000000003,0.9795498809781432,True,0.041754114658124376,9053.0,1.0991728225770778,67821.0,0.0,384.0,0.6768558951965066,229.0,0.23902132998745296,1594.0,0.15921212214427838,5.679422835633626,0.5454545454545454,22.0,0.1724137931034483,87.0,361.0,1.0,0.0,2.0,0.05498396893874137,1.39145888296393,0.06099507113869585,5.297972028393921
taproot|medium|1,taproot,medium,1,speckle,0.05,0.00703125,0.949001519995807,True,0.10747818402739423,9053.0,1.1424632488462276,67821.0,0.0,384.0,0.6768558951965066,229.0,0.6072772898368883,1594.0,0.3109600993990373,5.679422835633626,2.6363636363636362,22.0,0.25287356321839083,87.0,918.0,1.0,0.0,2.0,0.018861622726113907,1.39145888296393,0.14864727273778125,5.297972028393921
taproot|medium|1,taproot,medium,1,speckle,0.1,0.014453125,0.9005272058092112,True,0.22092124157737766,9053.0,1.1623980772916944,67821.0,0.0,384.0,0.6768558951965066,229.0,1.2446675031367629,1594.0,0.456079245647194,5.679422835633626,8.181818181818182,22.0,0.7126436781609196,87.0,1839.0,1.0,0.5,2.0,0.10149680741945155,1.39145888296393,0.26792578398203876,5.297972028393921
taproot|medium|1,taproot,medium,1,speckle,0.2,0.0328125,0.7994877908773789,True,0.501601679001436,9053.0,1.1704634257825748,67821.0,0.0,384.0,0.6768558951965066,229.0,2.8324968632371395,1594.0,0.6081923266773139,5.679422835633626,45.54545454545455,22.0,1.7586206896551724,87.0,3802.0,1.0,3.5,2.0,0.210955175047446,1.39145888296393,0.45397757305726644,5.297972028393921
taproot|medium|1,taproot,medium,1,blob,0.005,0.037500000000818545,0.9903188754580758,True,0.019551529879597924,9053.0,0.2716120375694844,67821.0,0.0,384.0,0.3537117903930131,229.0,0.003136762860727729,1594.0,0.01636343879179433,5.679422835633626,0.09090909090909091,22.0,0.0,87.0,2.0,1.0,0.0,2.0,0.0033862192855945664,1.39145888296393,0.019425879767550686,5.297972028393921
taproot|medium|1,taproot,medium,1,blob,0.01,0.0234375,0.9892367371469158,True,0.0217607422953717,9053.0,0.0,67821.0,0.0,384.0,0.0,229.0,0.0006273525721455458,1594.0,0.021120139949104992,5.679422835633626,0.0,22.0,0.0,87.0,1.0,1.0,0.0,2.0,0.00460206864246157,1.39145888296393,0.023772523838947023,5.297972028393921
taproot|medium|1,taproot,medium,1,blob,0.02,0.08750000000009095,0.9778569885504429,True,0.04528885452336242,9053.0,0.17547662228513292,67821.0,0.0,384.0,0.3231441048034934,229.0,0.01191969887076537,1594.0,0.032976090582913696,5.679422835633626,0.13636363636363635,22.0,0.011494252873563218,87.0,3.0,1.0,0.0,2.0,0.012471918872321078,1.39145888296393,0.0424439768980911,5.297972028393921
taproot|medium|1,taproot,medium,1,blob,0.05,0.23750000000063665,0.9476108232584917,True,0.11057108140947752,9053.0,0.4995355420887336,67821.0,0.0,384.0,0.44541484716157204,229.0,0.01191969887076537,1594.0,0.09748933897501995,5.679422835633626,0.13636363636363635,22.0,0.04597701149425287,87.0,7.0,1.0,0.0,2.0,0.012763931910668035,1.39145888296393,0.10860020902597821,5.297972028393921
taproot|medium|1,taproot,medium,1,blob,0.1,0.46875,0.8996323164066382,True,0.22313045399315143,9053.0,0.8191415638224149,67821.0,0.0,384.0,0.6069868995633187,229.0,0.02258469259723965,1594.0,0.19611652985587932,5.679422835633626,0.2727272727272727,22.0,0.0,87.0,17.0,1.0,0.0,2.0,0.015142848190630276,1.39145888296393,0.17385226928811168,5.297972028393921
taproot|medium|1,taproot,medium,1,blob,0.2,1.3125000000013642,0.7962881519922597,True,0.5116535954932067,9053.0,0.8782825378570059,67821.0,0.0,384.0,0.6724890829694323,229.0,0.08469259723964868,1594.0,0.3936239625310419,5.679422835633626,1.0909090909090908,22.0,0.3333333333333333,87.0,37.0,1.0,1.5,2.0,0.00397539429195748,1.39145888296393,0.321286868357335,5.297972028393921
taproot|thick|0,taproot,thick,0,boundary_erode,0.005,-0.046875,0.9954261115221632,True,0.009106126548376297,14935.0,0.0,66770.0,0.0,374.0,0.0,248.0,0.003826530612244898,1568.0,0.012883358594570472,9.524872448979592,0.0,21.0,0.03125,96.0,0.0,1.0,0.25,4.0,0.000785075859193649,1.5045089460247847,0.003481829267083992,4.529152541044327
taproot|thick|0,taproot,thick,0,boundary_erode,0.01,-0.09375,0.9907760921715039,True,0.018279209909608303,14935.0,0.001587539314063202,66770.0,0.0,374.0,0.0,248.0,0.021683673469387755,1568.0,0.03911473229604596,9.524872448979592,0.19047619047619047,21.0,0.020833333333333332,96.0,0.0,1.0,0.25,4.0,0.001593000392490967,1.5045089460247847,0.008159472925357222,4.529152541044327
taproot|thick|0,taproot,thick,0,boundary_erode,0.02,-0.1875,0.9814151747655584,True,0.0364914630063609,14935.0,0.001347910738355549,66770.0,0.0,374.0,0.004032258064516129,248.0,0.04145408163265306,1568.0,0.07484299693446034,9.524872448979592,0.38095238095238093,21.0,0.23958333333333334,96.0,0.0,1.0,0.0,4.0,0.0030375872555197716,1.5045089460247847,0.017144876283596032,4.529152541044327
taproot|thick|0,taproot,thick,0,boundary_erode,0.05,-0.4921875,0.9496817750272513,True,0.09581519919651825,14935.0,0.004178523288902202,66770.0,0.0,374.0,0.004032258064516129,248.0,0.0663265306122449,1568.0,0.15205635905510795,9.524872448979592,0.9523809523809523,21.0,0.4895833333333333,96.0,0.0,1.0,0.75,4.0,0.01088023015177544,1.5045089460247847,0.052571313052283075,4.529152541044327
taproot|thick|0,taproot,thick,0,boundary_erode,0.1,-0.9375,0.8996131884324922,True,0.18245731503180448,14935.0,0.010828216264789576,66770.0,0.0053475935828877,374.0,0.008064516129032258,248.0,0.02806122448979592,1568.0,0.2047723759118297,9.524872448979592,0.3333333333333333,21.0,0.0,96.0,0.0,1.0,0.75,4.0,0.03010497891698235,1.5045089460247847,0.11618825396597435,4.529152541044327
taproot|thick|0,taproot,thick,0,boundary_erode,0.2,-1.7109375,0.800305245401237,True,0.3329092735185805,14935.0,0.022614946832409766,66770.0,0.0053475935828877,374.0,0.012096774193548387,248.0,0.05803571428571429,1568.0,0.3695007479669284,9.524872448979592,0.6666666666666666,21.0,0.46875,96.0,0.0,1.0,0.75,4.0,0.05636028546022426,1.5045089460247847,0.2755354517332743,4.529152541044327
taproot|thick|0,taproot,thick,0,boundary_dilate,0.005,0.046875,0.9955007498750208,True,0.009039169735520589,14935.0,0.0,66770.0,0.0,374.0,0.0,248.0,0.02423469387755102,1568.0,0.014835978738918868,9.524872448979592,0.3333333333333333,21.0,0.16666666666666666,96.0,0.0,1.0,0.0,4.0,0.002798538678910502,1.5045089460247847,0.004625625382872204,4.529152541044327
taproot|thick|0,taproot,thick,0,boundary_dilate,0.01,0.09375,0.9910089247204804,True,0.018145296283896887,14935.0,0.0008087464430133293,66770.0,0.0,374.0,0.0,248.0,0.04017857142857143,1568.0,0.021182204430931714,9.524872448979592,0.5714285714285714,21.0,0.375,96.0,0.0,1.0,0.5,4.0,0.005733150827431849,1.5045089460247847,0.009749018865618958,4.529152541044327
taproot|thick|0,taproot,thick,0,boundary_dilate,0.02,0.2109375,0.9800190294957184,True,0.040776699029126215,14935.0,0.004433128650591583,66770.0,0.0,374.0,0.004032258064516129,248.0,0.08290816326530612,1568.0,0.03890585154436405,9.524872448979592,1.0952380952380953,21.0,1.0,96.0,0.0,1.0,1.5,4.0,0.006057289537068516,1.5045089460247847,0.02162071512264189,4.529152541044327
taproot|thick|0,taproot,thick,0,boundary_dilate,0.05,0.5390625,0.9504566137397779,True,0.10425175761633747,14935.0,0.007054066197394039,66770.0,0.00267379679144385,374.0,0.004032258064516129,248.0,0.12627551020408162,1568.0,0.019554498333852123,9.524872448979592,1.380952380952381,21.0,1.2708333333333333,96.0,0.0,1.0,2.0,4.0,0.015087202780028711,1.5045089460247847,0.04737296820762141,4.529152541044327
taproot|thick|0,taproot,thick,0,boundary_dilate,0.1,1.171875,0.8985080014438696,True,0.22591228657515902,14935.0,0.016639209225700165,66770.0,0.00267379679144385,374.0,0.012096774193548387,248.0,0.07142857142857142,1568.0,0.14418480080348176,9.524872448979592,0.7619047619047619,21.0,0.5625,96.0,0.0,1.0,1.0,4.0,0.02210416702114515,1.5045089460247847,0.09337901907513362,4.529152541044327
taproot|thick|0,taproot,thick,0,boundary_dilate,0.2,2.625,0.800654032755247,True,0.4979578172079009,14935.0,0.035210423843043286,66770.0,0.0053475935828877,374.0,0.016129032258064516,248.0,0.1434948979591837,1568.0,0.309982073274952,9.524872448979592,1.0952380952380953,21.0,1.15625,96.0,0.0,1.0,1.75,4.0,0.05456471380606568,1.5045089460247847,0.17478301847785688,4.529152541044327
taproot|thick|0,taproot,thick,0,junction_break,0.005,0.0625,0.9951895583139907,True,0.009574824238366253,14935.0,0.0,66770.0,0.0,374.0,0.0,248.0,0.02806122448979592,1568.0,0.03660876203831158,9.524872448979592,0.0,21.0,0.041666666666666664,96.0,0.0,1.0,0.25,4.0,0.0005882097681557602,1.5045089460247847,0.0001342300090049121,4.529152541044327
taproot|thick|0,taproot,thick,0,junction_break,0.01,0.125,0.9900936538526558,True,0.019618346166722464,14935.0,0.0,66770.0,0.0,374.0,0.0,248.0,0.049107142857142856,1568.0,0.06550855123976947,9.524872448979592,0.42857142857142855,21.0,0.041666666666666664,96.0,4.0,1.0,0.25,4.0,0.001311488370526343,1.5045089460247847,0.0015025988695384878,4.529152541044327
taproot|thick|0,taproot,thick,0,junction_break,0.02,0.375,0.9785589713777656,True,0.041981921660528956,14935.0,0.0,66770.0,0.0,374.0,0.0,248.0,0.09502551020408163,1568.0,0.12511802746867168,9.524872448979592,0.8095238095238095,21.0,0.2708333333333333,96.0,9.0,1.0,1.25,4.0,0.002970656880345639,1.5045089460247847,0.004315237531496229,4.529152541044327
taproot|thick|0,taproot,thick,0,junction_break,0.05,,,False,,,,,,,,,,,,,,,,,,,,,,,,
taproot|thick|0,taproot,thick,0,junction_break,0.1,,,False,,,,,,,,,,,,,,,,,,,,,,,,
taproot|thick|0,taproot,thick,0,junction_break,0.2,,,False,,,,,,,,,,,,,,,,,,,,,,,,
taproot|thick|0,taproot,thick,0,thin_dropout,0.005,0.05625,0.9949190753390087,True,0.010110478741211919,14935.0,0.0,66770.0,0.0,374.0,0.0,248.0,0.017857142857142856,1568.0,0.007887512554402407,9.524872448979592,0.09523809523809523,21.0,0.07291666666666667,96.0,0.0,1.0,0.0,4.0,0.00222676090351147,1.5045089460247847,0.013048160876450868,4.529152541044327
taproot|thick|0,taproot,thick,0,thin_dropout,0.01,0.084375,0.9887260046721061,True,0.022296618680950786,14935.0,0.01034895911337427,66770.0,0.0,374.0,0.0,248.0,0.03762755102040816,1568.0,0.01593035249056943,9.524872448979592,0.19047619047619047,21.0,0.14583333333333334,96.0,0.0,1.0,0.0,4.0,0.004546409618527243,1.5045089460247847,0.02880114124897717,4.529152541044327
taproot|thick|0,taproot,thick,0,thin_dropout,0.02,0.1309523809525217,0.9774049982882574,True,0.04419149648476733,14935.0,0.01034895911337427,66770.0,0.0,374.0,0.0,248.0,0.0778061224489796,1568.0,0.03645071473850965,9.524872448979592,0.2857142857142857,21.0,0.20833333333333334,96.0,0.0,1.0,0.0,4.0,0.00920843806427418,1.5045089460247847,0.06142055949597489,4.529152541044327
taproot|thick|0,taproot,thick,0,thin_dropout,0.05,0.28125,0.9490535500668497,True,0.09695346501506528,14935.0,0.12573011831660927,66770.0,0.0,374.0,0.15725806451612903,248.0,0.18176020408163265,1568.0,0.10364533659889148,9.524872448979592,0.38095238095238093,21.0,0.3541666666666667,96.0,0.0,1.0,0.25,4.0,0.002891176087873157,1.5045089460247847,0.1455572971596916,4.529152541044327
taproot|thick|0,taproot,thick,0,thin_dropout,0.1,0.46428571428591575,0.8795948987246812,True,0.2149313692668229,14935.0,0.3039538714991763,66770.0,0.0,374.0,0.32661290322580644,248.0,0.35586734693877553,1568.0,0.21879961682140758,9.524872448979592,0.5238095238095238,21.0,0.4270833333333333,96.0,0.0,1.0,0.25,4.0,0.004489376182226303,1.5045089460247847,0.3804724639468561,4.529152541044327
taproot|thick|0,taproot,thick,0,thin_dropout,0.2,0.5595238095234436,0.8040518898142216,True,0.3276866421158353,14935.0,0.3251759772352853,66770.0,0.0053475935828877,374.0,0.32661290322580644,248.0,0.4674744897959184,1568.0,0.262499814565713,9.524872448979592,0.47619047619047616,21.0,0.5208333333333334,96.0,2.0,1.0,0.25,4.0,0.02929288644183171,1.5045089460247847,0.6131995147357752,4.529152541044327
taproot|thick|0,taproot,thick,0,speckle,0.005,0.0011718750000000002,0.9948376353039134,True,0.010378305992634751,14935.0,0.9884079676501423,66770.0,0.026737967914438502,374.0,0.5282258064516129,248.0,0.09821428571428571,1568.0,0.07998072950264157,9.524872448979592,0.19047619047619047,21.0,0.052083333333333336,96.0,148.0,1.0,0.25,4.0,0.07729013221017103,1.5045089460247847,0.01660998907837045,4.529152541044327
taproot|thick|0,taproot,thick,0,speckle,0.01,0.0023437500000000003,0.9896955037937776,True,0.02082356879812521,14935.0,1.1513104687734013,66770.0,0.026737967914438502,374.0,0.5403225806451613,248.0,0.19834183673469388,1568.0,0.1481365854840551,9.524872448979592,0.2857142857142857,21.0,0.041666666666666664,96.0,303.0,1.0,0.0,4.0,0.06575848472950709,1.5045089460247847,0.03292508408524116,4.529152541044327
taproot|thick|0,taproot,thick,0,speckle,0.02,0.004687500000000001,0.9796333344265521,True,0.04158018078339471,14935.0,1.1735210423843043,66770.0,0.026737967914438502,374.0,0.5483870967741935,248.0,0.3960459183673469,1568.0,0.25390693308891593,9.524872448979592,1.6666666666666667,21.0,0.14583333333333334,96.0,588.0,1.0,0.0,4.0,0.03575080901544919,1.5045089460247847,0.06240088521467493,4.529152541044327
taproot|thick|0,taproot,thick,0,speckle,0.05,0.01171875,0.9505776023931515,True,0.10398393036491463,14935.0,1.1858469372472666,66770.0,0.026737967914438502,374.0,0.5483870967741935,248.0,1.0121173469387754,1568.0,0.4513322336569933,9.524872448979592,7.0,21.0,0.6979166666666666,96.0,1425.0,1.0,0.25,4.0,0.03310287148885727,1.5045089460247847,0.1426318721318844,4.529152541044327
taproot|thick|0,taproot,thick,0,speckle,0.1,0.025,0.9001597203387277,True,0.22182792099096083,14935.0,1.2015725625280815,66770.0,0.026737967914438502,374.0,0.5483870967741935,248.0,2.1281887755102042,1568.0,0.6094136228106368,9.524872448979592,24.857142857142858,21.0,0.9166666666666666,96.0,2917.0,1.0,0.25,4.0,0.10995736697299827,1.5045089460247847,0.26522307463763495,4.529152541044327
taproot|thick|0,taproot,thick,0,speckle,0.2,,,False,,,,,,,,,,,,,,,,,,,,,,,,
taproot|thick|0,taproot,thick,0,blob,0.005,0.046875,0.9956002933137791,True,0.008838299296953464,14935.0,0.04485547401527632,66770.0,0.0,374.0,0.08064516129032258,248.0,0.0,1568.0,0.008838299296953508,9.524872448979592,0.0,21.0,0.0,96.0,1.0,1.0,0.0,4.0,0.005963870876522674,1.5045089460247847,0.011764304840048062,4.529152541044327
taproot|thick|0,taproot,thick,0,blob,0.01,0.09375,0.9912720273454353,True,0.017609641781051222,14935.0,0.1086715590834207,66770.0,0.0,374.0,0.16129032258064516,248.0,0.004464285714285714,1568.0,0.013086932262024419,9.524872448979592,0.0,21.0,0.010416666666666666,96.0,2.0,1.0,0.0,4.0,0.015249119211541354,1.5045089460247847,0.024414199910362953,4.529152541044327
taproot|thick|0,taproot,thick,0,blob,0.02,0.1640625,0.9804050283913742,True,0.03997321727485772,14935.0,0.2248015575857421,66770.0,0.0,374.0,0.25806451612903225,248.0,0.01721938775510204,1568.0,0.022368654976161185,9.524872448979592,0.047619047619047616,21.0,0.13541666666666666,96.0,3.0,1.0,0.75,4.0,0.003276796094184305,1.5045089460247847,0.03506599918951655,4.529152541044327
taproot|thick|0,taproot,thick,0,blob,0.05,0.375,0.9493691002129485,True,0.10666220287914295,14935.0,0.4973940392391793,66770.0,0.026737967914438502,374.0,0.39919354838709675,248.0,0.03571428571428571,1568.0,0.06850143726262084,9.524872448979592,0.23809523809523808,21.0,0.125,96.0,10.0,1.0,0.0,4.0,0.01598591017012936,1.5045089460247847,0.0918748984909911,4.529152541044327
taproot|thick|0,taproot,thick,0,blob,0.1,0.9140625,0.9011101725594304,True,0.21948443254101105,14935.0,0.6280365433577955,66770.0,0.026737967914438502,374.0,0.41935483870967744,248.0,0.058673469387755105,1568.0,0.15189854832789487,9.524872448979592,0.47619047619047616,21.0,0.1875,96.0,23.0,1.0,0.5,4.0,0.02198097594342315,1.5045089460247847,0.19611923233647643,4.529152541044327
taproot|thick|0,taproot,thick,0,blob,0.2,2.578125,0.8009331259720062,True,0.4970873786407767,14935.0,1.1051520143777145,66770.0,0.026737967914438502,374.0,0.5483870967741935,248.0,0.1556122448979592,1568.0,0.2954928309650871,9.524872448979592,1.8571428571428572,21.0,0.59375,96.0,67.0,1.0,1.5,4.0,0.011578066660408752,1.5045089460247847,0.3729489784778251,4.529152541044327
taproot|thick|1,taproot,thick,1,boundary_erode,0.005,-0.046875,0.9954237231519525,True,0.009110859878965219,15037.0,0.0,68810.0,0.0,384.0,0.0,231.0,0.012055837563451776,1576.0,0.020914554965046444,9.541243654822335,0.09090909090909091,22.0,0.05747126436781609,87.0,0.0,1.0,0.0,3.0,0.0007660191954078417,1.509930285523461,0.004359853373353855,4.545830206270433
taproot|thick|1,taproot,thick,1,boundary_erode,0.01,-0.09375,0.9907715023994094,True,0.018288222384784197,15037.0,0.001525940996948118,68810.0,0.0,384.0,0.0,231.0,0.012690355329949238,1576.0,0.030590374986478576,9.541243654822335,0.045454545454545456,22.0,0.0,87.0,0.0,1.0,0.0,3.0,0.0012713199040504757,1.509930285523461,0.00817246559872907,4.545830206270433
taproot|thick|1,taproot,thick,1,boundary_erode,0.02,-0.1875,0.9814055884843353,True,0.036509942142714635,15037.0,0.0004069175991861648,68810.0,0.0,384.0,0.0,231.0,0.027918781725888325,1576.0,0.062678807911678,9.541243654822335,0.2727272727272727,22.0,0.09195402298850575,87.0,0.0,1.0,0.3333333333333333,3.0,0.0001268123066385304,1.509930285523461,0.017980070262634564,4.545830206270433
taproot|thick|1,taproot,thick,1,boundary_erode,0.05,-0.4921875,0.9496367700474994,True,0.09589678792312296,15037.0,0.0020200552245313182,68810.0,0.0,384.0,0.004329004329004329,231.0,0.0799492385786802,1576.0,0.16282804804162265,9.541243654822335,1.0909090909090908,22.0,0.7701149425287356,87.0,0.0,1.0,0.6666666666666666,3.0,0.007320170595386753,1.509930285523461,0.05046883923951133,4.545830206270433
taproot|thick|1,taproot,thick,1,boundary_erode,0.1,-0.9375,0.8994767080177114,True,0.1826827159672807,15037.0,0.015724458654265368,68810.0,0.0026041666666666665,384.0,0.004329004329004329,231.0,0.018401015228426396,1576.0,0.19745044259466318,9.541243654822335,0.3181818181818182,22.0,0.022988505747126436,87.0,0.0,1.0,1.0,3.0,0.02710829875887157,1.509930285523461,0.11553357595820518,4.545830206270433
taproot|thick|1,taproot,thick,1,boundary_erode,0.2,-1.7109375,0.800494575622208,True,0.33264613952251115,15037.0,0.02533062054933876,68810.0,0.005208333333333333,384.0,0.012987012987012988,231.0,0.048223350253807105,1576.0,0.3633476488422987,9.541243654822335,0.7272727272727273,22.0,0.5517241379310345,87.0,2.0,1.0,1.0,3.0,0.05321062729265101,1.509930285523461,0.27086071083681146,4.545830206270433
taproot|thick|1,taproot,thick,1,boundary_dilate,0.005,0.046875,0.9954981794107911,True,0.009044357252111458,15037.0,0.0004941142275832001,68810.0,0.0,384.0,0.0,231.0,0.024746192893401017,1576.0,0.015322658186174724,9.541243654822335,0.2727272727272727,22.0,0.14942528735632185,87.0,0.0,1.0,0.3333333333333333,3.0,0.0029833508904103397,1.509930285523461,0.0054058629846326445,4.545830206270433
taproot|thick|1,taproot,thick,1,boundary_dilate,0.01,0.09375,0.9910367099452976,True,0.018088714504222916,15037.0,8.719662839703532e-05,68810.0,0.0,384.0,0.0,231.0,0.046954314720812185,1576.0,0.02757102178263319,9.541243654822335,0.6363636363636364,22.0,0.5402298850574713,87.0,0.0,1.0,0.0,3.0,0.006492887492652253,1.509930285523461,0.009594884585199854,4.545830206270433
taproot|thick|1,taproot,thick,1,boundary_dilate,0.02,0.2109375,0.9800879908750204,True,0.0406331050076478,15037.0,0.004011044906263624,68810.0,0.0,384.0,0.0,231.0,0.10596446700507614,1576.0,0.05907184538608547,9.541243654822335,1.1363636363636365,22.0,1.3448275862068966,87.0,0.0,1.0,2.6666666666666665,3.0,0.013106307304945065,1.509930285523461,0.021066652776070626,4.545830206270433
taproot|thick|1,taproot,thick,1,boundary_dilate,0.05,0.5625,0.9486168501403652,True,0.10833277914477622,15037.0,0.00943176863827932,68810.0,0.0,384.0,0.004329004329004329,231.0,0.1453045685279188,1576.0,0.03228118563314828,9.541243654822335,1.5909090909090908,22.0,1.7816091954022988,87.0,0.0,1.0,3.0,3.0,0.024342768023160634,1.509930285523461,0.05105628471828434,4.545830206270433
taproot|thick|1,taproot,thick,1,boundary_dilate,0.1,1.171875,0.8988851361449024,True,0.22497838664627254,15037.0,0.01501235285568958,68810.0,0.0,384.0,0.012987012987012988,231.0,0.08756345177664974,1576.0,0.1263511886549157,9.541243654822335,0.9545454545454546,22.0,0.6666666666666666,87.0,0.0,1.0,0.3333333333333333,3.0,0.03634043786548718,1.509930285523461,0.0939606532304464,4.545830206270433
taproot|thick|1,taproot,thick,1,boundary_dilate,0.2,2.625,0.801076128069895,True,0.49664161734388507,15037.0,0.031681441650922834,68810.0,0.0,384.0,0.017316017316017316,231.0,0.14213197969543148,1576.0,0.31039288274109056,9.541243654822335,0.8181818181818182,22.0,1.0689655172413792,87.0,0.0,1.0,2.6666666666666665,3.0,0.060999124562895794,1.509930285523461,0.17608301028410103,4.545830206270433
taproot|thick|1,taproot,thick,1,junction_break,0.005,0.0625,0.9952559134037151,True,0.009443373013234023,15037.0,0.0,68810.0,0.0,384.0,0.0,231.0,0.03934010152284264,1576.0,0.046936969394906485,9.541243654822335,0.09090909090909091,22.0,0.12643678160919541,87.0,2.0,1.0,1.0,3.0,0.0005937802930819372,1.509930285523461,0.006122319914442629,4.545830206270433
taproot|thick|1,taproot,thick,1,junction_break,0.01,0.125,0.9902971294275642,True,0.01921925916073685,15037.0,0.0,68810.0,0.0,384.0,0.0,231.0,0.06091370558375635,1576.0,0.0755320289696897,9.541243654822335,0.22727272727272727,22.0,0.13793103448275862,87.0,4.0,1.0,0.6666666666666666,3.0,0.0010938334966622096,1.509930285523461,0.0044709875877317964,4.545830206270433
taproot|thick|1,taproot,thick,1,junction_break,0.02,0.375,0.9795738327904452,True,0.04003458136596395,15037.0,0.0,68810.0,0.0,384.0,0.0,231.0,0.10723350253807107,1576.0,0.13300544425946081,9.541243654822335,1.0454545454545454,22.0,0.40229885057471265,87.0,12.0,1.0,2.0,3.0,0.0023781678985447183,1.509930285523461,0.011064015365692343,4.545830206270433
taproot|thick|1,taproot,thick,1,junction_break,0.05,,,False,,,,,,,,,,,,,,,,,,,,,,,,
taproot|thick|1,taproot,thick,1,junction_break,0.1,,,False,,,,,,,,,,,,,,,,,,,,,,,,
taproot|thick|1,taproot,thick,1,junction_break,0.2,,,False,,,,,,,,,,,,,,,,,,,,,,,,
taproot|thick|1,taproot,thick,1,thin_dropout,0.005,0.060975609756178537,0.992934400428624,True,0.014032054266143512,15037.0,0.012483650632175556,68810.0,0.0,384.0,0.0,231.0,0.03299492385786802,1576.0,0.019609896638161293,9.541243654822335,0.13636363636363635,22.0,0.10344827586206896,87.0,0.0,1.0,0.0,3.0,0.002602138922953276,1.509930285523461,0.013324160571886276,4.545830206270433
taproot|thick|1,taproot,thick,1,thin_dropout,0.01,0.1125,0.9885312615612283,True,0.02267739575713241,15037.0,0.01501235285568958,68810.0,0.0,384.0,0.0,231.0,0.04949238578680203,1576.0,0.02821123116606104,9.541243654822335,0.22727272727272727,22.0,0.1724137931034483,87.0,0.0,1.0,0.0,3.0,0.005263432076611303,1.509930285523461,0.023848371192265672,4.545830206270433
taproot|thick|1,taproot,thick,1,thin_dropout,0.02,0.19687500000000002,0.9792967689383655,True,0.04056660238079404,15037.0,0.026580438889696266,68810.0,0.0,384.0,0.0,231.0,0.07931472081218274,1576.0,0.04208617136310734,9.541243654822335,0.3181818181818182,22.0,0.2413793103448276,87.0,0.0,1.0,0.0,3.0,0.008520045756788611,1.509930285523461,0.05085813343973048,4.545830206270433
taproot|thick|1,taproot,thick,1,thin_dropout,0.05,0.32926829268303665,0.9466199649737302,True,0.10135000332513135,15037.0,0.13804679552390642,68810.0,0.0,384.0,0.06926406926406926,231.0,0.19416243654822335,1576.0,0.11517511398393163,9.541243654822335,0.45454545454545453,22.0,0.3103448275862069,87.0,0.0,1.0,0.0,3.0,0.0021666786259480937,1.509930285523461,0.1491932326103927,4.545830206270433
taproot|thick|1,taproot,thick,1,thin_dropout,0.1,0.45121951219539375,0.8921388049804759,True,0.1947196914278114,15037.0,0.262854236302863,68810.0,0.0,384.0,0.2857142857142857,231.0,0.3362944162436548,1576.0,0.21330952802081185,9.541243654822335,0.5454545454545454,22.0,0.40229885057471265,87.0,0.0,1.0,0.0,3.0,0.011994440245130689,1.509930285523461,0.32738410843156535,4.545830206270433
taproot|thick|1,taproot,thick,1,thin_dropout,0.2,0.534375,0.798961661341853,True,0.3347742235818315,15037.0,0.31815143147798286,68810.0,0.0,384.0,0.3246753246753247,231.0,0.4727157360406091,1576.0,0.26160748933217043,9.541243654822335,0.5,22.0,0.5172413793103449,87.0,2.0,1.0,0.0,3.0,0.01990573915477043,1.509930285523461,0.6320483157809254,4.545830206270433
taproot|thick|1,taproot,thick,1,speckle,0.005,0.0011718750000000002,0.9948724734526448,True,0.010307907162332913,15037.0,1.0404301700334253,68810.0,0.0,384.0,0.6536796536796536,231.0,0.09708121827411167,1576.0,0.0790947011637728,9.541243654822335,0.045454545454545456,22.0,0.034482758620689655,87.0,149.0,1.0,0.0,3.0,0.08254797849847548,1.509930285523461,0.016535972593021663,4.545830206270433
taproot|thick|1,taproot,thick,1,speckle,0.01,0.0023437500000000003,0.989797261716693,True,0.020615814324665825,15037.0,1.0696265077750327,68810.0,0.0,384.0,0.6623376623376623,231.0,0.19796954314720813,1576.0,0.14804527363576625,9.541243654822335,0.6363636363636364,22.0,0.06896551724137931,87.0,297.0,1.0,0.0,3.0,0.06783569014031543,1.509930285523461,0.03226785088126222,4.545830206270433
taproot|thick|1,taproot,thick,1,speckle,0.02,0.004687500000000001,0.9797686919693761,True,0.04129813127618541,15037.0,1.105943903502398,68810.0,0.0,384.0,0.658008658008658,231.0,0.3883248730964467,1576.0,0.24996076101861597,9.541243654822335,1.1818181818181819,22.0,0.09195402298850575,87.0,581.0,1.0,0.0,3.0,0.04003864129235969,1.509930285523461,0.06312182795424319,4.545830206270433
taproot|thick|1,taproot,thick,1,speckle,0.05,0.01171875,0.9509264529184848,True,0.10321207687703664,15037.0,1.1259555297195176,68810.0,0.0,384.0,0.6623376623376623,231.0,0.993020304568528,1576.0,0.44646219893084693,9.541243654822335,7.363636363636363,22.0,0.4827586206896552,87.0,1417.0,1.0,0.0,3.0,0.02946157868353364,1.509930285523461,0.14312146410288165,4.545830206270433
taproot|thick|1,taproot,thick,1,speckle,0.1,0.025,0.9008507069254733,True,0.220123694885948,15037.0,1.1367097805551518,68810.0,0.0,384.0,0.6623376623376623,231.0,2.1205583756345177,1576.0,0.6090046882594033,9.541243654822335,24.045454545454547,22.0,1.0114942528735633,87.0,2911.0,1.0,0.0,3.0,0.10679938244731145,1.509930285523461,0.2665943542077316,4.545830206270433
taproot|thick|1,taproot,thick,1,speckle,0.2,,,False,,,,,,,,,,,,,,,,,,,,,,,,
taproot|thick|1,taproot,thick,1,blob,0.005,0.09375,0.9940832314150663,True,0.01190397020682317,15037.0,0.1854236302862956,68810.0,0.0,384.0,0.11688311688311688,231.0,0.0019035532994923859,1576.0,0.009981416748545555,9.541243654822335,0.0,22.0,0.0,87.0,3.0,1.0,0.0,3.0,0.021472032171639076,1.509930285523461,0.015182756514032454,4.545830206270433
taproot|thick|1,taproot,thick,1,blob,0.01,0.06250000000045475,0.9861297832573696,True,0.028130611159140787,15037.0,0.19540764423775614,68810.0,0.0,384.0,0.1645021645021645,231.0,0.0019035532994923859,1576.0,0.0261772281107067,9.541243654822335,0.0,22.0,0.0,87.0,3.0,1.0,0.0,3.0,0.003630089925029785,1.509930285523461,0.03338679609398681,4.545830206270433
taproot|thick|1,taproot,thick,1,blob,0.02,0.13749999999936335,0.983131742399477,True,0.03431535545654053,15037.0,0.26294143293126,68810.0,0.0,384.0,0.26406926406926406,231.0,0.018401015228426396,1576.0,0.015626791401562572,9.541243654822335,0.18181818181818182,22.0,0.1724137931034483,87.0,3.0,1.0,0.3333333333333333,3.0,0.003351347398478613,1.509930285523461,0.030853201860754177,4.545830206270433
taproot|thick|1,taproot,thick,1,blob,0.05,0.46250000000009095,0.947033631439728,True,0.11185741836802554,15037.0,0.635677953785787,68810.0,0.0,384.0,0.6623376623376623,231.0,0.04060913705583756,1576.0,0.06846786057805392,9.541243654822335,0.5909090909090909,22.0,0.13793103448275862,87.0,15.0,1.0,0.6666666666666666,3.0,0.025968101506777714,1.509930285523461,0.11972852719347513,4.545830206270433
taproot|thick|1,taproot,thick,1,blob,0.1,0.890625,0.899395896883785,True,0.22371483673605108,15037.0,0.6701496875454149,68810.0,0.0,384.0,0.6277056277056277,231.0,0.0717005076142132,1576.0,0.14184403948846452,9.541243654822335,0.5909090909090909,22.0,0.3448275862068966,87.0,26.0,1.0,1.0,3.0,0.02266856556379503,1.509930285523461,0.2203206892555281,4.545830206270433
taproot|thick|1,taproot,thick,1,blob,0.2,2.4375,0.8006282778265846,True,0.49803817250781407,15037.0,1.0838395582037494,68810.0,0.0,384.0,0.6623376623376623,231.0,0.15609137055837563,1576.0,0.2957783533876591,9.541243654822335,2.090909090909091,22.0,0.4482758620689655,87.0,65.0,1.0,1.3333333333333333,3.0,0.006787523900317626,1.509930285523461,0.3780743394229487,4.545830206270433
fibrous|thin|0,fibrous,thin,0,boundary_erode,0.005,-0.0234375,0.9947074810470605,True,0.010529311326124075,14056.0,0.0013684456460064751,89883.0,0.0,304.0,0.0,384.0,0.0054249547920434,3318.0,0.015868181948465013,4.236286919831223,0.0,22.0,0.01256281407035176,398.0,0.0,1.0,0.02857142857142857,70.0,0.0008176521808161359,1.501971583604018,0.002902602749014586,3.024231219413843
fibrous|thin|0,fibrous,thin,0,boundary_erode,0.01,-0.046875,0.9893586425079092,True,0.02105862265224815,14056.0,0.0,89883.0,0.0,304.0,0.0,384.0,0.0039180229053646775,3318.0,0.02487916840593186,4.236286919831223,0.0,22.0,0.007537688442211055,398.0,0.0,1.0,0.02857142857142857,70.0,0.001306773200536968,1.501971583604018,0.006063895670430957,3.024231219413843
fibrous|thin|0,fibrous,thin,0,boundary_erode,0.02,-0.08203125,0.9811908817453702,True,0.03692373363688105,14056.0,0.0,89883.0,0.0,304.0,0.0,384.0,0.008438818565400843,3318.0,0.04498294925498244,4.236286919831223,0.045454545454545456,22.0,0.08040201005025126,398.0,0.0,1.0,0.14285714285714285,70.0,0.0022479719019606902,1.501971583604018,0.011123940162737416,3.024231219413843
fibrous|thin|0,fibrous,thin,0,boundary_erode,0.05,-0.2109375,0.950182986033311,True,0.09490608992601024,14056.0,0.0015464548357308947,89883.0,0.0,304.0,0.0,384.0,0.030138637733574444,3318.0,0.1213863096473089,4.236286919831223,0.18181818181818182,22.0,0.032663316582914576,398.0,0.0,1.0,0.2,70.0,0.006922185755942976,1.501971583604018,0.031944134977629525,3.024231219413843
fibrous|thin|0,fibrous,thin,0,boundary_erode,0.1,-0.404296875,0.899984348098294,True,0.18184405236198065,14056.0,0.0016020827075197757,89883.0,0.0,304.0,0.0,384.0,0.04942736588306208,3318.0,0.22037868056779197,4.236286919831223,0.9090909090909091,22.0,0.03015075376884422,398.0,0.0,1.0,0.4857142857142857,70.0,0.014198163272885915,1.501971583604018,0.06850042228500647,3.024231219413843
fibrous|thin|0,fibrous,thin,0,boundary_erode,0.2,-0.73828125,0.8008872206108173,True,0.33210017074558906,14056.0,0.007643269583792263,89883.0,0.006578947368421052,304.0,0.0,384.0,0.04822182037371911,3318.0,0.3628258673185349,4.236286919831223,0.7727272727272727,22.0,0.04773869346733668,398.0,0.0,1.0,0.7142857142857143,70.0,0.03730266788773008,1.501971583604018,0.18312287238438263,3.024231219413843
fibrous|thin|0,fibrous,thin,0,boundary_dilate,0.005,0.0234375,0.9949037372593431,True,0.010244735344336939,14056.0,0.0,89883.0,0.0,304.0,0.0,384.0,0.011151295961422544,3318.0,0.0008965627801757176,4.236286919831223,0.5,22.0,0.12060301507537688,398.0,0.0,1.0,0.07142857142857142,70.0,0.002095843988402209,1.501971583604018,0.003786725313987092,3.024231219413843
fibrous|thin|0,fibrous,thin,0,boundary_dilate,0.01,0.046875,0.9898591549295774,True,0.020489470688673878,14056.0,0.0002892649333021817,89883.0,0.0,304.0,0.0,384.0,0.028933092224231464,3318.0,0.008206191053011026,4.236286919831223,0.8636363636363636,22.0,0.28391959798994976,398.0,0.0,1.0,0.1,70.0,0.003914630337279521,1.501971583604018,0.007403924226392639,3.024231219413843
fibrous|thin|0,fibrous,thin,0,boundary_dilate,0.02,0.09375,0.9798877618599463,True,0.04105008537279454,14056.0,0.002380872912564111,89883.0,0.0,304.0,0.0,384.0,0.04972875226039783,3318.0,0.008267532797320657,4.236286919831223,1.5909090909090908,22.0,0.40954773869346733,398.0,0.0,1.0,0.12857142857142856,70.0,0.006665217544877079,1.501971583604018,0.01326552140598389,3.024231219413843
fibrous|thin|0,fibrous,thin,0,boundary_dilate,0.05,0.234375,0.9512401448245525,True,0.10251849743881616,14056.0,0.004138713661092754,89883.0,0.0,304.0,0.0,384.0,0.1003616636528029,3318.0,0.001960113531085328,4.236286919831223,2.3181818181818183,22.0,0.8919597989949749,398.0,0.0,1.0,0.34285714285714286,70.0,0.017333446312033804,1.501971583604018,0.03030395615479616,3.024231219413843
fibrous|thin|0,fibrous,thin,0,boundary_dilate,0.1,0.515625,0.8986350413962855,True,0.22559760956175298,14056.0,0.00406083464058832,89883.0,0.0,304.0,0.0,384.0,0.09885473176612417,3318.0,0.11534088549805177,4.236286919831223,2.090909090909091,22.0,0.9120603015075377,398.0,0.0,1.0,0.37142857142857144,70.0,0.03185481552747569,1.501971583604018,0.05647291249191388,3.024231219413843
fibrous|thin|0,fibrous,thin,0,boundary_dilate,0.2,1.1484375,0.8005923563251125,True,0.4981502561183836,14056.0,0.009879510029705283,89883.0,0.003289473684210526,304.0,0.0,384.0,0.0216998191681736,3318.0,0.4663311356344534,4.236286919831223,2.5454545454545454,22.0,0.271356783919598,398.0,0.0,1.0,0.14285714285714285,70.0,0.05399732511742965,1.501971583604018,0.10172858908014747,3.024231219413843
fibrous|thin|0,fibrous,thin,0,junction_break,0.005,0.015625,0.9949590647456295,True,0.010031303357996586,14056.0,0.0,89883.0,0.0,304.0,0.0,384.0,0.0006027727546714888,3318.0,0.009434217292470588,4.236286919831223,0.18181818181818182,22.0,0.06281407035175879,398.0,0.0,1.0,0.08571428571428572,70.0,0.0006493271956482007,1.501971583604018,0.01779004763232691,3.024231219413843
fibrous|thin|0,fibrous,thin,0,junction_break,0.01,0.03125,0.9902298850574712,True,0.01935116676152533,14056.0,0.0,89883.0,0.0,304.0,0.0,384.0,0.0012055455093429777,3318.0,0.018167523027984665,4.236286919831223,0.6818181818181818,22.0,0.1658291457286432,398.0,5.0,1.0,0.2857142857142857,70.0,0.0012801056560935926,1.501971583604018,0.017209292782544572,3.024231219413843
fibrous|thin|0,fibrous,thin,0,junction_break,0.02,0.06640625,0.9807845696468711,True,0.03770631758679568,14056.0,0.0,89883.0,0.0,304.0,0.0,384.0,0.020192887281494876,3318.0,0.017874365350042398,4.236286919831223,1.4545454545454546,22.0,0.35678391959798994,398.0,12.0,1.0,0.5857142857142857,70.0,0.0028546065775990814,1.501971583604018,0.01075036367364467,3.024231219413843
fibrous|thin|0,fibrous,thin,0,junction_break,0.05,0.21875,0.948612461665046,True,0.09775184974388161,14056.0,0.0,89883.0,0.0,304.0,0.0,384.0,0.055455093429776975,3318.0,0.04478003747613253,4.236286919831223,4.0,22.0,0.7261306532663316,398.0,47.0,1.0,0.9571428571428572,70.0,0.008296560073560085,1.501971583604018,0.041241509440552784,3.024231219413843
fibrous|thin|0,fibrous,thin,0,junction_break,0.1,,,False,,,,,,,,,,,,,,,,,,,,,,,,
fibrous|thin|0,fibrous,thin,0,junction_break,0.2,,,False,,,,,,,,,,,,,,,,,,,,,,,,
fibrous|thin|0,fibrous,thin,0,thin_dropout,0.005,0.1265625,0.9964659265341091,True,0.0070432555492316445,14056.0,0.0012460643280709366,89883.0,0.0,304.0,0.0,384.0,0.004822182037371911,3318.0,0.002231835830511922,4.236286919831223,0.09090909090909091,22.0,0.08542713567839195,398.0,0.0,1.0,0.12857142857142856,70.0,0.0008106675496301427,1.501971583604018,0.00774435152475028,3.024231219413843
fibrous|thin|0,fibrous,thin,0,thin_dropout,0.01,0.1420454545453595,0.992040157762639,True,0.01579396698918611,14056.0,0.0012460643280709366,89883.0,0.0,304.0,0.0,384.0,0.017179023508137433,3318.0,0.001409266338509823,4.236286919831223,0.09090909090909091,22.0,0.09798994974874371,398.0,0.0,1.0,0.14285714285714285,70.0,0.0031100631587538605,1.501971583604018,0.0025081882110375444,3.024231219413843
fibrous|thin|0,fibrous,thin,0,thin_dropout,0.02,0.14765625,0.9795266444024975,True,0.04012521343198634,14056.0,0.0012460643280709366,89883.0,0.0,304.0,0.0,384.0,0.04792043399638336,3318.0,0.00818757259660316,4.236286919831223,0.045454545454545456,22.0,0.10050251256281408,398.0,0.0,1.0,0.14285714285714285,70.0,0.010467295481899369,1.501971583604018,0.030533972820999646,3.024231219413843
fibrous|thin|0,fibrous,thin,0,thin_dropout,0.05,0.2390625,0.9496338364967867,True,0.09590210586226522,14056.0,0.022151018546332453,89883.0,0.0,304.0,0.0,384.0,0.121458710066305,3318.0,0.029089815694341138,4.236286919831223,0.0,22.0,0.16080402010050251,398.0,0.0,1.0,0.2,70.0,0.02482529855043487,1.501971583604018,0.09821393941746863,3.024231219413843
fibrous|thin|0,fibrous,thin,0,thin_dropout,0.1,0.3920454545458143,0.8957064854460463,True,0.1888873079112123,14056.0,0.042366187154411844,89883.0,0.006578947368421052,304.0,0.0,384.0,0.24502712477396021,3318.0,0.07436004485053795,4.236286919831223,0.0,22.0,0.2537688442211055,398.0,4.0,1.0,0.22857142857142856,70.0,0.049395103331567415,1.501971583604018,0.27347985666621627,3.024231219413843
fibrous|thin|0,fibrous,thin,0,thin_dropout,0.2,0.5624999999995908,0.8230762789918781,True,0.30065452475811044,14056.0,0.13552062125207215,89883.0,0.08223684210526316,304.0,0.010416666666666666,384.0,0.3990355635925256,3318.0,0.16370525920390658,4.236286919831223,0.22727272727272727,22.0,0.33668341708542715,398.0,10.0,1.0,0.2571428571428571,70.0,0.04790637234256813,1.501971583604018,0.5497354681484291,3.024231219413843
fibrous|thin|0,fibrous,thin,0,speckle,0.005,0.00078125,0.9963141480011342,True,0.007398975526465566,14056.0,0.5457539245463547,89883.0,0.2565789473684211,304.0,0.0,384.0,0.031042796865581677,3318.0,0.02293194948938537,4.236286919831223,0.09090909090909091,22.0,0.017587939698492462,398.0,97.0,1.0,0.0,70.0,0.03352073172840513,1.501971583604018,0.00945815949766729,3.024231219413843
fibrous|thin|0,fibrous,thin,0,speckle,0.01,0.0023437500000000003,0.9889885664028144,True,0.022268070574843483,14056.0,0.5859283735522847,89883.0,0.2598684210526316,304.0,0.0,384.0,0.094333936106088,3318.0,0.06585363311282541,4.236286919831223,0.7272727272727273,22.0,0.07788944723618091,398.0,284.0,1.0,0.014285714285714285,70.0,0.025852838405736323,1.501971583604018,0.02843018423035255,3.024231219413843
fibrous|thin|0,fibrous,thin,0,speckle,0.02,0.004296875,0.9800244029980826,True,0.0407655093910074,14056.0,0.5958078835819899,89883.0,0.2631578947368421,304.0,0.0,384.0,0.16877637130801687,3318.0,0.1095255388965026,4.236286919831223,1.2727272727272727,22.0,0.06281407035175879,398.0,535.0,1.0,0.014285714285714285,70.0,0.004809256834835827,1.501971583604018,0.05344336570340148,3.024231219413843
fibrous|thin|0,fibrous,thin,0,speckle,0.05,0.010937500000000001,0.9506611206925705,True,0.10379908935685828,14056.0,0.6309090706807738,89883.0,0.2631578947368421,304.0,0.0,384.0,0.4472573839662447,3318.0,0.2373166642053195,4.236286919831223,6.818181818181818,22.0,0.4045226130653266,398.0,1301.0,1.0,0.04285714285714286,70.0,0.0514476917132947,1.501971583604018,0.12207117102103067,3.024231219413843
fibrous|thin|0,fibrous,thin,0,speckle,0.1,0.0234375,0.8999007650693044,True,0.2224672737620945,14056.0,0.6361492162032865,89883.0,0.2631578947368421,304.0,0.0,384.0,0.9388185654008439,3318.0,0.36947825052967054,4.236286919831223,23.772727272727273,22.0,0.6080402010050251,398.0,2633.0,1.0,0.02857142857142857,70.0,0.11831327032233405,1.501971583604018,0.226384130098678,3.024231219413843
fibrous|thin|0,fibrous,thin,0,speckle,0.2,,,False,,,,,,,,,,,,,,,,,,,,,,,,
fibrous|thin|0,fibrous,thin,0,blob,0.005,0.0234375,0.9940242565680139,True,0.012023335230506546,14056.0,0.0,89883.0,0.0,304.0,0.0,384.0,0.006630500301386378,3318.0,0.0053573132619224,4.236286919831223,0.0,22.0,0.04522613065326633,398.0,0.0,1.0,0.04285714285714286,70.0,0.0015687605611403438,1.501971583604018,0.010896924112618122,3.024231219413843
fibrous|thin|0,fibrous,thin,0,blob,0.01,0.09375,0.9896849146277064,True,0.020845190665907797,14056.0,0.013372940378047017,89883.0,0.0,304.0,0.0,384.0,0.0039180229053646775,3318.0,0.016861105562738617,4.236286919831223,0.0,22.0,0.01256281407035176,398.0,2.0,1.0,0.0,70.0,0.00019788265619633002,1.501971583604018,0.013936565148837425,3.024231219413843
fibrous|thin|0,fibrous,thin,0,blob,0.02,0.1171875,0.9791028141543605,True,0.042686397268070574,14056.0,0.23853231423072216,89883.0,0.22697368421052633,304.0,0.0,384.0,0.0030138637733574444,3318.0,0.03955332516089502,4.236286919831223,0.13636363636363635,22.0,0.01507537688442211,398.0,3.0,1.0,0.02857142857142857,70.0,0.004914762064970691,1.501971583604018,0.014276651346378528,3.024231219413843
fibrous|thin|0,fibrous,thin,0,blob,0.05,0.421875,0.9488321857702173,True,0.10785429709732498,14056.0,0.44424418410600447,89883.0,0.2565789473684211,304.0,0.0,384.0,0.016576250753465943,3318.0,0.08978967025464699,4.236286919831223,0.2727272727272727,22.0,0.08542713567839195,398.0,11.0,1.0,0.08571428571428572,70.0,0.011815165329073563,1.501971583604018,0.0687538179290721,3.024231219413843
fibrous|thin|0,fibrous,thin,0,blob,0.1,0.75,0.9014590347923681,True,0.21862549800796813,14056.0,0.4257979818208115,89883.0,0.2631578947368421,304.0,0.0,384.0,0.03496081977094635,3318.0,0.17746051321794945,4.236286919831223,0.7272727272727273,22.0,0.10552763819095477,398.0,18.0,1.0,0.1,70.0,0.003187941774692014,1.501971583604018,0.11797935645965452,3.024231219413843
fibrous|thin|0,fibrous,thin,0,blob,0.2,1.875,0.7995449374288964,True,0.5014228799089356,14056.0,0.5062470100018913,89883.0,0.22039473684210525,304.0,0.0,384.0,0.0753465943339361,3318.0,0.3962222857449128,4.236286919831223,1.9090909090909092,22.0,0.17336683417085427,398.0,50.0,1.0,0.11428571428571428,70.0,0.03147068714743609,1.501971583604018,0.2819873975686785,3.024231219413843
fibrous|thin|1,fibrous,thin,1,boundary_erode,0.005,-0.0234375,0.9945210905010232,True,0.010898109243697478,15232.0,0.0,84321.0,0.0,336.0,0.0,384.0,0.00107095046854083,3735.0,0.011956255155178045,4.078179384203481,0.0,25.0,0.024830699774266364,443.0,0.0,1.0,0.014705882352941176,68.0,0.0006287743398347589,1.5286274762840886,0.0028002926483984922,2.947633109042453
fibrous|thin|1,fibrous,thin,1,boundary_erode,0.01,-0.046875,0.9889818133545732,True,0.021796218487394957,15232.0,0.0002253293959986243,84321.0,0.0,336.0,0.0,384.0,0.00428380187416332,3735.0,0.025968775273372616,4.078179384203481,0.0,25.0,0.029345372460496615,443.0,0.0,1.0,0.04411764705882353,68.0,0.001173370987000459,1.5286274762840886,0.0059332799278351,2.947633109042453
fibrous|thin|1,fibrous,thin,1,boundary_erode,0.02,-0.08203125,0.9805916209342792,True,0.03807773109243697,15232.0,0.00021346995410395986,84321.0,0.0,336.0,0.0,384.0,0.011244979919678716,3735.0,0.048774245599749154,4.078179384203481,0.08,25.0,0.03611738148984198,443.0,0.0,1.0,0.07352941176470588,68.0,0.0021821986029100337,1.5286274762840886,0.011314334893716214,2.947633109042453
fibrous|thin|1,fibrous,thin,1,boundary_erode,0.05,-0.2109375,0.9485020019329007,True,0.0979516806722689,15232.0,1.1859441894664436e-05,84321.0,0.0,336.0,0.0,384.0,0.02597054886211513,3735.0,0.12078536725232895,4.078179384203481,0.28,25.0,0.006772009029345372,443.0,0.0,1.0,0.25,68.0,0.006525210627719539,1.5286274762840886,0.0297989925063621,2.947633109042453
fibrous|thin|1,fibrous,thin,1,boundary_erode,0.1,-0.38671875,0.9013271783035199,True,0.1796218487394958,15232.0,0.0011978036313611082,84321.0,0.0,336.0,0.0,384.0,0.03962516733601071,3735.0,0.2108904468302903,4.078179384203481,0.68,25.0,0.10158013544018059,443.0,0.0,1.0,0.36764705882352944,68.0,0.011422528949614966,1.5286274762840886,0.061952459393912175,2.947633109042453
fibrous|thin|1,fibrous,thin,1,boundary_erode,0.2,-0.71484375,0.8009603652536702,True,0.3319984243697479,15232.0,0.0060720342500681914,84321.0,0.0,336.0,0.0,384.0,0.04417670682730924,3735.0,0.3602600294925663,4.078179384203481,1.12,25.0,0.10158013544018059,443.0,0.0,1.0,0.6029411764705882,68.0,0.03079946952608659,1.5286274762840886,0.16619634736034875,2.947633109042453
fibrous|thin|1,fibrous,thin,1,boundary_dilate,0.005,0.0234375,0.9947753396029259,True,0.01050420168067227,15232.0,0.0024193261465115454,84321.0,0.0,336.0,0.0,384.0,0.010174029451137885,3735.0,0.00032684687975369334,4.078179384203481,0.28,25.0,0.09255079006772009,443.0,0.0,1.0,0.014705882352941176,68.0,0.0010366607021826324,1.5286274762840886,0.004370764826902259,2.947633109042453
fibrous|thin|1,fibrous,thin,1,boundary_dilate,0.01,0.046875,0.9895728439174923,True,0.02107405462184874,15232.0,0.0009606147934678194,84321.0,0.0,336.0,0.0,384.0,0.02597054886211513,3735.0,0.004772548535332745,4.078179384203481,0.76,25.0,0.2618510158013544,443.0,0.0,1.0,0.11764705882352941,68.0,0.004192351296922243,1.5286274762840886,0.004795091843278348,2.947633109042453
fibrous|thin|1,fibrous,thin,1,boundary_dilate,0.02,0.09375,0.9793923806461984,True,0.04208245798319328,15232.0,0.0027632499614568136,84321.0,0.0,336.0,0.0,384.0,0.060508701472556894,3735.0,0.017374910232964877,4.078179384203481,1.64,25.0,0.5846501128668171,443.0,0.0,1.0,0.3235294117647059,68.0,0.00798920739236075,1.5286274762840886,0.01001754898723191,2.947633109042453
fibrous|thin|1,fibrous,thin,1,boundary_dilate,0.05,0.234375,0.9500109146474569,True,0.1052389705882353,15232.0,0.005407905503966983,84321.0,0.0,336.0,0.0,384.0,0.10548862115127175,3735.0,0.0002258282521049122,4.078179384203481,2.68,25.0,1.1173814898419865,443.0,0.0,1.0,0.5882352941176471,68.0,0.016802471847933268,1.5286274762840886,0.025785173030227537,2.947633109042453
fibrous|thin|1,fibrous,thin,1,boundary_dilate,0.1,0.4921875,0.9004758948893027,True,0.22104779411764705,15232.0,0.008099998814055811,84321.0,0.002976190476190476,336.0,0.0,384.0,0.12101740294511379,3735.0,0.0892317915045166,4.078179384203481,2.32,25.0,1.3679458239277653,443.0,0.0,1.0,0.9852941176470589,68.0,0.028880813689803695,1.5286274762840886,0.05180929585897815,2.947633109042453
fibrous|thin|1,fibrous,thin,1,boundary_dilate,0.2,1.125,0.7999789921483155,True,0.5000656512605042,15232.0,0.01285563501381625,84321.0,0.002976190476190476,336.0,0.0,384.0,0.024899598393574297,3735.0,0.4636220500151469,4.078179384203481,2.36,25.0,0.510158013544018,443.0,0.0,1.0,0.1323529411764706,68.0,0.05194407669784182,1.5286274762840886,0.09427128212279878,2.947633109042453
fibrous|thin|1,fibrous,thin,1,junction_break,0.005,0.015625,0.9939898289412853,True,0.011948529411764705,15232.0,0.0,84321.0,0.0,336.0,0.0,384.0,0.00107095046854083,3735.0,0.013005551578748857,4.078179384203481,0.24,25.0,0.045146726862302484,443.0,2.0,1.0,0.10294117647058823,68.0,0.0007567740184135527,1.5286274762840886,0.012052639979674623,2.947633109042453
fibrous|thin|1,fibrous,thin,1,junction_break,0.01,0.03125,0.9894848575314293,True,0.02081144957983193,15232.0,0.0,84321.0,0.0,336.0,0.0,384.0,0.010441767068273093,3735.0,0.010479102862736206,4.078179384203481,1.0,25.0,0.21670428893905191,443.0,9.0,1.0,0.3382352941176471,68.0,0.0015337426846634464,1.5286274762840886,0.0038920967773651773,2.947633109042453
fibrous|thin|1,fibrous,thin,1,junction_break,0.02,0.0625,0.9807962529274005,True,0.03768382352941176,15232.0,0.0,84321.0,0.0,336.0,0.0,384.0,0.022222222222222223,3735.0,0.01581300133689848,4.078179384203481,2.0,25.0,0.31376975169300225,443.0,16.0,1.0,0.5588235294117647,68.0,0.003246847927457039,1.5286274762840886,0.007262955371536902,2.947633109042453
fibrous|thin|1,fibrous,thin,1,junction_break,0.05,0.2109375,0.9499155492744131,True,0.09539128151260504,15232.0,0.0,84321.0,0.0,336.0,0.0,384.0,0.059170013386880854,3735.0,0.038499270475122374,4.078179384203481,4.28,25.0,0.6230248306997742,443.0,48.0,1.0,0.9558823529411765,68.0,0.008692311949818149,1.5286274762840886,0.01984542941335862,2.947633109042453
fibrous|thin|1,fibrous,thin,1,junction_break,0.1,,,False,,,,,,,,,,,,,,,,,,,,,,,,
fibrous|thin|1,fibrous,thin,1,junction_break,0.2,,,False,,,,,,,,,,,,,,,,,,,,,,,,
fibrous|thin|1,fibrous,thin,1,thin_dropout,0.005,0.13359375,0.9962438220757825,True,0.007484243697478992,15232.0,0.0,84321.0,0.0,336.0,0.0,384.0,0.01178045515394913,3735.0,0.004347426114851068,4.078179384203481,0.08,25.0,0.15124153498871332,443.0,1.0,1.0,0.17647058823529413,68.0,0.00039301330426766196,1.5286274762840886,0.008785670488549795,2.947633109042453
fibrous|thin|1,fibrous,thin,1,thin_dropout,0.01,0.15486725663745343,0.981000802782981,True,0.037289915966386554,15232.0,0.01846515102999253,84321.0,0.0,336.0,0.0,384.0,0.04979919678714859,3735.0,0.013164881337150238,4.078179384203481,0.08,25.0,0.17607223476297967,443.0,1.0,1.0,0.20588235294117646,68.0,0.0024746391977948255,1.5286274762840886,0.030489494083410347,2.947633109042453
fibrous|thin|1,fibrous,thin,1,thin_dropout,0.02,0.16171875000000002,0.981000802782981,True,0.037289915966386554,15232.0,0.01846515102999253,84321.0,0.0,336.0,0.0,384.0,0.04979919678714859,3735.0,0.013164881337150238,4.078179384203481,0.08,25.0,0.17607223476297967,443.0,1.0,1.0,0.20588235294117646,68.0,0.0024746391977948255,1.5286274762840886,0.030489494083410347,2.947633109042453
fibrous|thin|1,fibrous,thin,1,thin_dropout,0.05,0.2671875,0.9506028246641406,True,0.09414390756302521,15232.0,0.019069982566620416,84321.0,0.0,336.0,0.0,384.0,0.12449799196787148,3735.0,0.034670490902782916,4.078179384203481,0.0,25.0,0.26636568848758463,443.0,2.0,1.0,0.3088235294117647,68.0,0.01614063211821733,1.5286274762840886,0.08659946351117505,2.947633109042453
fibrous|thin|1,fibrous,thin,1,thin_dropout,0.1,0.40078125000000003,0.8989844230004699,True,0.18349527310924368,15232.0,0.019069982566620416,84321.0,0.0,336.0,0.0,384.0,0.24149933065595716,3735.0,0.07647199256511637,4.078179384203481,0.08,25.0,0.38148984198645597,443.0,7.0,1.0,0.35294117647058826,68.0,0.03983464315457306,1.5286274762840886,0.2115367214677365,2.947633109042453
fibrous|thin|1,fibrous,thin,1,thin_dropout,0.2,0.5619469026551542,0.78144,True,0.358718487394958,15232.0,0.17275649007957686,84321.0,0.0,336.0,0.057291666666666664,384.0,0.4388219544846051,3735.0,0.142741626707935,4.078179384203481,0.08,25.0,0.5124153498871332,443.0,13.0,1.0,0.4117647058823529,68.0,0.06824603948319818,1.5286274762840886,0.5807567559770795,2.947633109042453
fibrous|thin|1,fibrous,thin,1,speckle,0.005,0.0011718750000000002,0.9949377837290572,True,0.01017594537815126,15232.0,0.6708056118879046,84321.0,0.14285714285714285,336.0,0.0,384.0,0.041499330655957165,3735.0,0.03007528123717359,4.078179384203481,0.2,25.0,0.020316027088036117,443.0,147.0,1.0,0.0,68.0,0.03853955896731289,1.5286274762840886,0.01470711552319289,2.947633109042453
fibrous|thin|1,fibrous,thin,1,speckle,0.01,0.0023437500000000003,0.9899265613829856,True,0.02035189075630252,15232.0,0.6735925807331506,84321.0,0.13988095238095238,336.0,0.0,384.0,0.0821954484605087,3735.0,0.0571463849641787,4.078179384203481,0.24,25.0,0.04288939051918736,443.0,287.0,1.0,0.0,68.0,0.027923866262869867,1.5286274762840886,0.02816535259675599,2.947633109042453
fibrous|thin|1,fibrous,thin,1,speckle,0.02,0.004687500000000001,0.9800540470981856,True,0.04070378151260504,15232.0,0.7096215652091412,84321.0,0.14285714285714285,336.0,0.0,384.0,0.16974564926372154,3735.0,0.1103161767110141,4.078179384203481,1.76,25.0,0.21896162528216703,443.0,549.0,1.0,0.029411764705882353,68.0,0.006733672241540831,1.5286274762840886,0.05174109454373788,2.947633109042453
fibrous|thin|1,fibrous,thin,1,speckle,0.05,0.0125,0.9485319301304606,True,0.10852153361344538,15232.0,0.7404086763676901,84321.0,0.14285714285714285,336.0,0.0,384.0,0.44899598393574297,3735.0,0.23497266665812672,4.078179384203481,7.56,25.0,0.4018058690744921,443.0,1447.0,1.0,0.07352941176470588,68.0,0.0519566150798889,1.5286274762840886,0.12797245468867496,2.947633109042453
fibrous|thin|1,fibrous,thin,1,speckle,0.1,0.025781250000000002,0.8993593717710271,True,0.22380514705882354,15232.0,0.7441088222388255,84321.0,0.14285714285714285,336.0,0.0,384.0,0.9175368139223561,3735.0,0.36178271093762837,4.078179384203481,24.2,25.0,0.6997742663656885,443.0,2847.0,1.0,0.11764705882352941,68.0,0.1145288399958231,1.5286274762840886,0.22770442741750443,2.947633109042453
fibrous|thin|1,fibrous,thin,1,speckle,0.2,,,False,,,,,,,,,,,,,,,,,,,,,,,,
fibrous|thin|1,fibrous,thin,1,blob,0.005,0.09375,0.9936397142763952,True,0.012801995798319327,15232.0,0.04686851436771385,84321.0,0.0,336.0,0.0,384.0,0.0034805890227576973,3735.0,0.009289075321964385,4.078179384203481,0.04,25.0,0.01580135440180587,443.0,2.0,1.0,0.029411764705882353,68.0,0.002290294266946794,1.5286274762840886,0.005488372970878677,2.947633109042453
fibrous|thin|1,fibrous,thin,1,blob,0.01,0.0703125,0.9910537102703406,True,0.01805409663865546,15232.0,0.17299367891747014,84321.0,0.11011904761904762,336.0,0.0,384.0,0.001606425702811245,3735.0,0.016421291351343886,4.078179384203481,0.08,25.0,0.0,443.0,3.0,1.0,0.0,68.0,0.0003605504541292414,1.5286274762840886,0.018017886486738945,2.947633109042453
fibrous|thin|1,fibrous,thin,1,blob,0.02,0.140625,0.9813800657174151,True,0.03794642857142857,15232.0,0.16819060495013105,84321.0,0.017857142857142856,336.0,0.0,384.0,0.00642570281124498,3735.0,0.03131947611446804,4.078179384203481,0.08,25.0,0.013544018058690745,443.0,4.0,1.0,0.0,68.0,0.0072723553499933775,1.5286274762840886,0.03308980067319958,2.947633109042453
fibrous|thin|1,fibrous,thin,1,blob,0.05,0.38750000000118234,0.9474404428686944,True,0.11095063025210083,15232.0,0.33236085909797086,84321.0,0.03571428571428571,336.0,0.0,384.0,0.00963855421686747,3735.0,0.10034489631174653,4.078179384203481,0.2,25.0,0.045146726862302484,443.0,7.0,1.0,0.04411764705882353,68.0,0.006946550419253992,1.5286274762840886,0.07120584717930296,2.947633109042453
fibrous|thin|1,fibrous,thin,1,blob,0.1,0.9140625,0.8985900536841485,True,0.22570903361344538,15232.0,0.3498891142182849,84321.0,0.12797619047619047,336.0,0.0,384.0,0.04096385542168675,3735.0,0.1774751133092125,4.078179384203481,0.56,25.0,0.18510158013544017,443.0,21.0,1.0,0.17647058823529413,68.0,0.0034204495671687064,1.5286274762840886,0.11984970475622927,2.947633109042453
fibrous|thin|1,fibrous,thin,1,blob,0.2,2.109375,0.8008833271991167,True,0.49724264705882354,15232.0,0.5476808861374983,84321.0,0.14285714285714285,336.0,0.0,384.0,0.07657295850066935,3735.0,0.3907488900185787,4.078179384203481,1.6,25.0,0.20993227990970656,443.0,48.0,1.0,0.16176470588235295,68.0,0.032143288493390536,1.5286274762840886,0.2700476092921093,2.947633109042453
fibrous|medium|0,fibrous,medium,0,boundary_erode,0.005,-0.046875,0.9958925750394945,True,0.008181246066708621,30191.0,0.0,91241.0,0.0,305.0,0.0,384.0,0.020684977958630044,2949.0,0.028281227458712158,10.237707697524584,0.35,20.0,0.09523809523809523,231.0,0.0,1.0,0.029411764705882353,34.0,0.0006868169440440431,1.6556116014540827,0.0033429434812947962,2.5767738654721537
fibrous|medium|0,fibrous,medium,0,boundary_erode,0.01,-0.1171875,0.9896762319083076,True,0.02043655393991587,30191.0,0.00032879955283260815,91241.0,0.0,305.0,0.0,384.0,0.023397761953204477,2949.0,0.04283213968482827,10.237707697524584,0.4,20.0,0.012987012987012988,231.0,0.0,1.0,0.17647058823529413,34.0,0.001578135854367536,1.6556116014540827,0.0070706297271707925,2.5767738654721537
fibrous|medium|0,fibrous,medium,0,boundary_erode,0.02,-0.234375,0.9791543390420802,True,0.04083998542612037,30191.0,0.0023563967953003583,91241.0,0.0,305.0,0.0,384.0,0.054933875890132246,2949.0,0.09078660142128865,10.237707697524584,1.55,20.0,0.329004329004329,231.0,0.0,1.0,0.23529411764705882,34.0,0.0037496582829049017,1.6556116014540827,0.01715791373126046,2.5767738654721537
fibrous|medium|0,fibrous,medium,0,boundary_erode,0.05,-0.5390625,0.9507176867201891,True,0.09393527872544798,30191.0,0.00484431341173376,91241.0,0.0,305.0,0.0,384.0,0.1346219057307562,2949.0,0.20143907261247646,10.237707697524584,4.45,20.0,0.8484848484848485,231.0,1.0,1.0,0.5882352941176471,34.0,0.008615234046290771,1.6556116014540827,0.04215559719363264,2.5767738654721537
fibrous|medium|0,fibrous,medium,0,boundary_erode,0.1,-1.03125,0.9012664677196303,True,0.1797224338378987,30191.0,0.012823182560471718,91241.0,0.006557377049180328,305.0,0.005208333333333333,384.0,0.022380467955239063,2949.0,0.16094396718278298,10.237707697524584,0.05,20.0,0.4935064935064935,231.0,0.0,1.0,0.7352941176470589,34.0,0.025826984206578012,1.6556116014540827,0.09203286351408729,2.5767738654721537
fibrous|medium|0,fibrous,medium,0,boundary_erode,0.2,-1.8984375,0.8013260809147577,True,0.3314895167434003,30191.0,0.02297212875790489,91241.0,0.009836065573770493,305.0,0.0078125,384.0,0.02373685995252628,2949.0,0.34698992543103263,10.237707697524584,1.8,20.0,0.03463203463203463,231.0,0.0,1.0,0.7647058823529411,34.0,0.05195350852643625,1.6556116014540827,0.23164028398914407,2.5767738654721537
fibrous|medium|0,fibrous,medium,0,boundary_dilate,0.005,0.046875,0.9960246111211917,True,0.007982511344440396,30191.0,3.2879955283260815e-05,91241.0,0.0,305.0,0.0,384.0,0.04679552390640895,2949.0,0.03707793133956754,10.237707697524584,1.25,20.0,0.3593073593073593,231.0,0.0,1.0,0.058823529411764705,34.0,0.0016869455935564176,1.6556116014540827,0.003299656183684609,2.5767738654721537
fibrous|medium|0,fibrous,medium,0,boundary_dilate,0.01,0.1171875,0.9901285583103765,True,0.019939717134245305,30191.0,0.002904396050021372,91241.0,0.0,305.0,0.0,384.0,0.11325873177348254,2949.0,0.08382509112735631,10.237707697524584,2.65,20.0,0.7489177489177489,231.0,0.0,1.0,0.20588235294117646,34.0,0.00471352675223079,1.6556116014540827,0.008043206084218577,2.5767738654721537
fibrous|medium|0,fibrous,medium,0,boundary_dilate,0.02,0.234375,0.9804660225704311,True,0.03984631181477924,30191.0,0.0029591959754934733,91241.0,0.0,305.0,0.0,384.0,0.16378433367243134,2949.0,0.10649569535495798,10.237707697524584,3.6,20.0,1.303030303030303,231.0,0.0,1.0,0.3235294117647059,34.0,0.008726843750191109,1.6556116014540827,0.016032113371231706,2.5767738654721537
fibrous|medium|0,fibrous,medium,0,boundary_dilate,0.05,0.609375,0.9507329438994819,True,0.10364015766287966,30191.0,0.008176148880437523,91241.0,0.003278688524590164,305.0,0.0,384.0,0.15971515768056968,2949.0,0.04835239036613094,10.237707697524584,2.2,20.0,1.3203463203463204,231.0,0.0,1.0,0.8823529411764706,34.0,0.01757399699293609,1.6556116014540827,0.03841553647711202,2.5767738654721537
fibrous|medium|0,fibrous,medium,0,boundary_dilate,0.1,1.3125,0.9008205281217365,True,0.220198072273194,30191.0,0.011157264826119836,91241.0,0.003278688524590164,305.0,0.0,384.0,0.18413021363173956,2949.0,0.030459368594974078,10.237707697524584,3.35,20.0,1.5411255411255411,231.0,0.0,1.0,0.9117647058823529,34.0,0.031002751253906377,1.6556116014540827,0.07205310649750676,2.5767738654721537
fibrous|medium|0,fibrous,medium,0,boundary_dilate,0.2,3.140625,0.7998569365884675,True,0.5004471531251035,30191.0,0.026895803421707346,91241.0,0.009836065573770493,305.0,0.0,384.0,0.1519159036961682,2949.0,0.302566574791266,10.237707697524584,2.35,20.0,1.173160173160173,231.0,0.0,1.0,0.5882352941176471,34.0,0.06075247832196352,1.6556116014540827,0.14141226166590407,2.5767738654721537
fibrous|medium|0,fibrous,medium,0,junction_break,0.005,0.0625,0.9946052149588731,True,0.010731675002484184,30191.0,0.0,91241.0,0.0,305.0,0.0,384.0,0.017293997965412006,2949.0,0.027549236527441828,10.237707697524584,0.3,20.0,0.19047619047619047,231.0,3.0,1.0,0.2647058823529412,34.0,0.0006753826786880648,1.6556116014540827,0.002016887559494723,2.5767738654721537
fibrous|medium|0,fibrous,medium,0,junction_break,0.01,0.125,0.9900142176131137,True,0.01977410486568845,30191.0,0.0,91241.0,0.0,305.0,0.0,384.0,0.02611054594777891,2949.0,0.04471706386282727,10.237707697524584,0.3,20.0,0.15151515151515152,231.0,4.0,1.0,0.4117647058823529,34.0,0.0012934571745289013,1.6556116014540827,0.00275787165340289,2.5767738654721537
fibrous|medium|0,fibrous,medium,0,junction_break,0.02,0.3125,0.9803610327766427,True,0.0385214136663244,30191.0,0.0,91241.0,0.0,305.0,0.0,384.0,0.04815191590369617,2949.0,0.0826915719514689,10.237707697524584,1.05,20.0,0.21212121212121213,231.0,9.0,1.0,0.5588235294117647,34.0,0.00259023296383342,1.6556116014540827,0.012835582813033786,2.5767738654721537
fibrous|medium|0,fibrous,medium,0,junction_break,0.05,,,False,,,,,,,,,,,,,,,,,,,,,,,,
fibrous|medium|0,fibrous,medium,0,junction_break,0.1,,,False,,,,,,,,,,,,,,,,,,,,,,,,
fibrous|medium|0,fibrous,medium,0,junction_break,0.2,,,False,,,,,,,,,,,,,,,,,,,,,,,,
fibrous|medium|0,fibrous,medium,0,thin_dropout,0.005,0.16875,0.9942702954795296,True,0.011394124076711603,30191.0,0.0,91241.0,0.0,305.0,0.0,384.0,0.011529331976941335,2949.0,0.00013678493920324183,10.237707697524584,0.1,20.0,0.2857142857142857,231.0,1.0,1.0,0.38235294117647056,34.0,0.0009767627093689574,1.6556116014540827,0.008784246813617651,2.5767738654721537
fibrous|medium|0,fibrous,medium,0,thin_dropout,0.01,0.19687500000000002,0.9914312916534433,True,0.016991818753933293,30191.0,0.0069157505945791915,91241.0,0.0,305.0,0.0,384.0,0.02305866395388267,2949.0,0.006210040435491429,10.237707697524584,0.0,20.0,0.31601731601731603,231.0,1.0,1.0,0.38235294117647056,34.0,0.002381399598193997,1.6556116014540827,0.0031008547692496853,2.5767738654721537
fibrous|medium|0,fibrous,medium,0,thin_dropout,0.02,0.253125,0.9805676081781499,True,0.03812394422178795,30191.0,0.017985335539943664,91241.0,0.006557377049180328,305.0,0.0,384.0,0.06307222787385554,2949.0,0.02662775551572467,10.237707697524584,0.15,20.0,0.3593073593073593,231.0,1.0,1.0,0.38235294117647056,34.0,0.00767533981595494,1.6556116014540827,0.02427715734729572,2.5767738654721537
fibrous|medium|0,fibrous,medium,0,thin_dropout,0.05,0.41358024691321593,0.9533005131049785,True,0.08923189029843331,30191.0,0.09697394811543056,91241.0,0.013114754098360656,305.0,0.0,384.0,0.15666327568667346,2949.0,0.07995784298750318,10.237707697524584,0.1,20.0,0.42857142857142855,231.0,3.0,1.0,0.4411764705882353,34.0,0.006309070231421574,1.6556116014540827,0.09289787282895415,2.5767738654721537
fibrous|medium|0,fibrous,medium,0,thin_dropout,0.1,0.50625,0.9006663510905583,True,0.18071610744923983,30191.0,0.14074812858254512,91241.0,0.08196721311475409,305.0,0.0,384.0,0.26619192946761616,2949.0,0.11648253194648417,10.237707697524584,0.05,20.0,0.3852813852813853,231.0,5.0,1.0,0.38235294117647056,34.0,0.01455218806372268,1.6556116014540827,0.2306781683210338,2.5767738654721537
fibrous|medium|0,fibrous,medium,0,thin_dropout,0.2,0.5864197530861477,0.8251843492810864,True,0.29760524659666787,30191.0,0.19038590107517453,91241.0,0.08196721311475409,305.0,0.010416666666666666,384.0,0.3919972872160054,2949.0,0.15524937411401368,10.237707697524584,0.25,20.0,0.4675324675324675,231.0,8.0,1.0,0.4117647058823529,34.0,0.038189087040124026,1.6556116014540827,0.48369593732786764,2.5767738654721537
fibrous|medium|0,fibrous,medium,0,speckle,0.005,0.003125,0.9939751102916968,True,0.012122818058361764,30191.0,0.5867647219999781,91241.0,0.25901639344262295,305.0,0.0,384.0,0.13055272973889454,2949.0,0.10475399206535417,10.237707697524584,0.65,20.0,0.10822510822510822,231.0,345.0,1.0,0.058823529411764705,34.0,0.02628686028725904,1.6556116014540827,0.017286013400164543,2.5767738654721537
fibrous|medium|0,fibrous,medium,0,speckle,0.01,0.004687500000000001,0.9909735442788683,True,0.018217349541254015,30191.0,0.5915213555309565,91241.0,0.25901639344262295,305.0,0.0,384.0,0.19905052560189895,2949.0,0.15081364146007975,10.237707697524584,1.2,20.0,0.21212121212121213,231.0,511.0,1.0,0.029411764705882353,34.0,0.0159837938101701,1.6556116014540827,0.025686777141942393,2.5767738654721537
fibrous|medium|0,fibrous,medium,0,speckle,0.02,0.010937500000000001,0.9791940322711424,True,0.04249610811168891,30191.0,0.5994015848138446,91241.0,0.25901639344262295,305.0,0.0,384.0,0.46422516107154965,2949.0,0.28802199564118325,10.237707697524584,6.3,20.0,0.45454545454545453,231.0,1146.0,1.0,0.0,34.0,0.015007269841619644,1.6556116014540827,0.0560772062501989,2.5767738654721537
fibrous|medium|0,fibrous,medium,0,speckle,0.05,0.026562500000000003,0.9509425642156323,True,0.10317644331092048,30191.0,0.6140002849596125,91241.0,0.25901639344262295,305.0,0.0,384.0,1.1291963377416072,2949.0,0.48188129776653854,10.237707697524584,30.3,20.0,1.0389610389610389,231.0,2608.0,1.0,0.11764705882352941,34.0,0.06706417468989205,1.6556116014540827,0.1263910455921463,2.5767738654721537
fibrous|medium|0,fibrous,medium,0,speckle,0.1,,,False,,,,,,,,,,,,,,,,,,,,,,,,
fibrous|medium|0,fibrous,medium,0,speckle,0.2,,,False,,,,,,,,,,,,,,,,,,,,,,,,
fibrous|medium|0,fibrous,medium,0,blob,0.005,0.046875,0.9959424688262849,True,0.00814812361299725,30191.0,0.028561721156059226,91241.0,0.022950819672131147,305.0,0.0,384.0,0.0006781959986436081,2949.0,0.007464864972798702,10.237707697524584,0.0,20.0,0.0,231.0,2.0,1.0,0.0,34.0,0.0012790829669668358,1.6556116014540827,0.011017874891684636,2.5767738654721537
fibrous|medium|0,fibrous,medium,0,blob,0.01,0.1640625,0.990762162605628,True,0.01864794143950184,30191.0,0.0533641674247323,91241.0,0.036065573770491806,305.0,0.0,384.0,0.009155645981688708,2949.0,0.00940617584176446,10.237707697524584,0.2,20.0,0.025974025974025976,231.0,4.0,1.0,0.029411764705882353,34.0,0.008103546956613904,1.6556116014540827,0.016319899342905765,2.5767738654721537
fibrous|medium|0,fibrous,medium,0,blob,0.02,0.421875,0.9802431857660027,True,0.040310026166738434,30191.0,0.4207867077300775,91241.0,0.25573770491803277,305.0,0.0,384.0,0.014581213970837573,2949.0,0.02535904651260426,10.237707697524584,0.15,20.0,0.0735930735930736,231.0,10.0,1.0,0.058823529411764705,34.0,0.013228951845989866,1.6556116014540827,0.04137923116586544,2.5767738654721537
fibrous|medium|0,fibrous,medium,0,blob,0.05,0.984375,0.9504336465662433,True,0.10430260673710709,30191.0,0.3324930678094278,91241.0,0.22295081967213115,305.0,0.0,384.0,0.04136995591726009,2949.0,0.06043255853719602,10.237707697524584,0.85,20.0,0.13852813852813853,231.0,20.0,1.0,0.029411764705882353,34.0,0.009565943361268812,1.6556116014540827,0.10355910327135753,2.5767738654721537
fibrous|medium|0,fibrous,medium,0,blob,0.1,1.96875,0.8999612483977703,True,0.22231790931072173,30191.0,0.37547812934974406,91241.0,0.25901639344262295,305.0,0.0,384.0,0.11936249576127501,2949.0,0.09197682961445577,10.237707697524584,1.35,20.0,0.658008658008658,231.0,38.0,1.0,0.5882352941176471,34.0,0.005923918811343024,1.6556116014540827,0.18672009018403274,2.5767738654721537
fibrous|medium|0,fibrous,medium,0,blob,0.2,,,False,,,,,,,,,,,,,,,,,,,,,,,,
fibrous|medium|1,fibrous,medium,1,boundary_erode,0.005,-0.046875,0.9960681922899708,True,0.007832818284735183,32683.0,0.0,85984.0,0.0,337.0,0.0,384.0,0.004740834386852086,3164.0,0.01251432433246371,10.329646017699115,0.18181818181818182,22.0,0.03459119496855346,318.0,0.0,1.0,0.10638297872340426,47.0,0.0005209025582213874,1.6796824051774855,0.0032167310897474872,2.5326965722767767
fibrous|medium|1,fibrous,medium,1,boundary_erode,0.01,-0.1171875,0.990096562379297,True,0.019612642658262704,32683.0,0.0001628209899516189,85984.0,0.0,337.0,0.0,384.0,0.02465233881163085,3164.0,0.0432000004228079,10.329646017699115,0.4090909090909091,22.0,0.0031446540880503146,318.0,0.0,1.0,0.14893617021276595,47.0,0.0014036305454776358,1.6796824051774855,0.007388673978483057,2.5326965722767767
fibrous|medium|1,fibrous,medium,1,boundary_erode,0.02,-0.234375,0.979995006553898,True,0.03922528531652541,32683.0,0.0003140119091924079,85984.0,0.0,337.0,0.0,384.0,0.0420353982300885,3164.0,0.0779826517262623,10.329646017699115,1.0909090909090908,22.0,0.0220125786163522,318.0,0.0,1.0,0.2765957446808511,47.0,0.002745126158281998,1.6796824051774855,0.014874793053473079,2.5326965722767767
fibrous|medium|1,fibrous,medium,1,boundary_erode,0.05,-0.5625,0.9506012297516415,True,0.09414680414894594,32683.0,0.0023143840714551544,85984.0,0.0,337.0,0.0,384.0,0.14254108723135273,3164.0,0.20715919455802637,10.329646017699115,4.136363636363637,22.0,0.4339622641509434,318.0,1.0,1.0,0.6170212765957447,47.0,0.00954077666935652,1.6796824051774855,0.04113709247961001,2.5326965722767767
fibrous|medium|1,fibrous,medium,1,boundary_erode,0.1,-1.078125,0.9007836410722093,True,0.18052198390600618,32683.0,0.011688221064384071,85984.0,0.005934718100890208,337.0,0.005208333333333333,384.0,0.024336283185840708,3164.0,0.16008148917350293,10.329646017699115,0.22727272727272727,22.0,0.4559748427672956,318.0,0.0,1.0,0.723404255319149,47.0,0.02752168053450825,1.6796824051774855,0.09458773422728134,2.5326965722767767
fibrous|medium|1,fibrous,medium,1,boundary_erode,0.2,-1.9921875,0.7991034520769414,True,0.3345776091546064,32683.0,0.023353181987346483,85984.0,0.011869436201780416,337.0,0.010416666666666666,384.0,0.03413400758533502,3164.0,0.31106137282891844,10.329646017699115,0.36363636363636365,22.0,0.4937106918238994,318.0,0.0,1.0,0.7659574468085106,47.0,0.05627394194923649,1.6796824051774855,0.24358467553892774,2.5326965722767767
fibrous|medium|1,fibrous,medium,1,boundary_dilate,0.005,0.046875,0.9962203188343951,True,0.007588042713337209,32683.0,0.002802847041310011,85984.0,0.0,337.0,0.0,384.0,0.05625790139064475,3164.0,0.046077628023638864,10.329646017699115,1.1818181818181819,22.0,0.3333333333333333,318.0,0.0,1.0,0.06382978723404255,47.0,0.0019079142673212373,1.6796824051774855,0.0037761950967195217,2.5326965722767767
fibrous|medium|1,fibrous,medium,1,boundary_dilate,0.01,0.140625,0.988746029345031,True,0.022764128140011625,32683.0,0.0051637513956084855,85984.0,0.0,337.0,0.0,384.0,0.18836915297092288,3164.0,0.13935486663962862,10.329646017699115,3.4545454545454546,22.0,1.0,318.0,0.0,1.0,0.3829787234042553,47.0,0.005499142053673281,1.6796824051774855,0.009673873871855254,2.5326965722767767
fibrous|medium|1,fibrous,medium,1,boundary_dilate,0.02,0.234375,0.9813977929584866,True,0.0379096166202613,32683.0,0.005210271678451805,85984.0,0.002967359050445104,337.0,0.0,384.0,0.18299620733249053,3164.0,0.12264332701402442,10.329646017699115,3.3636363636363638,22.0,1.1132075471698113,318.0,0.0,1.0,0.5319148936170213,47.0,0.007740537016229012,1.6796824051774855,0.01567481837034668,2.5326965722767767
fibrous|medium|1,fibrous,medium,1,boundary_dilate,0.05,0.65625,0.9495903306409437,True,0.10617140409387144,32683.0,0.008280610346110905,85984.0,0.002967359050445104,337.0,0.0,384.0,0.14190897597977245,3164.0,0.03129634028424887,10.329646017699115,2.409090909090909,22.0,1.150943396226415,318.0,0.0,1.0,0.851063829787234,47.0,0.01596319820929398,1.6796824051774855,0.038308195732914475,2.5326965722767767
fibrous|medium|1,fibrous,medium,1,boundary_dilate,0.1,1.40625,0.8998747229449745,True,0.22253159134718356,32683.0,0.015398213621138817,85984.0,0.005934718100890208,337.0,0.0,384.0,0.22123893805309736,3164.0,0.0010584769726937613,10.329646017699115,3.1363636363636362,22.0,1.2106918238993711,318.0,0.0,1.0,0.7446808510638298,47.0,0.02998362478529794,1.6796824051774855,0.07415120793672465,2.5326965722767767
fibrous|medium|1,fibrous,medium,1,boundary_dilate,0.2,3.375,0.8014959229967507,True,0.4953339656702261,32683.0,0.033599274283587645,85984.0,0.008902077151335312,337.0,0.0,384.0,0.25948166877370415,3164.0,0.1872613970842146,10.329646017699115,3.3636363636363638,22.0,1.349056603773585,318.0,0.0,1.0,0.7659574468085106,47.0,0.05515168733555571,1.6796824051774855,0.1438041155712661,2.5326965722767767
fibrous|medium|1,fibrous,medium,1,junction_break,0.005,0.03125,0.9960836110641828,True,0.007802221338310437,32683.0,0.0,85984.0,0.0,337.0,0.0,384.0,0.019279393173198482,3164.0,0.026569373120748557,10.329646017699115,0.18181818181818182,22.0,0.050314465408805034,318.0,1.0,1.0,0.0851063829787234,47.0,0.0004115458148784815,1.6796824051774855,0.0029173917572723734,2.5326965722767767
fibrous|medium|1,fibrous,medium,1,junction_break,0.01,0.078125,0.9912809987500193,True,0.017287274729981948,32683.0,0.0,85984.0,0.0,337.0,0.0,384.0,0.06415929203539823,3164.0,0.07653606689802879,10.329646017699115,0.4090909090909091,22.0,0.05660377358490566,318.0,4.0,1.0,0.1276595744680851,47.0,0.0009360877902961737,1.6796824051774855,0.007620503638135591,2.5326965722767767
fibrous|medium|1,fibrous,medium,1,junction_break,0.02,0.1875,0.9810444271239283,True,0.03720588685249212,32683.0,0.0,85984.0,0.0,337.0,0.0,384.0,0.09671302149178256,3164.0,0.1221093446689582,10.329646017699115,0.5454545454545454,22.0,0.040880503144654086,318.0,7.0,1.0,0.23404255319148937,47.0,0.0023103978289942873,1.6796824051774855,0.008810616561216043,2.5326965722767767
fibrous|medium|1,fibrous,medium,1,junction_break,0.05,,,False,,,,,,,,,,,,,,,,,,,,,,,,
fibrous|medium|1,fibrous,medium,1,junction_break,0.1,,,False,,,,,,,,,,,,,,,,,,,,,,,,
fibrous|medium|1,fibrous,medium,1,junction_break,0.2,,,False,,,,,,,,,,,,,,,,,,,,,,,,
fibrous|medium|1,fibrous,medium,1,thin_dropout,0.005,0.1125,0.9949722474207783,True,0.010005201480892206,32683.0,0.0,85984.0,0.0,337.0,0.0,384.0,0.0003160556257901391,3164.0,0.009692209132324667,10.329646017699115,0.09090909090909091,22.0,0.16666666666666666,318.0,0.0,1.0,0.2553191489361702,47.0,0.0010047049301582034,1.6796824051774855,0.006416137900957311,2.5326965722767767
fibrous|medium|1,fibrous,medium,1,thin_dropout,0.01,0.16875,0.9911564520858734,True,0.01753205030137992,32683.0,0.000593133606252326,85984.0,0.0,337.0,0.0,384.0,0.015170670037926675,3164.0,0.002397755825919843,10.329646017699115,0.045454545454545456,22.0,0.27358490566037735,318.0,0.0,1.0,0.3617021276595745,47.0,0.0023406576831361704,1.6796824051774855,0.002067592783815259,2.5326965722767767
fibrous|medium|1,fibrous,medium,1,thin_dropout,0.02,0.2671875,0.9795969340763984,True,0.03999020897714408,32683.0,0.03879791589132862,85984.0,0.0,337.0,0.0,384.0,0.058786346396965866,3164.0,0.019970107050475517,10.329646017699115,0.0,22.0,0.33647798742138363,318.0,0.0,1.0,0.40425531914893614,47.0,0.007833227278540553,1.6796824051774855,0.018907794493482833,2.5326965722767767
fibrous|medium|1,fibrous,medium,1,thin_dropout,0.05,0.4078125,0.9497581902022847,True,0.09567665147018328,32683.0,0.061139281726832896,85984.0,0.0,337.0,0.0,384.0,0.1529709228824273,3164.0,0.06764144580161939,10.329646017699115,0.09090909090909091,22.0,0.4276729559748428,318.0,2.0,1.0,0.44680851063829785,47.0,0.010426261764784268,1.6796824051774855,0.09209193708795284,2.5326965722767767
fibrous|medium|1,fibrous,medium,1,thin_dropout,0.1,0.50625,0.90091301935332,True,0.18030780528103296,32683.0,0.24011443989579456,85984.0,0.2522255192878338,337.0,0.0,384.0,0.2474715549936789,3164.0,0.0892507787025669,10.329646017699115,0.0,22.0,0.44654088050314467,318.0,5.0,1.0,0.425531914893617,47.0,0.005251126952085221,1.6796824051774855,0.23157948014874427,2.5326965722767767
fibrous|medium|1,fibrous,medium,1,thin_dropout,0.2,0.6273584905661209,0.7970923813029076,True,0.33736193127925834,32683.0,0.2809359880908076,85984.0,0.2522255192878338,337.0,0.020833333333333332,384.0,0.40992414664981036,3164.0,0.12297099594666655,10.329646017699115,0.5909090909090909,22.0,0.5188679245283019,318.0,10.0,1.0,0.5319148936170213,47.0,0.03715439536583794,1.6796824051774855,0.5342522367159817,2.5326965722767767
fibrous|medium|1,fibrous,medium,1,speckle,0.005,0.003125,0.9945378470901484,True,0.010984303766484104,32683.0,0.6750674544101228,85984.0,0.1394658753709199,337.0,0.0,384.0,0.11536030341340076,3164.0,0.09358052221106389,10.329646017699115,0.6363636363636364,22.0,0.05660377358490566,318.0,331.0,1.0,0.0,47.0,0.029051115592318662,1.6796824051774855,0.01546775109800895,2.5326965722767767
fibrous|medium|1,fibrous,medium,1,speckle,0.01,0.00625,0.9891500083228667,True,0.021938010586543464,32683.0,0.7006536099739487,85984.0,0.1394658753709199,337.0,0.0,384.0,0.24051833122629582,3164.0,0.17620079859979024,10.329646017699115,2.0454545454545454,22.0,0.19811320754716982,318.0,654.0,1.0,0.0,47.0,0.012260199109937609,1.6796824051774855,0.030406670912571324,2.5326965722767767
fibrous|medium|1,fibrous,medium,1,speckle,0.02,0.0125,0.9785182856544064,True,0.04390661811951167,32683.0,0.7080270748046148,85984.0,0.1394658753709199,337.0,0.0,384.0,0.48830594184576487,3164.0,0.2985940667381323,10.329646017699115,7.181818181818182,22.0,0.46540880503144655,318.0,1257.0,1.0,0.06382978723404255,47.0,0.014890867585282765,1.6796824051774855,0.05840747321049845,2.5326965722767767
fibrous|medium|1,fibrous,medium,1,speckle,0.05,0.0296875,0.9504602096753086,True,0.10424379646911239,32683.0,0.7096087644212877,85984.0,0.1394658753709199,337.0,0.0,384.0,1.1463337547408343,3164.0,0.48552092887229104,10.329646017699115,30.545454545454547,22.0,0.8930817610062893,318.0,2799.0,1.0,0.10638297872340426,47.0,0.06425699851655062,1.6796824051774855,0.128095466848045,2.5326965722767767
fibrous|medium|1,fibrous,medium,1,speckle,0.1,,,False,,,,,,,,,,,,,,,,,,,,,,,,
fibrous|medium|1,fibrous,medium,1,speckle,0.2,,,False,,,,,,,,,,,,,,,,,,,,,,,,
fibrous|medium|1,fibrous,medium,1,blob,0.005,0.09375,0.9956285318264207,True,0.008781323623902335,32683.0,0.06500046520282843,85984.0,0.03560830860534125,337.0,0.0,384.0,0.0015802781289506952,3164.0,0.007189683794896413,10.329646017699115,0.09090909090909091,22.0,0.0,318.0,2.0,1.0,0.0,47.0,0.004584411032596157,1.6796824051774855,0.010426700421278566,2.5326965722767767
fibrous|medium|1,fibrous,medium,1,blob,0.01,0.1875,0.9899439648644556,True,0.020316372426031883,32683.0,0.15740137700037216,85984.0,0.10682492581602374,337.0,0.0,384.0,0.0018963337547408343,3164.0,0.01838517424478381,10.329646017699115,0.09090909090909091,22.0,0.009433962264150943,318.0,4.0,1.0,0.0425531914893617,47.0,0.0053010594265493925,1.6796824051774855,0.021069227759161254,2.5326965722767767
fibrous|medium|1,fibrous,medium,1,blob,0.02,0.3984375,0.9791779016118402,True,0.04252975553039807,32683.0,0.4303940267956829,85984.0,0.1394658753709199,337.0,0.0,384.0,0.014538558786346398,3164.0,0.027590076790710103,10.329646017699115,0.4090909090909091,22.0,0.025157232704402517,318.0,12.0,1.0,0.02127659574468085,47.0,0.017585794004954428,1.6796824051774855,0.05219432139918932,2.5326965722767767
fibrous|medium|1,fibrous,medium,1,blob,0.05,1.21875,0.9505846082252342,True,0.10396842395128966,32683.0,0.4538635094901377,85984.0,0.1394658753709199,337.0,0.0,384.0,0.048672566371681415,3164.0,0.05272938317717908,10.329646017699115,1.0,22.0,0.17295597484276728,318.0,24.0,1.0,0.10638297872340426,47.0,0.008144135328312657,1.6796824051774855,0.10590971748448912,2.5326965722767767
fibrous|medium|1,fibrous,medium,1,blob,0.1,2.203125,0.9010779961953076,True,0.21956368754398312,32683.0,0.6187546520282843,85984.0,0.1394658753709199,337.0,0.0,384.0,0.11567635903919089,3164.0,0.09311600775896955,10.329646017699115,1.7727272727272727,22.0,0.41509433962264153,318.0,47.0,1.0,0.3404255319148936,47.0,0.0023443918613979564,1.6796824051774855,0.19809400389608525,2.5326965722767767
fibrous|medium|1,fibrous,medium,1,blob,0.2,,,False,,,,,,,,,,,,,,,,,,,,,,,,
fibrous|thick|0,fibrous,thick,0,boundary_erode,0.005,-0.09375,0.9950493311330361,True,0.009852560967088253,42933.0,0.0008702191663085518,93080.0,0.003257328990228013,307.0,0.0,384.0,0.022415039768618944,2766.0,0.03156017808874331,15.52169197396963,0.35294117647058826,17.0,0.035175879396984924,199.0,0.0,1.0,0.13333333333333333,30.0,0.0007592455404346853,1.7389538639198896,0.003496203896575179,2.277982978688971
fibrous|thick|0,fibrous,thick,0,boundary_erode,0.01,-0.1875,0.9900375210247121,True,0.01972841404048168,42933.0,0.00018263859045981952,93080.0,0.0,307.0,0.0,384.0,0.054591467823571944,2766.0,0.070472675089466,15.52169197396963,1.1764705882352942,17.0,0.1457286432160804,199.0,0.0,1.0,0.23333333333333334,30.0,0.0012707577728576184,1.7389538639198896,0.007879090962415304,2.277982978688971
fibrous|thick|0,fibrous,thick,0,boundary_erode,0.02,-0.375,0.979886661993751,True,0.039433535974658186,42933.0,0.004254404813064031,93080.0,0.0,307.0,0.0,384.0,0.08821402747650037,2766.0,0.11730005332422072,15.52169197396963,2.764705882352941,17.0,0.2914572864321608,199.0,0.0,1.0,0.6333333333333333,30.0,0.003040936938000017,1.7389538639198896,0.017134816011309846,2.277982978688971
fibrous|thick|0,fibrous,thick,0,boundary_erode,0.05,-0.890625,0.9508705479870487,True,0.09365755945310135,42933.0,0.010915341641598625,93080.0,0.003257328990228013,307.0,0.0026041666666666665,384.0,0.05892986261749819,2766.0,0.1440958721226624,15.52169197396963,2.411764705882353,17.0,0.1306532663316583,199.0,0.0,1.0,0.7,30.0,0.012771474288115361,1.7389538639198896,0.04416366918995623,2.277982978688971
fibrous|thick|0,fibrous,thick,0,boundary_erode,0.1,-1.734375,0.8994501480370669,True,0.18272657396408357,42933.0,0.01699613235926085,93080.0,0.009771986970684038,307.0,0.005208333333333333,384.0,0.1240057845263919,2766.0,0.2728921529702975,15.52169197396963,4.470588235294118,17.0,0.628140703517588,199.0,0.0,1.0,0.7333333333333333,30.0,0.02606836855639378,1.7389538639198896,0.09914993246840072,2.277982978688971
fibrous|thick|0,fibrous,thick,0,boundary_erode,0.2,-3.1640625,0.7997819462693243,True,0.33363613071530057,42933.0,0.038622690159003006,93080.0,0.019543973941368076,307.0,0.015625,384.0,0.032176428054953,2766.0,0.311482083510841,15.52169197396963,0.5882352941176471,17.0,0.36683417085427134,199.0,0.0,1.0,0.7333333333333333,30.0,0.05710648916213715,1.7389538639198896,0.23973239617662917,2.277982978688971
fibrous|thick|0,fibrous,thick,0,boundary_dilate,0.005,0.09375,0.9952593451173573,True,0.009526471478815829,42933.0,0.0023420713364847444,93080.0,0.003257328990228013,307.0,0.0,384.0,0.12364425162689804,2766.0,0.10156041823989553,15.52169197396963,2.2941176470588234,17.0,0.7035175879396985,199.0,0.0,1.0,0.2,30.0,0.002400355870196172,1.7389538639198896,0.004457039637502501,2.277982978688971
fibrous|thick|0,fibrous,thick,0,boundary_dilate,0.01,0.1875,0.9905519986156774,True,0.019076235063936832,42933.0,0.000999140524280189,93080.0,0.0,307.0,0.0,384.0,0.18402024584237164,2766.0,0.13930843780554222,15.52169197396963,2.7058823529411766,17.0,1.0301507537688441,199.0,0.0,1.0,0.4,30.0,0.004761507312706439,1.7389538639198896,0.009151369496264598,2.277982978688971
fibrous|thick|0,fibrous,thick,0,boundary_dilate,0.02,0.375,0.9812920699861719,True,0.03812917802156849,42933.0,0.0036420283626987537,93080.0,0.0,307.0,0.0,384.0,0.32176428054953,2766.0,0.21458826411169077,15.52169197396963,4.0,17.0,2.090452261306533,199.0,0.0,1.0,1.0666666666666667,30.0,0.008282430916970547,1.7389538639198896,0.0166724679489013,2.277982978688971
fibrous|thick|0,fibrous,thick,0,boundary_dilate,0.05,1.03125,0.9502971546200073,True,0.10460484941653274,42933.0,0.008347657928663516,93080.0,0.003257328990228013,307.0,0.0,384.0,0.064352856109906,2766.0,0.03781827903740822,15.52169197396963,0.5882352941176471,17.0,0.5628140703517588,199.0,0.0,1.0,0.3,30.0,0.014819152671779445,1.7389538639198896,0.04118298802776572,2.277982978688971
fibrous|thick|0,fibrous,thick,0,boundary_dilate,0.1,2.34375,0.8989227499712105,True,0.22488528637644703,42933.0,0.02198109153416416,93080.0,0.009771986970684038,307.0,0.0,384.0,0.38286334056399135,2766.0,0.11423981643993396,15.52169197396963,4.294117647058823,17.0,2.1256281407035176,199.0,0.0,1.0,1.2,30.0,0.02991666819020088,1.7389538639198896,0.08610953829824025,2.277982978688971
fibrous|thick|0,fibrous,thick,0,boundary_dilate,0.2,5.90625,0.8013102270500294,True,0.4959122353434421,42933.0,0.05019338203695745,93080.0,0.019543973941368076,307.0,0.0,384.0,0.09472161966738973,2766.0,0.6524334037380036,15.52169197396963,0.11764705882352941,17.0,0.1407035175879397,199.0,0.0,1.0,0.06666666666666667,30.0,0.05333660865459596,1.7389538639198896,0.177077904190368,2.277982978688971
fibrous|thick|0,fibrous,thick,0,junction_break,0.005,0.0625,0.9961185025837679,True,0.0077329792933174945,42933.0,0.0,93080.0,0.0,307.0,0.0,384.0,0.046999276934201015,2766.0,0.05227535246039922,15.52169197396963,0.058823529411764705,17.0,0.1306532663316583,199.0,0.0,1.0,0.06666666666666667,30.0,0.00043136258596194706,1.7389538639198896,0.002167563424617459,2.277982978688971
fibrous|thick|0,fibrous,thick,0,junction_break,0.01,0.1875,0.9899900017643946,True,0.019821582465702373,42933.0,0.0,93080.0,0.0,307.0,0.0,384.0,0.09833694866232827,2766.0,0.10757949213302592,15.52169197396963,0.35294117647058826,17.0,0.22613065326633167,199.0,1.0,1.0,0.03333333333333333,30.0,0.001103113923061969,1.7389538639198896,0.005456833126454795,2.277982978688971
fibrous|thick|0,fibrous,thick,0,junction_break,0.02,0.5,0.9813389012136239,True,0.03663848321803741,42933.0,0.0,93080.0,0.0,307.0,0.0,384.0,0.18510484454085321,2766.0,0.18710861640667825,15.52169197396963,0.4117647058823529,17.0,0.4623115577889447,199.0,1.0,1.0,0.23333333333333334,30.0,0.0023288558566703513,1.7389538639198896,0.011064333057737933,2.277982978688971
fibrous|thick|0,fibrous,thick,0,junction_break,0.05,,,False,,,,,,,,,,,,,,,,,,,,,,,,
fibrous|thick|0,fibrous,thick,0,junction_break,0.1,,,False,,,,,,,,,,,,,,,,,,,,,,,,
fibrous|thick|0,fibrous,thick,0,junction_break,0.2,,,False,,,,,,,,,,,,,,,,,,,,,,,,
fibrous|thick|0,fibrous,thick,0,thin_dropout,0.005,0.1125,0.9951669338700806,True,0.009619639904036522,42933.0,0.0,93080.0,0.0,307.0,0.0,384.0,0.013376717281272595,2766.0,0.0038080161324422755,15.52169197396963,0.0,17.0,0.23115577889447236,199.0,0.0,1.0,0.3333333333333333,30.0,0.0009694869591060956,1.7389538639198896,0.0015125432536276797,2.277982978688971
fibrous|thick|0,fibrous,thick,0,thin_dropout,0.01,0.225,0.9886099954063063,True,0.022523466797102463,42933.0,0.0,93080.0,0.0,307.0,0.0,384.0,0.009399855386840203,2766.0,0.013248142029483748,15.52169197396963,0.058823529411764705,17.0,0.2562814070351759,199.0,0.0,1.0,0.36666666666666664,30.0,0.0024430379030515163,1.7389538639198896,0.002665863411320005,2.277982978688971
fibrous|thick|0,fibrous,thick,0,thin_dropout,0.02,0.28125,0.9793895307374126,True,0.04038851233317029,42933.0,0.016920928233777395,93080.0,0.006514657980456026,307.0,0.0,384.0,0.03976861894432393,2766.0,0.000645566684318131,15.52169197396963,0.0,17.0,0.32160804020100503,199.0,0.0,1.0,0.43333333333333335,30.0,0.00612337933400379,1.7389538639198896,0.017409778567764086,2.277982978688971
fibrous|thick|0,fibrous,thick,0,thin_dropout,0.05,0.38671875000000006,0.9497413065547904,True,0.09570726480795658,42933.0,0.0795981951009884,93080.0,0.013029315960912053,307.0,0.0,384.0,0.11713665943600868,2766.0,0.024272606691724923,15.52169197396963,0.0,17.0,0.3316582914572864,199.0,0.0,1.0,0.4666666666666667,30.0,0.008106980209292784,1.7389538639198896,0.08279275899626315,2.277982978688971
fibrous|thick|0,fibrous,thick,0,thin_dropout,0.1,0.4602272727271612,0.9171185713925392,True,0.1530757226375981,42933.0,0.09211431027073486,93080.0,0.013029315960912053,307.0,0.0,384.0,0.1789587852494577,2766.0,0.031524681278909554,15.52169197396963,0.11764705882352941,17.0,0.41708542713567837,199.0,3.0,1.0,0.5,30.0,0.02052327692483499,1.7389538639198896,0.140831207758586,2.277982978688971
fibrous|thick|0,fibrous,thick,0,thin_dropout,0.2,0.5624999999995908,0.8198573372366306,True,0.30528963734190484,42933.0,0.2125268586162441,93080.0,0.08143322475570032,307.0,0.12239583333333333,384.0,0.3499638467100506,2766.0,0.06872573031829327,15.52169197396963,0.47058823529411764,17.0,0.3969849246231156,199.0,6.0,1.0,0.5,30.0,0.03745351896328512,1.7389538639198896,0.42095738191416193,2.277982978688971
fibrous|thick|0,fibrous,thick,0,speckle,0.005,0.003125,0.9962061884375761,True,0.007616518761791629,42933.0,0.5533949290932532,93080.0,0.250814332247557,307.0,0.0,384.0,0.13232104121475055,2766.0,0.11013177174485451,15.52169197396963,0.8235294117647058,17.0,0.12060301507537688,199.0,302.0,1.0,0.0,30.0,0.029548497111740832,1.7389538639198896,0.010613155154267556,2.277982978688971
fibrous|thick|0,fibrous,thick,0,speckle,0.01,0.009375000000000001,0.9887156576008106,True,0.022826264179069713,42933.0,0.5762462397937258,93080.0,0.250814332247557,307.0,0.0,384.0,0.40130151843817785,2766.0,0.27008837803939456,15.52169197396963,5.0,17.0,0.3316582914572864,199.0,887.0,1.0,0.03333333333333333,30.0,0.0038095064587952343,1.7389538639198896,0.03255516201844369,2.277982978688971
fibrous|thick|0,fibrous,thick,0,speckle,0.02,0.015625,0.9813369295649094,True,0.0380360095963478,42933.0,0.5776858616244092,93080.0,0.250814332247557,307.0,0.0,384.0,0.6677512653651483,2766.0,0.3775834375583138,15.52169197396963,13.117647058823529,17.0,0.5628140703517588,199.0,1445.0,1.0,0.06666666666666667,30.0,0.015833760128384094,1.7389538639198896,0.05250817783820009,2.277982978688971
fibrous|thick|0,fibrous,thick,0,speckle,0.05,0.043750000000000004,0.9494355311314809,True,0.10651480213355694,42933.0,0.5831650193382037,93080.0,0.250814332247557,307.0,0.0,384.0,1.8521330441070138,2766.0,0.6120395560018483,15.52169197396963,69.41176470588235,17.0,1.9195979899497488,199.0,3582.0,1.0,0.26666666666666666,30.0,0.06663634107567232,1.7389538639198896,0.13238961448126185,2.277982978688971
fibrous|thick|0,fibrous,thick,0,speckle,0.1,,,False,,,,,,,,,,,,,,,,,,,,,,,,
fibrous|thick|0,fibrous,thick,0,speckle,0.2,,,False,,,,,,,,,,,,,,,,,,,,,,,,
fibrous|thick|0,fibrous,thick,0,blob,0.005,0.1875,0.9963102199944305,True,0.00740688980504507,42933.0,0.04281263429308122,93080.0,0.0,307.0,0.0,384.0,0.005422993492407809,2766.0,0.00197319568527678,15.52169197396963,0.058823529411764705,17.0,0.010050251256281407,199.0,2.0,1.0,0.0,30.0,0.0007664628103843447,1.7389538639198896,0.007029918466579716,2.277982978688971
fibrous|thick|0,fibrous,thick,0,blob,0.01,0.140625,0.9906662820882608,True,0.0188433140008851,42933.0,0.17902879243661365,93080.0,0.09771986970684039,307.0,0.0,384.0,0.009038322487346349,2766.0,0.009717164645807375,15.52169197396963,0.058823529411764705,17.0,0.07035175879396985,199.0,4.0,1.0,0.06666666666666667,30.0,0.007822799595320411,1.7389538639198896,0.02626031290691609,2.277982978688971
fibrous|thick|0,fibrous,thick,0,blob,0.02,0.328125,0.981258427993509,True,0.03819905434048401,42933.0,0.33212290502793296,93080.0,0.23452768729641693,307.0,0.0,384.0,0.015184381778741865,2766.0,0.02267043600633146,15.52169197396963,0.17647058823529413,17.0,0.07035175879396985,199.0,10.0,1.0,0.06666666666666667,30.0,0.009287718637608383,1.7389538639198896,0.053251892350295794,2.277982978688971
fibrous|thick|0,fibrous,thick,0,blob,0.05,1.6875,0.9498556399960176,True,0.10558311788135001,42933.0,0.39963472281908036,93080.0,0.247557003257329,307.0,0.0,384.0,0.12147505422993492,2766.0,0.014170566067113404,15.52169197396963,2.0588235294117645,17.0,0.6231155778894473,199.0,30.0,1.0,0.43333333333333335,30.0,0.009088875771805463,1.7389538639198896,0.11245274910080276,2.277982978688971
fibrous|thick|0,fibrous,thick,0,blob,0.1,,,False,,,,,,,,,,,,,,,,,,,,,,,,
fibrous|thick|0,fibrous,thick,0,blob,0.2,,,False,,,,,,,,,,,,,,,,,,,,,,,,
fibrous|thick|1,fibrous,thick,1,boundary_erode,0.005,-0.09375,0.9953844621293457,True,0.009188665109514785,45382.0,0.00031810229260866604,88022.0,0.0029498525073746312,339.0,0.0,384.0,0.01667245571378951,2879.0,0.02543702318083118,15.76311219173324,0.29411764705882354,17.0,0.028112449799196786,249.0,0.0,1.0,0.07142857142857142,42.0,0.0007649451050657184,1.752863629322836,0.0041761248482488165,2.2544694126422544
fibrous|thick|1,fibrous,thick,1,boundary_erode,0.01,-0.1875,0.9907373430741346,True,0.01835529505090124,45382.0,0.00012496875781054737,88022.0,0.0,339.0,0.0,384.0,0.0305661688086141,2879.0,0.047470473357446745,15.76311219173324,1.0588235294117647,17.0,0.07228915662650602,249.0,0.0,1.0,0.30952380952380953,42.0,0.0012807435521198767,1.752863629322836,0.007853922304928249,2.2544694126422544
fibrous|thick|1,fibrous,thick,1,boundary_erode,0.02,-0.375,0.9813014882488945,True,0.03671059010180248,45382.0,0.0023062416214128284,88022.0,0.0029498525073746312,339.0,0.0,384.0,0.07606807919416464,2879.0,0.10480625852262404,15.76311219173324,2.588235294117647,17.0,0.11244979919678715,249.0,0.0,1.0,0.6190476190476191,42.0,0.0035452996489121554,1.752863629322836,0.01630483718205195,2.2544694126422544
fibrous|thick|1,fibrous,thick,1,boundary_erode,0.05,-0.984375,0.9493691399467531,True,0.09638182539332775,45382.0,0.010997250687328168,88022.0,0.0029498525073746312,339.0,0.005208333333333333,384.0,0.05418548106981591,2879.0,0.04461376250730462,15.76311219173324,0.35294117647058826,17.0,0.4859437751004016,249.0,0.0,1.0,0.7142857142857143,42.0,0.013092128818988325,1.752863629322836,0.048011306874736474,2.2544694126422544
fibrous|thick|1,fibrous,thick,1,boundary_erode,0.1,-1.875,0.8985486141449445,True,0.18421400555286238,45382.0,0.018529458544454796,88022.0,0.008849557522123894,339.0,0.005208333333333333,384.0,0.03786036818339701,2879.0,0.21397326706381883,15.76311219173324,2.8823529411764706,17.0,0.0642570281124498,249.0,0.0,1.0,0.7142857142857143,42.0,0.026903814207912193,1.752863629322836,0.10541883248076714,2.2544694126422544
fibrous|thick|1,fibrous,thick,1,boundary_erode,0.2,-3.375,0.8005761632286285,True,0.33253272222467056,45382.0,0.03761559610097476,88022.0,0.017699115044247787,339.0,0.015625,384.0,0.012851684612712747,2879.0,0.34100195723073606,15.76311219173324,2.7058823529411766,17.0,0.07630522088353414,249.0,0.0,1.0,0.7380952380952381,42.0,0.05527734782084773,1.752863629322836,0.2544526457985007,2.2544694126422544
fibrous|thick|1,fibrous,thick,1,boundary_dilate,0.005,0.09375,0.9956341458063667,True,0.008769996915076461,45382.0,0.0019426961441457817,88022.0,0.0,339.0,0.0,384.0,0.1691559569294894,2879.0,0.13718098005986176,15.76311219173324,2.4705882352941178,17.0,0.7831325301204819,249.0,0.0,1.0,0.30952380952380953,42.0,0.002205598122083599,1.752863629322836,0.004209005453283407,2.2544694126422544
fibrous|thick|1,fibrous,thick,1,boundary_dilate,0.01,0.1875,0.99130624726955,True,0.017539993830152922,45382.0,0.004578400854331872,88022.0,0.0,339.0,0.0,384.0,0.2719694338311914,2879.0,0.20002795132796,15.76311219173324,4.0,17.0,1.3775100401606426,249.0,0.0,1.0,0.5238095238095238,42.0,0.003517213841912145,1.752863629322836,0.00823409811442051,2.2544694126422544
fibrous|thick|1,fibrous,thick,1,boundary_dilate,0.02,0.46875,0.9785348498733222,True,0.04387201974351064,45382.0,0.00686192088341551,88022.0,0.0029498525073746312,339.0,0.0,384.0,0.36714136853073986,2879.0,0.2364564164528539,15.76311219173324,4.352941176470588,17.0,1.895582329317269,249.0,0.0,1.0,0.9523809523809523,42.0,0.007298143783645254,1.752863629322836,0.02027118006863256,2.2544694126422544
fibrous|thick|1,fibrous,thick,1,boundary_dilate,0.05,1.125,0.950537769539309,True,0.1040720990701159,45382.0,0.012758174092840427,88022.0,0.0058997050147492625,339.0,0.0,384.0,0.1569989579715179,2879.0,0.04574494949778936,15.76311219173324,2.588235294117647,17.0,0.8755020080321285,249.0,0.0,1.0,0.2619047619047619,42.0,0.01324120719739144,1.752863629322836,0.04373253272531894,2.2544694126422544
fibrous|thick|1,fibrous,thick,1,boundary_dilate,0.1,2.625,0.8990718453141561,True,0.2245163280595831,45382.0,0.02459612369634864,88022.0,0.008849557522123894,339.0,0.0,384.0,0.1243487321986801,2879.0,0.08908943728252704,15.76311219173324,2.4705882352941178,17.0,0.8032128514056225,249.0,0.0,1.0,0.30952380952380953,42.0,0.02627096779572958,1.752863629322836,0.09298874940937268,2.2544694126422544
fibrous|thick|1,fibrous,thick,1,boundary_dilate,0.2,,,False,,,,,,,,,,,,,,,,,,,,,,,,
fibrous|thick|1,fibrous,thick,1,junction_break,0.005,0.0625,0.9959512378592447,True,0.008064871534969811,45382.0,0.0,88022.0,0.0,339.0,0.0,384.0,0.035428968391802707,2879.0,0.04200562400173706,15.76311219173324,0.11764705882352941,17.0,0.024096385542168676,249.0,0.0,1.0,0.14285714285714285,42.0,0.0004841065506398725,1.752863629322836,0.0005063926192203443,2.2544694126422544
fibrous|thick|1,fibrous,thick,1,junction_break,0.01,0.15625,0.9892200097999911,True,0.02133004274822617,45382.0,0.0,88022.0,0.0,339.0,0.0,384.0,0.1479680444598819,2879.0,0.14747630652712349,15.76311219173324,0.4117647058823529,17.0,0.30522088353413657,249.0,0.0,1.0,0.023809523809523808,42.0,0.0011616765023962938,1.752863629322836,0.0038381861194091427,2.2544694126422544
fibrous|thick|1,fibrous,thick,1,junction_break,0.02,0.375,0.9799964038478828,True,0.03922259926843242,45382.0,0.0,88022.0,0.0,339.0,0.0,384.0,0.238971865230983,2879.0,0.22453654704059903,15.76311219173324,0.8823529411764706,17.0,0.4859437751004016,249.0,2.0,1.0,0.14285714285714285,42.0,0.00238475816093947,1.752863629322836,0.0058439444546224475,2.2544694126422544
fibrous|thick|1,fibrous,thick,1,junction_break,0.05,,,False,,,,,,,,,,,,,,,,,,,,,,,,
fibrous|thick|1,fibrous,thick,1,junction_break,0.1,,,False,,,,,,,,,,,,,,,,,,,,,,,,
fibrous|thick|1,fibrous,thick,1,junction_break,0.2,,,False,,,,,,,,,,,,,,,,,,,,,,,,
fibrous|thick|1,fibrous,thick,1,thin_dropout,0.005,0.084375,0.9941932624113475,True,0.011546428099246397,45382.0,0.0,88022.0,0.0,339.0,0.0,384.0,0.0020840569642236887,2879.0,0.013602137434221968,15.76311219173324,0.23529411764705882,17.0,0.08433734939759036,249.0,0.0,1.0,0.23809523809523808,42.0,0.0012769122790854154,1.752863629322836,0.0016867585743314875,2.2544694126422544
fibrous|thick|1,fibrous,thick,1,thin_dropout,0.01,0.16875,0.9899399065212553,True,0.01991979198801287,45382.0,0.001908613755651996,88022.0,0.0,339.0,0.0,384.0,0.009725599166377214,2879.0,0.010294311165727476,15.76311219173324,0.11764705882352941,17.0,0.24497991967871485,249.0,0.0,1.0,0.40476190476190477,42.0,0.0021753183273610062,1.752863629322836,0.002621352339279688,2.2544694126422544
fibrous|thick|1,fibrous,thick,1,thin_dropout,0.02,0.28125,0.9785385507050655,True,0.042021065620730685,45382.0,0.03245779464224853,88022.0,0.0,339.0,0.0,384.0,0.027092740534907955,2879.0,0.015344037101779178,15.76311219173324,0.29411764705882354,17.0,0.18875502008032127,249.0,0.0,1.0,0.40476190476190477,42.0,0.005940923449739084,1.752863629322836,0.010357794666782867,2.2544694126422544
fibrous|thick|1,fibrous,thick,1,thin_dropout,0.05,0.4078125,0.9497460108075584,True,0.09569873518134943,45382.0,0.043182386221626415,88022.0,0.0,339.0,0.0,384.0,0.10072941993747829,2879.0,0.005594183628001187,15.76311219173324,0.8823529411764706,17.0,0.25301204819277107,249.0,5.0,1.0,0.47619047619047616,42.0,0.007980936121809038,1.752863629322836,0.06736355238292908,2.2544694126422544
fibrous|thick|1,fibrous,thick,1,thin_dropout,0.1,0.4913043478261443,0.8883772198407839,True,0.20082852232162532,45382.0,0.21302628888232486,88022.0,0.25663716814159293,339.0,0.0,384.0,0.21952066689822855,2879.0,0.023949570198505084,15.76311219173324,0.8235294117647058,17.0,0.2971887550200803,249.0,7.0,1.0,0.42857142857142855,42.0,0.01196802165910639,1.752863629322836,0.23427005267642068,2.2544694126422544
fibrous|thick|1,fibrous,thick,1,thin_dropout,0.2,0.5695652173912549,0.804242144786246,True,0.32742056321889734,45382.0,0.23277135261639137,88022.0,0.25663716814159293,339.0,0.0078125,384.0,0.34525877040639114,2879.0,0.02724466763543484,15.76311219173324,1.411764705882353,17.0,0.357429718875502,249.0,12.0,1.0,0.47619047619047616,42.0,0.03688898261354788,1.752863629322836,0.48712366196949897,2.2544694126422544
fibrous|thick|1,fibrous,thick,1,speckle,0.005,0.003125,0.9964976999000911,True,0.007029218632938169,45382.0,0.6392833609779374,88022.0,0.13274336283185842,339.0,0.0,384.0,0.12018061827023271,2879.0,0.10101174559868864,15.76311219173324,0.6470588235294118,17.0,0.040160642570281124,249.0,300.0,1.0,0.0,42.0,0.029740102790249644,1.752863629322836,0.01047254644365428,2.2544694126422544
fibrous|thick|1,fibrous,thick,1,speckle,0.01,0.009375000000000001,0.9895661844070606,True,0.02108765589881451,45382.0,0.6647997091636182,88022.0,0.13274336283185842,339.0,0.0,384.0,0.36297325460229246,2879.0,0.2508380832485507,15.76311219173324,4.294117647058823,17.0,0.2289156626506024,249.0,871.0,1.0,0.023809523809523808,42.0,0.005884590618605368,1.752863629322836,0.030152301799811262,2.2544694126422544
fibrous|thick|1,fibrous,thick,1,speckle,0.02,0.018750000000000003,0.979347849543581,True,0.04217531179762902,45382.0,0.664413442094022,88022.0,0.13274336283185842,339.0,0.0,384.0,0.7693643626259118,2879.0,0.410988864808525,15.76311219173324,15.764705882352942,17.0,0.6184738955823293,249.0,1664.0,1.0,0.09523809523809523,42.0,0.019997730049693477,1.752863629322836,0.05967449053834966,2.2544694126422544
fibrous|thick|1,fibrous,thick,1,speckle,0.05,0.046875,0.9499209829511559,True,0.10543827949407254,45382.0,0.6738315421144714,88022.0,0.13274336283185842,339.0,0.0,384.0,1.861062869051754,2879.0,0.613626707944223,15.76311219173324,75.58823529411765,17.0,1.2730923694779117,249.0,3685.0,1.0,0.23809523809523808,42.0,0.0641843951782783,1.752863629322836,0.1346410012239366,2.2544694126422544
fibrous|thick|1,fibrous,thick,1,speckle,0.1,,,False,,,,,,,,,,,,,,,,,,,,,,,,
fibrous|thick|1,fibrous,thick,1,speckle,0.2,,,False,,,,,,,,,,,,,,,,,,,,,,,,
fibrous|thick|1,fibrous,thick,1,blob,0.005,0.28125,0.9943797451712918,True,0.011304041249834737,45382.0,0.21499170661879985,88022.0,0.0,339.0,0.0,384.0,0.007641542202153525,2879.0,0.0036347241496981196,15.76311219173324,0.29411764705882354,17.0,0.020080321285140562,249.0,4.0,1.0,0.047619047619047616,42.0,0.015919987489168994,1.752863629322836,0.012090319270495163,2.2544694126422544
fibrous|thick|1,fibrous,thick,1,blob,0.01,0.375,0.9887253673787296,True,0.02280639901282447,45382.0,0.3691917929608507,88022.0,0.13274336283185842,339.0,0.0,384.0,0.01667245571378951,2879.0,0.006033352496727613,15.76311219173324,0.47058823529411764,17.0,0.03614457831325301,249.0,7.0,1.0,0.047619047619047616,42.0,0.0017049839345988122,1.752863629322836,0.02254577732282375,2.2544694126422544
fibrous|thick|1,fibrous,thick,1,blob,0.02,0.75,0.9797707204386968,True,0.0412939050724957,45382.0,0.39916157324305285,88022.0,0.09144542772861357,339.0,0.0,384.0,0.029871483153872874,2879.0,0.011091113896699896,15.76311219173324,0.7647058823529411,17.0,0.0642570281124498,249.0,10.0,1.0,0.023809523809523808,42.0,0.009095039739350936,1.752863629322836,0.04122850591815523,2.2544694126422544
fibrous|thick|1,fibrous,thick,1,blob,0.05,1.59375,0.9496029545620992,True,0.10614340487417918,45382.0,0.5662788848242485,88022.0,0.13274336283185842,339.0,0.0,384.0,0.08857242097950677,2879.0,0.016141309072355496,15.76311219173324,1.7647058823529411,17.0,0.25301204819277107,249.0,31.0,1.0,0.14285714285714285,42.0,0.012486018713163809,1.752863629322836,0.11064181412789541,2.2544694126422544
fibrous|thick|1,fibrous,thick,1,blob,0.1,,,False,,,,,,,,,,,,,,,,,,,,,,,,
fibrous|thick|1,fibrous,thick,1,blob,0.2,,,False,,,,,,,,,,,,,,,,,,,,,,,,
