mask,morphology,thickness,thickness_px,seed,degradation,severity,dice,err_pixel_area,base_pixel_area,err_convex_hull_area,base_convex_hull_area,err_bounding_depth,base_bounding_depth,err_bounding_width,base_bounding_width,err_total_length,base_total_length,err_mean_diameter,base_mean_diameter,err_n_tips,base_n_tips,err_n_branch_points,base_n_branch_points,err_n_components,base_n_components,err_n_holes,base_n_holes,err_fractal_dimension,base_fractal_dimension,err_lacunarity,base_lacunarity
herringbone|thin|0,herringbone,thin,2,0,boundary_erode,0.0,1.0,0.0,5143.0,0.0,55271.0,0.0,361.0,0.0,189.0,0.0,1456.0,0.0,3.53228021978022,0.0,19.0,0.0,60.0,0.0,2.0,0.0,0.0,0.0,1.3205826523735409,0.0,5.163732634547883
herringbone|thin|0,herringbone,thin,2,0,boundary_erode,-1.0,0.6182160128962924,0.5525957612288548,5143.0,0.016247218251886162,55271.0,0.00554016620498615,361.0,0.010582010582010581,189.0,0.0,1456.0,0.5525957612288548,3.53228021978022,0.05263157894736842,19.0,0.06666666666666667,60.0,0.5,2.0,0.0,0.0,0.08484330507531565,1.3205826523735409,0.30265677747110187,5.163732634547883
herringbone|thin|0,herringbone,thin,2,0,boundary_erode,-2.0,0.15132997843278218,0.9181411627454793,5143.0,0.9691700891968663,55271.0,0.019390581717451522,361.0,0.9576719576719577,189.0,0.7568681318681318,1456.0,0.6633150648514629,3.53228021978022,0.8947368421052632,19.0,1.0,60.0,0.5,2.0,0.0,0.0,0.2736547532590784,1.3205826523735409,2.8707026672014635,5.163732634547883
herringbone|thin|0,herringbone,thin,2,0,boundary_erode,-3.0,0.006975392365820577,0.9965000972195217,5143.0,0.9829386115684536,55271.0,0.2077562326869806,361.0,0.9682539682539683,189.0,0.9876373626373627,1456.0,0.7168967528679759,3.53228021978022,0.6842105263157895,19.0,1.0,60.0,6.5,2.0,0.0,0.0,0.7567702174089893,1.3205826523735409,5.212638307563321,5.163732634547883
herringbone|thin|0,herringbone,thin,2,0,boundary_dilate,0.0,1.0,0.0,5143.0,0.0,55271.0,0.0,361.0,0.0,189.0,0.0,1456.0,0.0,3.53228021978022,0.0,19.0,0.0,60.0,0.0,2.0,0.0,0.0,0.0,1.3205826523735409,0.0,5.163732634547883
herringbone|thin|0,herringbone,thin,2,0,boundary_dilate,1.0,0.7830985915492957,0.5539568345323741,5143.0,0.01630149626386351,55271.0,0.002770083102493075,361.0,0.010582010582010581,189.0,0.009615384615384616,1456.0,0.5690437940909409,3.53228021978022,0.15789473684210525,19.0,0.06666666666666667,60.0,0.5,2.0,0.0,0.0,0.06073681237973982,1.3205826523735409,0.07760476041620852,5.163732634547883
herringbone|thin|0,herringbone,thin,2,0,boundary_dilate,2.0,0.6449307166593516,1.1011083025471515,5143.0,0.03263917786904525,55271.0,0.00554016620498615,361.0,0.021164021164021163,189.0,0.007554945054945055,1456.0,1.117102898621905,3.53228021978022,0.15789473684210525,19.0,0.06666666666666667,60.0,0.5,2.0,0.0,0.0,0.10318653123409588,1.3205826523735409,0.1278607255229342,5.163732634547883
herringbone|thin|0,herringbone,thin,2,0,boundary_dilate,3.0,0.5489379869783328,1.6433987944779311,5143.0,0.04901304481554522,55271.0,0.008310249307479225,361.0,0.031746031746031744,189.0,0.01304945054945055,1456.0,1.6783497875851552,3.53228021978022,0.15789473684210525,19.0,0.06666666666666667,60.0,0.5,2.0,0.0,0.0,0.1414280775049129,1.3205826523735409,0.16960090179100418,5.163732634547883
herringbone|thin|0,herringbone,thin,2,0,boundary_dilate,4.0,0.4784186046511628,2.180439432237993,5143.0,0.06542309710336343,55271.0,0.0110803324099723,361.0,0.042328042328042326,189.0,0.014423076923076924,1456.0,2.226982448319525,3.53228021978022,0.15789473684210525,19.0,0.06666666666666667,60.0,0.5,2.0,0.0,0.0,0.17415712217139573,1.3205826523735409,0.20776135107397833,5.163732634547883
herringbone|thin|0,herringbone,thin,2,0,boundary_dilate,5.0,0.4244449946356359,2.7120357767839782,5143.0,0.08186933473249987,55271.0,0.013850415512465374,361.0,0.05291005291005291,189.0,0.019917582417582416,1456.0,2.7874730840907302,3.53228021978022,0.15789473684210525,19.0,0.06666666666666667,60.0,0.5,2.0,0.0,0.0,0.19544815741489205,1.3205826523735409,0.2438679341847223,5.163732634547883
herringbone|thin|0,herringbone,thin,2,0,junction_break,0.0,1.0,0.0,5143.0,0.0,55271.0,0.0,361.0,0.0,189.0,0.0,1456.0,0.0,3.53228021978022,0.0,19.0,0.0,60.0,0.0,2.0,0.0,0.0,0.0,1.3205826523735409,0.0,5.163732634547883
herringbone|thin|0,herringbone,thin,2,0,junction_break,0.1,0.983596837944664,0.03227688119774451,5143.0,0.0,55271.0,0.0,361.0,0.0,189.0,0.01098901098901099,1456.0,0.021524402099941747,3.53228021978022,1.0526315789473684,19.0,0.016666666666666666,60.0,4.5,2.0,0.0,0.0,0.0022896430488271394,1.3205826523735409,0.025885971388121137,5.163732634547883
herringbone|thin|0,herringbone,thin,2,0,junction_break,0.2,0.9739650872817955,0.05074859031693564,5143.0,0.0,55271.0,0.0,361.0,0.0,189.0,0.02815934065934066,1456.0,0.023243779152974087,3.53228021978022,1.368421052631579,19.0,0.25,60.0,7.0,2.0,0.0,0.0,0.0039321140769511265,1.3205826523735409,0.03871325579020526,5.163732634547883
herringbone|thin|0,herringbone,thin,2,0,junction_break,0.4,0.961010101010101,0.07505347073692398,5143.0,0.0,55271.0,0.0,361.0,0.0,189.0,0.04807692307692308,1456.0,0.028338999562021162,3.53228021978022,2.0526315789473686,19.0,0.35,60.0,10.5,2.0,0.0,0.0,0.007305202436093131,1.3205826523735409,0.05665612666205669,5.163732634547883
herringbone|thin|0,herringbone,thin,2,0,junction_break,0.6,0.9482617586912065,0.09838615594011277,5143.0,0.0,55271.0,0.0,361.0,0.0,189.0,0.061126373626373624,1456.0,0.03968562037220506,3.53228021978022,2.6315789473684212,19.0,0.3333333333333333,60.0,13.5,2.0,0.0,0.0,0.009241905832114497,1.3205826523735409,0.0802860534538533,5.163732634547883
herringbone|thin|0,herringbone,thin,2,0,junction_break,0.8,0.9423136246786632,0.10908030332490765,5143.0,0.0,55271.0,0.0,361.0,0.0,189.0,0.07211538461538461,1456.0,0.03983783985275025,3.53228021978022,2.8421052631578947,19.0,0.35,60.0,14.0,2.0,0.0,0.0,0.01054588370144501,1.3205826523735409,0.08643530461091205,5.163732634547883
herringbone|thin|0,herringbone,thin,2,0,thin_dropout,0.0,1.0,0.0,5143.0,0.0,55271.0,0.0,361.0,0.0,189.0,0.0,1456.0,0.0,3.53228021978022,0.0,19.0,0.0,60.0,0.0,2.0,0.0,0.0,0.0,1.3205826523735409,0.0,5.163732634547883
herringbone|thin|0,herringbone,thin,2,0,thin_dropout,0.1,0.6182160128962924,0.5525957612288548,5143.0,0.016247218251886162,55271.0,0.00554016620498615,361.0,0.010582010582010581,189.0,0.0,1456.0,0.5525957612288548,3.53228021978022,0.05263157894736842,19.0,0.06666666666666667,60.0,0.5,2.0,0.0,0.0,0.08484330507531565,1.3205826523735409,0.30265677747110187,5.163732634547883
herringbone|thin|0,herringbone,thin,2,0,thin_dropout,0.2,0.6182160128962924,0.5525957612288548,5143.0,0.016247218251886162,55271.0,0.00554016620498615,361.0,0.010582010582010581,189.0,0.0,1456.0,0.5525957612288548,3.53228021978022,0.05263157894736842,19.0,0.06666666666666667,60.0,0.5,2.0,0.0,0.0,0.08484330507531565,1.3205826523735409,0.30265677747110187,5.163732634547883
herringbone|thin|0,herringbone,thin,2,0,thin_dropout,0.3,0.6182160128962924,0.5525957612288548,5143.0,0.016247218251886162,55271.0,0.00554016620498615,361.0,0.010582010582010581,189.0,0.0,1456.0,0.5525957612288548,3.53228021978022,0.05263157894736842,19.0,0.06666666666666667,60.0,0.5,2.0,0.0,0.0,0.08484330507531565,1.3205826523735409,0.30265677747110187,5.163732634547883
herringbone|thin|0,herringbone,thin,2,0,thin_dropout,0.4,0.6182160128962924,0.5525957612288548,5143.0,0.016247218251886162,55271.0,0.00554016620498615,361.0,0.010582010582010581,189.0,0.0,1456.0,0.5525957612288548,3.53228021978022,0.05263157894736842,19.0,0.06666666666666667,60.0,0.5,2.0,0.0,0.0,0.08484330507531565,1.3205826523735409,0.30265677747110187,5.163732634547883
herringbone|thin|0,herringbone,thin,2,0,thin_dropout,0.5,0.6182160128962924,0.5525957612288548,5143.0,0.016247218251886162,55271.0,0.00554016620498615,361.0,0.010582010582010581,189.0,0.0,1456.0,0.5525957612288548,3.53228021978022,0.05263157894736842,19.0,0.06666666666666667,60.0,0.5,2.0,0.0,0.0,0.08484330507531565,1.3205826523735409,0.30265677747110187,5.163732634547883
herringbone|thin|0,herringbone,thin,2,0,speckle,0.0,1.0,0.0,5143.0,0.0,55271.0,0.0,361.0,0.0,189.0,0.0,1456.0,0.0,3.53228021978022,0.0,19.0,0.0,60.0,0.0,2.0,0.0,0.0,0.0,1.3205826523735409,0.0,5.163732634547883
herringbone|thin|0,herringbone,thin,2,0,speckle,0.0002,0.9972852433585417,0.005444293214077387,5143.0,1.028713068336017,55271.0,0.0110803324099723,361.0,0.9365079365079365,189.0,0.019230769230769232,1456.0,0.013526353827697695,3.53228021978022,0.0,19.0,0.0,60.0,14.0,2.0,0.0,0.0,0.09656296331997931,1.3205826523735409,0.009105938618004432,5.163732634547883
herringbone|thin|0,herringbone,thin,2,0,speckle,0.0005,0.9931447330308004,0.013805172078553373,5143.0,1.161133324890087,55271.0,0.04155124653739612,361.0,1.0052910052910053,189.0,0.04945054945054945,1456.0,0.033965752260226655,3.53228021978022,0.10526315789473684,19.0,0.1,60.0,34.0,2.0,0.0,0.0,0.10987019759275887,1.3205826523735409,0.021746457319023776,5.163732634547883
herringbone|thin|0,herringbone,thin,2,0,speckle,0.001,0.9863828154967396,0.027610344157106746,5143.0,1.4477393208011435,55271.0,0.05817174515235457,361.0,1.0052910052910053,189.0,0.09752747252747253,1456.0,0.06370421708839344,3.53228021978022,0.10526315789473684,19.0,0.06666666666666667,60.0,69.5,2.0,0.0,0.0,0.1091494932576532,1.3205826523735409,0.04182856821889006,5.163732634547883
herringbone|thin|0,herringbone,thin,2,0,speckle,0.002,0.9730394475451708,0.0554151273575734,5143.0,1.5827830146007853,55271.0,0.06371191135734072,361.0,1.0052910052910053,189.0,0.19642857142857142,1456.0,0.11786198310411776,3.53228021978022,0.5263157894736842,19.0,0.2,60.0,137.5,2.0,0.0,0.0,0.08777442580668238,1.3205826523735409,0.07721978339577489,5.163732634547883
herringbone|thin|0,herringbone,thin,2,0,speckle,0.005,0.9352609565375523,0.13844059887225355,5143.0,1.6112789708888928,55271.0,0.06371191135734072,361.0,1.0264550264550265,189.0,0.489010989010989,1456.0,0.23543841699354187,3.53228021978022,1.736842105263158,19.0,0.55,60.0,339.0,2.0,0.0,0.0,0.013837974447941631,1.3205826523735409,0.17414209671892097,5.163732634547883
herringbone|thin|0,herringbone,thin,2,0,blob,0.0,1.0,0.0,5143.0,0.0,55271.0,0.0,361.0,0.0,189.0,0.0,1456.0,0.0,3.53228021978022,0.0,19.0,0.0,60.0,0.0,2.0,0.0,0.0,0.0,1.3205826523735409,0.0,5.163732634547883
herringbone|thin|0,herringbone,thin,2,0,blob,0.1,0.9589781838523215,0.08555317907835894,5143.0,0.41893578911183077,55271.0,0.0,361.0,0.5238095238095238,189.0,0.006868131868131868,1456.0,0.07814831428246283,3.53228021978022,0.05263157894736842,19.0,0.05,60.0,1.0,2.0,0.0,0.0,9.104523191452597e-05,1.3205826523735409,0.006516176428875766,5.163732634547883
herringbone|thin|0,herringbone,thin,2,0,blob,0.25,0.9275858959329065,0.15613455181800506,5143.0,0.4869461381194478,55271.0,0.055401662049861494,361.0,0.5291005291005291,189.0,0.01304945054945055,1456.0,0.14124197115051884,3.53228021978022,0.2631578947368421,19.0,0.05,60.0,4.5,2.0,0.0,0.0,0.011772047989463458,1.3205826523735409,0.08666852977416493,5.163732634547883
herringbone|thin|0,herringbone,thin,2,0,blob,0.5,0.8289144975421066,0.41279408905308185,5143.0,0.8993323804526786,55271.0,0.0,361.0,0.9417989417989417,189.0,0.025412087912087912,1456.0,0.3777817774020677,3.53228021978022,0.3157894736842105,19.0,0.0,60.0,9.5,2.0,0.0,0.0,0.010604796586101821,1.3205826523735409,0.16084930712979054,5.163732634547883
herringbone|thin|0,herringbone,thin,2,0,blob,0.75,0.7918398768283295,0.5257631732451876,5143.0,1.3087876101391327,55271.0,0.0332409972299169,361.0,0.9735449735449735,189.0,0.05563186813186813,1456.0,0.4453553547462544,3.53228021978022,0.7368421052631579,19.0,0.31666666666666665,60.0,11.5,2.0,3.0,0.0,0.027610561419798077,1.3205826523735409,0.2080900394252762,5.163732634547883
herringbone|thin|0,herringbone,thin,2,0,blob,1.0,0.7416005767844268,0.6968695314019056,5143.0,1.2427855475746774,55271.0,0.06371191135734072,361.0,0.9947089947089947,189.0,0.061126373626373624,1456.0,0.5991210600137051,3.53228021978022,1.0,19.0,0.08333333333333333,60.0,16.5,2.0,0.0,0.0,0.008732437394309662,1.3205826523735409,0.26888598518805645,5.163732634547883
herringbone|thin|1,herringbone,thin,2,1,boundary_erode,0.0,1.0,0.0,4914.0,0.0,56202.0,0.0,370.0,0.0,192.0,0.0,1400.0,0.0,3.51,0.0,16.0,0.0,56.0,0.0,1.0,0.0,0.0,0.0,1.2992702699522152,0.0,5.47136145899322
herringbone|thin|1,herringbone,thin,2,1,boundary_erode,-1.0,0.6161644607152915,0.5547415547415547,4914.0,0.015746770577559518,56202.0,0.005405405405405406,370.0,0.010416666666666666,192.0,0.0014285714285714286,1400.0,0.5553767308403542,3.51,0.0,16.0,0.0,56.0,0.0,1.0,0.0,0.0,0.07854858422680888,1.2992702699522152,0.3119291693307013,5.47136145899322
herringbone|thin|1,herringbone,thin,2,1,boundary_erode,-2.0,0.1554054054054054,0.9157509157509157,4914.0,0.9710152663606277,56202.0,0.043243243243243246,370.0,0.9739583333333334,192.0,0.7471428571428571,1400.0,0.6668115312183108,3.51,0.875,16.0,1.0,56.0,0.0,1.0,0.0,0.0,0.26090897034289745,1.2992702699522152,2.6476776116911256,5.47136145899322
herringbone|thin|1,herringbone,thin,2,1,boundary_erode,-3.0,0.006490872210953347,0.9967439967439967,4914.0,0.9843955731112772,56202.0,0.16486486486486487,370.0,0.984375,192.0,0.9885714285714285,1400.0,0.715099715099715,3.51,0.75,16.0,1.0,56.0,13.0,1.0,0.0,0.0,0.8087157996132425,1.2992702699522152,4.242685919878082,5.47136145899322
herringbone|thin|1,herringbone,thin,2,1,boundary_dilate,0.0,1.0,0.0,4914.0,0.0,56202.0,0.0,370.0,0.0,192.0,0.0,1400.0,0.0,3.51,0.0,16.0,0.0,56.0,0.0,1.0,0.0,0.0,0.0,1.2992702699522152,0.0,5.47136145899322
herringbone|thin|1,herringbone,thin,2,1,boundary_dilate,1.0,0.7826710201481245,0.5553520553520553,4914.0,0.015479876160990712,56202.0,0.002702702702702703,370.0,0.010416666666666666,192.0,0.007857142857142858,1400.0,0.5676694582382128,3.51,0.0,16.0,0.0,56.0,0.0,1.0,0.0,0.0,0.07076054347541118,1.2992702699522152,0.0790103008250778,5.47136145899322
herringbone|thin|1,herringbone,thin,2,1,boundary_dilate,2.0,0.6440366972477064,1.1054131054131053,4914.0,0.031030924166399774,56202.0,0.005405405405405406,370.0,0.020833333333333332,192.0,0.007142857142857143,1400.0,1.1205599622865812,3.51,0.0,16.0,0.0,56.0,0.0,1.0,0.0,0.0,0.1230748630438554,1.2992702699522152,0.129125047713194,5.47136145899322
herringbone|thin|1,herringbone,thin,2,1,boundary_dilate,3.0,0.5479177119919719,1.65018315018315,4914.0,0.04656417921070424,56202.0,0.008108108108108109,370.0,0.03125,192.0,0.012142857142857143,1400.0,1.6827595157313162,3.51,0.0,16.0,0.0,56.0,0.0,1.0,0.0,0.0,0.1542861183113489,1.2992702699522152,0.17070326861298105,5.47136145899322
herringbone|thin|1,herringbone,thin,2,1,boundary_dilate,4.0,0.4773422701442518,2.18986568986569,4914.0,0.062168606099427065,56202.0,0.010810810810810811,370.0,0.041666666666666664,192.0,0.015714285714285715,1400.0,2.240792428020295,3.51,0.0,16.0,0.0,56.0,0.0,1.0,0.0,0.0,0.18893971175508967,1.2992702699522152,0.20857713563871919,5.47136145899322
herringbone|thin|1,herringbone,thin,2,1,boundary_dilate,5.0,0.423328738800827,2.7244607244607244,4914.0,0.07779082594925447,56202.0,0.013513513513513514,370.0,0.052083333333333336,192.0,0.02,1400.0,2.8004701270007395,3.51,0.0,16.0,0.0,56.0,0.0,1.0,0.0,0.0,0.22151353226812218,1.2992702699522152,0.24427380032602994,5.47136145899322
herringbone|thin|1,herringbone,thin,2,1,junction_break,0.0,1.0,0.0,4914.0,0.0,56202.0,0.0,370.0,0.0,192.0,0.0,1400.0,0.0,3.51,0.0,16.0,0.0,56.0,0.0,1.0,0.0,0.0,0.0,1.2992702699522152,0.0,5.47136145899322
herringbone|thin|1,herringbone,thin,2,1,junction_break,0.1,0.9831350232798758,0.03317053317053317,4914.0,0.0,56202.0,0.0,370.0,0.0,192.0,0.011428571428571429,1400.0,0.02199331390082827,3.51,1.0,16.0,0.05357142857142857,56.0,8.0,1.0,0.0,0.0,0.00214718263770877,1.2992702699522152,0.02511976124119742,5.47136145899322
herringbone|thin|1,herringbone,thin,2,1,junction_break,0.2,0.9766763848396501,0.045584045584045586,4914.0,0.0,56202.0,0.0,370.0,0.0,192.0,0.030714285714285715,1400.0,0.01534094607049649,3.51,1.5,16.0,0.125,56.0,12.0,1.0,0.0,0.0,0.003384807802998678,1.2992702699522152,0.032477347672271915,5.47136145899322
herringbone|thin|1,herringbone,thin,2,1,junction_break,0.4,0.9581257288243401,0.08038258038258038,4914.0,0.0,56202.0,0.0,370.0,0.0,192.0,0.04642857142857143,1400.0,0.03560720040120787,3.51,2.8125,16.0,0.19642857142857142,56.0,22.0,1.0,0.0,0.0,0.005925006982969849,1.2992702699522152,0.06412151926854628,5.47136145899322
herringbone|thin|1,herringbone,thin,2,1,junction_break,0.6,0.9469623915139826,0.10073260073260074,4914.0,0.0,56202.0,0.0,370.0,0.0,192.0,0.06285714285714286,1400.0,0.04041588492807999,3.51,3.375,16.0,0.25,56.0,27.0,1.0,0.0,0.0,0.008776392256526069,1.2992702699522152,0.08303003826220318,5.47136145899322
herringbone|thin|1,herringbone,thin,2,1,junction_break,0.8,0.9416325651518415,0.1102971102971103,4914.0,0.0,56202.0,0.0,370.0,0.0,192.0,0.08071428571428571,1400.0,0.03218022876142533,3.51,3.4375,16.0,0.26785714285714285,56.0,28.0,1.0,0.0,0.0,0.010434324275048848,1.2992702699522152,0.08962944685671174,5.47136145899322
herringbone|thin|1,herringbone,thin,2,1,thin_dropout,0.0,1.0,0.0,4914.0,0.0,56202.0,0.0,370.0,0.0,192.0,0.0,1400.0,0.0,3.51,0.0,16.0,0.0,56.0,0.0,1.0,0.0,0.0,0.0,1.2992702699522152,0.0,5.47136145899322
herringbone|thin|1,herringbone,thin,2,1,thin_dropout,0.1,0.6161644607152915,0.5547415547415547,4914.0,0.015746770577559518,56202.0,0.005405405405405406,370.0,0.010416666666666666,192.0,0.0014285714285714286,1400.0,0.5553767308403542,3.51,0.0,16.0,0.0,56.0,0.0,1.0,0.0,0.0,0.07854858422680888,1.2992702699522152,0.3119291693307013,5.47136145899322
herringbone|thin|1,herringbone,thin,2,1,thin_dropout,0.2,0.6161644607152915,0.5547415547415547,4914.0,0.015746770577559518,56202.0,0.005405405405405406,370.0,0.010416666666666666,192.0,0.0014285714285714286,1400.0,0.5553767308403542,3.51,0.0,16.0,0.0,56.0,0.0,1.0,0.0,0.0,0.07854858422680888,1.2992702699522152,0.3119291693307013,5.47136145899322
herringbone|thin|1,herringbone,thin,2,1,thin_dropout,0.3,0.6161644607152915,0.5547415547415547,4914.0,0.015746770577559518,56202.0,0.005405405405405406,370.0,0.010416666666666666,192.0,0.0014285714285714286,1400.0,0.5553767308403542,3.51,0.0,16.0,0.0,56.0,0.0,1.0,0.0,0.0,0.07854858422680888,1.2992702699522152,0.3119291693307013,5.47136145899322
herringbone|thin|1,herringbone,thin,2,1,thin_dropout,0.4,0.6161644607152915,0.5547415547415547,4914.0,0.015746770577559518,56202.0,0.005405405405405406,370.0,0.010416666666666666,192.0,0.0014285714285714286,1400.0,0.5553767308403542,3.51,0.0,16.0,0.0,56.0,0.0,1.0,0.0,0.0,0.07854858422680888,1.2992702699522152,0.3119291693307013,5.47136145899322
herringbone|thin|1,herringbone,thin,2,1,thin_dropout,0.5,0.6161644607152915,0.5547415547415547,4914.0,0.015746770577559518,56202.0,0.005405405405405406,370.0,0.010416666666666666,192.0,0.0014285714285714286,1400.0,0.5553767308403542,3.51,0.0,16.0,0.0,56.0,0.0,1.0,0.0,0.0,0.07854858422680888,1.2992702699522152,0.3119291693307013,5.47136145899322
herringbone|thin|1,herringbone,thin,2,1,speckle,0.0,1.0,0.0,4914.0,0.0,56202.0,0.0,370.0,0.0,192.0,0.0,1400.0,0.0,3.51,0.0,16.0,0.0,56.0,0.0,1.0,0.0,0.0,0.0,1.2992702699522152,0.0,5.47136145899322
herringbone|thin|1,herringbone,thin,2,1,speckle,0.0002,0.9970579283757736,0.005901505901505902,4914.0,0.8781715953168926,56202.0,0.005405405405405406,370.0,0.8697916666666666,192.0,0.020714285714285713,1400.0,0.014512170565354546,3.51,0.0,16.0,0.0,56.0,29.0,1.0,0.0,0.0,0.07741622508117829,1.2992702699522152,0.00819500436365356,5.47136145899322
herringbone|thin|1,herringbone,thin,2,1,speckle,0.0005,0.9928275583392262,0.014448514448514449,4914.0,1.27121810611722,56202.0,0.021621621621621623,370.0,0.9791666666666666,192.0,0.04928571428571429,1400.0,0.0332008711858949,3.51,0.125,16.0,0.125,56.0,64.0,1.0,0.0,0.0,0.11434446329108333,1.2992702699522152,0.020996905968589184,5.47136145899322
herringbone|thin|1,herringbone,thin,2,1,speckle,0.001,0.9856584093872229,0.0291005291005291,4914.0,1.3920501049784706,56202.0,0.008108108108108109,370.0,0.9739583333333334,192.0,0.10142857142857142,1400.0,0.06566748330691259,3.51,0.0625,16.0,0.05357142857142857,56.0,140.0,1.0,0.0,0.0,0.11091508051385347,1.2992702699522152,0.04513770363081872,5.47136145899322
herringbone|thin|1,herringbone,thin,2,1,speckle,0.002,0.9718184514980718,0.057997557997558,4914.0,1.5551225935020105,56202.0,0.032432432432432434,370.0,1.0,192.0,0.20142857142857143,1400.0,0.11938372104840596,3.51,0.6875,16.0,0.17857142857142858,56.0,271.0,1.0,0.0,0.0,0.08705057601780747,1.2992702699522152,0.07892999241008831,5.47136145899322
herringbone|thin|1,herringbone,thin,2,1,speckle,0.005,0.932359358694621,0.1450956450956451,4914.0,1.5807266645315112,56202.0,0.03783783783783784,370.0,1.0,192.0,0.5,1400.0,0.23660290326956993,3.51,1.6875,16.0,0.125,56.0,683.0,1.0,0.0,0.0,0.005907201157173131,1.2992702699522152,0.18621592161299855,5.47136145899322
herringbone|thin|1,herringbone,thin,2,1,blob,0.0,1.0,0.0,4914.0,0.0,56202.0,0.0,370.0,0.0,192.0,0.0,1400.0,0.0,3.51,0.0,16.0,0.0,56.0,0.0,1.0,0.0,0.0,0.0,1.2992702699522152,0.0,5.47136145899322
herringbone|thin|1,herringbone,thin,2,1,blob,0.1,0.9659917436603106,0.0704110704110704,4914.0,0.18616775203729405,56202.0,0.0,370.0,0.3072916666666667,192.0,0.004285714285714286,1400.0,0.0658431711063291,3.51,0.125,16.0,0.0,56.0,3.0,1.0,0.0,0.0,0.018093611551359717,1.2992702699522152,0.04539067315882245,5.47136145899322
herringbone|thin|1,herringbone,thin,2,1,blob,0.25,0.9347536617842876,0.1396011396011396,4914.0,0.6071670047329276,56202.0,0.024324324324324326,370.0,0.78125,192.0,0.015,1400.0,0.12275974344939872,3.51,0.3125,16.0,0.017857142857142856,56.0,9.0,1.0,0.0,0.0,0.013635554552115587,1.2992702699522152,0.08148592709171779,5.47136145899322
herringbone|thin|1,herringbone,thin,2,1,blob,0.5,0.8563959567793656,0.3353683353683354,4914.0,1.1927511476459913,56202.0,0.0,370.0,0.921875,192.0,0.017142857142857144,1400.0,0.31286212746886916,3.51,0.1875,16.0,0.07142857142857142,56.0,17.0,1.0,0.0,0.0,0.0334012546021103,1.2992702699522152,0.19794413804024125,5.47136145899322
herringbone|thin|1,herringbone,thin,2,1,blob,0.75,0.7429132965454683,0.692104192104192,4914.0,0.9883278175153909,56202.0,0.0,370.0,0.8541666666666666,192.0,0.05071428571428571,1400.0,0.6104322698476335,3.51,0.625,16.0,0.30357142857142855,56.0,26.0,1.0,2.0,0.0,0.005118271971654612,1.2992702699522152,0.2682553513916714,5.47136145899322
herringbone|thin|1,herringbone,thin,2,1,blob,1.0,0.7175293859969336,0.7873422873422874,4914.0,0.8280310309241664,56202.0,0.03783783783783784,370.0,0.8854166666666666,192.0,0.065,1400.0,0.6782556688659975,3.51,0.75,16.0,0.3392857142857143,56.0,29.0,1.0,2.0,0.0,0.02469388377260796,1.2992702699522152,0.30398616539698126,5.47136145899322
herringbone|thin|2,herringbone,thin,2,2,boundary_erode,0.0,1.0,0.0,4975.0,0.0,52165.0,0.0,358.0,0.0,191.0,0.0,1411.0,0.0,3.52586817859674,0.0,23.0,0.0,60.0,0.0,4.0,0.0,0.0,0.0,1.307753179617847,0.0,5.434304699106035
herringbone|thin|2,herringbone,thin,2,2,boundary_erode,-1.0,0.6176715754376215,0.5531658291457286,4975.0,0.016121920828141473,52165.0,0.00558659217877095,358.0,0.010471204188481676,191.0,0.0007087172218284905,1411.0,0.5528489254784561,3.52586817859674,0.043478260869565216,23.0,0.1,60.0,0.25,4.0,0.0,0.0,0.0882990766088078,1.307753179617847,0.30982418530992234,5.434304699106035
herringbone|thin|2,herringbone,thin,2,2,boundary_erode,-2.0,0.1553578049684835,0.9157788944723618,4975.0,0.9666634716764114,52165.0,0.0111731843575419,358.0,0.93717277486911,191.0,0.7491141034727143,1411.0,0.6643051415268432,3.52586817859674,0.9130434782608695,23.0,1.0,60.0,0.75,4.0,0.0,0.0,0.22740382765076456,1.307753179617847,2.696365075824332,5.434304699106035
herringbone|thin|2,herringbone,thin,2,2,boundary_erode,-3.0,0.0072100941317844985,0.9963819095477386,4975.0,0.98081088852679,52165.0,0.1340782122905028,358.0,0.9476439790575916,191.0,0.9886605244507441,1411.0,0.680929648241206,3.52586817859674,0.9130434782608695,23.0,1.0,60.0,2.5,4.0,0.0,0.0,0.7423435676329757,1.307753179617847,6.834500040471983,5.434304699106035
herringbone|thin|2,herringbone,thin,2,2,boundary_dilate,0.0,1.0,0.0,4975.0,0.0,52165.0,0.0,358.0,0.0,191.0,0.0,1411.0,0.0,3.52586817859674,0.0,23.0,0.0,60.0,0.0,4.0,0.0,0.0,0.0,1.307753179617847,0.0,5.434304699106035
herringbone|thin|2,herringbone,thin,2,2,boundary_dilate,1.0,0.7824172367696783,0.556180904522613,4975.0,0.016083580945078117,52165.0,0.002793296089385475,358.0,0.010471204188481676,191.0,0.005669737774627924,1411.0,0.5650543523032123,3.52586817859674,0.13043478260869565,23.0,0.06666666666666667,60.0,0.5,4.0,0.0,0.0,0.06647651995523604,1.307753179617847,0.0795442444325454,5.434304699106035
herringbone|thin|2,herringbone,thin,2,2,boundary_dilate,2.0,0.6439712639958579,1.1057286432160804,4975.0,0.03222467171475127,52165.0,0.00558659217877095,358.0,0.020942408376963352,191.0,0.0007087172218284905,1411.0,1.1072220677857372,3.52586817859674,0.17391304347826086,23.0,0.11666666666666667,60.0,0.75,4.0,0.0,0.0,0.1158346743918287,1.307753179617847,0.13115066186531985,5.434304699106035
herringbone|thin|2,herringbone,thin,2,2,boundary_dilate,3.0,0.5482697817941371,1.6478391959798995,4975.0,0.0483849324259561,52165.0,0.008379888268156424,358.0,0.031413612565445025,191.0,0.014174344436569808,1411.0,1.685910212456965,3.52586817859674,0.21739130434782608,23.0,0.06666666666666667,60.0,0.75,4.0,0.0,0.0,0.15651727442214006,1.307753179617847,0.17470807785761042,5.434304699106035
herringbone|thin|2,herringbone,thin,2,2,boundary_dilate,4.0,0.478135511773186,2.1829145728643216,4975.0,0.06462187290328765,52165.0,0.0111731843575419,358.0,0.041884816753926704,191.0,0.01913536498936924,1411.0,2.245009004560374,3.52586817859674,0.2608695652173913,23.0,0.016666666666666666,60.0,0.75,4.0,0.0,0.0,0.18329042708028256,1.307753179617847,0.21461315172310635,5.434304699106035
herringbone|thin|2,herringbone,thin,2,2,boundary_dilate,5.0,0.42448805460750855,2.7115577889447238,4975.0,0.0808396434390875,52165.0,0.013966480446927373,358.0,0.05235602094240838,191.0,0.025513819985825654,1411.0,2.8087331201461856,3.52586817859674,0.30434782608695654,23.0,0.06666666666666667,60.0,0.75,4.0,0.0,0.0,0.2128221910329752,1.307753179617847,0.2521855149943742,5.434304699106035
herringbone|thin|2,herringbone,thin,2,2,junction_break,0.0,1.0,0.0,4975.0,0.0,52165.0,0.0,358.0,0.0,191.0,0.0,1411.0,0.0,3.52586817859674,0.0,23.0,0.0,60.0,0.0,4.0,0.0,0.0,0.0,1.307753179617847,0.0,5.434304699106035
herringbone|thin|2,herringbone,thin,2,2,junction_break,0.1,0.9869680309509264,0.025728643216080403,4975.0,0.0,52165.0,0.0,358.0,0.0,191.0,0.009213323883770375,1411.0,0.016668895263154116,3.52586817859674,0.5652173913043478,23.0,0.18333333333333332,60.0,1.75,4.0,0.0,0.0,0.0018484827866432824,1.307753179617847,0.020379181675305696,5.434304699106035
herringbone|thin|2,herringbone,thin,2,2,junction_break,0.2,0.9688050575189139,0.06050251256281407,4975.0,0.0,52165.0,0.0,358.0,0.0,191.0,0.03543586109142452,1411.0,0.025987542414497158,3.52586817859674,1.4782608695652173,23.0,0.3333333333333333,60.0,4.5,4.0,0.0,0.0,0.004357619582777557,1.307753179617847,0.05082602574051204,5.434304699106035
herringbone|thin|2,herringbone,thin,2,2,junction_break,0.4,0.9635416666666666,0.07035175879396985,4975.0,0.0,52165.0,0.0,358.0,0.0,191.0,0.050318922749822824,1411.0,0.021094277356933963,3.52586817859674,1.4782608695652173,23.0,0.38333333333333336,60.0,4.75,4.0,0.0,0.0,0.00639263385729483,1.307753179617847,0.05241542890794346,5.434304699106035
herringbone|thin|2,herringbone,thin,2,2,junction_break,0.6,0.9496463633484641,0.09587939698492462,4975.0,0.0,52165.0,0.0,358.0,0.0,191.0,0.07016300496102056,1411.0,0.027656881970829838,3.52586817859674,1.9565217391304348,23.0,0.5,60.0,6.25,4.0,0.0,0.0,0.010077265069621819,1.307753179617847,0.07621708995673954,5.434304699106035
herringbone|thin|2,herringbone,thin,2,2,junction_break,0.8,0.9470899470899471,0.10050251256281408,4975.0,0.0,52165.0,0.0,358.0,0.0,191.0,0.07016300496102056,1411.0,0.03262884544674602,3.52586817859674,2.130434782608696,23.0,0.43333333333333335,60.0,6.5,4.0,0.0,0.0,0.010139859824694387,1.307753179617847,0.07941697143581072,5.434304699106035
herringbone|thin|2,herringbone,thin,2,2,thin_dropout,0.0,1.0,0.0,4975.0,0.0,52165.0,0.0,358.0,0.0,191.0,0.0,1411.0,0.0,3.52586817859674,0.0,23.0,0.0,60.0,0.0,4.0,0.0,0.0,0.0,1.307753179617847,0.0,5.434304699106035
herringbone|thin|2,herringbone,thin,2,2,thin_dropout,0.1,0.6176715754376215,0.5531658291457286,4975.0,0.016121920828141473,52165.0,0.00558659217877095,358.0,0.010471204188481676,191.0,0.0007087172218284905,1411.0,0.5528489254784561,3.52586817859674,0.043478260869565216,23.0,0.1,60.0,0.25,4.0,0.0,0.0,0.0882990766088078,1.307753179617847,0.30982418530992234,5.434304699106035
herringbone|thin|2,herringbone,thin,2,2,thin_dropout,0.2,0.6176715754376215,0.5531658291457286,4975.0,0.016121920828141473,52165.0,0.00558659217877095,358.0,0.010471204188481676,191.0,0.0007087172218284905,1411.0,0.5528489254784561,3.52586817859674,0.043478260869565216,23.0,0.1,60.0,0.25,4.0,0.0,0.0,0.0882990766088078,1.307753179617847,0.30982418530992234,5.434304699106035
herringbone|thin|2,herringbone,thin,2,2,thin_dropout,0.3,0.6176715754376215,0.5531658291457286,4975.0,0.016121920828141473,52165.0,0.00558659217877095,358.0,0.010471204188481676,191.0,0.0007087172218284905,1411.0,0.5528489254784561,3.52586817859674,0.043478260869565216,23.0,0.1,60.0,0.25,4.0,0.0,0.0,0.0882990766088078,1.307753179617847,0.30982418530992234,5.434304699106035
herringbone|thin|2,herringbone,thin,2,2,thin_dropout,0.4,0.6176715754376215,0.5531658291457286,4975.0,0.016121920828141473,52165.0,0.00558659217877095,358.0,0.010471204188481676,191.0,0.0007087172218284905,1411.0,0.5528489254784561,3.52586817859674,0.043478260869565216,23.0,0.1,60.0,0.25,4.0,0.0,0.0,0.0882990766088078,1.307753179617847,0.30982418530992234,5.434304699106035
herringbone|thin|2,herringbone,thin,2,2,thin_dropout,0.5,0.6176715754376215,0.5531658291457286,4975.0,0.016121920828141473,52165.0,0.00558659217877095,358.0,0.010471204188481676,191.0,0.0007087172218284905,1411.0,0.5528489254784561,3.52586817859674,0.043478260869565216,23.0,0.1,60.0,0.25,4.0,0.0,0.0,0.0882990766088078,1.307753179617847,0.30982418530992234,5.434304699106035
herringbone|thin|2,herringbone,thin,2,2,speckle,0.0,1.0,0.0,4975.0,0.0,52165.0,0.0,358.0,0.0,191.0,0.0,1411.0,0.0,3.52586817859674,0.0,23.0,0.0,60.0,0.0,4.0,0.0,0.0,0.0,1.307753179617847,0.0,5.434304699106035
herringbone|thin|2,herringbone,thin,2,2,speckle,0.0002,0.9971938264181198,0.005628140703517588,4975.0,1.0591009297421643,52165.0,0.0335195530726257,358.0,0.9738219895287958,191.0,0.019844082211197732,1411.0,0.01393932833032441,3.52586817859674,0.0,23.0,0.0,60.0,7.0,4.0,0.0,0.0,0.08323483887304468,1.307753179617847,0.00873781823633718,5.434304699106035
herringbone|thin|2,herringbone,thin,2,2,speckle,0.0005,0.9929148787546153,0.014271356783919598,4975.0,1.4019169941531677,52165.0,0.0670391061452514,358.0,0.9842931937172775,191.0,0.04961020552799433,1411.0,0.0336685452922954,3.52586817859674,0.0,23.0,0.0,60.0,17.0,4.0,0.0,0.0,0.10728626971266589,1.307753179617847,0.021174967743274934,5.434304699106035
herringbone|thin|2,herringbone,thin,2,2,speckle,0.001,0.9859294490685692,0.028542713567839197,4975.0,1.5265982938752036,52165.0,0.0670391061452514,358.0,0.9895287958115183,191.0,0.09851169383416017,1411.0,0.06369434268114772,3.52586817859674,0.0,23.0,0.0,60.0,34.75,4.0,0.0,0.0,0.11014122696039928,1.307753179617847,0.039766618477447356,5.434304699106035
herringbone|thin|2,herringbone,thin,2,2,speckle,0.002,0.9721543722520762,0.05728643216080402,4975.0,1.7089811176075913,52165.0,0.06983240223463687,358.0,0.9947643979057592,191.0,0.19844082211197733,1411.0,0.11778169380313756,3.52586817859674,0.2608695652173913,23.0,0.0,60.0,69.25,4.0,0.0,0.0,0.086585402667556,1.307753179617847,0.08521605988476398,5.434304699106035
herringbone|thin|2,herringbone,thin,2,2,speckle,0.005,0.9332207840930407,0.14311557788944723,4975.0,1.7540113102655037,52165.0,0.07262569832402235,358.0,1.0,191.0,0.5017717930545712,1411.0,0.23882204794619635,3.52586817859674,1.3043478260869565,23.0,0.21666666666666667,60.0,171.0,4.0,0.0,0.0,0.008957686496785107,1.307753179617847,0.17985104440115138,5.434304699106035
herringbone|thin|2,herringbone,thin,2,2,blob,0.0,1.0,0.0,4975.0,0.0,52165.0,0.0,358.0,0.0,191.0,0.0,1411.0,0.0,3.52586817859674,0.0,23.0,0.0,60.0,0.0,4.0,0.0,0.0,0.0,1.307753179617847,0.0,5.434304699106035
herringbone|thin|2,herringbone,thin,2,2,blob,0.1,0.9577437674463375,0.08824120603015076,4975.0,0.42049266749736414,52165.0,0.0,358.0,0.3769633507853403,191.0,0.009922041105598866,1411.0,0.07754971347967907,3.52586817859674,0.08695652173913043,23.0,0.0,60.0,0.75,4.0,0.0,0.0,0.015796687621457854,1.307753179617847,0.049846564388907263,5.434304699106035
herringbone|thin|2,herringbone,thin,2,2,blob,0.25,0.9252371210712294,0.16160804020100503,4975.0,0.6208760663279977,52165.0,0.061452513966480445,358.0,0.6178010471204188,191.0,0.010630758327427357,1411.0,0.14938916179776854,3.52586817859674,0.08695652173913043,23.0,0.0,60.0,1.75,4.0,0.0,0.0,0.01072388772389385,1.307753179617847,0.08666402425228424,5.434304699106035
herringbone|thin|2,herringbone,thin,2,2,blob,0.5,0.8324966532797858,0.40241206030150756,4975.0,0.7732579315633087,52165.0,0.05027932960893855,358.0,0.5602094240837696,191.0,0.026931254429482635,1411.0,0.3656338282163058,3.52586817859674,0.34782608695652173,23.0,0.06666666666666667,60.0,3.75,4.0,0.0,0.0,0.0007682549112278854,1.307753179617847,0.14976853592108685,5.434304699106035
herringbone|thin|2,herringbone,thin,2,2,blob,0.75,0.7856917245735945,0.5455276381909547,4975.0,1.4458928400268378,52165.0,0.07262569832402235,358.0,1.0104712041884816,191.0,0.060240963855421686,1411.0,0.4577135678391959,3.52586817859674,0.6086956521739131,23.0,0.31666666666666665,60.0,5.5,4.0,2.0,0.0,0.007883691174756081,1.307753179617847,0.19847980377967725,5.434304699106035
herringbone|thin|2,herringbone,thin,2,2,blob,1.0,0.718774832045077,0.7825125628140703,4975.0,1.1724911339020416,52165.0,0.05865921787709497,358.0,0.8795811518324608,191.0,0.06803685329553508,1411.0,0.6689616629931341,3.52586817859674,0.7391304347826086,23.0,0.18333333333333332,60.0,7.5,4.0,0.0,0.0,0.019826557011060807,1.307753179617847,0.28693515950784493,5.434304699106035
herringbone|medium|0,herringbone,medium,5,0,boundary_erode,0.0,1.0,0.0,9281.0,0.0,56565.0,0.0,362.0,0.0,191.0,0.0,1446.0,0.0,6.418395573997234,0.0,16.0,0.0,56.0,0.0,1.0,0.0,0.0,0.0,1.4328981038398305,0.0,5.205536236170003
herringbone|medium|0,herringbone,medium,5,0,boundary_erode,-1.0,0.8245202963713508,0.2985669647667277,9281.0,0.016847874127110404,56565.0,0.0055248618784530384,362.0,0.010471204188481676,191.0,0.004149377593360996,1446.0,0.30146544838339423,6.418395573997234,0.0,16.0,0.0,56.0,0.0,1.0,0.0,0.0,0.049717806816648134,1.4328981038398305,0.18645812648991522,5.205536236170003
herringbone|medium|0,herringbone,medium,5,0,boundary_erode,-2.0,0.5750038384768924,0.5964874474733326,9281.0,0.032794130646159284,56565.0,0.011049723756906077,362.0,0.020942408376963352,191.0,0.005532503457814661,1446.0,0.5987075990690777,6.418395573997234,0.0,16.0,0.0,56.0,0.0,1.0,0.0,0.0,0.10984020614401244,1.4328981038398305,0.8155176548154905,5.205536236170003
herringbone|medium|0,herringbone,medium,5,0,boundary_erode,-3.0,0.34001073153282063,0.7951729339510829,9281.0,0.9340051268452223,56565.0,0.019337016574585635,362.0,0.9267015706806283,191.0,0.7572614107883817,1446.0,0.15618251422582857,6.418395573997234,0.875,16.0,1.0,56.0,0.0,1.0,0.0,0.0,0.16072134243358008,1.4328981038398305,2.488815664924376,5.205536236170003
herringbone|medium|0,herringbone,medium,5,0,boundary_erode,-4.0,0.2271251193887297,0.8718888050856589,9281.0,0.9466454521347123,56565.0,0.024861878453038673,362.0,0.93717277486911,191.0,0.7565698478561549,1446.0,0.4737250345280191,6.418395573997234,0.875,16.0,1.0,56.0,0.0,1.0,0.0,0.0,0.2297342894518949,1.4328981038398305,2.6312134024640423,5.205536236170003
herringbone|medium|0,herringbone,medium,5,0,boundary_erode,-5.0,0.09893486276116346,0.9479581941601121,9281.0,0.9591266684345443,56565.0,0.03038674033149171,362.0,0.9476439790575916,191.0,0.7572614107883817,1446.0,0.7856055520100342,6.418395573997234,0.875,16.0,1.0,56.0,0.0,1.0,0.0,0.0,0.32180533369893954,1.4328981038398305,2.809912212239644,5.205536236170003
herringbone|medium|0,herringbone,medium,5,0,boundary_dilate,0.0,1.0,0.0,9281.0,0.0,56565.0,0.0,362.0,0.0,191.0,0.0,1446.0,0.0,6.418395573997234,0.0,16.0,0.0,56.0,0.0,1.0,0.0,0.0,0.0,1.4328981038398305,0.0,5.205536236170003
herringbone|medium|0,herringbone,medium,5,0,boundary_dilate,1.0,0.870311327831958,0.29802822971662535,9281.0,0.01596393529567754,56565.0,0.0027624309392265192,362.0,0.010471204188481676,191.0,0.002074688796680498,1446.0,0.295340800669593,6.418395573997234,0.0,16.0,0.0,56.0,0.0,1.0,0.0,0.0,0.03377540387059318,1.4328981038398305,0.0934246150519678,5.205536236170003
herringbone|medium|0,herringbone,medium,5,0,boundary_dilate,2.0,0.7712956037563368,0.5930395431526775,9281.0,0.031963228144612395,56565.0,0.0055248618784530384,362.0,0.020942408376963352,191.0,0.003457814661134163,1446.0,0.5985670918797861,6.418395573997234,0.0,16.0,0.0,56.0,0.0,1.0,0.0,0.0,0.06486119561722903,1.4328981038398305,0.15684589753675054,5.205536236170003
herringbone|medium|0,herringbone,medium,5,0,boundary_dilate,3.0,0.6931292008961912,0.8854649283482383,9281.0,0.04799787854680456,56565.0,0.008287292817679558,362.0,0.031413612565445025,191.0,0.004840940525587829,1446.0,0.8946367521831499,6.418395573997234,0.0,16.0,0.0,56.0,0.0,1.0,0.0,0.0,0.09349506738179575,1.4328981038398305,0.20675379036844863,5.205536236170003
herringbone|medium|0,herringbone,medium,5,0,boundary_dilate,4.0,0.6298822491431674,1.1751966382932875,9281.0,0.06406788650225405,56565.0,0.011049723756906077,362.0,0.041884816753926704,191.0,0.011065006915629323,1446.0,1.1995345027776878,6.418395573997234,0.0,16.0,0.017857142857142856,56.0,0.0,1.0,0.0,0.0,0.11181727521850612,1.4328981038398305,0.24939445239856692,5.205536236170003
herringbone|medium|0,herringbone,medium,5,0,boundary_dilate,5.0,0.5777155306567071,1.461911431957763,9281.0,0.08017325201096084,56565.0,0.013812154696132596,362.0,0.05235602094240838,191.0,0.0006915629322268327,1446.0,1.4602100418873016,6.418395573997234,0.0625,16.0,0.21428571428571427,56.0,0.0,1.0,3.0,0.0,0.1331981834826474,1.4328981038398305,0.2874912480024599,5.205536236170003
herringbone|medium|0,herringbone,medium,5,0,junction_break,0.0,1.0,0.0,9281.0,0.0,56565.0,0.0,362.0,0.0,191.0,0.0,1446.0,0.0,6.418395573997234,0.0,16.0,0.0,56.0,0.0,1.0,0.0,0.0,0.0,1.4328981038398305,0.0,5.205536236170003
herringbone|medium|0,herringbone,medium,5,0,junction_break,0.1,0.9917436175991309,0.016377545523111735,9281.0,0.0,56565.0,0.0,362.0,0.0,191.0,0.04080221300138313,1446.0,0.0549381600175546,6.418395573997234,0.0,16.0,0.4642857142857143,56.0,0.0,1.0,5.0,0.0,0.0009136655661139129,1.4328981038398305,0.01607755224059116,5.205536236170003
herringbone|medium|0,herringbone,medium,5,0,junction_break,0.2,0.9860709018408259,0.027475487555220342,9281.0,0.0,56565.0,0.0,362.0,0.0,191.0,0.06639004149377593,1446.0,0.08802176070353357,6.418395573997234,0.0,16.0,0.6428571428571429,56.0,0.0,1.0,8.0,0.0,0.001467144225753404,1.4328981038398305,0.026955466295522184,5.205536236170003
herringbone|medium|0,herringbone,medium,5,0,junction_break,0.4,0.9748715966200917,0.04902488955931473,9281.0,0.0,56565.0,0.0,362.0,0.0,191.0,0.11410788381742738,1446.0,0.14642457498620057,6.418395573997234,0.0,16.0,1.0,56.0,0.0,1.0,13.0,0.0,0.002932617754540285,1.4328981038398305,0.05017122159320514,5.205536236170003
herringbone|medium|0,herringbone,medium,5,0,junction_break,0.6,0.9692358951577077,0.05969184355134145,9281.0,0.0,56565.0,0.0,362.0,0.0,191.0,0.12378976486860305,1446.0,0.16327040355399378,6.418395573997234,0.0,16.0,1.1071428571428572,56.0,0.0,1.0,14.0,0.0,0.003435720174448682,1.4328981038398305,0.061318944917091195,5.205536236170003
herringbone|medium|0,herringbone,medium,5,0,junction_break,0.8,0.9667687169496243,0.06432496498222175,9281.0,0.0,56565.0,0.0,362.0,0.0,191.0,0.1251728907330567,1446.0,0.16841665603214062,6.418395573997234,0.0,16.0,1.1071428571428572,56.0,0.0,1.0,14.0,0.0,0.003981569493847504,1.4328981038398305,0.06543625158626398,5.205536236170003
herringbone|medium|0,herringbone,medium,5,0,thin_dropout,0.0,1.0,0.0,9281.0,0.0,56565.0,0.0,362.0,0.0,191.0,0.0,1446.0,0.0,6.418395573997234,0.0,16.0,0.0,56.0,0.0,1.0,0.0,0.0,0.0,1.4328981038398305,0.0,5.205536236170003
herringbone|medium|0,herringbone,medium,5,0,thin_dropout,0.1,0.8250411444486644,0.2978127356965844,9281.0,0.015928577742420225,56565.0,0.0027624309392265192,362.0,0.010471204188481676,191.0,0.006915629322268326,1446.0,0.3026354504239431,6.418395573997234,0.0,16.0,0.0,56.0,0.0,1.0,0.0,0.0,0.049717806816648134,1.4328981038398305,0.1865006620466444,5.205536236170003
herringbone|medium|0,herringbone,medium,5,0,thin_dropout,0.2,0.8250411444486644,0.2978127356965844,9281.0,0.015928577742420225,56565.0,0.0027624309392265192,362.0,0.010471204188481676,191.0,0.006915629322268326,1446.0,0.3026354504239431,6.418395573997234,0.0,16.0,0.0,56.0,0.0,1.0,0.0,0.0,0.049717806816648134,1.4328981038398305,0.1865006620466444,5.205536236170003
herringbone|medium|0,herringbone,medium,5,0,thin_dropout,0.3,0.7347829050507805,0.41924361598965626,9281.0,0.03021302925837532,56565.0,0.0055248618784530384,362.0,0.020942408376963352,191.0,0.0006915629322268327,1446.0,0.4196449680173069,6.418395573997234,0.0,16.0,0.0,56.0,0.0,1.0,0.0,0.0,0.06882837869859906,1.4328981038398305,0.4549108899249047,5.205536236170003
herringbone|medium|0,herringbone,medium,5,0,thin_dropout,0.4,0.7347829050507805,0.41924361598965626,9281.0,0.03021302925837532,56565.0,0.0055248618784530384,362.0,0.020942408376963352,191.0,0.0006915629322268327,1446.0,0.4196449680173069,6.418395573997234,0.0,16.0,0.0,56.0,0.0,1.0,0.0,0.0,0.06882837869859906,1.4328981038398305,0.4549108899249047,5.205536236170003
herringbone|medium|0,herringbone,medium,5,0,thin_dropout,0.5,0.5760969622583615,0.5954099773731278,9281.0,0.031821797931583136,56565.0,0.0055248618784530384,362.0,0.020942408376963352,191.0,0.007607192254495159,1446.0,0.5984645348534955,6.418395573997234,0.0,16.0,0.0,56.0,0.0,1.0,0.0,0.0,0.10968245316350161,1.4328981038398305,0.8156681481536867,5.205536236170003
herringbone|medium|0,herringbone,medium,5,0,speckle,0.0,1.0,0.0,9281.0,0.0,56565.0,0.0,362.0,0.0,191.0,0.0,1446.0,0.0,6.418395573997234,0.0,16.0,0.0,56.0,0.0,1.0,0.0,0.0,0.0,1.4328981038398305,0.0,5.205536236170003
herringbone|medium|0,herringbone,medium,5,0,speckle,0.0002,0.9984938138784293,0.003016916280573214,9281.0,0.9153893750552462,56565.0,0.03314917127071823,362.0,0.7643979057591623,191.0,0.01867219917012448,1446.0,0.01536832251072049,6.418395573997234,0.0,16.0,0.0,56.0,27.0,1.0,0.0,0.0,0.0805862293199536,1.4328981038398305,0.004931182963682664,5.205536236170003
herringbone|medium|0,herringbone,medium,5,0,speckle,0.0005,0.9962964950888304,0.0074345436914125635,9281.0,1.251639706532308,56565.0,0.052486187845303865,362.0,0.9842931937172775,191.0,0.04702627939142462,1446.0,0.037813507148096163,6.418395573997234,0.0,16.0,0.0,56.0,68.0,1.0,0.0,0.0,0.09331955382117814,1.4328981038398305,0.011737155995463442,5.205536236170003
herringbone|medium|0,herringbone,medium,5,0,speckle,0.001,0.992620320855615,0.014869087382825127,9281.0,1.500274021037744,56565.0,0.06077348066298342,362.0,0.9895287958115183,191.0,0.09681881051175657,1446.0,0.07471582575311157,6.418395573997234,0.125,16.0,0.125,56.0,135.0,1.0,0.0,0.0,0.10739994795701359,1.4328981038398305,0.022112400518070095,5.205536236170003
herringbone|medium|0,herringbone,medium,5,0,speckle,0.002,0.9853487631383374,0.029738174765650254,9281.0,1.491929638469018,56565.0,0.06077348066298342,362.0,1.0052356020942408,191.0,0.1887966804979253,1446.0,0.13379790534547392,6.418395573997234,0.1875,16.0,0.017857142857142856,56.0,270.0,1.0,0.0,0.0,0.09191047481071538,1.4328981038398305,0.045883341978563495,5.205536236170003
herringbone|medium|0,herringbone,medium,5,0,speckle,0.005,0.9641094894302187,0.0744531839241461,9281.0,1.5571643242287634,56565.0,0.06077348066298342,362.0,0.9947643979057592,191.0,0.475103734439834,1446.0,0.27160839008236515,6.418395573997234,1.375,16.0,0.23214285714285715,56.0,659.0,1.0,0.0,0.0,0.03905235493792926,1.4328981038398305,0.10752466070869532,5.205536236170003
herringbone|medium|0,herringbone,medium,5,0,blob,0.0,1.0,0.0,9281.0,0.0,56565.0,0.0,362.0,0.0,191.0,0.0,1446.0,0.0,6.418395573997234,0.0,16.0,0.0,56.0,0.0,1.0,0.0,0.0,0.0,1.4328981038398305,0.0,5.205536236170003
herringbone|medium|0,herringbone,medium,5,0,blob,0.1,0.9669219148825338,0.06841935136299968,9281.0,0.2261645894104128,56565.0,0.0,362.0,0.31413612565445026,191.0,0.007607192254495159,1446.0,0.060353041915509616,6.418395573997234,0.0625,16.0,0.07142857142857142,56.0,3.0,1.0,0.0,0.0,0.011009868003946228,1.4328981038398305,0.05672019063059256,5.205536236170003
herringbone|medium|0,herringbone,medium,5,0,blob,0.25,0.9571988448844885,0.0894300183169917,9281.0,0.5283655971006807,56565.0,0.0,362.0,0.5654450261780105,191.0,0.015214384508990318,1446.0,0.07310341041305851,6.418395573997234,0.375,16.0,0.0,56.0,9.0,1.0,0.0,0.0,0.03543457902418473,1.4328981038398305,0.09497913709233319,5.205536236170003
herringbone|medium|0,herringbone,medium,5,0,blob,0.5,0.9017683637776914,0.21786445426139425,9281.0,0.9211172986829311,56565.0,0.022099447513812154,362.0,0.9685863874345549,191.0,0.022821576763485476,1446.0,0.1906910080202678,6.418395573997234,0.4375,16.0,0.07142857142857142,56.0,17.0,1.0,0.0,0.0,0.02709536380840638,1.4328981038398305,0.17891148409132407,5.205536236170003
herringbone|medium|0,herringbone,medium,5,0,blob,0.75,0.8708012760367799,0.2967352655963797,9281.0,0.7058605144524,56565.0,0.06077348066298342,362.0,0.837696335078534,191.0,0.04979253112033195,1446.0,0.23523003560761857,6.418395573997234,0.6875,16.0,0.19642857142857142,56.0,20.0,1.0,0.0,0.0,0.019129163188164343,1.4328981038398305,0.24053440028202566,5.205536236170003
herringbone|medium|0,herringbone,medium,5,0,blob,1.0,0.8324140095968429,0.4026505764465036,9281.0,1.0578626359055954,56565.0,0.06077348066298342,362.0,0.9842931937172775,191.0,0.0954356846473029,1446.0,0.2804499580439674,6.418395573997234,1.4375,16.0,0.375,56.0,27.0,1.0,2.0,0.0,0.02210906401668346,1.4328981038398305,0.26090093023392735,5.205536236170003
herringbone|medium|1,herringbone,medium,5,1,boundary_erode,0.0,1.0,0.0,8951.0,0.0,57377.0,0.0,371.0,0.0,194.0,0.0,1393.0,0.0,6.425699928212491,0.0,16.0,0.0,56.0,0.0,1.0,0.0,0.0,0.0,1.4222414401938615,0.0,5.490801177965937
herringbone|medium|1,herringbone,medium,5,1,boundary_erode,-1.0,0.8254051571419199,0.2972852195285443,8951.0,0.016522299876257036,57377.0,0.005390835579514825,371.0,0.010309278350515464,194.0,0.004307250538406317,1393.0,0.30029900700733536,6.425699928212491,0.0,16.0,0.0,56.0,0.0,1.0,0.0,0.0,0.05536022984926704,1.4222414401938615,0.18551316638500107,5.490801177965937
herringbone|medium|1,herringbone,medium,5,1,boundary_erode,-2.0,0.5776259335769903,0.593900122891297,8951.0,0.03194659881137041,57377.0,0.01078167115902965,371.0,0.020618556701030927,194.0,0.006460875807609476,1393.0,0.5965070407899977,6.425699928212491,0.0,16.0,0.0,56.0,0.0,1.0,0.0,0.0,0.12607386318270347,1.4222414401938615,0.8070566350258196,5.490801177965937
herringbone|medium|1,herringbone,medium,5,1,boundary_erode,-3.0,0.34989399944695365,0.7879566528879455,8951.0,0.9358802307544835,57377.0,0.0431266846361186,371.0,0.9432989690721649,194.0,0.7480258435032304,1393.0,0.15847184465215966,6.425699928212491,0.875,16.0,1.0,56.0,0.0,1.0,0.0,0.0,0.16771024901910236,1.4222414401938615,2.310375741681631,5.490801177965937
herringbone|medium|1,herringbone,medium,5,1,boundary_erode,-4.0,0.23399427838611028,0.8675008378952073,8951.0,0.9483939557662479,57377.0,0.04851752021563342,371.0,0.9536082474226805,194.0,0.747307968413496,1393.0,0.4756496226932491,6.425699928212491,0.875,16.0,1.0,56.0,0.0,1.0,0.0,0.0,0.19778760982780225,1.4222414401938615,2.446106174792762,5.490801177965937
herringbone|medium|1,herringbone,medium,5,1,boundary_erode,-5.0,0.10179196267628035,0.9463747067366775,8951.0,0.9607333949143385,57377.0,0.05390835579514825,371.0,0.9639175257731959,194.0,0.7480258435032304,1393.0,0.7871793916928539,6.425699928212491,0.875,16.0,1.0,56.0,0.0,1.0,0.0,0.0,0.331368880538017,1.4222414401938615,2.614377467140752,5.490801177965937
herringbone|medium|1,herringbone,medium,5,1,boundary_dilate,0.0,1.0,0.0,8951.0,0.0,57377.0,0.0,371.0,0.0,194.0,0.0,1393.0,0.0,6.425699928212491,0.0,16.0,0.0,56.0,0.0,1.0,0.0,0.0,0.0,1.4222414401938615,0.0,5.490801177965937
herringbone|medium|1,herringbone,medium,5,1,boundary_dilate,1.0,0.870804552972079,0.296726622723718,8951.0,0.015040870035031458,57377.0,0.0026954177897574125,371.0,0.010309278350515464,194.0,0.0007178750897343862,1393.0,0.2957964027648058,6.425699928212491,0.0,16.0,0.0,56.0,0.0,1.0,0.0,0.0,0.04529479316484987,1.4222414401938615,0.09311838441823335,5.490801177965937
herringbone|medium|1,herringbone,medium,5,1,boundary_dilate,2.0,0.7720039673983354,0.5906602614233046,8951.0,0.030238597347369153,57377.0,0.005390835579514825,371.0,0.020618556701030927,194.0,0.004307250538406317,1393.0,0.5975412719269385,6.425699928212491,0.0,16.0,0.0,56.0,0.0,1.0,0.0,0.0,0.0723357492195155,1.4222414401938615,0.1561519590853667,5.490801177965937
herringbone|medium|1,herringbone,medium,5,1,boundary_dilate,3.0,0.6940373730324881,0.8816891967377947,8951.0,0.04545375324607421,57377.0,0.008086253369272238,371.0,0.030927835051546393,194.0,0.007896625987078248,1393.0,0.8966664624137105,6.425699928212491,0.0,16.0,0.0,56.0,0.0,1.0,0.0,0.0,0.09903820184054492,1.4222414401938615,0.20575159370849228,5.490801177965937
herringbone|medium|1,herringbone,medium,5,1,boundary_dilate,4.0,0.6309964400267879,1.1695899899452575,8951.0,0.060721194903881344,57377.0,0.01078167115902965,371.0,0.041237113402061855,194.0,0.012203876525484566,1393.0,1.196394517437314,6.425699928212491,0.0,16.0,0.0,56.0,0.0,1.0,0.0,0.0,0.12831939938201614,1.4222414401938615,0.24817141712870935,5.490801177965937
herringbone|medium|1,herringbone,medium,5,1,boundary_dilate,5.0,0.5789218381140252,1.454697799128589,8951.0,0.07600606514805584,57377.0,0.013477088948787063,371.0,0.05154639175257732,194.0,0.013639626704953339,1393.0,1.488641946278111,6.425699928212491,0.125,16.0,0.0,56.0,0.0,1.0,1.0,0.0,0.14713481898832104,1.4222414401938615,0.2858900746879721,5.490801177965937
herringbone|medium|1,herringbone,medium,5,1,junction_break,0.0,1.0,0.0,8951.0,0.0,57377.0,0.0,371.0,0.0,194.0,0.0,1393.0,0.0,6.425699928212491,0.0,16.0,0.0,56.0,0.0,1.0,0.0,0.0,0.0,1.4222414401938615,0.0,5.490801177965937
herringbone|medium|1,herringbone,medium,5,1,junction_break,0.1,0.9901850180505415,0.01943916880795442,8951.0,0.0,57377.0,0.0,371.0,0.0,194.0,0.050969131371141424,1393.0,0.06699368999281455,6.425699928212491,0.0,16.0,0.5535714285714286,56.0,0.0,1.0,6.0,0.0,0.000940597905138463,1.4222414401938615,0.017798444725620453,5.490801177965937
herringbone|medium|1,herringbone,medium,5,1,junction_break,0.2,0.9842836879432624,0.03094626298737571,8951.0,0.0,57377.0,0.0,371.0,0.0,194.0,0.07753050969131371,1393.0,0.10067164846196829,6.425699928212491,0.0,16.0,0.7857142857142857,56.0,0.0,1.0,9.0,0.0,0.001571675178454411,1.4222414401938615,0.028818886837555686,5.490801177965937
herringbone|medium|1,herringbone,medium,5,1,junction_break,0.4,0.9749785284855426,0.048821360741816554,8951.0,0.0,57377.0,0.0,371.0,0.0,194.0,0.10768126346015794,1393.0,0.14128850000865228,6.425699928212491,0.0,16.0,0.9821428571428571,56.0,0.0,1.0,12.0,0.0,0.0026950198728252564,1.4222414401938615,0.04627882383006225,5.490801177965937
herringbone|medium|1,herringbone,medium,5,1,junction_break,0.6,0.9705577918343876,0.0572003128142107,8951.0,0.0,57377.0,0.0,371.0,0.0,194.0,0.11629576453697056,1393.0,0.15542124485543116,6.425699928212491,0.0,16.0,0.9821428571428571,56.0,0.0,1.0,13.0,0.0,0.0032794305484051497,1.4222414401938615,0.05469707393909532,5.490801177965937
herringbone|medium|1,herringbone,medium,5,1,junction_break,0.8,0.965142493785768,0.06736677466204893,8951.0,0.0,57377.0,0.0,371.0,0.0,194.0,0.12921751615218952,1393.0,0.1740889492080319,6.425699928212491,0.0,16.0,1.0714285714285714,56.0,0.0,1.0,14.0,0.0,0.004238457089227275,1.4222414401938615,0.06499991621401761,5.490801177965937
herringbone|medium|1,herringbone,medium,5,1,thin_dropout,0.0,1.0,0.0,8951.0,0.0,57377.0,0.0,371.0,0.0,194.0,0.0,1393.0,0.0,6.425699928212491,0.0,16.0,0.0,56.0,0.0,1.0,0.0,0.0,0.0,1.4222414401938615,0.0,5.490801177965937
herringbone|medium|1,herringbone,medium,5,1,thin_dropout,0.1,0.8259443861490031,0.2965031840017875,8951.0,0.015232584485072415,57377.0,0.0026954177897574125,371.0,0.010309278350515464,194.0,0.007178750897343862,1393.0,0.3015174164750464,6.425699928212491,0.0,16.0,0.0,56.0,0.0,1.0,0.0,0.0,0.05536022984926704,1.4222414401938615,0.18555398799155984,5.490801177965937
herringbone|medium|1,herringbone,medium,5,1,thin_dropout,0.2,0.8259443861490031,0.2965031840017875,8951.0,0.015232584485072415,57377.0,0.0026954177897574125,371.0,0.010309278350515464,194.0,0.007178750897343862,1393.0,0.3015174164750464,6.425699928212491,0.0,16.0,0.0,56.0,0.0,1.0,0.0,0.0,0.05536022984926704,1.4222414401938615,0.18555398799155984,5.490801177965937
herringbone|medium|1,herringbone,medium,5,1,thin_dropout,0.3,0.7472358292512247,0.40353033180650205,8951.0,0.028251738501490143,57377.0,0.005390835579514825,371.0,0.020618556701030927,194.0,0.0007178750897343862,1393.0,0.4039582153561387,6.425699928212491,0.0,16.0,0.0,56.0,0.0,1.0,0.0,0.0,0.07798502035887693,1.4222414401938615,0.4162560966091779,5.490801177965937
herringbone|medium|1,herringbone,medium,5,1,thin_dropout,0.4,0.7472358292512247,0.40353033180650205,8951.0,0.028251738501490143,57377.0,0.005390835579514825,371.0,0.020618556701030927,194.0,0.0007178750897343862,1393.0,0.4039582153561387,6.425699928212491,0.0,16.0,0.0,56.0,0.0,1.0,0.0,0.0,0.07798502035887693,1.4222414401938615,0.4162560966091779,5.490801177965937
herringbone|medium|1,herringbone,medium,5,1,thin_dropout,0.5,0.5787551603683709,0.5927829292816446,8951.0,0.030308311692838593,57377.0,0.005390835579514825,371.0,0.020618556701030927,194.0,0.008614501076812634,1393.0,0.5962609398500575,6.425699928212491,0.0,16.0,0.0,56.0,0.0,1.0,0.0,0.0,0.12590893280383011,1.4222414401938615,0.8071938330602011,5.490801177965937
herringbone|medium|1,herringbone,medium,5,1,speckle,0.0,1.0,0.0,8951.0,0.0,57377.0,0.0,371.0,0.0,194.0,0.0,1393.0,0.0,6.425699928212491,0.0,16.0,0.0,56.0,0.0,1.0,0.0,0.0,0.0,1.4222414401938615,0.0,5.490801177965937
herringbone|medium|1,herringbone,medium,5,1,speckle,0.0002,0.9984383714445064,0.003128142107027148,8951.0,0.97049340328006,57377.0,0.0,371.0,0.9020618556701031,194.0,0.020100502512562814,1393.0,0.016637929658628498,6.425699928212491,0.0,16.0,0.0,56.0,28.0,1.0,0.0,0.0,0.08541729770941081,1.4222414401938615,0.005242914973413031,5.490801177965937
herringbone|medium|1,herringbone,medium,5,1,speckle,0.0005,0.9961604807745813,0.007708635906602614,8951.0,1.0929989368562316,57377.0,0.008086253369272238,371.0,0.9587628865979382,194.0,0.04809763101220388,1393.0,0.03853552752198796,6.425699928212491,0.0625,16.0,0.05357142857142857,56.0,65.0,1.0,0.0,0.0,0.09528414239836044,1.4222414401938615,0.011858612701702449,5.490801177965937
herringbone|medium|1,herringbone,medium,5,1,speckle,0.001,0.9922953273100161,0.015528991174170484,8951.0,1.3336702860031022,57377.0,0.026954177897574125,371.0,0.9536082474226805,194.0,0.09834888729361091,1393.0,0.07540399692443163,6.425699928212491,0.0,16.0,0.0,56.0,135.0,1.0,0.0,0.0,0.10443424166729282,1.4222414401938615,0.024275641147503142,5.490801177965937
herringbone|medium|1,herringbone,medium,5,1,speckle,0.002,0.9847626382089224,0.03094626298737571,8951.0,1.4439583805357548,57377.0,0.029649595687331536,371.0,0.9690721649484536,194.0,0.20459440057430006,1393.0,0.14415486034480665,6.425699928212491,0.4375,16.0,0.32142857142857145,56.0,265.0,1.0,0.0,0.0,0.09762566982036491,1.4222414401938615,0.046104899523874525,5.490801177965937
herringbone|medium|1,herringbone,medium,5,1,speckle,0.005,0.9627319171820382,0.07742151714892191,8951.0,1.5106750091500079,57377.0,0.03504043126684636,371.0,0.9742268041237113,194.0,0.4953338119167265,1393.0,0.279477593188455,6.425699928212491,2.375,16.0,0.3392857142857143,56.0,658.0,1.0,0.0,0.0,0.04114400040588707,1.4222414401938615,0.1120527119410148,5.490801177965937
herringbone|medium|1,herringbone,medium,5,1,blob,0.0,1.0,0.0,8951.0,0.0,57377.0,0.0,371.0,0.0,194.0,0.0,1393.0,0.0,6.425699928212491,0.0,16.0,0.0,56.0,0.0,1.0,0.0,0.0,0.0,1.4222414401938615,0.0,5.490801177965937
herringbone|medium|1,herringbone,medium,5,1,blob,0.1,0.9804479982474397,0.039883811864596136,8951.0,0.24654478275267094,57377.0,0.0,371.0,0.41237113402061853,194.0,0.006460875807609476,1393.0,0.03320838083265519,6.425699928212491,0.0625,16.0,0.07142857142857142,56.0,3.0,1.0,0.0,0.0,0.015733451802966397,1.4222414401938615,0.04765269260268898,5.490801177965937
herringbone|medium|1,herringbone,medium,5,1,blob,0.25,0.9375720121504137,0.13316947827058428,8951.0,0.6550708472035833,57377.0,0.03504043126684636,371.0,0.7835051546391752,194.0,0.02512562814070352,1393.0,0.10539571654826604,6.425699928212491,0.375,16.0,0.23214285714285715,56.0,7.0,1.0,1.0,0.0,0.022763205916979067,1.4222414401938615,0.09704322786357208,5.490801177965937
herringbone|medium|1,herringbone,medium,5,1,blob,0.5,0.8959063156841157,0.232376270807731,8951.0,0.619394530909598,57377.0,0.029649595687331536,371.0,0.8969072164948454,194.0,0.04020100502512563,1393.0,0.18474820237071723,6.425699928212491,0.75,16.0,0.21428571428571427,56.0,14.0,1.0,1.0,0.0,0.01299287157734846,1.4222414401938615,0.17338104945619848,5.490801177965937
herringbone|medium|1,herringbone,medium,5,1,blob,0.75,0.8589386815084925,0.32845492123785053,8951.0,0.8882130470397546,57377.0,0.03504043126684636,371.0,0.9278350515463918,194.0,0.03732950466618808,1393.0,0.28064893099261295,6.425699928212491,0.625,16.0,0.0,56.0,26.0,1.0,0.0,0.0,0.02923118593543195,1.4222414401938615,0.2687177799800406,5.490801177965937
herringbone|medium|1,herringbone,medium,5,1,blob,1.0,0.8022765976516985,0.4929058205787063,8951.0,1.0784983529985883,57377.0,0.03504043126684636,371.0,0.788659793814433,194.0,0.0674802584350323,1393.0,0.3985324869308258,6.425699928212491,0.75,16.0,0.3392857142857143,56.0,29.0,1.0,0.0,0.0,0.020992737486196993,1.4222414401938615,0.3211585127990473,5.490801177965937
herringbone|medium|2,herringbone,medium,5,2,boundary_erode,0.0,1.0,0.0,9020.0,0.0,53383.0,0.0,361.0,0.0,193.0,0.0,1406.0,0.0,6.415362731152205,0.0,18.0,0.0,64.0,0.0,1.0,0.0,0.0,0.0,1.4255777002368026,0.0,5.46073422171607
herringbone|medium|2,herringbone,medium,5,2,boundary_erode,-1.0,0.8261322228006247,0.29623059866962304,9020.0,0.01693422999831407,53383.0,0.00554016620498615,361.0,0.010362694300518135,193.0,0.005689900426742532,1406.0,0.3002123208836563,6.415362731152205,0.0,18.0,0.015625,64.0,0.0,1.0,0.0,0.0,0.05392737440477966,1.4255777002368026,0.18694907442392503,5.46073422171607
herringbone|medium|2,herringbone,medium,5,2,boundary_erode,-2.0,0.5798630244824057,0.5916851441241685,9020.0,0.0327257741228481,53383.0,0.0110803324099723,361.0,0.02072538860103627,193.0,0.004267425320056899,1406.0,0.5934201930868137,6.415362731152205,0.05555555555555555,18.0,0.0625,64.0,1.0,1.0,0.0,0.0,0.11835046921674942,1.4255777002368026,0.8050925000646374,5.46073422171607
herringbone|medium|2,herringbone,medium,5,2,boundary_erode,-3.0,0.3510054844606947,0.7871396895787139,9020.0,0.9303710919206489,53383.0,0.01662049861495845,361.0,0.9067357512953368,193.0,0.7503556187766715,1406.0,0.14734587905319607,6.415362731152205,0.8888888888888888,18.0,1.0,64.0,0.0,1.0,0.0,0.0,0.131411599932816,1.4255777002368026,2.3211041941884503,5.46073422171607
herringbone|medium|2,herringbone,medium,5,2,boundary_erode,-4.0,0.23621431364880718,0.8660753880266076,9020.0,0.9437648689657756,53383.0,0.0221606648199446,361.0,0.917098445595855,193.0,0.7496443812233285,1406.0,0.4650624874017335,6.415362731152205,0.8888888888888888,18.0,1.0,64.0,0.0,1.0,0.0,0.0,0.1886676712404079,1.4255777002368026,2.46008225844452,5.46073422171607
herringbone|medium|2,herringbone,medium,5,2,boundary_erode,-5.0,0.10544003360638521,0.9443458980044346,9020.0,0.9570275181237473,53383.0,0.027700831024930747,361.0,0.927461139896373,193.0,0.7503556187766715,1406.0,0.7770664746274502,6.415362731152205,0.8888888888888888,18.0,1.0,64.0,0.0,1.0,0.0,0.0,0.285096377019535,1.4255777002368026,2.666050215682433,5.46073422171607
herringbone|medium|2,herringbone,medium,5,2,boundary_dilate,0.0,1.0,0.0,9020.0,0.0,53383.0,0.0,361.0,0.0,193.0,0.0,1406.0,0.0,6.415362731152205,0.0,18.0,0.0,64.0,0.0,1.0,0.0,0.0,0.0,1.4255777002368026,0.0,5.46073422171607
herringbone|medium|2,herringbone,medium,5,2,boundary_dilate,1.0,0.8712029748394263,0.2956762749445676,9020.0,0.015735346458610418,53383.0,0.002770083102493075,361.0,0.010362694300518135,193.0,0.001422475106685633,1406.0,0.29752196764391897,6.415362731152205,0.05555555555555555,18.0,0.0625,64.0,0.0,1.0,0.0,0.0,0.04107860837589263,1.4255777002368026,0.09469720483687712,5.46073422171607
herringbone|medium|2,herringbone,medium,5,2,boundary_dilate,2.0,0.7729220222793488,0.5875831485587583,9020.0,0.031526890583144444,53383.0,0.00554016620498615,361.0,0.02072538860103627,193.0,0.01422475106685633,1406.0,0.610491996301309,6.415362731152205,0.1111111111111111,18.0,0.140625,64.0,0.0,1.0,0.0,0.0,0.07404512201673467,1.4255777002368026,0.15961765345035225,5.46073422171607
herringbone|medium|2,herringbone,medium,5,2,boundary_dilate,3.0,0.6953438174529757,0.8762749445676274,9020.0,0.04731843470767848,53383.0,0.008310249307479225,361.0,0.031088082901554404,193.0,0.015647226173541962,1406.0,0.9061001243223152,6.415362731152205,0.1111111111111111,18.0,0.125,64.0,0.0,1.0,0.0,0.0,0.09679168623711845,1.4255777002368026,0.21106923440829847,5.46073422171607
herringbone|medium|2,herringbone,medium,5,2,boundary_dilate,4.0,0.6324498667788528,1.1623059866962306,9020.0,0.0631661764981361,53383.0,0.0110803324099723,361.0,0.04145077720207254,193.0,0.014935988620199146,1406.0,1.1950918536425272,6.415362731152205,0.1111111111111111,18.0,0.015625,64.0,0.0,1.0,1.0,0.0,0.12233772077924673,1.4255777002368026,0.2550466654841894,5.46073422171607
herringbone|medium|2,herringbone,medium,5,2,boundary_dilate,5.0,0.5805309734513274,1.4451219512195121,9020.0,0.07905138339920949,53383.0,0.013850415512465374,361.0,0.05181347150259067,193.0,0.023470839260312945,1406.0,1.5038903593697264,6.415362731152205,0.1111111111111111,18.0,0.125,64.0,0.0,1.0,0.0,0.0,0.14508067857494325,1.4255777002368026,0.29436972992264565,5.46073422171607
herringbone|medium|2,herringbone,medium,5,2,junction_break,0.0,1.0,0.0,9020.0,0.0,53383.0,0.0,361.0,0.0,193.0,0.0,1406.0,0.0,6.415362731152205,0.0,18.0,0.0,64.0,0.0,1.0,0.0,0.0,0.0,1.4255777002368026,0.0,5.46073422171607
herringbone|medium|2,herringbone,medium,5,2,junction_break,0.1,0.9902608306280085,0.019290465631929047,9020.0,0.0,53383.0,0.0,361.0,0.0,193.0,0.0476529160739687,1406.0,0.0638984349480598,6.415362731152205,0.0,18.0,0.421875,64.0,0.0,1.0,6.0,0.0,0.0010329963843622794,1.4255777002368026,0.018099918259026973,5.46073422171607
herringbone|medium|2,herringbone,medium,5,2,junction_break,0.2,0.9827450095861058,0.033924611973392464,9020.0,0.0,53383.0,0.0,361.0,0.0,193.0,0.07467994310099574,1406.0,0.10105758069794162,6.415362731152205,0.0,18.0,0.71875,64.0,0.0,1.0,9.0,0.0,0.0018069811095784989,1.4255777002368026,0.03306872837101011,5.46073422171607
herringbone|medium|2,herringbone,medium,5,2,junction_break,0.4,0.9724896052856411,0.05354767184035477,9020.0,0.0,53383.0,0.0,361.0,0.0,193.0,0.10384068278805121,1406.0,0.14258249137083678,6.415362731152205,0.05555555555555555,18.0,0.6875,64.0,0.0,1.0,12.0,0.0,0.0031817280268849088,1.4255777002368026,0.05233779118854998,5.46073422171607
herringbone|medium|2,herringbone,medium,5,2,junction_break,0.6,0.9671361502347418,0.06363636363636363,9020.0,0.0,53383.0,0.0,361.0,0.0,193.0,0.12019914651493599,1406.0,0.1641096681096681,6.415362731152205,0.1111111111111111,18.0,0.765625,64.0,0.0,1.0,14.0,0.0,0.0041329557317513746,1.4255777002368026,0.06235930809584836,5.46073422171607
herringbone|medium|2,herringbone,medium,5,2,junction_break,0.8,0.9614875366990961,0.07416851441241686,9020.0,0.0,53383.0,0.0,361.0,0.0,193.0,0.1287339971550498,1406.0,0.17976114131308,6.415362731152205,0.05555555555555555,18.0,0.734375,64.0,0.0,1.0,14.0,0.0,0.00472557856198253,1.4255777002368026,0.07260241854772707,5.46073422171607
herringbone|medium|2,herringbone,medium,5,2,thin_dropout,0.0,1.0,0.0,9020.0,0.0,53383.0,0.0,361.0,0.0,193.0,0.0,1406.0,0.0,6.415362731152205,0.0,18.0,0.0,64.0,0.0,1.0,0.0,0.0,0.0,1.4255777002368026,0.0,5.46073422171607
herringbone|medium|2,herringbone,medium,5,2,thin_dropout,0.1,0.8266666666666667,0.29545454545454547,9020.0,0.01569788134799468,53383.0,0.002770083102493075,361.0,0.010362694300518135,193.0,0.008534850640113799,1406.0,0.3014168483138863,6.415362731152205,0.0,18.0,0.015625,64.0,0.0,1.0,0.0,0.0,0.05392737440477966,1.4255777002368026,0.18698860212226565,5.46073422171607
herringbone|medium|2,herringbone,medium,5,2,thin_dropout,0.2,0.8266666666666667,0.29545454545454547,9020.0,0.01569788134799468,53383.0,0.002770083102493075,361.0,0.010362694300518135,193.0,0.008534850640113799,1406.0,0.3014168483138863,6.415362731152205,0.0,18.0,0.015625,64.0,0.0,1.0,0.0,0.0,0.05392737440477966,1.4255777002368026,0.18698860212226565,5.46073422171607
herringbone|medium|2,herringbone,medium,5,2,thin_dropout,0.3,0.7434700842794456,0.4083148558758315,9020.0,0.028548414289193188,53383.0,0.00554016620498615,361.0,0.02072538860103627,193.0,0.0007112375533428165,1406.0,0.40873538547364535,6.415362731152205,0.0,18.0,0.015625,64.0,0.0,1.0,0.0,0.0,0.07496334098167896,1.4255777002368026,0.42162834842292163,5.46073422171607
herringbone|medium|2,herringbone,medium,5,2,thin_dropout,0.4,0.7434700842794456,0.4083148558758315,9020.0,0.028548414289193188,53383.0,0.00554016620498615,361.0,0.02072538860103627,193.0,0.0007112375533428165,1406.0,0.40873538547364535,6.415362731152205,0.0,18.0,0.015625,64.0,0.0,1.0,0.0,0.0,0.07496334098167896,1.4255777002368026,0.42162834842292163,5.46073422171607
herringbone|medium|2,herringbone,medium,5,2,thin_dropout,0.5,0.5809800991111461,0.5905764966740576,9020.0,0.03133956503006575,53383.0,0.00554016620498615,361.0,0.02072538860103627,193.0,0.006401137980085348,1406.0,0.5931806037623498,6.415362731152205,0.05555555555555555,18.0,0.0625,64.0,1.0,1.0,0.0,0.0,0.1181871098745719,1.4255777002368026,0.8052213950672088,5.46073422171607
herringbone|medium|2,herringbone,medium,5,2,speckle,0.0,1.0,0.0,9020.0,0.0,53383.0,0.0,361.0,0.0,193.0,0.0,1406.0,0.0,6.415362731152205,0.0,18.0,0.0,64.0,0.0,1.0,0.0,0.0,0.0,1.4255777002368026,0.0,5.46073422171607
herringbone|medium|2,herringbone,medium,5,2,speckle,0.0002,0.9984502988709321,0.0031042128603104213,9020.0,1.1103534833186595,53383.0,0.04986149584487535,361.0,0.7927461139896373,193.0,0.019203413940256046,1406.0,0.015795866516680798,6.415362731152205,0.0,18.0,0.0,64.0,27.0,1.0,0.0,0.0,0.08858385753209809,1.4255777002368026,0.0050423711123834735,5.46073422171607
herringbone|medium|2,herringbone,medium,5,2,speckle,0.0005,0.9961897399083329,0.0076496674057649665,9020.0,1.4642301856396231,53383.0,0.038781163434903045,361.0,0.9585492227979274,193.0,0.04836415362731152,1406.0,0.03883620598880218,6.415362731152205,0.05555555555555555,18.0,0.046875,64.0,65.0,1.0,0.0,0.0,0.09497645422705017,1.4255777002368026,0.0121431366901076,5.46073422171607
herringbone|medium|2,herringbone,medium,5,2,speckle,0.001,0.9924084057652107,0.015299334811529933,9020.0,1.5214768746604725,53383.0,0.060941828254847646,361.0,0.9689119170984456,193.0,0.09957325746799431,1406.0,0.07664239020374443,6.415362731152205,0.05555555555555555,18.0,0.15625,64.0,134.0,1.0,1.0,0.0,0.11133676857469064,1.4255777002368026,0.023643737885956934,5.46073422171607
herringbone|medium|2,herringbone,medium,5,2,speckle,0.002,0.9848774362613966,0.030709534368070952,9020.0,1.5842684000524512,53383.0,0.060941828254847646,361.0,0.9896373056994818,193.0,0.19487908961593173,1406.0,0.1373942825467215,6.415362731152205,0.16666666666666666,18.0,0.0625,64.0,268.0,1.0,0.0,0.0,0.09731319378381303,1.4255777002368026,0.045249754858394955,5.46073422171607
herringbone|medium|2,herringbone,medium,5,2,speckle,0.005,0.9630578688874653,0.07671840354767184,9020.0,1.727609913268269,53383.0,0.06371191135734072,361.0,0.9896373056994818,193.0,0.4900426742532006,1406.0,0.2773908948028513,6.415362731152205,0.6666666666666666,18.0,0.171875,64.0,672.0,1.0,0.0,0.0,0.03915214093444576,1.4255777002368026,0.10818685408515942,5.46073422171607
herringbone|medium|2,herringbone,medium,5,2,blob,0.0,1.0,0.0,9020.0,0.0,53383.0,0.0,361.0,0.0,193.0,0.0,1406.0,0.0,6.415362731152205,0.0,18.0,0.0,64.0,0.0,1.0,0.0,0.0,0.0,1.4255777002368026,0.0,5.46073422171607
herringbone|medium|2,herringbone,medium,5,2,blob,0.1,0.9765075240879073,0.04811529933481153,9020.0,0.2760616675720735,53383.0,0.0,361.0,0.3005181347150259,193.0,0.007823613086770981,1406.0,0.03997890674999646,6.415362731152205,0.16666666666666666,18.0,0.03125,64.0,3.0,1.0,0.0,0.0,0.028024242534780062,1.4255777002368026,0.05257080264185703,5.46073422171607
herringbone|medium|2,herringbone,medium,5,2,blob,0.25,0.9407592824363789,0.12594235033259424,9020.0,0.6533727965831819,53383.0,0.0,361.0,0.7668393782383419,193.0,0.014935988620199146,1406.0,0.10937277124570963,6.415362731152205,0.2777777777777778,18.0,0.046875,64.0,9.0,1.0,0.0,0.0,0.030063850779872163,1.4255777002368026,0.12392299002889326,5.46073422171607
herringbone|medium|2,herringbone,medium,5,2,blob,0.5,0.8876642228017517,0.25310421286031043,9020.0,0.7157896708690032,53383.0,0.06371191135734072,361.0,0.7098445595854922,193.0,0.04836415362731152,1406.0,0.19529479191424454,6.415362731152205,0.5,18.0,0.265625,64.0,14.0,1.0,2.0,0.0,0.025550024217839133,1.4255777002368026,0.20523410721257934,5.46073422171607
herringbone|medium|2,herringbone,medium,5,2,blob,0.75,0.8677248677248677,0.3048780487804878,9020.0,1.4878894029934624,53383.0,0.060941828254847646,361.0,0.9896373056994818,193.0,0.057610241820768134,1406.0,0.2337986123640658,6.415362731152205,0.9444444444444444,18.0,0.40625,64.0,25.0,1.0,3.0,0.0,0.03763189105073808,1.4255777002368026,0.23692299921741153,5.46073422171607
herringbone|medium|2,herringbone,medium,5,2,blob,1.0,0.8512244609069032,0.34955654101995565,9020.0,1.2955435250922578,53383.0,0.06371191135734072,361.0,0.9585492227979274,193.0,0.06970128022759602,1406.0,0.26162001108647454,6.415362731152205,1.1666666666666667,18.0,0.171875,64.0,35.0,1.0,1.0,0.0,0.03413193624760242,1.4255777002368026,0.28280862040469806,5.46073422171607
herringbone|thick|0,herringbone,thick,8,0,boundary_erode,0.0,1.0,0.0,15852.0,0.0,58628.0,0.0,364.0,0.0,195.0,0.0,1452.0,0.0,10.917355371900827,0.0,16.0,0.0,56.0,0.0,1.0,0.0,0.0,0.0,1.5411372601060764,0.0,4.347496978305379
herringbone|thick|0,herringbone,thick,8,0,boundary_erode,-1.0,0.9061173791532967,0.17165026495079486,15852.0,0.01642559869004571,58628.0,0.005494505494505495,364.0,0.010256410256410256,195.0,0.0,1452.0,0.171650264950795,10.917355371900827,0.0,16.0,0.0,56.0,0.0,1.0,0.0,0.0,0.025295526767413996,1.5411372601060764,0.08342834167512646,4.347496978305379
herringbone|thick|0,herringbone,thick,8,0,boundary_erode,-2.0,0.7930561900411147,0.3429220287660863,15852.0,0.03208364603943508,58628.0,0.01098901098901099,364.0,0.020512820512820513,195.0,0.008264462809917356,1452.0,0.3374463790058037,10.917355371900827,0.0,16.0,0.0,56.0,0.0,1.0,0.0,0.0,0.05580889448161097,1.5411372601060764,0.21050387706043383,4.347496978305379
herringbone|thick|0,herringbone,thick,8,0,boundary_erode,-3.0,0.655470737913486,0.5124905374716124,15852.0,0.049771440267449,58628.0,0.016483516483516484,364.0,0.03076923076923077,195.0,0.0006887052341597796,1452.0,0.5121545557607039,10.917355371900827,0.0,16.0,0.0,56.0,0.0,1.0,0.0,0.0,0.09306066054135247,1.5411372601060764,0.4455672253640258,4.347496978305379
herringbone|thick|0,herringbone,thick,8,0,boundary_erode,-4.0,0.4833524684270953,0.6813020439061317,15852.0,0.06623115235041277,58628.0,0.02197802197802198,364.0,0.041025641025641026,195.0,0.003443526170798898,1452.0,0.6802008070156899,10.917355371900827,0.0,16.0,0.10714285714285714,56.0,0.0,1.0,0.0,0.0,0.14326669706197784,1.5411372601060764,1.0751240588470685,4.347496978305379
herringbone|thick|0,herringbone,thick,8,0,boundary_erode,-5.0,0.3142446961237837,0.8135881907645723,15852.0,0.45302585795183187,58628.0,0.027472527472527472,364.0,0.24102564102564103,195.0,0.6928374655647382,1452.0,0.3931167107402668,10.917355371900827,3.1875,16.0,0.9285714285714286,56.0,43.0,1.0,0.0,0.0,0.21234609603159627,1.5411372601060764,2.693648508647363,4.347496978305379
herringbone|thick|0,herringbone,thick,8,0,boundary_dilate,0.0,1.0,0.0,15852.0,0.0,58628.0,0.0,364.0,0.0,195.0,0.0,1452.0,0.0,10.917355371900827,0.0,16.0,0.0,56.0,0.0,1.0,0.0,0.0,0.0,1.5411372601060764,0.0,4.347496978305379
herringbone|thick|0,herringbone,thick,8,0,boundary_dilate,1.0,0.9212529784390073,0.17095634620237193,15852.0,0.015504537081258101,58628.0,0.0027472527472527475,364.0,0.010256410256410256,195.0,0.008953168044077135,1452.0,0.1815348260499263,10.917355371900827,0.0,16.0,0.017857142857142856,56.0,0.0,1.0,0.0,0.0,0.02698550491540006,1.5411372601060764,0.06315996069965776,4.347496978305379
herringbone|thick|0,herringbone,thick,8,0,boundary_dilate,2.0,0.8545782905199601,0.34033560434014637,15852.0,0.031043187555434264,58628.0,0.005494505494505495,364.0,0.020512820512820513,195.0,0.0048209366391184574,1452.0,0.3468285795860847,10.917355371900827,0.0,16.0,0.10714285714285714,56.0,0.0,1.0,1.0,0.0,0.04105217587969334,1.5411372601060764,0.11598069822318041,4.347496978305379
herringbone|thick|0,herringbone,thick,8,0,boundary_dilate,3.0,0.7974845931329393,0.5078854403229877,15852.0,0.04661595142252849,58628.0,0.008241758241758242,364.0,0.03076923076923077,195.0,0.005509641873278237,1452.0,0.5162393762804557,10.917355371900827,0.0625,16.0,0.07142857142857142,56.0,0.0,1.0,2.0,0.0,0.06189902517993402,1.5411372601060764,0.1619743674647314,4.347496978305379
herringbone|thick|0,herringbone,thick,8,0,boundary_dilate,4.0,0.7482299631832342,0.6729750189250567,15852.0,0.06222282868254077,58628.0,0.01098901098901099,364.0,0.041025641025641026,195.0,0.008953168044077135,1452.0,0.6880887612780975,10.917355371900827,0.0625,16.0,0.0,56.0,0.0,1.0,1.0,0.0,0.07910363115785508,1.5411372601060764,0.20316214265637375,4.347496978305379
herringbone|thick|0,herringbone,thick,8,0,boundary_dilate,5.0,0.7053327104051258,0.8355412566237699,15852.0,0.07786381933547111,58628.0,0.013736263736263736,364.0,0.05128205128205128,195.0,0.008953168044077135,1452.0,0.8521236307280847,10.917355371900827,0.0625,16.0,0.08928571428571429,56.0,0.0,1.0,2.0,0.0,0.09647587628283417,1.5411372601060764,0.24054994819209055,4.347496978305379
herringbone|thick|0,herringbone,thick,8,0,junction_break,0.0,1.0,0.0,15852.0,0.0,58628.0,0.0,364.0,0.0,195.0,0.0,1452.0,0.0,10.917355371900827,0.0,16.0,0.0,56.0,0.0,1.0,0.0,0.0,0.0,1.5411372601060764,0.0,4.347496978305379
herringbone|thick|0,herringbone,thick,8,0,junction_break,0.1,0.9959462883202432,0.008074690890739339,15852.0,0.0,58628.0,0.0,364.0,0.0,195.0,0.0440771349862259,1452.0,0.04995016568163161,10.917355371900827,0.0,16.0,0.32142857142857145,56.0,0.0,1.0,4.0,0.0,0.0004360577471574474,1.5411372601060764,0.0070813199623962235,4.347496978305379
herringbone|thick|0,herringbone,thick,8,0,junction_break,0.2,0.9917313318916169,0.01640171587181428,15852.0,0.0,58628.0,0.0,364.0,0.0,195.0,0.0881542699724518,1452.0,0.09608562749738894,10.917355371900827,0.0,16.0,0.48214285714285715,56.0,0.0,1.0,8.0,0.0,0.0007739129269032602,1.5411372601060764,0.014578853830450001,4.347496978305379
herringbone|thick|0,herringbone,thick,8,0,junction_break,0.4,0.985634298512238,0.028324501640171588,15852.0,0.0,58628.0,0.0,364.0,0.0,195.0,0.14600550964187328,1452.0,0.15211969734466904,10.917355371900827,0.0,16.0,0.9821428571428571,56.0,0.0,1.0,13.0,0.0,0.0013982935424418394,1.5411372601060764,0.02601071823155441,4.347496978305379
herringbone|thick|0,herringbone,thick,8,0,junction_break,0.6,0.982737598665212,0.03393893515013879,15852.0,0.0,58628.0,0.0,364.0,0.0,195.0,0.15771349862258954,1452.0,0.16554392256871006,10.917355371900827,0.0,16.0,1.0,56.0,0.0,1.0,14.0,0.0,0.002131017776700357,1.5411372601060764,0.03099443282071764,4.347496978305379
herringbone|thick|0,herringbone,thick,8,0,junction_break,0.8,0.9806771051024017,0.03791319707292455,15852.0,0.0,58628.0,0.0,364.0,0.0,195.0,0.16115702479338842,1452.0,0.17144125868913787,10.917355371900827,0.0,16.0,0.9107142857142857,56.0,0.0,1.0,14.0,0.0,0.002378792436535033,1.5411372601060764,0.03433011971946208,4.347496978305379
herringbone|thick|0,herringbone,thick,8,0,thin_dropout,0.0,1.0,0.0,15852.0,0.0,58628.0,0.0,364.0,0.0,195.0,0.0,1452.0,0.0,10.917355371900827,0.0,16.0,0.0,56.0,0.0,1.0,0.0,0.0,0.0,1.5411372601060764,0.0,4.347496978305379
herringbone|thick|0,herringbone,thick,8,0,thin_dropout,0.1,0.9066078079735136,0.17083017915720414,15852.0,0.015470423688340042,58628.0,0.0027472527472527475,364.0,0.010256410256410256,195.0,0.0027548209366391185,1452.0,0.17310811822545363,10.917355371900827,0.0,16.0,0.0,56.0,0.0,1.0,0.0,0.0,0.025295526767413996,1.5411372601060764,0.08345750084446339,4.347496978305379
herringbone|thick|0,herringbone,thick,8,0,thin_dropout,0.2,0.8629630957931356,0.24104213979308606,15852.0,0.028484683086579792,58628.0,0.005494505494505495,364.0,0.020512820512820513,195.0,0.0006887052341597796,1452.0,0.24156447830664898,10.917355371900827,0.0,16.0,0.0,56.0,0.0,1.0,0.0,0.0,0.034312127107900915,1.5411372601060764,0.15058830012245955,4.347496978305379
herringbone|thick|0,herringbone,thick,8,0,thin_dropout,0.3,0.794066184861164,0.34153419126924045,15852.0,0.030974960769598145,58628.0,0.005494505494505495,364.0,0.020512820512820513,195.0,0.006198347107438017,1452.0,0.33742733591333146,10.917355371900827,0.0,16.0,0.0,56.0,0.0,1.0,0.0,0.0,0.055672517240403264,1.5411372601060764,0.21061204372381792,4.347496978305379
herringbone|thick|0,herringbone,thick,8,0,thin_dropout,0.4,0.7408554748004289,0.4116199848599546,15852.0,0.043886879989083714,58628.0,0.008241758241758242,364.0,0.03076923076923077,195.0,0.006198347107438017,1452.0,0.4152445024070185,10.917355371900827,0.0,16.0,0.0,56.0,0.0,1.0,0.0,0.0,0.06863188566718934,1.5411372601060764,0.32490038803468635,4.347496978305379
herringbone|thick|0,herringbone,thick,8,0,thin_dropout,0.5,0.6332126228660114,0.5367146101438305,15852.0,0.04750289963839804,58628.0,0.008241758241758242,364.0,0.03076923076923077,195.0,0.002066115702479339,1452.0,0.5376698377517813,10.917355371900827,0.0,16.0,0.0,56.0,0.0,1.0,0.0,0.0,0.09996187051200314,1.5411372601060764,0.5224676554890211,4.347496978305379
herringbone|thick|0,herringbone,thick,8,0,speckle,0.0,1.0,0.0,15852.0,0.0,58628.0,0.0,364.0,0.0,195.0,0.0,1452.0,0.0,10.917355371900827,0.0,16.0,0.0,56.0,0.0,1.0,0.0,0.0,0.0,1.5411372601060764,0.0,4.347496978305379
herringbone|thick|0,herringbone,thick,8,0,speckle,0.0002,0.999180586196029,0.0016401715871814282,15852.0,0.8655250051170089,58628.0,0.03571428571428571,364.0,0.882051282051282,195.0,0.01790633608815427,1452.0,0.015980020876463268,10.917355371900827,0.0,16.0,0.0,56.0,26.0,1.0,0.0,0.0,0.06411065033837923,1.5411372601060764,0.0027001984079464535,4.347496978305379
herringbone|thick|0,herringbone,thick,8,0,speckle,0.0005,0.9979225684608121,0.004163512490537472,15852.0,1.2333526642559869,58628.0,0.03021978021978022,364.0,0.9538461538461539,195.0,0.045454545454545456,1452.0,0.03949577066122506,10.917355371900827,0.0,16.0,0.0,56.0,66.0,1.0,0.0,0.0,0.0857410440578411,1.5411372601060764,0.0066227164530657835,4.347496978305379
herringbone|thick|0,herringbone,thick,8,0,speckle,0.001,0.9958537504711648,0.008327024981074944,15852.0,1.3688340042300606,58628.0,0.054945054945054944,364.0,0.9641025641025641,195.0,0.08884297520661157,1452.0,0.0739463375885385,10.917355371900827,0.125,16.0,0.0,56.0,128.0,1.0,0.0,0.0,0.09136575456109716,1.5411372601060764,0.012980805761625922,4.347496978305379
herringbone|thick|0,herringbone,thick,8,0,speckle,0.002,0.9917727656645916,0.016590966439565986,15852.0,1.3871870096199768,58628.0,0.054945054945054944,364.0,0.9538461538461539,195.0,0.18732782369146006,1452.0,0.1437992556437067,10.917355371900827,0.25,16.0,0.26785714285714285,56.0,256.0,1.0,1.0,0.0,0.08689590374597177,1.5411372601060764,0.02546471167659606,4.347496978305379
herringbone|thick|0,herringbone,thick,8,0,speckle,0.005,0.9796675112786601,0.04150895786020691,15852.0,1.4801289486252303,58628.0,0.054945054945054944,364.0,0.9692307692307692,195.0,0.45798898071625344,1452.0,0.2856537520958808,10.917355371900827,1.9375,16.0,0.2857142857142857,56.0,629.0,1.0,0.0,0.0,0.049517770262827436,1.5411372601060764,0.06194017170770952,4.347496978305379
herringbone|thick|0,herringbone,thick,8,0,blob,0.0,1.0,0.0,15852.0,0.0,58628.0,0.0,364.0,0.0,195.0,0.0,1452.0,0.0,10.917355371900827,0.0,16.0,0.0,56.0,0.0,1.0,0.0,0.0,0.0,1.5411372601060764,0.0,4.347496978305379
herringbone|thick|0,herringbone,thick,8,0,blob,0.1,0.9929842144825858,0.014130709058793843,15852.0,0.44623729276113805,58628.0,0.0,364.0,0.7435897435897436,195.0,0.015151515151515152,1452.0,0.0010055701808896434,10.917355371900827,0.375,16.0,0.25,56.0,2.0,1.0,1.0,0.0,0.012618584589458522,1.5411372601060764,0.009219772855370133,4.347496978305379
herringbone|thick|0,herringbone,thick,8,0,blob,0.25,0.964086969743044,0.07450164017158718,15852.0,0.6805280753223716,58628.0,0.054945054945054944,364.0,0.9384615384615385,195.0,0.014462809917355372,1452.0,0.05918287951740963,10.917355371900827,0.3125,16.0,0.05357142857142857,56.0,9.0,1.0,0.0,0.0,0.02436278431475963,1.5411372601060764,0.07843534796207771,4.347496978305379
herringbone|thick|0,herringbone,thick,8,0,blob,0.5,0.9432906872954477,0.12023719404491547,15852.0,0.666456300743672,58628.0,0.0027472527472527475,364.0,0.6615384615384615,195.0,0.03787878787878788,1452.0,0.07935262491918858,10.917355371900827,0.875,16.0,0.16071428571428573,56.0,16.0,1.0,0.0,0.0,0.021186655196622106,1.5411372601060764,0.1247862770683946,4.347496978305379
herringbone|thick|0,herringbone,thick,8,0,blob,0.75,0.9237762237762238,0.16502649507948525,15852.0,1.0362625366718974,58628.0,0.054945054945054944,364.0,0.958974358974359,195.0,0.05853994490358127,1452.0,0.1005975737510816,10.917355371900827,0.625,16.0,0.21428571428571427,56.0,21.0,1.0,0.0,0.0,0.049728483364345634,1.5411372601060764,0.1785711230564826,4.347496978305379
herringbone|thick|0,herringbone,thick,8,0,blob,1.0,0.9187701046164546,0.17682311380267474,15852.0,1.0209285665552297,58628.0,0.054945054945054944,364.0,0.8923076923076924,195.0,0.08195592286501377,1452.0,0.08768119748025688,10.917355371900827,1.625,16.0,0.35714285714285715,56.0,31.0,1.0,1.0,0.0,0.040230394672724594,1.5411372601060764,0.16569446609451693,4.347496978305379
herringbone|thick|1,herringbone,thick,8,1,boundary_erode,0.0,1.0,0.0,15122.0,0.0,59308.0,0.0,373.0,0.0,198.0,0.0,1399.0,0.0,10.809149392423159,0.0,16.0,0.0,56.0,0.0,1.0,0.0,0.0,0.0,1.5397288783338612,0.0,4.612397870282665
herringbone|thick|1,herringbone,thick,8,1,boundary_erode,-1.0,0.9052341996669804,0.17312524798307102,15122.0,0.01605179739664126,59308.0,0.005361930294906166,373.0,0.010101010101010102,198.0,0.0007147962830593281,1399.0,0.17371587280594028,10.809149392423159,0.0,16.0,0.0,56.0,0.0,1.0,0.0,0.0,0.02294274948111905,1.5397288783338612,0.08508685863655885,4.612397870282665
herringbone|thick|1,herringbone,thick,8,1,boundary_erode,-2.0,0.7909170864315983,0.3458537230525063,15122.0,0.031766372158899304,59308.0,0.010723860589812333,373.0,0.020202020202020204,198.0,0.007862759113652609,1399.0,0.34066956667900306,10.809149392423159,0.0,16.0,0.0,56.0,0.0,1.0,0.0,0.0,0.05939668178707965,1.5397288783338612,0.21630110794809534,4.612397870282665
herringbone|thick|1,herringbone,thick,8,1,boundary_erode,-3.0,0.6516272848863129,0.5167305911916413,15122.0,0.04813853105820463,59308.0,0.0160857908847185,373.0,0.030303030303030304,198.0,0.0007147962830593281,1399.0,0.5163849049192462,10.809149392423159,0.0,16.0,0.0,56.0,0.0,1.0,0.0,0.0,0.110083837460477,1.5397288783338612,0.46265544784343965,4.612397870282665
herringbone|thick|1,herringbone,thick,8,1,boundary_erode,-4.0,0.47698660489475275,0.6868139135035048,15122.0,0.06383624468874351,59308.0,0.021447721179624665,373.0,0.04040404040404041,198.0,0.0014295925661186562,1399.0,0.6863655440167524,10.809149392423159,0.0,16.0,0.0,56.0,0.0,1.0,0.0,0.0,0.16309080648967178,1.5397288783338612,1.1382858890542176,4.612397870282665
herringbone|thick|1,herringbone,thick,8,1,boundary_erode,-5.0,0.31725365826517554,0.8114667372040736,15122.0,0.7485499426721521,59308.0,0.05093833780160858,373.0,0.6262626262626263,198.0,0.7333809864188706,1399.0,0.2928739017386028,10.809149392423159,0.25,16.0,1.0,56.0,12.0,1.0,0.0,0.0,0.1938456325338195,1.5397288783338612,2.6407138535689927,4.612397870282665
herringbone|thick|1,herringbone,thick,8,1,boundary_dilate,0.0,1.0,0.0,15122.0,0.0,59308.0,0.0,373.0,0.0,198.0,0.0,1399.0,0.0,10.809149392423159,0.0,16.0,0.0,56.0,0.0,1.0,0.0,0.0,0.0,1.5397288783338612,0.0,4.612397870282665
herringbone|thick|1,herringbone,thick,8,1,boundary_dilate,1.0,0.9206416851846215,0.1723978309747388,15122.0,0.014770351385985028,59308.0,0.002680965147453083,373.0,0.010101010101010102,198.0,0.008577555396711936,1399.0,0.18254114313890385,10.809149392423159,0.0,16.0,0.0,56.0,0.0,1.0,0.0,0.0,0.025919160476874044,1.5397288783338612,0.0637985045394229,4.612397870282665
herringbone|thick|1,herringbone,thick,8,1,boundary_dilate,2.0,0.8536509638996302,0.34287792620023805,15122.0,0.029557563903689216,59308.0,0.005361930294906166,373.0,0.020202020202020204,198.0,0.0014295925661186562,1399.0,0.3448004429163444,10.809149392423159,0.125,16.0,0.125,56.0,0.0,1.0,2.0,0.0,0.04827800161681759,1.5397288783338612,0.11677688991872032,4.612397870282665
herringbone|thick|1,herringbone,thick,8,1,boundary_dilate,3.0,0.7963767543513179,0.5113741568575585,15122.0,0.044395359816550885,59308.0,0.00804289544235925,373.0,0.030303030303030304,198.0,0.0014295925661186562,1399.0,0.5135378993870612,10.809149392423159,0.125,16.0,0.08928571428571429,56.0,0.0,1.0,2.0,0.0,0.0639548679003273,1.5397288783338612,0.16255760051373502,4.612397870282665
herringbone|thick|1,herringbone,thick,8,1,boundary_dilate,4.0,0.7470052115493863,0.6773574923951858,15122.0,0.05925001686113172,59308.0,0.010723860589812333,373.0,0.04040404040404041,198.0,0.0007147962830593281,1399.0,0.6785573189276574,10.809149392423159,0.1875,16.0,0.21428571428571427,56.0,0.0,1.0,4.0,0.0,0.07846720469442775,1.5397288783338612,0.20329682447939032,4.612397870282665
herringbone|thick|1,herringbone,thick,8,1,boundary_dilate,5.0,0.7042496216090348,0.8399021293479698,15122.0,0.07415525730087004,59308.0,0.013404825737265416,373.0,0.050505050505050504,198.0,0.012866333095067906,1399.0,0.8638834749875524,10.809149392423159,0.1875,16.0,0.05357142857142857,56.0,0.0,1.0,2.0,0.0,0.09610755289396883,1.5397288783338612,0.24043035472895613,4.612397870282665
herringbone|thick|1,herringbone,thick,8,1,junction_break,0.0,1.0,0.0,15122.0,0.0,59308.0,0.0,373.0,0.0,198.0,0.0,1399.0,0.0,10.809149392423159,0.0,16.0,0.0,56.0,0.0,1.0,0.0,0.0,0.0,1.5397288783338612,0.0,4.612397870282665
herringbone|thick|1,herringbone,thick,8,1,junction_break,0.1,0.9947817994482667,0.010382224573469118,15122.0,0.0,59308.0,0.0,373.0,0.0,198.0,0.057898498927805575,1399.0,0.0645437379582995,10.809149392423159,0.0,16.0,0.35714285714285715,56.0,0.0,1.0,5.0,0.0,0.0005287507958294424,1.5397288783338612,0.008605779176566897,4.612397870282665
herringbone|thick|1,herringbone,thick,8,1,junction_break,0.2,0.9913959847929034,0.017061235286337784,15122.0,0.0,59308.0,0.0,373.0,0.0,198.0,0.09292351679771266,1399.0,0.1006335305203313,10.809149392423159,0.0,16.0,0.625,56.0,0.0,1.0,8.0,0.0,0.0009106512546396313,1.5397288783338612,0.01423034200695355,4.612397870282665
herringbone|thick|1,herringbone,thick,8,1,junction_break,0.4,0.9862572903398806,0.027112815765110435,15122.0,0.0,59308.0,0.0,373.0,0.0,198.0,0.139385275196569,1399.0,0.14612975486536342,10.809149392423159,0.0,16.0,0.8571428571428571,56.0,0.0,1.0,12.0,0.0,0.0015512718421964045,1.5397288783338612,0.023434237904898653,4.612397870282665
herringbone|thick|1,herringbone,thick,8,1,junction_break,0.6,0.9828137086738641,0.033791826477979105,15122.0,0.0,59308.0,0.0,373.0,0.0,198.0,0.15368120085775555,1399.0,0.16249985454937588,10.809149392423159,0.0,16.0,0.8571428571428571,56.0,0.0,1.0,13.0,0.0,0.0019879672494875263,1.5397288783338612,0.029211337894678332,4.612397870282665
herringbone|thick|1,herringbone,thick,8,1,junction_break,0.8,0.9798630552838399,0.039478904906758365,15122.0,0.0,59308.0,0.0,373.0,0.0,198.0,0.16940671908506075,1399.0,0.17862529826684276,10.809149392423159,0.0,16.0,0.8035714285714286,56.0,0.0,1.0,14.0,0.0,0.0024726767263297833,1.5397288783338612,0.03410485855281989,4.612397870282665
herringbone|thick|1,herringbone,thick,8,1,thin_dropout,0.0,1.0,0.0,15122.0,0.0,59308.0,0.0,373.0,0.0,198.0,0.0,1399.0,0.0,10.809149392423159,0.0,16.0,0.0,56.0,0.0,1.0,0.0,0.0,0.0,1.5397288783338612,0.0,4.612397870282665
herringbone|thick|1,herringbone,thick,8,1,thin_dropout,0.1,0.9057491226165925,0.1722655733368602,15122.0,0.014618601200512579,59308.0,0.002680965147453083,373.0,0.010101010101010102,198.0,0.0035739814152966403,1399.0,0.17521334551158638,10.809149392423159,0.0,16.0,0.0,56.0,0.0,1.0,0.0,0.0,0.02294274948111905,1.5397288783338612,0.08511595299381995,4.612397870282665
herringbone|thick|1,herringbone,thick,8,1,thin_dropout,0.2,0.8667565947242206,0.23515408014812855,15122.0,0.026320226613610307,59308.0,0.005361930294906166,373.0,0.020202020202020204,198.0,0.0007147962830593281,1399.0,0.23570039866230846,10.809149392423159,0.0,16.0,0.0,56.0,0.0,1.0,0.0,0.0,0.03579087495423,1.5397288783338612,0.14707880573114138,4.612397870282665
herringbone|thick|1,herringbone,thick,8,1,thin_dropout,0.3,0.7919795494487938,0.3443988890358418,15122.0,0.030029675591825723,59308.0,0.005361930294906166,373.0,0.020202020202020204,198.0,0.005718370264474625,1399.0,0.3406283578440996,10.809149392423159,0.0,16.0,0.0,56.0,0.0,1.0,0.0,0.0,0.059253478029685405,1.5397288783338612,0.21640945554143604,4.612397870282665
herringbone|thick|1,herringbone,thick,8,1,thin_dropout,0.4,0.744384937933325,0.4071551382092316,15122.0,0.04095568894584205,59308.0,0.00804289544235925,373.0,0.030303030303030304,198.0,0.006433166547533953,1399.0,0.41094462951329186,10.809149392423159,0.0,16.0,0.0,56.0,0.0,1.0,0.0,0.0,0.07765135880013024,1.5397288783338612,0.32242838720592965,4.612397870282665
herringbone|thick|1,herringbone,thick,8,1,thin_dropout,0.5,0.6394349723334383,0.5300224837984394,15122.0,0.045187833007351456,59308.0,0.00804289544235925,373.0,0.030303030303030304,198.0,0.002144388849177984,1399.0,0.5310281418216951,10.809149392423159,0.0,16.0,0.0,56.0,0.0,1.0,0.0,0.0,0.11458165596564947,1.5397288783338612,0.5041114708319652,4.612397870282665
herringbone|thick|1,herringbone,thick,8,1,speckle,0.0,1.0,0.0,15122.0,0.0,59308.0,0.0,373.0,0.0,198.0,0.0,1399.0,0.0,10.809149392423159,0.0,16.0,0.0,56.0,0.0,1.0,0.0,0.0,0.0,1.5397288783338612,0.0,4.612397870282665
herringbone|thick|1,herringbone,thick,8,1,speckle,0.0002,0.9991410637594978,0.0017193492924216373,15122.0,0.8458723949551494,59308.0,0.005361930294906166,373.0,0.8080808080808081,198.0,0.017869907076483203,1399.0,0.015867015688133507,10.809149392423159,0.0,16.0,0.0,56.0,25.0,1.0,0.0,0.0,0.07280920479030734,1.5397288783338612,0.0027533308099176213,4.612397870282665
herringbone|thick|1,herringbone,thick,8,1,speckle,0.0005,0.9978225008248103,0.004364502049993387,15122.0,1.1752714642206785,59308.0,0.00804289544235925,373.0,0.9191919191919192,198.0,0.04646175839885633,1399.0,0.040228184174903855,10.809149392423159,0.0,16.0,0.0,56.0,65.0,1.0,0.0,0.0,0.0922843404354673,1.5397288783338612,0.0068653139079891835,4.612397870282665
herringbone|thick|1,herringbone,thick,8,1,speckle,0.001,0.9956544640505662,0.008729004099986774,15122.0,1.3281850677817495,59308.0,0.029490616621983913,373.0,0.9393939393939394,198.0,0.09292351679771266,1399.0,0.07703605184049608,10.809149392423159,0.0625,16.0,0.05357142857142857,56.0,126.0,1.0,0.0,0.0,0.09927922186457998,1.5397288783338612,0.01332505871676871,4.612397870282665
herringbone|thick|1,herringbone,thick,8,1,speckle,0.002,0.9913140384804484,0.017524137018912842,15122.0,1.3885816415997843,59308.0,0.02680965147453083,373.0,0.9393939393939394,198.0,0.19656897784131522,1399.0,0.1496318592058188,10.809149392423159,0.25,16.0,0.07142857142857142,56.0,258.0,1.0,0.0,0.0,0.09452833569652977,1.5397288783338612,0.027043611544038334,4.612397870282665
herringbone|thick|1,herringbone,thick,8,1,speckle,0.005,0.9785802109622727,0.04377727813781246,15122.0,1.448033992041546,59308.0,0.029490616621983913,373.0,0.9393939393939394,198.0,0.47033595425303787,1399.0,0.29010966839338853,10.809149392423159,2.3125,16.0,0.17857142857142858,56.0,627.0,1.0,0.0,0.0,0.0575023627502532,1.5397288783338612,0.06553287245136633,4.612397870282665
herringbone|thick|1,herringbone,thick,8,1,blob,0.0,1.0,0.0,15122.0,0.0,59308.0,0.0,373.0,0.0,198.0,0.0,1399.0,0.0,10.809149392423159,0.0,16.0,0.0,56.0,0.0,1.0,0.0,0.0,0.0,1.5397288783338612,0.0,4.612397870282665
herringbone|thick|1,herringbone,thick,8,1,blob,0.1,0.9927457738388314,0.014614468985583917,15122.0,0.2852734875564848,59308.0,0.0,373.0,0.3888888888888889,198.0,0.0014295925661186562,1399.0,0.01316605432607569,10.809149392423159,0.0,16.0,0.0,56.0,2.0,1.0,0.0,0.0,0.021267834621790906,1.5397288783338612,0.015480920976728057,4.612397870282665
herringbone|thick|1,herringbone,thick,8,1,blob,0.25,0.9682417723139967,0.0655997883877794,15122.0,0.6020772914278006,59308.0,0.0,373.0,0.9141414141414141,198.0,0.023588277340957826,1399.0,0.04104336868331242,10.809149392423159,0.4375,16.0,0.17857142857142858,56.0,8.0,1.0,1.0,0.0,0.04172435733602766,1.5397288783338612,0.06975987137437215,4.612397870282665
herringbone|thick|1,herringbone,thick,8,1,blob,0.5,0.9443282230617916,0.11790768416876074,15122.0,0.708943144263843,59308.0,0.029490616621983913,373.0,0.7828282828282829,198.0,0.036454610436025735,1399.0,0.07858817251868723,10.809149392423159,0.375,16.0,0.0,56.0,16.0,1.0,0.0,0.0,0.04486215723224605,1.5397288783338612,0.13573066628365124,4.612397870282665
herringbone|thick|1,herringbone,thick,8,1,blob,0.75,0.9185725132877752,0.17729136357624653,15122.0,0.9468874350846429,59308.0,0.029490616621983913,373.0,0.7121212121212122,198.0,0.08577555396711938,1399.0,0.08428612089741207,10.809149392423159,1.125,16.0,0.6071428571428571,56.0,20.0,1.0,4.0,0.0,0.039095551633416076,1.5397288783338612,0.1610558210341561,4.612397870282665
herringbone|thick|1,herringbone,thick,8,1,blob,1.0,0.9020789214662809,0.21710091257770137,15122.0,1.0015849463816011,59308.0,0.0,373.0,0.9393939393939394,198.0,0.0943531093638313,1399.0,0.11216471371404592,10.809149392423159,1.8125,16.0,0.4107142857142857,56.0,32.0,1.0,4.0,0.0,0.04928397659076397,1.5397288783338612,0.2203258823769832,4.612397870282665
herringbone|thick|2,herringbone,thick,8,2,boundary_erode,0.0,1.0,0.0,15213.0,0.0,55289.0,0.0,364.0,0.0,197.0,0.0,1407.0,0.0,10.812366737739872,0.0,17.0,0.0,60.0,0.0,1.0,0.0,0.0,0.0,1.5462758110260277,0.0,4.565003087276372
herringbone|thick|2,herringbone,thick,8,2,boundary_erode,-1.0,0.9059331175836031,0.17195819365016762,15213.0,0.01653131726021451,55289.0,0.005494505494505495,364.0,0.01015228426395939,197.0,0.0007107320540156361,1407.0,0.17254629152399556,10.812366737739872,0.0,17.0,0.03333333333333333,60.0,0.0,1.0,0.0,0.0,0.029288745163629393,1.5462758110260277,0.08757543417405447,4.565003087276372
herringbone|thick|2,herringbone,thick,8,2,boundary_erode,-2.0,0.7926190476190477,0.34352198777361465,15213.0,0.03241151042702888,55289.0,0.01098901098901099,364.0,0.02030456852791878,197.0,0.014214641080312722,1407.0,0.33405583042355863,10.812366737739872,0.058823529411764705,17.0,0.06666666666666667,60.0,0.0,1.0,0.0,0.0,0.06414898662273467,1.5462758110260277,0.22154709471021877,4.565003087276372
herringbone|thick|2,herringbone,thick,8,2,boundary_erode,-3.0,0.6549071618037136,0.5131137842634589,15213.0,0.049033261589104524,55289.0,0.016483516483516484,364.0,0.030456852791878174,197.0,0.007107320540156361,1407.0,0.5096285572359961,10.812366737739872,0.058823529411764705,17.0,0.06666666666666667,60.0,0.0,1.0,0.0,0.0,0.10761062042883099,1.5462758110260277,0.47036963430172735,4.565003087276372
herringbone|thick|2,herringbone,thick,8,2,boundary_erode,-4.0,0.4824937655860349,0.6820482482087689,15213.0,0.06614335582123027,55289.0,0.02197802197802198,364.0,0.04060913705583756,197.0,0.008528784648187633,1407.0,0.6793131793761561,10.812366737739872,0.058823529411764705,17.0,0.06666666666666667,60.0,0.0,1.0,0.0,0.0,0.15993655078923683,1.5462758110260277,1.1421627860010086,4.565003087276372
herringbone|thick|2,herringbone,thick,8,2,boundary_erode,-5.0,0.32197220383851755,0.8081246302504437,15213.0,0.7189133462352366,55289.0,0.027472527472527472,364.0,0.6395939086294417,197.0,0.7270788912579957,1407.0,0.29695665302701635,10.812366737739872,0.35294117647058826,17.0,0.95,60.0,15.0,1.0,0.0,0.0,0.19286051659081244,1.5462758110260277,2.655080426820289,4.565003087276372
herringbone|thick|2,herringbone,thick,8,2,boundary_dilate,0.0,1.0,0.0,15213.0,0.0,55289.0,0.0,364.0,0.0,197.0,0.0,1407.0,0.0,10.812366737739872,0.0,17.0,0.0,60.0,0.0,1.0,0.0,0.0,0.0,1.5462758110260277,0.0,4.565003087276372
herringbone|thick|2,herringbone,thick,8,2,boundary_dilate,1.0,0.9211346916532954,0.17123512785117992,15213.0,0.015319502975275371,55289.0,0.0027472527472527475,364.0,0.01015228426395939,197.0,0.014925373134328358,1407.0,0.18898111463680387,10.812366737739872,0.058823529411764705,17.0,0.05,60.0,0.0,1.0,0.0,0.0,0.018768139418972263,1.5462758110260277,0.06609490792787823,4.565003087276372
herringbone|thick|2,herringbone,thick,8,2,boundary_dilate,2.0,0.8544709054145135,0.34062972457766383,15213.0,0.030639005950550743,55289.0,0.005494505494505495,364.0,0.02030456852791878,197.0,0.013503909026297086,1407.0,0.3589812842080498,10.812366737739872,0.058823529411764705,17.0,0.06666666666666667,60.0,0.0,1.0,0.0,0.0,0.04195950492277119,1.5462758110260277,0.12119898602808676,4.565003087276372
herringbone|thick|2,herringbone,thick,8,2,boundary_dilate,3.0,0.7974106300450781,0.5081180569249983,15213.0,0.04601276926694279,55289.0,0.008241758241758242,364.0,0.030456852791878174,197.0,0.019189765458422176,1407.0,0.5376247145604875,10.812366737739872,0.058823529411764705,17.0,0.03333333333333333,60.0,0.0,1.0,0.0,0.0,0.06253756158855275,1.5462758110260277,0.16909685855105405,4.565003087276372
herringbone|thick|2,herringbone,thick,8,2,boundary_dilate,4.0,0.7478983334152697,0.6741602576743575,15213.0,0.06142270614407929,55289.0,0.01098901098901099,364.0,0.04060913705583756,197.0,0.022743425728500355,1407.0,0.7131225327620517,10.812366737739872,0.058823529411764705,17.0,0.03333333333333333,60.0,0.0,1.0,0.0,0.0,0.07786435305998615,1.5462758110260277,0.21171668786537598,4.565003087276372
herringbone|thick|2,herringbone,thick,8,2,boundary_dilate,5.0,0.7045501910385551,0.8386905935712877,15213.0,0.07692307692307693,55289.0,0.013736263736263736,364.0,0.050761421319796954,197.0,0.026297085998578537,1407.0,0.8883486606969355,10.812366737739872,0.058823529411764705,17.0,0.016666666666666666,60.0,0.0,1.0,0.0,0.0,0.09550463964300043,1.5462758110260277,0.25020983282337406,4.565003087276372
herringbone|thick|2,herringbone,thick,8,2,junction_break,0.0,1.0,0.0,15213.0,0.0,55289.0,0.0,364.0,0.0,197.0,0.0,1407.0,0.0,10.812366737739872,0.0,17.0,0.0,60.0,0.0,1.0,0.0,0.0,0.0,1.5462758110260277,0.0,4.565003087276372
herringbone|thick|2,herringbone,thick,8,2,junction_break,0.1,0.9950123864574731,0.009925721422467627,15213.0,0.0,55289.0,0.0,364.0,0.0,197.0,0.053304904051172705,1407.0,0.06003069503469085,10.812366737739872,0.11764705882352941,17.0,0.5,60.0,0.0,1.0,4.0,0.0,0.000531573861497642,1.5462758110260277,0.00841047727027571,4.565003087276372
herringbone|thick|2,herringbone,thick,8,2,junction_break,0.2,0.9897400139456121,0.02031157562610925,15213.0,0.0,55289.0,0.0,364.0,0.0,197.0,0.10163468372423597,1407.0,0.11069573348770045,10.812366737739872,0.0,17.0,0.7666666666666667,60.0,0.0,1.0,9.0,0.0,0.00115438267057269,1.5462758110260277,0.018355375334208973,4.565003087276372
herringbone|thick|2,herringbone,thick,8,2,junction_break,0.4,0.9838693517683599,0.03174916190100572,15213.0,0.0,55289.0,0.0,364.0,0.0,197.0,0.14854299928926795,1407.0,0.15697467252148198,10.812366737739872,0.0,17.0,1.1,60.0,0.0,1.0,13.0,0.0,0.0018779850818611687,1.5462758110260277,0.028903136387831374,4.565003087276372
herringbone|thick|2,herringbone,thick,8,2,junction_break,0.6,0.981283691030234,0.03674488923946625,15213.0,0.0,55289.0,0.0,364.0,0.0,197.0,0.16417910447761194,1407.0,0.17258855870569534,10.812366737739872,0.0,17.0,1.1333333333333333,60.0,0.0,1.0,14.0,0.0,0.002220705324548665,1.5462758110260277,0.03314772007703575,4.565003087276372
herringbone|thick|2,herringbone,thick,8,2,junction_break,0.8,0.9784105026357318,0.042266482613554195,15213.0,0.0,55289.0,0.0,364.0,0.0,197.0,0.1712864250177683,1407.0,0.18232338655174196,10.812366737739872,0.0,17.0,1.2166666666666666,60.0,0.0,1.0,14.0,0.0,0.0027977714813202013,1.5462758110260277,0.03763438120429021,4.565003087276372
herringbone|thick|2,herringbone,thick,8,2,thin_dropout,0.0,1.0,0.0,15213.0,0.0,55289.0,0.0,364.0,0.0,197.0,0.0,1407.0,0.0,10.812366737739872,0.0,17.0,0.0,60.0,0.0,1.0,0.0,0.0,0.0,1.5462758110260277,0.0,4.565003087276372
herringbone|thick|2,herringbone,thick,8,2,thin_dropout,0.1,0.9064443086654925,0.17110366134227306,15213.0,0.015265242634158693,55289.0,0.0027472527472527475,364.0,0.01015228426395939,197.0,0.0035536602700781805,1407.0,0.17403884667746333,10.812366737739872,0.0,17.0,0.03333333333333333,60.0,0.0,1.0,0.0,0.0,0.029288745163629393,1.5462758110260277,0.08760435808732153,4.565003087276372
herringbone|thick|2,herringbone,thick,8,2,thin_dropout,0.2,0.8655480984340045,0.23703411555906134,15213.0,0.02609922407712203,55289.0,0.005494505494505495,364.0,0.02030456852791878,197.0,0.0007107320540156361,1407.0,0.2375759947383517,10.812366737739872,0.0,17.0,0.0,60.0,0.0,1.0,0.0,0.0,0.04344943842329932,1.5462758110260277,0.15187522729182146,4.565003087276372
herringbone|thick|2,herringbone,thick,8,2,thin_dropout,0.3,0.7936721909444137,0.34207585617563924,15213.0,0.03091030765613413,55289.0,0.005494505494505495,364.0,0.02030456852791878,197.0,0.012082444918265814,1407.0,0.33402930189865065,10.812366737739872,0.058823529411764705,17.0,0.06666666666666667,60.0,0.0,1.0,0.0,0.0,0.06400749871084027,1.5462758110260277,0.22165265609581722,4.565003087276372
herringbone|thick|2,herringbone,thick,8,2,thin_dropout,0.4,0.7438173485818091,0.4078748438835207,15213.0,0.041274032809419596,55289.0,0.008241758241758242,364.0,0.030456852791878174,197.0,0.005685856432125089,1407.0,0.41122254794637003,10.812366737739872,0.0,17.0,0.03333333333333333,60.0,0.0,1.0,0.0,0.0,0.0802168346791138,1.5462758110260277,0.330180443690619,4.565003087276372
herringbone|thick|2,herringbone,thick,8,2,thin_dropout,0.5,0.641757064416767,0.5275093669887596,15213.0,0.046718153701459604,55289.0,0.008241758241758242,364.0,0.030456852791878174,197.0,0.0021321961620469083,1407.0,0.5285146662079324,10.812366737739872,0.0,17.0,0.0,60.0,0.0,1.0,0.0,0.0,0.11211818080185935,1.5462758110260277,0.5149278883489958,4.565003087276372
herringbone|thick|2,herringbone,thick,8,2,speckle,0.0,1.0,0.0,15213.0,0.0,55289.0,0.0,364.0,0.0,197.0,0.0,1407.0,0.0,10.812366737739872,0.0,17.0,0.0,60.0,0.0,1.0,0.0,0.0,0.0,1.5462758110260277,0.0,4.565003087276372
herringbone|thick|2,herringbone,thick,8,2,speckle,0.0002,0.9991461972941021,0.0017090646157891277,15213.0,1.0184304291992983,55289.0,0.054945054945054944,364.0,0.8781725888324873,197.0,0.01847903340440654,1407.0,0.01646569859426698,10.812366737739872,0.11764705882352941,17.0,0.0,60.0,25.0,1.0,0.0,0.0,0.07493163366312643,1.5462758110260277,0.0028424214307114924,4.565003087276372
herringbone|thick|2,herringbone,thick,8,2,speckle,0.0005,0.9978354978354979,0.004338394793926247,15213.0,1.2710665774385501,55289.0,0.054945054945054944,364.0,0.8426395939086294,197.0,0.04619758351101635,1407.0,0.040010787041403297,10.812366737739872,0.0,17.0,0.0,60.0,65.0,1.0,0.0,0.0,0.09826732080982976,1.5462758110260277,0.007052353664458153,4.565003087276372
herringbone|thick|2,herringbone,thick,8,2,speckle,0.001,0.9956803455723542,0.008676789587852495,15213.0,1.4484074589882254,55289.0,0.04395604395604396,364.0,0.9390862944162437,197.0,0.09523809523809523,1407.0,0.07903423559369983,10.812366737739872,0.17647058823529413,17.0,0.016666666666666666,60.0,129.0,1.0,0.0,0.0,0.10852407954427834,1.5462758110260277,0.013875278886750875,4.565003087276372
herringbone|thick|2,herringbone,thick,8,2,speckle,0.002,0.9913978494623656,0.01735357917570499,15213.0,1.5651757130713162,55289.0,0.054945054945054944,364.0,0.9441624365482234,197.0,0.1847903340440654,1407.0,0.14132184409105156,10.812366737739872,0.5294117647058824,17.0,0.06666666666666667,60.0,251.0,1.0,0.0,0.0,0.09776719528613939,1.5462758110260277,0.02683998613150117,4.565003087276372
herringbone|thick|2,herringbone,thick,8,2,speckle,0.005,0.9787370926753949,0.0434496811937159,15213.0,1.6231257573839282,55289.0,0.054945054945054944,364.0,0.949238578680203,197.0,0.47121535181236673,1407.0,0.2907566659712279,10.812366737739872,1.411764705882353,17.0,0.2,60.0,635.0,1.0,0.0,0.0,0.05901431690575291,1.5462758110260277,0.06583936678903465,4.565003087276372
herringbone|thick|2,herringbone,thick,8,2,blob,0.0,1.0,0.0,15213.0,0.0,55289.0,0.0,364.0,0.0,197.0,0.0,1407.0,0.0,10.812366737739872,0.0,17.0,0.0,60.0,0.0,1.0,0.0,0.0,0.0,1.5462758110260277,0.0,4.565003087276372
herringbone|thick|2,herringbone,thick,8,2,blob,0.1,0.9923031765703476,0.015513048051009006,15213.0,0.22510806851272405,55289.0,0.0,364.0,0.4619289340101523,197.0,0.0007107320540156361,1407.0,0.014791802988472835,10.812366737739872,0.0,17.0,0.0,60.0,2.0,1.0,0.0,0.0,0.018892306531101726,1.5462758110260277,0.01081413138404845,4.565003087276372
herringbone|thick|2,herringbone,thick,8,2,blob,0.25,0.9562211257424809,0.09156642345362519,15213.0,0.35334334135180595,55289.0,0.01098901098901099,364.0,0.4619289340101523,197.0,0.006396588486140725,1407.0,0.08462850127065732,10.812366737739872,0.0,17.0,0.0,60.0,9.0,1.0,0.0,0.0,0.015492473615850086,1.5462758110260277,0.10984760258822088,4.565003087276372
herringbone|thick|2,herringbone,thick,8,2,blob,0.5,0.9413693883233811,0.12456451718924604,15213.0,0.7339253739441842,55289.0,0.0,364.0,0.7563451776649747,197.0,0.04904051172707889,1407.0,0.07199341171088704,10.812366737739872,0.7058823529411765,17.0,0.26666666666666666,60.0,13.0,1.0,2.0,0.0,0.037231264702551156,1.5462758110260277,0.13615250052401237,4.565003087276372
herringbone|thick|2,herringbone,thick,8,2,blob,0.75,0.9328550404709345,0.1439558272530073,15213.0,1.2240228616903905,55289.0,0.054945054945054944,364.0,0.817258883248731,197.0,0.06112295664534471,1407.0,0.07806151972202373,10.812366737739872,0.9411764705882353,17.0,0.31666666666666665,60.0,22.0,1.0,1.0,0.0,0.06005348894783017,1.5462758110260277,0.14737468591474362,4.565003087276372
herringbone|thick|2,herringbone,thick,8,2,blob,1.0,0.9179111231785682,0.17886018536777756,15213.0,1.0608258423917958,55289.0,0.03021978021978022,364.0,0.949238578680203,197.0,0.0867093105899076,1407.0,0.08479809078643753,10.812366737739872,1.2941176470588236,17.0,0.23333333333333334,60.0,27.0,1.0,1.0,0.0,0.03562529346280793,1.5462758110260277,0.17087965807280797,4.565003087276372
dichotomous|thin|0,dichotomous,thin,2,0,boundary_erode,0.0,1.0,0.0,2540.0,0.0,13156.0,0.0,174.0,0.0,138.0,0.0,736.0,0.0,3.4510869565217392,0.0,26.0,0.0,119.0,0.0,1.0,0.0,9.0,0.0,1.3995688824275305,0.0,14.92220306856411
dichotomous|thin|0,dichotomous,thin,2,0,boundary_erode,-1.0,0.6244245870565935,0.5460629921259843,2540.0,0.033444816053511704,13156.0,0.011494252873563218,174.0,0.014492753623188406,138.0,0.006793478260869565,736.0,0.5491259948781706,3.4510869565217392,0.19230769230769232,26.0,0.04201680672268908,119.0,0.0,1.0,0.7777777777777778,9.0,0.08604449548908694,1.3995688824275305,0.06103884491832318,14.92220306856411
dichotomous|thin|0,dichotomous,thin,2,0,boundary_erode,-2.0,0.13029076186970923,0.9303149606299213,2540.0,0.14404074186682883,13156.0,0.040229885057471264,174.0,0.07246376811594203,138.0,0.8097826086956522,736.0,0.6336557930258718,3.4510869565217392,0.7692307692307693,26.0,1.0,119.0,29.0,1.0,1.0,9.0,0.39502294592069714,1.3995688824275305,0.8338381179191718,14.92220306856411
dichotomous|thin|0,dichotomous,thin,2,0,boundary_erode,-3.0,0.0023594180102241447,0.9988188976377953,2540.0,0.9470203709334144,13156.0,0.8160919540229885,174.0,0.6521739130434783,138.0,0.9959239130434783,736.0,0.710236220472441,3.4510869565217392,1.0,26.0,1.0,119.0,2.0,1.0,1.0,9.0,0.9017128292621751,1.3995688824275305,7.288973828073154,14.92220306856411
dichotomous|thin|0,dichotomous,thin,2,0,boundary_dilate,0.0,1.0,0.0,2540.0,0.0,13156.0,0.0,174.0,0.0,138.0,0.0,736.0,0.0,3.4510869565217392,0.0,26.0,0.0,119.0,0.0,1.0,0.0,9.0,0.0,1.3995688824275305,0.0,14.92220306856411
dichotomous|thin|0,dichotomous,thin,2,0,boundary_dilate,1.0,0.7894327894327894,0.5334645669291339,2540.0,0.03367284889024019,13156.0,0.005747126436781609,174.0,0.014492753623188406,138.0,0.036684782608695655,736.0,0.5918616660928666,3.4510869565217392,0.5,26.0,0.17647058823529413,119.0,0.0,1.0,1.2222222222222223,9.0,0.045311629536427624,1.3995688824275305,0.0285044396097393,14.92220306856411
dichotomous|thin|0,dichotomous,thin,2,0,boundary_dilate,2.0,0.6675427069645203,0.9960629921259843,2540.0,0.06749771967163272,13156.0,0.011494252873563218,174.0,0.028985507246376812,138.0,0.11141304347826086,736.0,1.2463338871631873,3.4510869565217392,0.7692307692307693,26.0,0.06722689075630252,119.0,0.0,1.0,0.8888888888888888,9.0,0.06955629946726605,1.3995688824275305,0.06341633415326357,14.92220306856411
dichotomous|thin|0,dichotomous,thin,2,0,boundary_dilate,3.0,0.589737636405851,1.3913385826771654,2540.0,0.10147461234417757,13156.0,0.017241379310344827,174.0,0.043478260869565216,138.0,0.3491847826086957,736.0,2.674374106159486,3.4510869565217392,0.7692307692307693,26.0,0.7563025210084033,119.0,0.0,1.0,0.5555555555555556,9.0,0.09805456568980693,1.3995688824275305,0.1031967110403366,14.92220306856411
dichotomous|thin|0,dichotomous,thin,2,0,boundary_dilate,4.0,0.5343431155990322,1.7429133858267716,2540.0,0.13560352690787472,13156.0,0.022988505747126436,174.0,0.057971014492753624,138.0,0.30978260869565216,736.0,2.9739847479694954,3.4510869565217392,0.8846153846153846,26.0,0.6218487394957983,119.0,0.0,1.0,0.3333333333333333,9.0,0.123164942992258,1.3995688824275305,0.1422114101054332,14.92220306856411
dichotomous|thin|0,dichotomous,thin,2,0,boundary_dilate,5.0,0.4911059551430781,2.07244094488189,2540.0,0.16988446336272423,13156.0,0.028735632183908046,174.0,0.07246376811594203,138.0,0.35597826086956524,736.0,3.7707099903651287,3.4510869565217392,0.8846153846153846,26.0,0.8067226890756303,119.0,0.0,1.0,0.5555555555555556,9.0,0.1399097937887151,1.3995688824275305,0.17578412000316132,14.92220306856411
dichotomous|thin|0,dichotomous,thin,2,0,junction_break,0.0,1.0,0.0,2540.0,0.0,13156.0,0.0,174.0,0.0,138.0,0.0,736.0,0.0,3.4510869565217392,0.0,26.0,0.0,119.0,0.0,1.0,0.0,9.0,0.0,1.3995688824275305,0.0,14.92220306856411
dichotomous|thin|0,dichotomous,thin,2,0,junction_break,0.1,0.94824016563147,0.0984251968503937,2540.0,0.0,13156.0,0.0,174.0,0.0,138.0,0.07608695652173914,736.0,0.024177860120426147,3.4510869565217392,1.0,26.0,0.3865546218487395,119.0,14.0,1.0,1.0,9.0,0.009595847636898426,1.3995688824275305,0.007757304682020098,14.92220306856411
dichotomous|thin|0,dichotomous,thin,2,0,junction_break,0.2,0.9115063209770731,0.1625984251968504,2540.0,0.0,13156.0,0.0,174.0,0.0,138.0,0.13043478260869565,736.0,0.03698818897637804,3.4510869565217392,1.4615384615384615,26.0,0.48739495798319327,119.0,28.0,1.0,0.6666666666666666,9.0,0.016404654207805295,1.3995688824275305,0.017200907036523737,14.92220306856411
dichotomous|thin|0,dichotomous,thin,2,0,junction_break,0.4,0.8175046554934823,0.30866141732283464,2540.0,0.0,13156.0,0.0,174.0,0.0,138.0,0.24592391304347827,736.0,0.08319784351280414,3.4510869565217392,2.923076923076923,26.0,0.8403361344537815,119.0,51.0,1.0,1.0,9.0,0.03607788048623824,1.3995688824275305,0.02201977718689647,14.92220306856411
dichotomous|thin|0,dichotomous,thin,2,0,junction_break,0.6,0.8024516737388024,0.3299212598425197,2540.0,0.0,13156.0,0.0,174.0,0.0,138.0,0.28532608695652173,736.0,0.062399329361396395,3.4510869565217392,2.576923076923077,26.0,0.8571428571428571,119.0,49.0,1.0,1.0,9.0,0.04334296333658136,1.3995688824275305,0.0024949554097206945,14.92220306856411
dichotomous|thin|0,dichotomous,thin,2,0,junction_break,0.8,0.7693798449612403,0.37480314960629924,2540.0,0.016114320462146548,13156.0,0.0,174.0,0.007246376811594203,138.0,0.3233695652173913,736.0,0.07601429339404862,3.4510869565217392,2.9615384615384617,26.0,0.907563025210084,119.0,54.0,1.0,1.0,9.0,0.05089145818267669,1.3995688824275305,0.005418394713246955,14.92220306856411
dichotomous|thin|0,dichotomous,thin,2,0,thin_dropout,0.0,1.0,0.0,2540.0,0.0,13156.0,0.0,174.0,0.0,138.0,0.0,736.0,0.0,3.4510869565217392,0.0,26.0,0.0,119.0,0.0,1.0,0.0,9.0,0.0,1.3995688824275305,0.0,14.92220306856411
dichotomous|thin|0,dichotomous,thin,2,0,thin_dropout,0.1,0.6244245870565935,0.5460629921259843,2540.0,0.033444816053511704,13156.0,0.011494252873563218,174.0,0.014492753623188406,138.0,0.006793478260869565,736.0,0.5491259948781706,3.4510869565217392,0.19230769230769232,26.0,0.04201680672268908,119.0,0.0,1.0,0.7777777777777778,9.0,0.08604449548908694,1.3995688824275305,0.06103884491832318,14.92220306856411
dichotomous|thin|0,dichotomous,thin,2,0,thin_dropout,0.2,0.6244245870565935,0.5460629921259843,2540.0,0.033444816053511704,13156.0,0.011494252873563218,174.0,0.014492753623188406,138.0,0.006793478260869565,736.0,0.5491259948781706,3.4510869565217392,0.19230769230769232,26.0,0.04201680672268908,119.0,0.0,1.0,0.7777777777777778,9.0,0.08604449548908694,1.3995688824275305,0.06103884491832318,14.92220306856411
dichotomous|thin|0,dichotomous,thin,2,0,thin_dropout,0.3,0.6244245870565935,0.5460629921259843,2540.0,0.033444816053511704,13156.0,0.011494252873563218,174.0,0.014492753623188406,138.0,0.006793478260869565,736.0,0.5491259948781706,3.4510869565217392,0.19230769230769232,26.0,0.04201680672268908,119.0,0.0,1.0,0.7777777777777778,9.0,0.08604449548908694,1.3995688824275305,0.06103884491832318,14.92220306856411
dichotomous|thin|0,dichotomous,thin,2,0,thin_dropout,0.4,0.6244245870565935,0.5460629921259843,2540.0,0.033444816053511704,13156.0,0.011494252873563218,174.0,0.014492753623188406,138.0,0.006793478260869565,736.0,0.5491259948781706,3.4510869565217392,0.19230769230769232,26.0,0.04201680672268908,119.0,0.0,1.0,0.7777777777777778,9.0,0.08604449548908694,1.3995688824275305,0.06103884491832318,14.92220306856411
dichotomous|thin|0,dichotomous,thin,2,0,thin_dropout,0.5,0.6244245870565935,0.5460629921259843,2540.0,0.033444816053511704,13156.0,0.011494252873563218,174.0,0.014492753623188406,138.0,0.006793478260869565,736.0,0.5491259948781706,3.4510869565217392,0.19230769230769232,26.0,0.04201680672268908,119.0,0.0,1.0,0.7777777777777778,9.0,0.08604449548908694,1.3995688824275305,0.06103884491832318,14.92220306856411
dichotomous|thin|0,dichotomous,thin,2,0,speckle,0.0,1.0,0.0,2540.0,0.0,13156.0,0.0,174.0,0.0,138.0,0.0,736.0,0.0,3.4510869565217392,0.0,26.0,0.0,119.0,0.0,1.0,0.0,9.0,0.0,1.3995688824275305,0.0,14.92220306856411
dichotomous|thin|0,dichotomous,thin,2,0,speckle,0.0002,0.9943237424153455,0.01141732283464567,2540.0,5.82646701124962,13156.0,1.1379310344827587,174.0,1.5072463768115942,138.0,0.03940217391304348,736.0,0.026923987442746142,3.4510869565217392,0.0,26.0,0.0,119.0,29.0,1.0,0.0,9.0,0.2469416135578995,1.3995688824275305,0.020823336244897343,14.92220306856411
dichotomous|thin|0,dichotomous,thin,2,0,speckle,0.0005,0.9860248447204969,0.028346456692913385,2540.0,8.836880510793554,13156.0,1.2011494252873562,174.0,1.7608695652173914,138.0,0.10054347826086957,736.0,0.06560124428890841,3.4510869565217392,0.0,26.0,0.0,119.0,71.0,1.0,0.0,9.0,0.29074711266235376,1.3995688824275305,0.04788887806872022,14.92220306856411
dichotomous|thin|0,dichotomous,thin,2,0,speckle,0.001,0.9722488038277513,0.05708661417322835,2540.0,8.981529340224993,13156.0,1.1896551724137931,174.0,1.7608695652173914,138.0,0.19429347826086957,736.0,0.1148853833543845,3.4510869565217392,0.23076923076923078,26.0,0.0,119.0,140.0,1.0,0.0,9.0,0.2991020224480154,1.3995688824275305,0.0917700237485536,14.92220306856411
dichotomous|thin|0,dichotomous,thin,2,0,speckle,0.002,0.9459962756052142,0.1141732283464567,2540.0,9.965719063545151,13156.0,1.206896551724138,174.0,1.7826086956521738,138.0,0.391304347826087,736.0,0.1991879921259843,3.4510869565217392,0.23076923076923078,26.0,0.0,119.0,285.0,1.0,0.0,9.0,0.2579708415646214,1.3995688824275305,0.17015786823548476,14.92220306856411
dichotomous|thin|0,dichotomous,thin,2,0,speckle,0.005,0.8751076658053403,0.2854330708661417,2540.0,10.018166615992703,13156.0,1.206896551724138,174.0,1.7826086956521738,138.0,0.9836956521739131,736.0,0.35200086290583543,3.4510869565217392,1.5769230769230769,26.0,0.07563025210084033,119.0,693.0,1.0,0.1111111111111111,9.0,0.15444043847509997,1.3995688824275305,0.3490501845183492,14.92220306856411
dichotomous|thin|0,dichotomous,thin,2,0,blob,0.0,1.0,0.0,2540.0,0.0,13156.0,0.0,174.0,0.0,138.0,0.0,736.0,0.0,3.4510869565217392,0.0,26.0,0.0,119.0,0.0,1.0,0.0,9.0,0.0,1.3995688824275305,0.0,14.92220306856411
dichotomous|thin|0,dichotomous,thin,2,0,blob,0.1,0.9676190476190476,0.06692913385826772,2540.0,3.3415171784737003,13156.0,1.206896551724138,174.0,1.0724637681159421,138.0,0.012228260869565218,736.0,0.05404005707340266,3.4510869565217392,0.15384615384615385,26.0,0.0,119.0,4.0,1.0,0.0,9.0,0.08863866900497883,1.3995688824275305,0.07967022543468387,14.92220306856411
dichotomous|thin|0,dichotomous,thin,2,0,blob,0.25,0.8503515232674924,0.35196850393700785,2540.0,5.368425053207662,13156.0,1.0862068965517242,174.0,1.6666666666666667,138.0,0.03260869565217391,736.0,0.30927476170741813,3.4510869565217392,0.19230769230769232,26.0,0.058823529411764705,119.0,9.0,1.0,0.1111111111111111,9.0,0.10874139338292539,1.3995688824275305,0.2687581406731918,14.92220306856411
dichotomous|thin|0,dichotomous,thin,2,0,blob,0.5,0.7660986276579701,0.6106299212598425,2540.0,5.933034356947401,13156.0,0.9137931034482759,174.0,1.4492753623188406,138.0,0.05298913043478261,736.0,0.5295788671577342,3.4510869565217392,0.5384615384615384,26.0,0.008403361344537815,119.0,18.0,1.0,0.0,9.0,0.1680582151729225,1.3995688824275305,0.41817281243301996,14.92220306856411
dichotomous|thin|0,dichotomous,thin,2,0,blob,0.75,0.6318407960199005,1.1653543307086613,2540.0,8.874049863180298,13156.0,1.206896551724138,174.0,1.7826086956521738,138.0,0.06385869565217392,736.0,1.035377761687835,3.4510869565217392,0.46153846153846156,26.0,0.058823529411764705,119.0,29.0,1.0,0.1111111111111111,9.0,0.12695848902376072,1.3995688824275305,0.5062909219786857,14.92220306856411
dichotomous|thin|0,dichotomous,thin,2,0,blob,1.0,0.5488331892826275,1.6440944881889763,2540.0,8.505776831863788,13156.0,1.1839080459770115,174.0,1.6956521739130435,138.0,0.11820652173913043,736.0,1.3645851072990116,3.4510869565217392,0.5384615384615384,26.0,0.15966386554621848,119.0,35.0,1.0,0.3333333333333333,9.0,0.12301122629775564,1.3995688824275305,0.6122569882606725,14.92220306856411
dichotomous|thin|1,dichotomous,thin,2,1,boundary_erode,0.0,1.0,0.0,2707.0,0.0,12279.0,0.0,193.0,0.0,119.0,0.0,802.0,0.0,3.3753117206982544,0.0,26.0,0.0,150.0,0.0,1.0,0.0,17.0,0.0,1.4104141029659039,0.0,15.980662969682866
dichotomous|thin|1,dichotomous,thin,2,1,boundary_erode,-1.0,0.6213394448688566,0.5493165866272627,2707.0,0.035426337649645735,12279.0,0.010362694300518135,193.0,0.01680672268907563,119.0,0.006234413965087282,802.0,0.5521089250000801,3.3753117206982544,0.07692307692307693,26.0,0.07333333333333333,150.0,0.0,1.0,0.6470588235294118,17.0,0.05425517054244421,1.4104141029659039,0.07444554791169956,15.980662969682866
dichotomous|thin|1,dichotomous,thin,2,1,boundary_erode,-2.0,0.12013888888888889,0.9360916143332102,2707.0,0.1921166218747455,12279.0,0.031088082901554404,193.0,0.12605042016806722,119.0,0.8266832917705735,802.0,0.6312624078793855,3.3753117206982544,0.9615384615384616,26.0,0.9933333333333333,150.0,35.0,1.0,1.0,17.0,0.3711066955047777,1.4104141029659039,0.9099228388457834,15.980662969682866
dichotomous|thin|1,dichotomous,thin,2,1,boundary_erode,-3.0,0.003687315634218289,0.9981529368304396,2707.0,0.9973124847300269,12279.0,0.9585492227979274,193.0,0.8571428571428571,119.0,0.9962593516209476,802.0,0.5062184460041866,3.3753117206982544,0.9230769230769231,26.0,1.0,150.0,1.0,1.0,1.0,17.0,0.8739138881693354,1.4104141029659039,14.923313609627085,15.980662969682866
dichotomous|thin|1,dichotomous,thin,2,1,boundary_dilate,0.0,1.0,0.0,2707.0,0.0,12279.0,0.0,193.0,0.0,119.0,0.0,802.0,0.0,3.3753117206982544,0.0,26.0,0.0,150.0,0.0,1.0,0.0,17.0,0.0,1.4104141029659039,0.0,15.980662969682866
dichotomous|thin|1,dichotomous,thin,2,1,boundary_dilate,1.0,0.7914047653851776,0.5271518285925378,2707.0,0.03567065721964329,12279.0,0.0051813471502590676,193.0,0.01680672268907563,119.0,0.06982543640897755,802.0,0.6417905717576613,3.3753117206982544,0.5,26.0,0.006666666666666667,150.0,0.0,1.0,0.0,17.0,0.03038059502342227,1.4104141029659039,0.035334091529901177,15.980662969682866
dichotomous|thin|1,dichotomous,thin,2,1,boundary_dilate,2.0,0.675230730855575,0.9619504987070557,2707.0,0.07150419415261829,12279.0,0.010362694300518135,193.0,0.03361344537815126,119.0,0.20199501246882792,802.0,1.4585692186922792,3.3753117206982544,0.5769230769230769,26.0,0.41333333333333333,150.0,0.0,1.0,0.47058823529411764,17.0,0.0579741021580056,1.4104141029659039,0.07980240171189187,15.980662969682866
dichotomous|thin|1,dichotomous,thin,2,1,boundary_dilate,3.0,0.5991589198760513,1.338012560029553,2707.0,0.10750061079892499,12279.0,0.015544041450777202,193.0,0.05042016806722689,119.0,0.22194513715710723,802.0,2.004945630037983,3.3753117206982544,0.7692307692307693,26.0,0.3,150.0,0.0,1.0,0.058823529411764705,17.0,0.07941760925606912,1.4104141029659039,0.11906105797317153,15.980662969682866
dichotomous|thin|1,dichotomous,thin,2,1,boundary_dilate,4.0,0.5466478190630049,1.6586627262652383,2707.0,0.1436599071585634,12279.0,0.02072538860103627,193.0,0.06722689075630252,119.0,0.3827930174563591,802.0,3.3075707201307494,3.3753117206982544,0.8461538461538461,26.0,0.7666666666666667,150.0,0.0,1.0,0.7058823529411765,17.0,0.10399895891220794,1.4104141029659039,0.15633499030335374,15.980662969682866
dichotomous|thin|1,dichotomous,thin,2,1,boundary_dilate,5.0,0.5082136487374449,1.935352789065386,2707.0,0.1799820832315335,12279.0,0.025906735751295335,193.0,0.08403361344537816,119.0,0.4114713216957606,802.0,3.987612154301779,3.3753117206982544,0.8846153846153846,26.0,0.7266666666666667,150.0,0.0,1.0,0.6470588235294118,17.0,0.12195395662725578,1.4104141029659039,0.1902671054232563,15.980662969682866
dichotomous|thin|1,dichotomous,thin,2,1,junction_break,0.0,1.0,0.0,2707.0,0.0,12279.0,0.0,193.0,0.0,119.0,0.0,802.0,0.0,3.3753117206982544,0.0,26.0,0.0,150.0,0.0,1.0,0.0,17.0,0.0,1.4104141029659039,0.0,15.980662969682866
dichotomous|thin|1,dichotomous,thin,2,1,junction_break,0.1,0.9468974907605524,0.10084964905799779,2707.0,0.025246355566414202,12279.0,0.0,193.0,0.01680672268907563,119.0,0.08977556109725686,802.0,0.012166326773307099,3.3753117206982544,0.7307692307692307,26.0,0.41333333333333333,150.0,10.0,1.0,0.8823529411764706,17.0,0.0063628465520411326,1.4104141029659039,0.018252721931657636,15.980662969682866
dichotomous|thin|1,dichotomous,thin,2,1,junction_break,0.2,0.9189297124600639,0.1499815293683044,2707.0,0.023780438146428863,12279.0,0.0,193.0,0.01680672268907563,119.0,0.14214463840399003,802.0,0.009135445571773485,3.3753117206982544,1.1538461538461537,26.0,0.5533333333333333,150.0,17.0,1.0,0.9411764705882353,17.0,0.0120337607551634,1.4104141029659039,0.012249945904247956,15.980662969682866
dichotomous|thin|1,dichotomous,thin,2,1,junction_break,0.4,0.8314267213468595,0.2885112670853343,2707.0,0.03436761951298966,12279.0,0.0,193.0,0.025210084033613446,119.0,0.27057356608478805,802.0,0.024591514875962648,3.3753117206982544,2.0384615384615383,26.0,0.86,150.0,38.0,1.0,1.0,17.0,0.03627136331362901,1.4104141029659039,0.03154948091022304,15.980662969682866
dichotomous|thin|1,dichotomous,thin,2,1,junction_break,0.6,0.7726139197460893,0.37052087181381604,2707.0,0.025246355566414202,12279.0,0.0,193.0,0.01680672268907563,119.0,0.33665835411471323,802.0,0.051048381944888095,3.3753117206982544,2.9615384615384617,26.0,0.92,150.0,54.0,1.0,1.0,17.0,0.04686828384683118,1.4104141029659039,0.03761619764388538,15.980662969682866
dichotomous|thin|1,dichotomous,thin,2,1,junction_break,0.8,0.7596792668957617,0.3875138529737717,2707.0,0.03436761951298966,12279.0,0.0,193.0,0.025210084033613446,119.0,0.3653366583541147,802.0,0.0349432418172198,3.3753117206982544,2.769230769230769,26.0,0.92,150.0,53.0,1.0,1.0,17.0,0.05333874195626714,1.4104141029659039,0.022372765709074077,15.980662969682866
dichotomous|thin|1,dichotomous,thin,2,1,thin_dropout,0.0,1.0,0.0,2707.0,0.0,12279.0,0.0,193.0,0.0,119.0,0.0,802.0,0.0,3.3753117206982544,0.0,26.0,0.0,150.0,0.0,1.0,0.0,17.0,0.0,1.4104141029659039,0.0,15.980662969682866
dichotomous|thin|1,dichotomous,thin,2,1,thin_dropout,0.1,0.6213394448688566,0.5493165866272627,2707.0,0.035426337649645735,12279.0,0.010362694300518135,193.0,0.01680672268907563,119.0,0.006234413965087282,802.0,0.5521089250000801,3.3753117206982544,0.07692307692307693,26.0,0.07333333333333333,150.0,0.0,1.0,0.6470588235294118,17.0,0.05425517054244421,1.4104141029659039,0.07444554791169956,15.980662969682866
dichotomous|thin|1,dichotomous,thin,2,1,thin_dropout,0.2,0.6213394448688566,0.5493165866272627,2707.0,0.035426337649645735,12279.0,0.010362694300518135,193.0,0.01680672268907563,119.0,0.006234413965087282,802.0,0.5521089250000801,3.3753117206982544,0.07692307692307693,26.0,0.07333333333333333,150.0,0.0,1.0,0.6470588235294118,17.0,0.05425517054244421,1.4104141029659039,0.07444554791169956,15.980662969682866
dichotomous|thin|1,dichotomous,thin,2,1,thin_dropout,0.3,0.6213394448688566,0.5493165866272627,2707.0,0.035426337649645735,12279.0,0.010362694300518135,193.0,0.01680672268907563,119.0,0.006234413965087282,802.0,0.5521089250000801,3.3753117206982544,0.07692307692307693,26.0,0.07333333333333333,150.0,0.0,1.0,0.6470588235294118,17.0,0.05425517054244421,1.4104141029659039,0.07444554791169956,15.980662969682866
dichotomous|thin|1,dichotomous,thin,2,1,thin_dropout,0.4,0.6213394448688566,0.5493165866272627,2707.0,0.035426337649645735,12279.0,0.010362694300518135,193.0,0.01680672268907563,119.0,0.006234413965087282,802.0,0.5521089250000801,3.3753117206982544,0.07692307692307693,26.0,0.07333333333333333,150.0,0.0,1.0,0.6470588235294118,17.0,0.05425517054244421,1.4104141029659039,0.07444554791169956,15.980662969682866
dichotomous|thin|1,dichotomous,thin,2,1,thin_dropout,0.5,0.6213394448688566,0.5493165866272627,2707.0,0.035426337649645735,12279.0,0.010362694300518135,193.0,0.01680672268907563,119.0,0.006234413965087282,802.0,0.5521089250000801,3.3753117206982544,0.07692307692307693,26.0,0.07333333333333333,150.0,0.0,1.0,0.6470588235294118,17.0,0.05425517054244421,1.4104141029659039,0.07444554791169956,15.980662969682866
dichotomous|thin|1,dichotomous,thin,2,1,speckle,0.0,1.0,0.0,2707.0,0.0,12279.0,0.0,193.0,0.0,119.0,0.0,802.0,0.0,3.3753117206982544,0.0,26.0,0.0,150.0,0.0,1.0,0.0,17.0,0.0,1.4104141029659039,0.0,15.980662969682866
dichotomous|thin|1,dichotomous,thin,2,1,speckle,0.0002,0.9946720558515525,0.010712966383450314,2707.0,7.800635230881993,12279.0,0.9067357512953368,193.0,1.9915966386554622,119.0,0.03740648379052369,802.0,0.025731010769799136,3.3753117206982544,0.038461538461538464,26.0,0.02,150.0,28.0,1.0,0.0,17.0,0.24631962492745116,1.4104141029659039,0.0194145172124294,15.980662969682866
dichotomous|thin|1,dichotomous,thin,2,1,speckle,0.0005,0.986875683558148,0.026597709641669746,2707.0,8.668458343513315,12279.0,0.8652849740932642,193.0,2.1260504201680672,119.0,0.08977556109725686,802.0,0.05797326872698035,3.3753117206982544,0.0,26.0,0.0,150.0,72.0,1.0,0.0,17.0,0.305556668963021,1.4104141029659039,0.04820330771283873,15.980662969682866
dichotomous|thin|1,dichotomous,thin,2,1,speckle,0.001,0.9739161719733765,0.05356483191725157,2707.0,9.714960501669516,12279.0,0.9844559585492227,193.0,2.0672268907563027,119.0,0.17830423940149626,802.0,0.10586349714535905,3.3753117206982544,0.07692307692307693,26.0,0.0,150.0,141.0,1.0,0.0,17.0,0.29576864791385826,1.4104141029659039,0.09005292873846979,15.980662969682866
dichotomous|thin|1,dichotomous,thin,2,1,speckle,0.002,0.9493249167105032,0.10676025120059106,2707.0,10.526671553058067,12279.0,0.9844559585492227,193.0,2.226890756302521,119.0,0.3640897755610973,802.0,0.18864559281272944,3.3753117206982544,0.15384615384615385,26.0,0.06666666666666667,150.0,282.0,1.0,0.0,17.0,0.2603818634610942,1.4104141029659039,0.16128689528040369,15.980662969682866
dichotomous|thin|1,dichotomous,thin,2,1,speckle,0.005,0.8820462691430433,0.2674547469523458,2707.0,10.794690121345386,12279.0,0.9896373056994818,193.0,2.226890756302521,119.0,0.9039900249376559,802.0,0.3343164983262729,3.3753117206982544,1.1153846153846154,26.0,0.06666666666666667,150.0,705.0,1.0,0.0,17.0,0.15284684957541725,1.4104141029659039,0.3399395135005012,15.980662969682866
dichotomous|thin|1,dichotomous,thin,2,1,blob,0.0,1.0,0.0,2707.0,0.0,12279.0,0.0,193.0,0.0,119.0,0.0,802.0,0.0,3.3753117206982544,0.0,26.0,0.0,150.0,0.0,1.0,0.0,17.0,0.0,1.4104141029659039,0.0,15.980662969682866
dichotomous|thin|1,dichotomous,thin,2,1,blob,0.1,0.922945789294238,0.16697451052826007,2707.0,3.3284469419333824,12279.0,0.6632124352331606,193.0,1.3865546218487395,119.0,0.008728179551122194,802.0,0.15687707965842349,3.3753117206982544,0.07692307692307693,26.0,0.0,150.0,4.0,1.0,0.0,17.0,0.10278468355559676,1.4104141029659039,0.16916031112109803,15.980662969682866
dichotomous|thin|1,dichotomous,thin,2,1,blob,0.25,0.8438279301745636,0.37015145917990394,2707.0,6.2246111246844205,12279.0,0.9689119170984456,193.0,1.9663865546218486,119.0,0.017456359102244388,802.0,0.34664395865475844,3.3753117206982544,0.15384615384615385,26.0,0.0,150.0,9.0,1.0,0.0,17.0,0.06431095783292015,1.4104141029659039,0.2536559337451079,15.980662969682866
dichotomous|thin|1,dichotomous,thin,2,1,blob,0.5,0.7455246488570642,0.6826745474695235,2707.0,6.260770421044059,12279.0,0.8601036269430051,193.0,1.7983193277310925,119.0,0.03366583541147132,802.0,0.6278709132334834,3.3753117206982544,0.23076923076923078,26.0,0.0,150.0,17.0,1.0,0.0,17.0,0.11865245624618599,1.4104141029659039,0.44238654548283557,15.980662969682866
dichotomous|thin|1,dichotomous,thin,2,1,blob,0.75,0.6368662510292906,1.1403768008865902,2707.0,7.8570730515514295,12279.0,0.9896373056994818,193.0,2.168067226890756,119.0,0.09476309226932668,802.0,0.9551050049100747,3.3753117206982544,0.38461538461538464,26.0,0.11333333333333333,150.0,25.0,1.0,0.11764705882352941,17.0,0.10420753614292755,1.4104141029659039,0.5275930155467796,15.980662969682866
dichotomous|thin|1,dichotomous,thin,2,1,blob,1.0,0.5992915651981403,1.337273734761729,2707.0,8.941933382197247,12279.0,0.9896373056994818,193.0,2.226890756302521,119.0,0.10972568578553615,802.0,1.1061725115493333,3.3753117206982544,0.9615384615384616,26.0,0.02666666666666667,150.0,38.0,1.0,0.0,17.0,0.1292688860041252,1.4104141029659039,0.6110056942173148,15.980662969682866
dichotomous|thin|2,dichotomous,thin,2,2,boundary_erode,0.0,1.0,0.0,2717.0,0.0,13880.0,0.0,199.0,0.0,126.0,0.0,782.0,0.0,3.4744245524296673,0.0,27.0,0.0,108.0,0.0,1.0,0.0,7.0,0.0,1.3857137910180652,0.0,14.551701742294956
dichotomous|thin|2,dichotomous,thin,2,2,boundary_erode,-1.0,0.6211621415884293,0.5495031284504969,2717.0,0.03213256484149856,13880.0,0.010050251256281407,199.0,0.015873015873015872,126.0,0.024296675191815855,782.0,0.5601890717207098,3.4744245524296673,0.0,27.0,0.08333333333333333,108.0,0.0,1.0,0.42857142857142855,7.0,0.07482516416528662,1.3857137910180652,0.08160382424916993,14.551701742294956
dichotomous|thin|2,dichotomous,thin,2,2,boundary_erode,-2.0,0.12878787878787878,0.9311740890688259,2717.0,0.16311239193083574,13880.0,0.05527638190954774,199.0,0.07142857142857142,126.0,0.8286445012787724,782.0,0.5983443108344915,3.4744245524296673,0.6296296296296297,27.0,0.9351851851851852,108.0,30.0,1.0,1.0,7.0,0.38730172695685183,1.3857137910180652,1.4239329367699398,14.551701742294956
dichotomous|thin|2,dichotomous,thin,2,2,boundary_erode,-3.0,0.01316270566727605,0.993375046006625,2717.0,0.9930115273775216,13880.0,0.9698492462311558,199.0,0.7936507936507936,126.0,0.9910485933503836,782.0,0.2598979967401019,3.4744245524296673,0.8518518518518519,27.0,1.0,108.0,1.0,1.0,1.0,7.0,0.6554603577440287,1.3857137910180652,16.42211885587095,14.551701742294956
dichotomous|thin|2,dichotomous,thin,2,2,boundary_erode,-4.0,0.002940095553105476,0.9985277880014722,2717.0,0.9997118155619596,13880.0,0.9849246231155779,199.0,0.9841269841269841,126.0,0.9974424552429667,782.0,0.42436510857563486,3.4744245524296673,0.9259259259259259,27.0,1.0,108.0,0.0,1.0,1.0,7.0,0.8471651377903135,1.3857137910180652,23.007846347846137,14.551701742294956
dichotomous|thin|2,dichotomous,thin,2,2,boundary_dilate,0.0,1.0,0.0,2717.0,0.0,13880.0,0.0,199.0,0.0,126.0,0.0,782.0,0.0,3.4744245524296673,0.0,27.0,0.0,108.0,0.0,1.0,0.0,7.0,0.0,1.3857137910180652,0.0,14.551701742294956
dichotomous|thin|2,dichotomous,thin,2,2,boundary_dilate,1.0,0.7881073241479333,0.5377254324622746,2717.0,0.03234870317002882,13880.0,0.005025125628140704,199.0,0.015873015873015872,126.0,0.04092071611253197,782.0,0.6033350509139984,3.4744245524296673,0.37037037037037035,27.0,0.16666666666666666,108.0,0.0,1.0,1.0,7.0,0.03510200077433701,1.3857137910180652,0.03278297760949624,14.551701742294956
dichotomous|thin|2,dichotomous,thin,2,2,boundary_dilate,2.0,0.662279098110908,1.0198748619801252,2717.0,0.06484149855907781,13880.0,0.010050251256281407,199.0,0.031746031746031744,126.0,0.10997442455242967,782.0,1.2694571006730717,3.4744245524296673,0.5555555555555556,27.0,0.046296296296296294,108.0,0.0,1.0,0.5714285714285714,7.0,0.07277277934927576,1.3857137910180652,0.06588447306293174,14.551701742294956
dichotomous|thin|2,dichotomous,thin,2,2,boundary_dilate,3.0,0.5817987152034261,1.4376150165623849,2717.0,0.09747838616714698,13880.0,0.01507537688442211,199.0,0.047619047619047616,126.0,0.20971867007672634,782.0,2.084490198951109,3.4744245524296673,0.6666666666666666,27.0,0.17592592592592593,108.0,0.0,1.0,0.8571428571428571,7.0,0.09763400915300037,1.3857137910180652,0.10281094375372983,14.551701742294956
dichotomous|thin|2,dichotomous,thin,2,2,boundary_dilate,4.0,0.5293200857198519,1.778432094221568,2717.0,0.13025936599423632,13880.0,0.020100502512562814,199.0,0.06349206349206349,126.0,0.37851662404092073,782.0,3.4706458800026057,3.4744245524296673,0.6296296296296297,27.0,0.6666666666666666,108.0,0.0,1.0,0.5714285714285714,7.0,0.12147744164064009,1.3857137910180652,0.14538197892385712,14.551701742294956
dichotomous|thin|2,dichotomous,thin,2,2,boundary_dilate,5.0,0.491186839012926,2.0717703349282295,2717.0,0.16318443804034583,13880.0,0.02512562814070352,199.0,0.07936507936507936,126.0,0.4437340153452685,782.0,4.5221250618709785,3.4744245524296673,0.7407407407407407,27.0,0.7129629629629629,108.0,0.0,1.0,0.7142857142857143,7.0,0.13963557352029418,1.3857137910180652,0.18751421650125663,14.551701742294956
dichotomous|thin|2,dichotomous,thin,2,2,junction_break,0.0,1.0,0.0,2717.0,0.0,13880.0,0.0,199.0,0.0,126.0,0.0,782.0,0.0,3.4744245524296673,0.0,27.0,0.0,108.0,0.0,1.0,0.0,7.0,0.0,1.3857137910180652,0.0,14.551701742294956
dichotomous|thin|2,dichotomous,thin,2,2,junction_break,0.1,0.9582055214723927,0.08023555391976445,2717.0,0.0,13880.0,0.0,199.0,0.0,126.0,0.026854219948849106,782.0,0.05485440626183406,3.4744245524296673,0.7777777777777778,27.0,0.16666666666666666,108.0,11.0,1.0,0.5714285714285714,7.0,0.0073687813432484215,1.3857137910180652,0.011493547473119656,14.551701742294956
dichotomous|thin|2,dichotomous,thin,2,2,junction_break,0.2,0.9175298804780877,0.15237394184762607,2717.0,0.004322766570605188,13880.0,0.0,199.0,0.0,126.0,0.08951406649616368,782.0,0.06903991927646565,3.4744245524296673,1.4074074074074074,27.0,0.46296296296296297,108.0,30.0,1.0,0.8571428571428571,7.0,0.017060323004435288,1.3857137910180652,0.01483635689419921,14.551701742294956
dichotomous|thin|2,dichotomous,thin,2,2,junction_break,0.4,0.8531025749261292,0.2561648877438351,2717.0,0.017002881844380403,13880.0,0.0,199.0,0.007936507936507936,126.0,0.17647058823529413,782.0,0.09677164940322829,3.4744245524296673,2.4444444444444446,27.0,0.7037037037037037,108.0,45.0,1.0,1.0,7.0,0.03009031724361487,1.3857137910180652,0.018648857984489956,14.551701742294956
dichotomous|thin|2,dichotomous,thin,2,2,junction_break,0.6,0.8339055793991417,0.28487302171512696,2717.0,0.0,13880.0,0.0,199.0,0.0,126.0,0.20588235294117646,782.0,0.09946973104867832,3.4744245524296673,2.814814814814815,27.0,0.7870370370370371,108.0,48.0,1.0,1.0,7.0,0.036480624195105234,1.3857137910180652,0.015818878660158627,14.551701742294956
dichotomous|thin|2,dichotomous,thin,2,2,junction_break,0.8,0.8227902946273831,0.30106735369893267,2717.0,0.00028818443804034583,13880.0,0.0,199.0,0.0,126.0,0.24168797953964194,782.0,0.07830467216284198,3.4744245524296673,2.5925925925925926,27.0,0.7962962962962963,108.0,50.0,1.0,1.0,7.0,0.04235428337510131,1.3857137910180652,0.0048336509508535175,14.551701742294956
dichotomous|thin|2,dichotomous,thin,2,2,thin_dropout,0.0,1.0,0.0,2717.0,0.0,13880.0,0.0,199.0,0.0,126.0,0.0,782.0,0.0,3.4744245524296673,0.0,27.0,0.0,108.0,0.0,1.0,0.0,7.0,0.0,1.3857137910180652,0.0,14.551701742294956
dichotomous|thin|2,dichotomous,thin,2,2,thin_dropout,0.1,0.6211621415884293,0.5495031284504969,2717.0,0.03213256484149856,13880.0,0.010050251256281407,199.0,0.015873015873015872,126.0,0.024296675191815855,782.0,0.5601890717207098,3.4744245524296673,0.0,27.0,0.08333333333333333,108.0,0.0,1.0,0.42857142857142855,7.0,0.07482516416528662,1.3857137910180652,0.08160382424916993,14.551701742294956
dichotomous|thin|2,dichotomous,thin,2,2,thin_dropout,0.2,0.6211621415884293,0.5495031284504969,2717.0,0.03213256484149856,13880.0,0.010050251256281407,199.0,0.015873015873015872,126.0,0.024296675191815855,782.0,0.5601890717207098,3.4744245524296673,0.0,27.0,0.08333333333333333,108.0,0.0,1.0,0.42857142857142855,7.0,0.07482516416528662,1.3857137910180652,0.08160382424916993,14.551701742294956
dichotomous|thin|2,dichotomous,thin,2,2,thin_dropout,0.3,0.6211621415884293,0.5495031284504969,2717.0,0.03213256484149856,13880.0,0.010050251256281407,199.0,0.015873015873015872,126.0,0.024296675191815855,782.0,0.5601890717207098,3.4744245524296673,0.0,27.0,0.08333333333333333,108.0,0.0,1.0,0.42857142857142855,7.0,0.07482516416528662,1.3857137910180652,0.08160382424916993,14.551701742294956
dichotomous|thin|2,dichotomous,thin,2,2,thin_dropout,0.4,0.6211621415884293,0.5495031284504969,2717.0,0.03213256484149856,13880.0,0.010050251256281407,199.0,0.015873015873015872,126.0,0.024296675191815855,782.0,0.5601890717207098,3.4744245524296673,0.0,27.0,0.08333333333333333,108.0,0.0,1.0,0.42857142857142855,7.0,0.07482516416528662,1.3857137910180652,0.08160382424916993,14.551701742294956
dichotomous|thin|2,dichotomous,thin,2,2,thin_dropout,0.5,0.6211621415884293,0.5495031284504969,2717.0,0.03213256484149856,13880.0,0.010050251256281407,199.0,0.015873015873015872,126.0,0.024296675191815855,782.0,0.5601890717207098,3.4744245524296673,0.0,27.0,0.08333333333333333,108.0,0.0,1.0,0.42857142857142855,7.0,0.07482516416528662,1.3857137910180652,0.08160382424916993,14.551701742294956
dichotomous|thin|2,dichotomous,thin,2,2,speckle,0.0,1.0,0.0,2717.0,0.0,13880.0,0.0,199.0,0.0,126.0,0.0,782.0,0.0,3.4744245524296673,0.0,27.0,0.0,108.0,0.0,1.0,0.0,7.0,0.0,1.3857137910180652,0.0,14.551701742294956
dichotomous|thin|2,dichotomous,thin,2,2,speckle,0.0002,0.994691561413143,0.010673536989326464,2717.0,7.67478386167147,13880.0,0.9246231155778895,199.0,1.8253968253968254,126.0,0.0370843989769821,782.0,0.025466453852461938,3.4744245524296673,0.0,27.0,0.0,108.0,29.0,1.0,0.0,7.0,0.23164221108661626,1.3857137910180652,0.018523547926584054,14.551701742294956
dichotomous|thin|2,dichotomous,thin,2,2,speckle,0.0005,0.9869233563385398,0.026499815973500183,2717.0,8.128314121037464,13880.0,0.8944723618090452,199.0,1.9285714285714286,126.0,0.0907928388746803,782.0,0.05894155206180862,3.4744245524296673,0.0,27.0,0.0,108.0,71.0,1.0,0.0,7.0,0.2812039064592797,1.3857137910180652,0.04660889989574074,14.551701742294956
dichotomous|thin|2,dichotomous,thin,2,2,speckle,0.001,0.9740096791539703,0.05336768494663231,2717.0,9.048919308357348,13880.0,0.9246231155778895,199.0,2.0238095238095237,126.0,0.18542199488491048,782.0,0.11139856566530042,3.4744245524296673,0.18518518518518517,27.0,0.037037037037037035,108.0,141.0,1.0,0.0,7.0,0.27089541561858815,1.3857137910180652,0.08476571788602094,14.551701742294956
dichotomous|thin|2,dichotomous,thin,2,2,speckle,0.002,0.9495020094356107,0.10636731689363269,2717.0,9.131412103746397,13880.0,0.9296482412060302,199.0,2.0476190476190474,126.0,0.3618925831202046,782.0,0.18762512506026222,3.4744245524296673,0.2222222222222222,27.0,0.027777777777777776,108.0,281.0,1.0,0.0,7.0,0.24613517494976608,1.3857137910180652,0.1613069516410514,14.551701742294956
dichotomous|thin|2,dichotomous,thin,2,2,speckle,0.005,0.8824293601818772,0.2664703717335296,2717.0,9.479250720461096,13880.0,0.9296482412060302,199.0,2.0476190476190474,126.0,0.9271099744245525,782.0,0.34281364917344376,3.4744245524296673,1.3333333333333333,27.0,0.19444444444444445,108.0,695.0,1.0,0.0,7.0,0.13902512581972692,1.3857137910180652,0.3341762724080371,14.551701742294956
dichotomous|thin|2,dichotomous,thin,2,2,blob,0.0,1.0,0.0,2717.0,0.0,13880.0,0.0,199.0,0.0,126.0,0.0,782.0,0.0,3.4744245524296673,0.0,27.0,0.0,108.0,0.0,1.0,0.0,7.0,0.0,1.3857137910180652,0.0,14.551701742294956
dichotomous|thin|2,dichotomous,thin,2,2,blob,0.1,0.9163575042158516,0.1825542878174457,2717.0,2.5846541786743518,13880.0,0.7537688442211056,199.0,1.1428571428571428,126.0,0.005115089514066497,782.0,0.17653619983873103,3.4744245524296673,0.0,27.0,0.0,108.0,4.0,1.0,0.0,7.0,0.04599590527369235,1.3857137910180652,0.159188204576339,14.551701742294956
dichotomous|thin|2,dichotomous,thin,2,2,blob,0.25,0.9044607190412783,0.21126242178873758,2717.0,6.018083573487032,13880.0,0.9296482412060302,199.0,1.8650793650793651,126.0,0.01278772378516624,782.0,0.19596870434191016,3.4744245524296673,0.2222222222222222,27.0,0.0,108.0,8.0,1.0,0.14285714285714285,7.0,0.08312411921157625,1.3857137910180652,0.16334641167280997,14.551701742294956
dichotomous|thin|2,dichotomous,thin,2,2,blob,0.5,0.7457115411005901,0.6820022083179977,2717.0,7.380547550432277,13880.0,0.8592964824120602,199.0,2.007936507936508,126.0,0.03324808184143223,782.0,0.6278783748820228,3.4744245524296673,0.1111111111111111,27.0,0.046296296296296294,108.0,19.0,1.0,0.14285714285714285,7.0,0.14594781636510906,1.3857137910180652,0.42707548665771555,14.551701742294956
dichotomous|thin|2,dichotomous,thin,2,2,blob,0.75,0.6228794131132508,1.2108943687891056,2717.0,8.372478386167147,13880.0,0.9296482412060302,199.0,2.015873015873016,126.0,0.11125319693094629,782.0,0.9895505136859386,3.4744245524296673,0.25925925925925924,27.0,0.09259259259259259,108.0,25.0,1.0,0.5714285714285714,7.0,0.10231379803761508,1.3857137910180652,0.5055107741442352,14.551701742294956
dichotomous|thin|2,dichotomous,thin,2,2,blob,1.0,0.5804315317239906,1.4457121825542878,2717.0,7.813040345821325,13880.0,0.9296482412060302,199.0,1.9444444444444444,126.0,0.1636828644501279,782.0,1.1016999195136847,3.4744245524296673,0.9629629629629629,27.0,0.1388888888888889,108.0,35.0,1.0,0.5714285714285714,7.0,0.10253352719696017,1.3857137910180652,0.5732392261934216,14.551701742294956
dichotomous|medium|0,dichotomous,medium,5,0,boundary_erode,0.0,1.0,0.0,3734.0,0.0,13609.0,0.0,174.0,0.0,138.0,0.0,727.0,0.0,5.136176066024759,0.0,26.0,0.0,121.0,0.0,1.0,0.0,9.0,0.0,1.4552627868011254,0.0,14.287292874140137
dichotomous|medium|0,dichotomous,medium,5,0,boundary_erode,-1.0,0.7815304291075216,0.35859667916443494,3734.0,0.033066353148651625,13609.0,0.011494252873563218,174.0,0.014492753623188406,138.0,0.0,727.0,0.3585966791644349,5.136176066024759,0.19230769230769232,26.0,0.008264462809917356,121.0,0.0,1.0,0.7777777777777778,9.0,0.06014707355019396,1.4552627868011254,0.15945069798541325,14.287292874140137
dichotomous|medium|0,dichotomous,medium,5,0,boundary_erode,-2.0,0.5010036130068246,0.6657739689341189,3734.0,0.1405687412741568,13609.0,0.040229885057471264,174.0,0.07246376811594203,138.0,0.45392022008253097,727.0,0.3879538423554268,5.136176066024759,0.5,26.0,0.7933884297520661,121.0,20.0,1.0,1.0,9.0,0.1691934238763396,1.4552627868011254,0.8579371616325147,14.287292874140137
dichotomous|medium|0,dichotomous,medium,5,0,boundary_erode,-3.0,0.2871559633027523,0.8323513658275308,3734.0,0.438312881181571,13609.0,0.08620689655172414,174.0,0.32608695652173914,138.0,0.7702888583218707,727.0,0.2701763051294304,5.136176066024759,0.5384615384615384,26.0,0.9338842975206612,121.0,6.0,1.0,1.0,9.0,0.30221851498646146,1.4552627868011254,2.2436526125726863,14.287292874140137
dichotomous|medium|0,dichotomous,medium,5,0,boundary_erode,-4.0,0.15102748205001237,0.9183181574718801,3734.0,0.6328899992651922,13609.0,0.25862068965517243,174.0,0.45652173913043476,138.0,0.8143053645116919,727.0,0.560128151718939,5.136176066024759,0.7307692307692307,26.0,0.9752066115702479,121.0,2.0,1.0,1.0,9.0,0.351962179035274,1.4552627868011254,3.442152265610309,14.287292874140137
dichotomous|medium|0,dichotomous,medium,5,0,boundary_erode,-5.0,0.04707112970711297,0.9758971612212105,3734.0,0.9758983025938717,13609.0,0.5804597701149425,174.0,0.9420289855072463,138.0,0.8954607977991746,727.0,0.7694373185239478,5.136176066024759,0.8076923076923077,26.0,0.9669421487603306,121.0,1.0,1.0,1.0,9.0,0.4181110998754133,1.4552627868011254,5.640580217026057,14.287292874140137
dichotomous|medium|0,dichotomous,medium,5,0,boundary_dilate,0.0,1.0,0.0,3734.0,0.0,13609.0,0.0,174.0,0.0,138.0,0.0,727.0,0.0,5.136176066024759,0.0,26.0,0.0,121.0,0.0,1.0,0.0,9.0,0.0,1.4552627868011254,0.0,14.287292874140137
dichotomous|medium|0,dichotomous,medium,5,0,boundary_dilate,1.0,0.8520250998288648,0.34734868773433314,3734.0,0.03255198765522816,13609.0,0.005747126436781609,174.0,0.014492753623188406,138.0,0.06327372764786796,727.0,0.4383590249381209,5.136176066024759,0.5,26.0,0.08264462809917356,121.0,0.0,1.0,1.1111111111111112,9.0,0.038767338323029275,1.4552627868011254,0.04961243270639926,14.287292874140137
dichotomous|medium|0,dichotomous,medium,5,0,boundary_dilate,2.0,0.7559469581941493,0.6456882699517943,3734.0,0.06525093688000588,13609.0,0.011494252873563218,174.0,0.028985507246376812,138.0,0.11004126547455295,727.0,0.8491736820014755,5.136176066024759,0.7692307692307693,26.0,0.06611570247933884,121.0,0.0,1.0,0.8888888888888888,9.0,0.06409053673712888,1.4552627868011254,0.08265089838443072,14.287292874140137
dichotomous|medium|0,dichotomous,medium,5,0,boundary_dilate,3.0,0.6889934495802196,0.902785216925549,3734.0,0.09809684767433316,13609.0,0.017241379310344827,174.0,0.043478260869565216,138.0,0.35213204951856947,727.0,1.9369954409869943,5.136176066024759,0.7692307692307693,26.0,0.7933884297520661,121.0,0.0,1.0,0.6666666666666666,9.0,0.08680190266544346,1.4552627868011254,0.11611266452342571,14.287292874140137
dichotomous|medium|0,dichotomous,medium,5,0,boundary_dilate,4.0,0.6387819690360106,1.1309587573647564,3734.0,0.13108972003821,13609.0,0.022988505747126436,174.0,0.057971014492753624,138.0,0.3108665749656121,727.0,2.092229574060236,5.136176066024759,0.8846153846153846,26.0,0.6611570247933884,121.0,0.0,1.0,0.4444444444444444,9.0,0.10481439128624714,1.4552627868011254,0.15021711775020147,14.287292874140137
dichotomous|medium|0,dichotomous,medium,5,0,boundary_dilate,5.0,0.5977747538621628,1.3457418318157472,3734.0,0.1642295539716364,13609.0,0.028735632183908046,174.0,0.07246376811594203,138.0,0.35075653370013754,727.0,2.613038796038238,5.136176066024759,0.8846153846153846,26.0,0.7933884297520661,121.0,0.0,1.0,0.5555555555555556,9.0,0.11750949852185096,1.4552627868011254,0.18103795348232862,14.287292874140137
dichotomous|medium|0,dichotomous,medium,5,0,junction_break,0.0,1.0,0.0,3734.0,0.0,13609.0,0.0,174.0,0.0,138.0,0.0,727.0,0.0,5.136176066024759,0.0,26.0,0.0,121.0,0.0,1.0,0.0,9.0,0.0,1.4552627868011254,0.0,14.287292874140137
dichotomous|medium|0,dichotomous,medium,5,0,junction_break,0.1,0.9665098256296706,0.06480985538296732,3734.0,0.0,13609.0,0.0,174.0,0.0,138.0,0.027510316368638238,727.0,0.038354688632839105,5.136176066024759,0.6153846153846154,26.0,0.19834710743801653,121.0,8.0,1.0,0.5555555555555556,9.0,0.00549691151599826,1.4552627868011254,0.013539787000033004,14.287292874140137
dichotomous|medium|0,dichotomous,medium,5,0,junction_break,0.2,0.9352723125178215,0.12158543117300483,3734.0,0.0,13609.0,0.0,174.0,0.0,138.0,0.0687757909215956,727.0,0.05670990910306426,5.136176066024759,1.4230769230769231,26.0,0.2396694214876033,121.0,21.0,1.0,0.5555555555555556,9.0,0.011861008037220257,1.4552627868011254,0.03785207079820523,14.287292874140137
dichotomous|medium|0,dichotomous,medium,5,0,junction_break,0.4,0.90466412437665,0.17407605784681307,3734.0,0.0034535968844147257,13609.0,0.0,174.0,0.0,138.0,0.11829436038514443,727.0,0.06326566935200169,5.136176066024759,1.8076923076923077,26.0,0.5867768595041323,121.0,32.0,1.0,0.8888888888888888,9.0,0.019840555563399396,1.4552627868011254,0.06423414302774859,14.287292874140137
dichotomous|medium|0,dichotomous,medium,5,0,junction_break,0.6,0.8710506424792139,0.22844134975897162,3734.0,0.0,13609.0,0.0,174.0,0.0,138.0,0.20220082530949107,727.0,0.03289114012891785,5.136176066024759,2.5384615384615383,26.0,0.6942148760330579,121.0,46.0,1.0,0.8888888888888888,9.0,0.028081496713937906,1.4552627868011254,0.12261798882989725,14.287292874140137
dichotomous|medium|0,dichotomous,medium,5,0,junction_break,0.8,0.8503694581280788,0.26031065881092663,3734.0,0.0034535968844147257,13609.0,0.0,174.0,0.0,138.0,0.2173314993122421,727.0,0.05491361855104328,5.136176066024759,2.3461538461538463,26.0,0.7107438016528925,121.0,42.0,1.0,0.8888888888888888,9.0,0.03305386214362588,1.4552627868011254,0.15460558539327915,14.287292874140137
dichotomous|medium|0,dichotomous,medium,5,0,thin_dropout,0.0,1.0,0.0,3734.0,0.0,13609.0,0.0,174.0,0.0,138.0,0.0,727.0,0.0,5.136176066024759,0.0,26.0,0.0,121.0,0.0,1.0,0.0,9.0,0.0,1.4552627868011254,0.0,14.287292874140137
dichotomous|medium|0,dichotomous,medium,5,0,thin_dropout,0.1,0.7829204693611473,0.3567220139260846,3734.0,0.03240502608567859,13609.0,0.005747126436781609,174.0,0.014492753623188406,138.0,0.005502063273727648,727.0,0.3602420029059692,5.136176066024759,0.19230769230769232,26.0,0.008264462809917356,121.0,0.0,1.0,0.7777777777777778,9.0,0.06014707355019396,1.4552627868011254,0.15958169424904417,14.287292874140137
dichotomous|medium|0,dichotomous,medium,5,0,thin_dropout,0.2,0.7829204693611473,0.3567220139260846,3734.0,0.03240502608567859,13609.0,0.005747126436781609,174.0,0.014492753623188406,138.0,0.005502063273727648,727.0,0.3602420029059692,5.136176066024759,0.19230769230769232,26.0,0.008264462809917356,121.0,0.0,1.0,0.7777777777777778,9.0,0.06014707355019396,1.4552627868011254,0.15958169424904417,14.287292874140137
dichotomous|medium|0,dichotomous,medium,5,0,thin_dropout,0.3,0.7829204693611473,0.3567220139260846,3734.0,0.03240502608567859,13609.0,0.005747126436781609,174.0,0.014492753623188406,138.0,0.005502063273727648,727.0,0.3602420029059692,5.136176066024759,0.19230769230769232,26.0,0.008264462809917356,121.0,0.0,1.0,0.7777777777777778,9.0,0.06014707355019396,1.4552627868011254,0.15958169424904417,14.287292874140137
dichotomous|medium|0,dichotomous,medium,5,0,thin_dropout,0.4,0.6718833362973502,0.49410819496518477,3734.0,0.07112939966198839,13609.0,0.017241379310344827,174.0,0.043478260869565216,138.0,0.2585969738651995,727.0,0.317656136808329,5.136176066024759,1.0384615384615385,26.0,0.6198347107438017,121.0,26.0,1.0,1.0,9.0,0.10652226221253243,1.4552627868011254,0.41707525536015366,14.287292874140137
dichotomous|medium|0,dichotomous,medium,5,0,thin_dropout,0.5,0.5040064102564102,0.6630958757364757,3734.0,0.13968697185685944,13609.0,0.028735632183908046,174.0,0.07246376811594203,138.0,0.4497936726272352,727.0,0.3876767541510444,5.136176066024759,0.5,26.0,0.7933884297520661,121.0,20.0,1.0,1.0,9.0,0.16870985851131995,1.4552627868011254,0.858697942482651,14.287292874140137
dichotomous|medium|0,dichotomous,medium,5,0,speckle,0.0,1.0,0.0,3734.0,0.0,13609.0,0.0,174.0,0.0,138.0,0.0,727.0,0.0,5.136176066024759,0.0,26.0,0.0,121.0,0.0,1.0,0.0,9.0,0.0,1.4552627868011254,0.0,14.287292874140137
dichotomous|medium|0,dichotomous,medium,5,0,speckle,0.0002,0.9961317860477524,0.007766470273165506,3734.0,7.454552134616797,13609.0,1.1954022988505748,174.0,1.6956521739130435,138.0,0.039889958734525444,727.0,0.030891238242603914,5.136176066024759,0.0,26.0,0.0,121.0,29.0,1.0,0.0,9.0,0.24181525663227213,1.4552627868011254,0.013111346376482425,14.287292874140137
dichotomous|medium|0,dichotomous,medium,5,0,speckle,0.0005,0.9904509283819629,0.0192822710230316,3734.0,8.225071643765155,13609.0,1.1781609195402298,174.0,1.710144927536232,138.0,0.09766162310866575,727.0,0.0714057505842807,5.136176066024759,0.0,26.0,0.0,121.0,71.0,1.0,0.0,9.0,0.28217933790489125,1.4552627868011254,0.03511752730840763,14.287292874140137
dichotomous|medium|0,dichotomous,medium,5,0,speckle,0.001,0.9810825013137152,0.0385645420460632,3734.0,9.37298846351679,13609.0,1.2011494252873562,174.0,1.7753623188405796,138.0,0.19807427785419532,727.0,0.13313843620265434,5.136176066024759,0.11538461538461539,26.0,0.024793388429752067,121.0,140.0,1.0,0.0,9.0,0.2866529944711188,1.4552627868011254,0.0625278711973359,14.287292874140137
dichotomous|medium|0,dichotomous,medium,5,0,speckle,0.002,0.9629916183107673,0.07686127477236208,3734.0,9.136527298111544,13609.0,1.206896551724138,174.0,1.7608695652173914,138.0,0.390646492434663,727.0,0.2256398152724953,5.136176066024759,0.07692307692307693,26.0,0.06611570247933884,121.0,282.0,1.0,0.1111111111111111,9.0,0.2567556044180455,1.4552627868011254,0.12499948090936093,14.287292874140137
dichotomous|medium|0,dichotomous,medium,5,0,speckle,0.005,0.9121778429217051,0.1925549009105517,3734.0,9.532588728047616,13609.0,1.206896551724138,174.0,1.7826086956521738,138.0,0.9931224209078404,727.0,0.4016650014065072,5.136176066024759,1.8461538461538463,26.0,0.0743801652892562,121.0,688.0,1.0,0.0,9.0,0.16376605693832452,1.4552627868011254,0.26825461023318237,14.287292874140137
dichotomous|medium|0,dichotomous,medium,5,0,blob,0.0,1.0,0.0,3734.0,0.0,13609.0,0.0,174.0,0.0,138.0,0.0,727.0,0.0,5.136176066024759,0.0,26.0,0.0,121.0,0.0,1.0,0.0,9.0,0.0,1.4552627868011254,0.0,14.287292874140137
dichotomous|medium|0,dichotomous,medium,5,0,blob,0.1,0.9573131649788489,0.08918050348152115,3734.0,1.328018223234624,13609.0,0.8908045977011494,174.0,0.18840579710144928,138.0,0.017881705639614855,727.0,0.07004625139333244,5.136176066024759,0.15384615384615385,26.0,0.0,121.0,4.0,1.0,0.0,9.0,0.07345233306015593,1.4552627868011254,0.10128475799119133,14.287292874140137
dichotomous|medium|0,dichotomous,medium,5,0,blob,0.25,0.882951052258217,0.26513122656668453,3734.0,6.545447865383203,13609.0,1.206896551724138,174.0,1.7391304347826086,138.0,0.017881705639614855,727.0,0.24290594826213477,5.136176066024759,0.07692307692307693,26.0,0.0,121.0,10.0,1.0,0.0,9.0,0.12349998495340979,1.4552627868011254,0.21056063479892612,14.287292874140137
dichotomous|medium|0,dichotomous,medium,5,0,blob,0.5,0.7877637130801688,0.5388323513658275,3734.0,7.277977808802998,13609.0,0.8735632183908046,174.0,1.7391304347826086,138.0,0.0577716643741403,727.0,0.45478689134324674,5.136176066024759,0.34615384615384615,26.0,0.024793388429752067,121.0,18.0,1.0,0.0,9.0,0.16143636469130165,1.4552627868011254,0.39083215574346447,14.287292874140137
dichotomous|medium|0,dichotomous,medium,5,0,blob,0.75,0.7209190076262187,0.7742367434386717,3734.0,8.27107061503417,13609.0,1.1839080459770115,174.0,1.7826086956521738,138.0,0.0811554332874828,727.0,0.6410561227479825,5.136176066024759,0.5769230769230769,26.0,0.01652892561983471,121.0,27.0,1.0,0.0,9.0,0.13341873968403042,1.4552627868011254,0.4871374876983695,14.287292874140137
dichotomous|medium|0,dichotomous,medium,5,0,blob,1.0,0.6520562298087837,1.0672201392608462,3734.0,8.70894261150709,13609.0,1.206896551724138,174.0,1.7826086956521738,138.0,0.14580467675378267,727.0,0.8041645152972814,5.136176066024759,0.5384615384615384,26.0,0.2066115702479339,121.0,36.0,1.0,0.3333333333333333,9.0,0.13226394774762373,1.4552627868011254,0.5627449191729138,14.287292874140137
dichotomous|medium|1,dichotomous,medium,5,1,boundary_erode,0.0,1.0,0.0,3953.0,0.0,12762.0,0.0,193.0,0.0,119.0,0.0,798.0,0.0,4.953634085213032,0.0,26.0,0.0,174.0,0.0,1.0,0.0,19.0,0.0,1.4634404813819744,0.0,14.859583250472149
dichotomous|medium|1,dichotomous,medium,5,1,boundary_erode,-1.0,0.7806909315237508,0.359726789779914,3953.0,0.03486914276759129,12762.0,0.010362694300518135,193.0,0.01680672268907563,119.0,0.015037593984962405,798.0,0.34995162626510345,4.953634085213032,0.07692307692307693,26.0,0.21839080459770116,174.0,0.0,1.0,0.6842105263157895,19.0,0.03128163481434769,1.4634404813819744,0.14397162402205715,14.859583250472149
dichotomous|medium|1,dichotomous,medium,5,1,boundary_erode,-2.0,0.4986707178123813,0.6678472046546926,3953.0,0.1861777150916784,12762.0,0.031088082901554404,193.0,0.12605042016806722,119.0,0.48120300751879697,798.0,0.3597634524503496,4.953634085213032,0.2692307692307692,26.0,0.8563218390804598,174.0,22.0,1.0,0.9473684210526315,19.0,0.14799378207406788,1.4634404813819744,0.7967963599466777,14.859583250472149
dichotomous|medium|1,dichotomous,medium,5,1,boundary_erode,-3.0,0.2883741069495562,0.8315203642802934,3953.0,0.5967716658830904,12762.0,0.13471502590673576,193.0,0.5294117647058824,119.0,0.7694235588972431,798.0,0.2693111450851857,4.953634085213032,0.5,26.0,0.9367816091954023,174.0,8.0,1.0,1.0,19.0,0.2792587783283376,1.4634404813819744,2.0307426899225285,14.859583250472149
dichotomous|medium|1,dichotomous,medium,5,1,boundary_erode,-4.0,0.1510757717492984,0.9182899064002024,3953.0,0.7504309669330826,12762.0,0.29015544041450775,193.0,0.6302521008403361,119.0,0.8295739348370927,798.0,0.5205540096129522,4.953634085213032,0.8846153846153846,26.0,0.9942528735632183,174.0,4.0,1.0,1.0,19.0,0.3298391245588378,1.4634404813819744,3.375543781051676,14.859583250472149
dichotomous|medium|1,dichotomous,medium,5,1,boundary_erode,-5.0,0.052229613205222965,0.9731849228434101,3953.0,0.9728882620278954,12762.0,0.6010362694300518,193.0,0.9327731092436975,119.0,0.9010025062656641,798.0,0.7291337775828004,4.953634085213032,0.8076923076923077,26.0,0.9770114942528736,174.0,1.0,1.0,1.0,19.0,0.4095343865621233,1.4634404813819744,5.589748380317594,14.859583250472149
dichotomous|medium|1,dichotomous,medium,5,1,boundary_dilate,0.0,1.0,0.0,3953.0,0.0,12762.0,0.0,193.0,0.0,119.0,0.0,798.0,0.0,4.953634085213032,0.0,26.0,0.0,174.0,0.0,1.0,0.0,19.0,0.0,1.4634404813819744,0.0,14.859583250472149
dichotomous|medium|1,dichotomous,medium,5,1,boundary_dilate,1.0,0.8540563897591013,0.34176574753351885,3953.0,0.03432063939821345,12762.0,0.0051813471502590676,193.0,0.01680672268907563,119.0,0.09147869674185463,798.0,0.47686767797482493,4.953634085213032,0.5,26.0,0.2413793103448276,174.0,0.0,1.0,0.2631578947368421,19.0,0.02622230378089477,1.4634404813819744,0.04359779741572564,14.859583250472149
dichotomous|medium|1,dichotomous,medium,5,1,boundary_dilate,2.0,0.7629801196680177,0.6213002782696686,3953.0,0.06879799404482057,12762.0,0.010362694300518135,193.0,0.03361344537815126,119.0,0.21303258145363407,798.0,1.0601872962726044,4.953634085213032,0.5769230769230769,26.0,0.5114942528735632,174.0,0.0,1.0,0.5263157894736842,19.0,0.054945714062761934,1.4634404813819744,0.07820234012571434,14.859583250472149
dichotomous|medium|1,dichotomous,medium,5,1,boundary_dilate,3.0,0.6985950340196165,0.8628889451049836,3953.0,0.10343206393982135,12762.0,0.015544041450777202,193.0,0.05042016806722689,119.0,0.23308270676691728,798.0,1.4290610754800277,4.953634085213032,0.7692307692307693,26.0,0.3735632183908046,174.0,0.0,1.0,0.10526315789473684,19.0,0.07020836361140724,1.4634404813819744,0.11085032925030254,14.859583250472149
dichotomous|medium|1,dichotomous,medium,5,1,boundary_dilate,4.0,0.6519337016574586,1.0677966101694916,3953.0,0.1382228490832158,12762.0,0.02072538860103627,193.0,0.06722689075630252,119.0,0.39223057644110276,798.0,2.402271535907741,4.953634085213032,0.8461538461538461,26.0,0.7701149425287356,174.0,0.0,1.0,0.7368421052631579,19.0,0.08904190869664538,1.4634404813819744,0.14341427711214652,14.859583250472149
dichotomous|medium|1,dichotomous,medium,5,1,boundary_dilate,5.0,0.6162120031176929,1.245636225651404,3953.0,0.17317034947500393,12762.0,0.025906735751295335,193.0,0.08403361344537816,119.0,0.42606516290726815,798.0,2.9127024193664206,4.953634085213032,0.8846153846153846,26.0,0.7528735632183908,174.0,0.0,1.0,0.6842105263157895,19.0,0.10294301719561684,1.4634404813819744,0.17434647106835147,14.859583250472149
dichotomous|medium|1,dichotomous,medium,5,1,junction_break,0.0,1.0,0.0,3953.0,0.0,12762.0,0.0,193.0,0.0,119.0,0.0,798.0,0.0,4.953634085213032,0.0,26.0,0.0,174.0,0.0,1.0,0.0,19.0,0.0,1.4634404813819744,0.0,14.859583250472149
dichotomous|medium|1,dichotomous,medium,5,1,junction_break,0.1,0.9540944569387485,0.0877814318239312,3953.0,0.0,12762.0,0.0,193.0,0.0,119.0,0.08020050125313283,798.0,0.008241938141004232,4.953634085213032,0.7692307692307693,26.0,0.3390804597701149,174.0,12.0,1.0,0.631578947368421,19.0,0.008115698388063386,1.4634404813819744,0.00827579578193047,14.859583250472149
dichotomous|medium|1,dichotomous,medium,5,1,junction_break,0.2,0.9290165266865348,0.13255755122691626,3953.0,0.022253565271900956,12762.0,0.0,193.0,0.01680672268907563,119.0,0.10651629072681704,798.0,0.029145758596183968,4.953634085213032,1.4230769230769231,26.0,0.4827586206896552,174.0,21.0,1.0,0.7894736842105263,19.0,0.009643095782947305,1.4634404813819744,0.035855009760079416,14.859583250472149
dichotomous|medium|1,dichotomous,medium,5,1,junction_break,0.4,0.8596567142651089,0.24614217050341514,3953.0,0.03095126155774957,12762.0,0.0,193.0,0.025210084033613446,119.0,0.18796992481203006,798.0,0.07163804330513145,4.953634085213032,2.1923076923076925,26.0,0.6379310344827587,174.0,50.0,1.0,0.9473684210526315,19.0,0.024002944529913632,1.4634404813819744,0.09567446171796436,14.859583250472149
dichotomous|medium|1,dichotomous,medium,5,1,junction_break,0.6,0.8320283646033387,0.28762964836832783,3953.0,0.03095126155774957,12762.0,0.0,193.0,0.025210084033613446,119.0,0.23809523809523808,798.0,0.0650139134834302,4.953634085213032,2.4615384615384617,26.0,0.6379310344827587,174.0,47.0,1.0,0.9473684210526315,19.0,0.03499949563060286,1.4634404813819744,0.14413765836969203,14.859583250472149
dichotomous|medium|1,dichotomous,medium,5,1,junction_break,0.8,0.819823854306613,0.3053377181887174,3953.0,0.03095126155774957,12762.0,0.0,193.0,0.025210084033613446,119.0,0.2869674185463659,798.0,0.025763618830573765,4.953634085213032,2.6538461538461537,26.0,0.735632183908046,174.0,46.0,1.0,0.9473684210526315,19.0,0.04106699225450528,1.4634404813819744,0.1641049513351312,14.859583250472149
dichotomous|medium|1,dichotomous,medium,5,1,thin_dropout,0.0,1.0,0.0,3953.0,0.0,12762.0,0.0,193.0,0.0,119.0,0.0,798.0,0.0,4.953634085213032,0.0,26.0,0.0,174.0,0.0,1.0,0.0,19.0,0.0,1.4634404813819744,0.0,14.859583250472149
dichotomous|medium|1,dichotomous,medium,5,1,thin_dropout,0.1,0.7820058542597442,0.35795598279787505,3953.0,0.03416392414981978,12762.0,0.0051813471502590676,193.0,0.01680672268907563,119.0,0.010025062656641603,798.0,0.3514542712312712,4.953634085213032,0.07692307692307693,26.0,0.21839080459770116,174.0,0.0,1.0,0.6842105263157895,19.0,0.03128163481434769,1.4634404813819744,0.14405685175280675,14.859583250472149
dichotomous|medium|1,dichotomous,medium,5,1,thin_dropout,0.2,0.7820058542597442,0.35795598279787505,3953.0,0.03416392414981978,12762.0,0.0051813471502590676,193.0,0.01680672268907563,119.0,0.010025062656641603,798.0,0.3514542712312712,4.953634085213032,0.07692307692307693,26.0,0.21839080459770116,174.0,0.0,1.0,0.6842105263157895,19.0,0.03128163481434769,1.4634404813819744,0.14405685175280675,14.859583250472149
dichotomous|medium|1,dichotomous,medium,5,1,thin_dropout,0.3,0.7820058542597442,0.35795598279787505,3953.0,0.03416392414981978,12762.0,0.0051813471502590676,193.0,0.01680672268907563,119.0,0.010025062656641603,798.0,0.3514542712312712,4.953634085213032,0.07692307692307693,26.0,0.21839080459770116,174.0,0.0,1.0,0.6842105263157895,19.0,0.03128163481434769,1.4634404813819744,0.14405685175280675,14.859583250472149
dichotomous|medium|1,dichotomous,medium,5,1,thin_dropout,0.4,0.6847446348361338,0.4793827472805464,3953.0,0.07898448519040903,12762.0,0.010362694300518135,193.0,0.03361344537815126,119.0,0.2744360902255639,798.0,0.28246534081153024,4.953634085213032,1.2692307692307692,26.0,0.7528735632183908,174.0,29.0,1.0,0.9473684210526315,19.0,0.07248073253975568,1.4634404813819744,0.3548981185866799,14.859583250472149
dichotomous|medium|1,dichotomous,medium,5,1,thin_dropout,0.5,0.5015163002274451,0.665317480394637,3953.0,0.1852374236013164,12762.0,0.02072538860103627,193.0,0.12605042016806722,119.0,0.4774436090225564,798.0,0.3595284157192334,4.953634085213032,0.2692307692307692,26.0,0.8563218390804598,174.0,22.0,1.0,0.9473684210526315,19.0,0.14752316096698653,1.4634404813819744,0.7973267077486408,14.859583250472149
dichotomous|medium|1,dichotomous,medium,5,1,speckle,0.0,1.0,0.0,3953.0,0.0,12762.0,0.0,193.0,0.0,119.0,0.0,798.0,0.0,4.953634085213032,0.0,26.0,0.0,174.0,0.0,1.0,0.0,19.0,0.0,1.4634404813819744,0.0,14.859583250472149
dichotomous|medium|1,dichotomous,medium,5,1,speckle,0.0002,0.9963453056080656,0.007336200354161397,3953.0,6.934101238050462,12762.0,0.8963730569948186,193.0,1.9915966386554622,119.0,0.03634085213032581,798.0,0.027987559996830853,4.953634085213032,0.0,26.0,0.0,174.0,29.0,1.0,0.0,19.0,0.22286858377404606,1.4634404813819744,0.014139191054794224,14.859583250472149
dichotomous|medium|1,dichotomous,medium,5,1,speckle,0.0005,0.990975181749812,0.01821401467240071,3953.0,9.080629995298542,12762.0,0.9637305699481865,193.0,2.1512605042016806,119.0,0.08897243107769423,798.0,0.06497723393719707,4.953634085213032,0.0,26.0,0.011494252873563218,174.0,71.0,1.0,0.0,19.0,0.27968869022712417,1.4634404813819744,0.029556325135798825,14.859583250472149
dichotomous|medium|1,dichotomous,medium,5,1,speckle,0.001,0.9821118012422361,0.03642802934480142,3953.0,9.870709920075223,12762.0,0.9637305699481865,193.0,2.226890756302521,119.0,0.17919799498746866,798.0,0.12107378595414282,4.953634085213032,0.07692307692307693,26.0,0.0,174.0,142.0,1.0,0.0,19.0,0.28984064742525667,1.4634404813819744,0.06124555153603568,14.859583250472149
dichotomous|medium|1,dichotomous,medium,5,1,speckle,0.002,0.9649700964237764,0.07260308626359727,3953.0,10.225278169565899,12762.0,0.9896373056994818,193.0,2.226890756302521,119.0,0.3508771929824561,798.0,0.20599511796071363,4.953634085213032,0.07692307692307693,26.0,0.022988505747126436,174.0,281.0,1.0,0.0,19.0,0.25414138517693474,1.4634404813819744,0.11622081317757517,14.859583250472149
dichotomous|medium|1,dichotomous,medium,5,1,speckle,0.005,0.9167439703153989,0.18163420187199594,3953.0,10.394922425952045,12762.0,0.9896373056994818,193.0,2.226890756302521,119.0,0.8959899749373433,798.0,0.37677191467689836,4.953634085213032,1.0,26.0,0.005747126436781609,174.0,699.0,1.0,0.0,19.0,0.16203849901805314,1.4634404813819744,0.2580371382133671,14.859583250472149
dichotomous|medium|1,dichotomous,medium,5,1,blob,0.0,1.0,0.0,3953.0,0.0,12762.0,0.0,193.0,0.0,119.0,0.0,798.0,0.0,4.953634085213032,0.0,26.0,0.0,174.0,0.0,1.0,0.0,19.0,0.0,1.4634404813819744,0.0,14.859583250472149
dichotomous|medium|1,dichotomous,medium,5,1,blob,0.1,0.9532191945985049,0.09815330129015937,3953.0,3.390769471869613,12762.0,0.8497409326424871,193.0,1.0252100840336134,119.0,0.008771929824561403,798.0,0.08860414214850583,4.953634085213032,0.07692307692307693,26.0,0.0,174.0,4.0,1.0,0.0,19.0,0.08454666960489586,1.4634404813819744,0.12950971529879496,14.859583250472149
dichotomous|medium|1,dichotomous,medium,5,1,blob,0.25,0.9110394100023047,0.1952947128762965,3953.0,5.0047014574518105,12762.0,0.8341968911917098,193.0,1.2857142857142858,119.0,0.018796992481203006,798.0,0.17324130488964895,4.953634085213032,0.15384615384615385,26.0,0.0,174.0,9.0,1.0,0.0,19.0,0.12640879585366988,1.4634404813819744,0.2424906713183268,14.859583250472149
dichotomous|medium|1,dichotomous,medium,5,1,blob,0.5,0.8412428176207704,0.37743485960030354,3953.0,6.452750352609309,12762.0,0.9896373056994818,193.0,2.0252100840336134,119.0,0.043859649122807015,798.0,0.31955944533138325,4.953634085213032,0.5769230769230769,26.0,0.07471264367816093,174.0,18.0,1.0,0.10526315789473684,19.0,0.11363504145882175,1.4634404813819744,0.3426033860354923,14.859583250472149
dichotomous|medium|1,dichotomous,medium,5,1,blob,0.75,0.7627592860588519,0.6220591955476853,3953.0,5.451653345870553,12762.0,0.8134715025906736,193.0,1.8403361344537814,119.0,0.07894736842105263,798.0,0.5033719373368791,4.953634085213032,0.5769230769230769,26.0,0.13793103448275862,174.0,27.0,1.0,0.15789473684210525,19.0,0.13003301736331835,1.4634404813819744,0.4727008494515933,14.859583250472149
dichotomous|medium|1,dichotomous,medium,5,1,blob,1.0,0.6387138471481661,1.1312926890968884,3953.0,8.131249020529697,12762.0,0.9896373056994818,193.0,2.226890756302521,119.0,0.12656641604010024,798.0,0.8918482379302749,4.953634085213032,0.5769230769230769,26.0,0.08620689655172414,174.0,32.0,1.0,0.2631578947368421,19.0,0.1156834950930191,1.4634404813819744,0.5757327423462757,14.859583250472149
dichotomous|medium|2,dichotomous,medium,5,2,boundary_erode,0.0,1.0,0.0,3970.0,0.0,14349.0,0.0,199.0,0.0,126.0,0.0,772.0,0.0,5.142487046632124,0.0,27.0,0.0,117.0,0.0,1.0,0.0,8.0,0.0,1.4497424114390536,0.0,14.087628434135432
dichotomous|medium|2,dichotomous,medium,5,2,boundary_erode,-1.0,0.7795880725484169,0.3612090680100756,3970.0,0.031918600599344905,14349.0,0.010050251256281407,199.0,0.015873015873015872,126.0,0.011658031088082901,772.0,0.3685702951392808,5.142487046632124,0.0,27.0,0.008547008547008548,117.0,0.0,1.0,0.5,8.0,0.055322450183121256,1.4497424114390536,0.1700369812849012,14.087628434135432
dichotomous|medium|2,dichotomous,medium,5,2,boundary_erode,-2.0,0.499054820415879,0.6675062972292192,3970.0,0.15645689595093734,14349.0,0.05527638190954774,199.0,0.07142857142857142,126.0,0.4572538860103627,772.0,0.3873863042027617,5.142487046632124,0.2962962962962963,27.0,0.7435897435897436,117.0,20.0,1.0,1.0,8.0,0.1619781670671728,1.4497424114390536,0.8599297146801059,14.087628434135432
dichotomous|medium|2,dichotomous,medium,5,2,boundary_erode,-3.0,0.2906350914962325,0.8299748110831234,3970.0,0.5955815736288244,14349.0,0.18592964824120603,199.0,0.49206349206349204,126.0,0.7707253886010362,772.0,0.2584212099218716,5.142487046632124,0.37037037037037035,27.0,0.9230769230769231,117.0,7.0,1.0,1.0,8.0,0.24998674945271193,1.4497424114390536,2.12377953677883,14.087628434135432
dichotomous|medium|2,dichotomous,medium,5,2,boundary_erode,-4.0,0.1530588508955571,0.9171284634760706,3970.0,0.7611680256463865,14349.0,0.20100502512562815,199.0,0.7222222222222222,126.0,0.822538860103627,772.0,0.5330158671790252,5.142487046632124,0.7407407407407407,27.0,0.9658119658119658,117.0,4.0,1.0,1.0,8.0,0.3309330526112362,1.4497424114390536,3.5313065948526314,14.087628434135432
dichotomous|medium|2,dichotomous,medium,5,2,boundary_erode,-5.0,0.052967140755272195,0.9727959697732997,3970.0,0.9760958951843334,14349.0,0.6130653266331658,199.0,0.9365079365079365,126.0,0.9002590673575129,772.0,0.7272530995452909,5.142487046632124,0.8148148148148148,27.0,0.9914529914529915,117.0,1.0,1.0,1.0,8.0,0.37539517666676264,1.4497424114390536,6.0058201092941825,14.087628434135432
dichotomous|medium|2,dichotomous,medium,5,2,boundary_dilate,0.0,1.0,0.0,3970.0,0.0,14349.0,0.0,199.0,0.0,126.0,0.0,772.0,0.0,5.142487046632124,0.0,27.0,0.0,117.0,0.0,1.0,0.0,8.0,0.0,1.4497424114390536,0.0,14.087628434135432
dichotomous|medium|2,dichotomous,medium,5,2,boundary_dilate,1.0,0.8506535247482323,0.35113350125944587,3970.0,0.03129137919018747,14349.0,0.005025125628140704,199.0,0.015873015873015872,126.0,0.04922279792746114,772.0,0.42108319206034367,5.142487046632124,0.4074074074074074,27.0,0.02564102564102564,117.0,0.0,1.0,0.625,8.0,0.02724552753224603,1.4497424114390536,0.054849442325275936,14.087628434135432
dichotomous|medium|2,dichotomous,medium,5,2,boundary_dilate,2.0,0.7511825922421949,0.6624685138539043,3970.0,0.06272214091574325,14349.0,0.010050251256281407,199.0,0.031746031746031744,126.0,0.11787564766839378,772.0,0.8846192256904762,5.142487046632124,0.5555555555555556,27.0,0.11965811965811966,117.0,0.0,1.0,0.375,8.0,0.05797714427826229,1.4497424114390536,0.09071179462703764,14.087628434135432
dichotomous|medium|2,dichotomous,medium,5,2,boundary_dilate,3.0,0.6834811052767495,0.9261964735516373,3970.0,0.09429228517666736,14349.0,0.01507537688442211,199.0,0.047619047619047616,126.0,0.25259067357512954,772.0,1.5771640859304406,5.142487046632124,0.6666666666666666,27.0,0.37606837606837606,117.0,0.0,1.0,0.5,8.0,0.07979232273392177,1.4497424114390536,0.12679262092607363,14.087628434135432
dichotomous|medium|2,dichotomous,medium,5,2,boundary_dilate,4.0,0.6363199230645937,1.1430730478589421,3970.0,0.1260018119729598,14349.0,0.020100502512562814,199.0,0.06349206349206349,126.0,0.4028497409326425,772.0,2.5888338241802678,5.142487046632124,0.6296296296296297,27.0,0.6410256410256411,117.0,0.0,1.0,0.625,8.0,0.09545556770545577,1.4497424114390536,0.16491590400381914,14.087628434135432
dichotomous|medium|2,dichotomous,medium,5,2,boundary_dilate,5.0,0.5996525942149384,1.335264483627204,3970.0,0.15785072130462052,14349.0,0.02512562814070352,199.0,0.07936507936507936,126.0,0.4481865284974093,772.0,3.23198164638545,5.142487046632124,0.7407407407407407,27.0,0.7606837606837606,117.0,0.0,1.0,0.75,8.0,0.10816370064006148,1.4497424114390536,0.20236662766522737,14.087628434135432
dichotomous|medium|2,dichotomous,medium,5,2,junction_break,0.0,1.0,0.0,3970.0,0.0,14349.0,0.0,199.0,0.0,126.0,0.0,772.0,0.0,5.142487046632124,0.0,27.0,0.0,117.0,0.0,1.0,0.0,8.0,0.0,1.4497424114390536,0.0,14.087628434135432
dichotomous|medium|2,dichotomous,medium,5,2,junction_break,0.1,0.9634464751958225,0.07052896725440806,3970.0,0.0,14349.0,0.0,199.0,0.0,126.0,0.046632124352331605,772.0,0.025065710217938793,5.142487046632124,1.037037037037037,27.0,0.27350427350427353,117.0,14.0,1.0,0.75,8.0,0.007593196175531927,1.4497424114390536,0.03604953107386013,14.087628434135432
dichotomous|medium|2,dichotomous,medium,5,2,junction_break,0.2,0.9366546136333199,0.11914357682619647,3970.0,0.0,14349.0,0.0,199.0,0.0,126.0,0.06994818652849741,772.0,0.05289532215852878,5.142487046632124,1.4814814814814814,27.0,0.42735042735042733,117.0,27.0,1.0,1.0,8.0,0.011537894105837377,1.4497424114390536,0.05249071136156766,14.087628434135432
dichotomous|medium|2,dichotomous,medium,5,2,junction_break,0.4,0.8973753645327038,0.18614609571788412,3970.0,0.0,14349.0,0.0,199.0,0.0,126.0,0.07642487046632124,772.0,0.11880054122609607,5.142487046632124,1.9259259259259258,27.0,0.5213675213675214,117.0,34.0,1.0,0.875,8.0,0.01846533488516048,1.4497424114390536,0.05315624805680173,14.087628434135432
dichotomous|medium|2,dichotomous,medium,5,2,junction_break,0.6,0.8769448373408769,0.21914357682619648,3970.0,0.007805421980625828,14349.0,0.0,199.0,0.0,126.0,0.13989637305699482,772.0,0.09213680920154155,5.142487046632124,2.4814814814814814,27.0,0.6239316239316239,117.0,42.0,1.0,0.875,8.0,0.025724861417606958,1.4497424114390536,0.08181869074135817,14.087628434135432
dichotomous|medium|2,dichotomous,medium,5,2,junction_break,0.8,0.8618119266055045,0.24282115869017631,3970.0,0.020071085093037844,14349.0,0.0,199.0,0.007936507936507936,126.0,0.1567357512953368,772.0,0.10208592090447934,5.142487046632124,2.5185185185185186,27.0,0.5726495726495726,117.0,45.0,1.0,0.875,8.0,0.03027497478370549,1.4497424114390536,0.10008973301319408,14.087628434135432
dichotomous|medium|2,dichotomous,medium,5,2,thin_dropout,0.0,1.0,0.0,3970.0,0.0,14349.0,0.0,199.0,0.0,126.0,0.0,772.0,0.0,5.142487046632124,0.0,27.0,0.0,117.0,0.0,1.0,0.0,8.0,0.0,1.4497424114390536,0.0,14.087628434135432
dichotomous|medium|2,dichotomous,medium,5,2,thin_dropout,0.1,0.7808997389835713,0.35944584382871536,3970.0,0.03115199665481915,14349.0,0.005025125628140704,199.0,0.015873015873015872,126.0,0.01683937823834197,772.0,0.37005374705193406,5.142487046632124,0.0,27.0,0.008547008547008548,117.0,0.0,1.0,0.5,8.0,0.055322450183121256,1.4497424114390536,0.170136726548418,14.087628434135432
dichotomous|medium|2,dichotomous,medium,5,2,thin_dropout,0.2,0.7808997389835713,0.35944584382871536,3970.0,0.03115199665481915,14349.0,0.005025125628140704,199.0,0.015873015873015872,126.0,0.01683937823834197,772.0,0.37005374705193406,5.142487046632124,0.0,27.0,0.008547008547008548,117.0,0.0,1.0,0.5,8.0,0.055322450183121256,1.4497424114390536,0.170136726548418,14.087628434135432
dichotomous|medium|2,dichotomous,medium,5,2,thin_dropout,0.3,0.7808997389835713,0.35944584382871536,3970.0,0.03115199665481915,14349.0,0.005025125628140704,199.0,0.015873015873015872,126.0,0.01683937823834197,772.0,0.37005374705193406,5.142487046632124,0.0,27.0,0.008547008547008548,117.0,0.0,1.0,0.5,8.0,0.055322450183121256,1.4497424114390536,0.170136726548418,14.087628434135432
dichotomous|medium|2,dichotomous,medium,5,2,thin_dropout,0.4,0.6815011624045167,0.48312342569269523,3970.0,0.07721792459404836,14349.0,0.010050251256281407,199.0,0.03968253968253968,126.0,0.23963730569948186,772.0,0.3202236535515514,5.142487046632124,0.6296296296296297,27.0,0.6068376068376068,117.0,28.0,1.0,0.875,8.0,0.09686990157156074,1.4497424114390536,0.41610788533792453,14.087628434135432
dichotomous|medium|2,dichotomous,medium,5,2,thin_dropout,0.5,0.5018867924528302,0.6649874055415617,3970.0,0.15562060073872744,14349.0,0.04522613065326633,199.0,0.07142857142857142,126.0,0.4533678756476684,772.0,0.38713335800494225,5.142487046632124,0.2962962962962963,27.0,0.7435897435897436,117.0,20.0,1.0,1.0,8.0,0.1615090938252868,1.4497424114390536,0.8605138849736506,14.087628434135432
dichotomous|medium|2,dichotomous,medium,5,2,speckle,0.0,1.0,0.0,3970.0,0.0,14349.0,0.0,199.0,0.0,126.0,0.0,772.0,0.0,5.142487046632124,0.0,27.0,0.0,117.0,0.0,1.0,0.0,8.0,0.0,1.4497424114390536,0.0,14.087628434135432
dichotomous|medium|2,dichotomous,medium,5,2,speckle,0.0002,0.9963608984816162,0.007304785894206549,3970.0,6.6699421562478225,14349.0,0.8743718592964824,199.0,1.8492063492063493,126.0,0.03756476683937824,772.0,0.02916442607949116,5.142487046632124,0.0,27.0,0.0,117.0,29.0,1.0,0.0,8.0,0.2533369483850203,1.4497424114390536,0.013373538544938456,14.087628434135432
dichotomous|medium|2,dichotomous,medium,5,2,speckle,0.0005,0.9910134797803295,0.0181360201511335,3970.0,8.562966060352638,14349.0,0.9246231155778895,199.0,1.9682539682539681,126.0,0.09067357512953368,772.0,0.06650711691606276,5.142487046632124,0.0,27.0,0.0,117.0,69.0,1.0,0.0,8.0,0.2557451792947784,1.4497424114390536,0.02896089521897141,14.087628434135432
dichotomous|medium|2,dichotomous,medium,5,2,speckle,0.001,0.9823085488061364,0.03602015113350126,3970.0,8.032894278346923,14349.0,0.9296482412060302,199.0,1.9126984126984128,126.0,0.18652849740932642,772.0,0.12684764555124128,5.142487046632124,0.037037037037037035,27.0,0.03418803418803419,117.0,140.0,1.0,0.125,8.0,0.27712415337472607,1.4497424114390536,0.061525962810414545,14.087628434135432
dichotomous|medium|2,dichotomous,medium,5,2,speckle,0.002,0.9651148656861553,0.07229219143576826,3970.0,8.676841591748554,14349.0,0.9296482412060302,199.0,2.0238095238095237,126.0,0.3704663212435233,772.0,0.21757129320565866,5.142487046632124,0.25925925925925924,27.0,0.02564102564102564,117.0,282.0,1.0,0.0,8.0,0.24495048202890662,1.4497424114390536,0.1179346823423087,14.087628434135432
dichotomous|medium|2,dichotomous,medium,5,2,speckle,0.005,0.9171768511031535,0.1806045340050378,3970.0,8.986410202801588,14349.0,0.9296482412060302,199.0,2.0476190476190474,126.0,0.9326424870466321,772.0,0.38912419554162925,5.142487046632124,1.3703703703703705,27.0,0.07692307692307693,117.0,693.0,1.0,0.0,8.0,0.15559133618828283,1.4497424114390536,0.2556564492044587,14.087628434135432
dichotomous|medium|2,dichotomous,medium,5,2,blob,0.0,1.0,0.0,3970.0,0.0,14349.0,0.0,199.0,0.0,126.0,0.0,772.0,0.0,5.142487046632124,0.0,27.0,0.0,117.0,0.0,1.0,0.0,8.0,0.0,1.4497424114390536,0.0,14.087628434135432
dichotomous|medium|2,dichotomous,medium,5,2,blob,0.1,0.9529524723955833,0.09874055415617128,3970.0,2.862917276465259,14349.0,0.7286432160804021,199.0,1.007936507936508,126.0,0.0051813471502590676,772.0,0.09307694305227349,5.142487046632124,0.0,27.0,0.0,117.0,4.0,1.0,0.0,8.0,0.09377963723734864,1.4497424114390536,0.12696127081593023,14.087628434135432
dichotomous|medium|2,dichotomous,medium,5,2,blob,0.25,0.884482566558984,0.26120906801007554,3970.0,4.5414314586382325,14349.0,0.8743718592964824,199.0,1.4841269841269842,126.0,0.027202072538860103,772.0,0.22781008890766513,5.142487046632124,0.2222222222222222,27.0,0.0,117.0,10.0,1.0,0.0,8.0,0.08699647440207794,1.4497424114390536,0.25596689163085,14.087628434135432
dichotomous|medium|2,dichotomous,medium,5,2,blob,0.5,0.8158651870119195,0.4513853904282116,3970.0,6.241480242525611,14349.0,0.9045226130653267,199.0,1.880952380952381,126.0,0.04922279792746114,772.0,0.38329570544515973,5.142487046632124,0.4444444444444444,27.0,0.0,117.0,20.0,1.0,0.0,8.0,0.12403690366311525,1.4497424114390536,0.39375958662743005,14.087628434135432
dichotomous|medium|2,dichotomous,medium,5,2,blob,0.75,0.6974701335207308,0.8675062972292191,3970.0,7.1887239528887035,14349.0,0.9296482412060302,199.0,2.0396825396825395,126.0,0.09715025906735751,772.0,0.7021426935784619,5.142487046632124,0.5925925925925926,27.0,0.05128205128205128,117.0,28.0,1.0,0.125,8.0,0.12301792122131625,1.4497424114390536,0.4965737236388843,14.087628434135432
dichotomous|medium|2,dichotomous,medium,5,2,blob,1.0,0.6656048285690335,1.004785894206549,3970.0,6.532929123980765,14349.0,0.864321608040201,199.0,1.7857142857142858,126.0,0.10751295336787564,772.0,0.8101692518449777,5.142487046632124,0.5925925925925926,27.0,0.008547008547008548,117.0,33.0,1.0,0.125,8.0,0.1268056021180391,1.4497424114390536,0.5646855564205502,14.087628434135432
dichotomous|thick|0,dichotomous,thick,8,0,boundary_erode,0.0,1.0,0.0,5244.0,0.0,14058.0,0.0,174.0,0.0,138.0,0.0,698.0,0.0,7.512893982808023,0.0,26.0,0.0,130.0,0.0,1.0,0.0,11.0,0.0,1.5302589845283858,0.0,13.946233546869689
dichotomous|thick|0,dichotomous,thick,8,0,boundary_erode,-1.0,0.869340232858991,0.2311212814645309,5244.0,0.03243704652155356,14058.0,0.011494252873563218,174.0,0.014492753623188406,138.0,0.0014326647564469914,698.0,0.23222125101894495,7.512893982808023,0.19230769230769232,26.0,0.08461538461538462,130.0,0.0,1.0,0.8181818181818182,11.0,0.03795243029421132,1.5302589845283858,0.12013690455582694,13.946233546869689
dichotomous|thick|0,dichotomous,thick,8,0,boundary_erode,-2.0,0.712180746561886,0.4469870327993898,5244.0,0.13707497510314412,14058.0,0.040229885057471264,174.0,0.07246376811594203,138.0,0.24498567335243554,698.0,0.267546392588186,7.512893982808023,0.038461538461538464,26.0,0.5461538461538461,130.0,7.0,1.0,0.8181818181818182,11.0,0.10082589349780993,1.5302589845283858,0.3681464343109392,13.946233546869689
dichotomous|thick|0,dichotomous,thick,8,0,boundary_erode,-3.0,0.5547747002893758,0.6161327231121282,5244.0,0.30957461943377435,14058.0,0.08620689655172414,174.0,0.2028985507246377,138.0,0.47421203438395415,698.0,0.2699200019952736,7.512893982808023,0.23076923076923078,26.0,0.7923076923076923,130.0,6.0,1.0,1.0,11.0,0.15939295851642832,1.5302589845283858,0.7447894659767564,13.946233546869689
dichotomous|thick|0,dichotomous,thick,8,0,boundary_erode,-4.0,0.4084977238239757,0.7433257055682685,5244.0,0.3750889173424385,14058.0,0.1206896551724138,174.0,0.2536231884057971,138.0,0.5931232091690545,698.0,0.3691596566431387,7.512893982808023,0.23076923076923078,26.0,0.8538461538461538,130.0,8.0,1.0,1.0,11.0,0.22414431414563807,1.5302589845283858,1.2788728741037343,13.946233546869689
dichotomous|thick|0,dichotomous,thick,8,0,boundary_erode,-5.0,0.2795275590551181,0.8375286041189931,5244.0,0.5513586569924598,14058.0,0.19540229885057472,174.0,0.39855072463768115,138.0,0.7277936962750716,698.0,0.4031313982897748,7.512893982808023,0.4230769230769231,26.0,0.9153846153846154,130.0,6.0,1.0,1.0,11.0,0.2637460133856333,1.5302589845283858,2.067243949030405,13.946233546869689
dichotomous|thick|0,dichotomous,thick,8,0,boundary_dilate,0.0,1.0,0.0,5244.0,0.0,14058.0,0.0,174.0,0.0,138.0,0.0,698.0,0.0,7.512893982808023,0.0,26.0,0.0,130.0,0.0,1.0,0.0,11.0,0.0,1.5302589845283858,0.0,13.946233546869689
dichotomous|thick|0,dichotomous,thick,8,0,boundary_dilate,1.0,0.9000257444434909,0.2221586575133486,5244.0,0.03151230616019349,14058.0,0.005747126436781609,174.0,0.014492753623188406,138.0,0.03724928366762178,698.0,0.26944455795285327,7.512893982808023,0.5,26.0,0.03076923076923077,130.0,0.0,1.0,0.5454545454545454,11.0,0.026576596245585636,1.5302589845283858,0.06170770434779987,13.946233546869689
dichotomous|thick|0,dichotomous,thick,8,0,boundary_dilate,2.0,0.8292875780817586,0.41170861937452324,5244.0,0.06316688006828852,14058.0,0.011494252873563218,174.0,0.028985507246376812,138.0,0.2177650429799427,698.0,0.8047117515080903,7.512893982808023,0.7307692307692307,26.0,0.3230769230769231,130.0,0.0,1.0,0.0,11.0,0.040255130954259644,1.5302589845283858,0.10305797973468822,13.946233546869689
dichotomous|thick|0,dichotomous,thick,8,0,boundary_dilate,3.0,0.7768313458262351,0.5745614035087719,5244.0,0.0949637217242851,14058.0,0.017241379310344827,174.0,0.043478260869565216,138.0,0.3424068767908309,698.0,1.3944310667736879,7.512893982808023,0.7692307692307693,26.0,0.823076923076923,130.0,0.0,1.0,0.8181818181818182,11.0,0.05616103519153931,1.5302589845283858,0.13931198196350073,13.946233546869689
dichotomous|thick|0,dichotomous,thick,8,0,boundary_dilate,4.0,0.7332214765100671,0.7276887871853547,5244.0,0.12690283112818324,14058.0,0.022988505747126436,174.0,0.057971014492753624,138.0,0.30515759312320917,698.0,1.4864469555780981,7.512893982808023,0.8846153846153846,26.0,0.7230769230769231,130.0,0.0,1.0,0.5454545454545454,11.0,0.07144302592380036,1.5302589845283858,0.17159085371905886,13.946233546869689
dichotomous|thick|0,dichotomous,thick,8,0,boundary_dilate,5.0,0.6971086739780658,0.8689931350114416,5244.0,0.15898420827998294,14058.0,0.028735632183908046,174.0,0.07246376811594203,138.0,0.37106017191977075,698.0,1.9716565107926796,7.512893982808023,0.8846153846153846,26.0,0.823076923076923,130.0,0.0,1.0,0.7272727272727273,11.0,0.08261127943449645,1.5302589845283858,0.20095758470362937,13.946233546869689
dichotomous|thick|0,dichotomous,thick,8,0,junction_break,0.0,1.0,0.0,5244.0,0.0,14058.0,0.0,174.0,0.0,138.0,0.0,698.0,0.0,7.512893982808023,0.0,26.0,0.0,130.0,0.0,1.0,0.0,11.0,0.0,1.5302589845283858,0.0,13.946233546869689
dichotomous|thick|0,dichotomous,thick,8,0,junction_break,0.1,0.9693396226415094,0.059496567505720827,5244.0,0.0,14058.0,0.0,174.0,0.0,138.0,0.034383954154727794,698.0,0.09075983949999045,7.512893982808023,0.4230769230769231,26.0,0.14615384615384616,130.0,8.0,1.0,0.36363636363636365,11.0,0.004703422062272218,1.5302589845283858,0.02365406160488489,13.946233546869689
dichotomous|thick|0,dichotomous,thick,8,0,junction_break,0.2,0.9537110933758979,0.08848207475209764,5244.0,0.014369042538056622,14058.0,0.0,174.0,0.007246376811594203,138.0,0.008595988538681949,698.0,0.09625069343318764,7.512893982808023,0.7307692307692307,26.0,0.16153846153846155,130.0,14.0,1.0,0.36363636363636365,11.0,0.008180640611313211,1.5302589845283858,0.046672426095745984,13.946233546869689
dichotomous|thick|0,dichotomous,thick,8,0,junction_break,0.4,0.9140608821702215,0.15827612509534705,5244.0,0.017712334613743063,14058.0,0.0,174.0,0.007246376811594203,138.0,0.02005730659025788,698.0,0.1748268754445958,7.512893982808023,1.5769230769230769,26.0,0.2846153846153846,130.0,27.0,1.0,0.5454545454545454,11.0,0.01459130861196984,1.5302589845283858,0.07075801377427003,13.946233546869689
dichotomous|thick|0,dichotomous,thick,8,0,junction_break,0.6,0.9012048192771084,0.17982456140350878,5244.0,0.017712334613743063,14058.0,0.0,174.0,0.007246376811594203,138.0,0.0057306590257879654,698.0,0.18449792572599588,7.512893982808023,1.4230769230769231,26.0,0.2692307692307692,130.0,25.0,1.0,0.45454545454545453,11.0,0.017782378235591666,1.5302589845283858,0.09351623587950218,13.946233546869689
dichotomous|thick|0,dichotomous,thick,8,0,junction_break,0.8,0.8857962392435993,0.2049961861174676,5244.0,0.0,14058.0,0.0,174.0,0.0,138.0,0.01862464183381089,698.0,0.18990852249633922,7.512893982808023,1.5384615384615385,26.0,0.33076923076923076,130.0,30.0,1.0,0.5454545454545454,11.0,0.023559148883498266,1.5302589845283858,0.12843136517513024,13.946233546869689
dichotomous|thick|0,dichotomous,thick,8,0,thin_dropout,0.0,1.0,0.0,5244.0,0.0,14058.0,0.0,174.0,0.0,138.0,0.0,698.0,0.0,7.512893982808023,0.0,26.0,0.0,130.0,0.0,1.0,0.0,11.0,0.0,1.5302589845283858,0.0,13.946233546869689
dichotomous|thick|0,dichotomous,thick,8,0,thin_dropout,0.1,0.8709225966196577,0.2286422578184592,5244.0,0.03137003841229193,14058.0,0.005747126436781609,174.0,0.014492753623188406,138.0,0.0071633237822349575,698.0,0.23412844375147154,7.512893982808023,0.19230769230769232,26.0,0.08461538461538462,130.0,0.0,1.0,0.8181818181818182,11.0,0.03795243029421132,1.5302589845283858,0.1202384042738602,13.946233546869689
dichotomous|thick|0,dichotomous,thick,8,0,thin_dropout,0.2,0.8709225966196577,0.2286422578184592,5244.0,0.03137003841229193,14058.0,0.005747126436781609,174.0,0.014492753623188406,138.0,0.0071633237822349575,698.0,0.23412844375147154,7.512893982808023,0.19230769230769232,26.0,0.08461538461538462,130.0,0.0,1.0,0.8181818181818182,11.0,0.03795243029421132,1.5302589845283858,0.1202384042738602,13.946233546869689
dichotomous|thick|0,dichotomous,thick,8,0,thin_dropout,0.3,0.8107495180859507,0.31826849733028223,5244.0,0.06949779484990752,14058.0,0.017241379310344827,174.0,0.043478260869565216,138.0,0.1318051575931232,698.0,0.2147713055058366,7.512893982808023,0.038461538461538464,26.0,0.49230769230769234,130.0,7.0,1.0,0.8181818181818182,11.0,0.06444159380743351,1.5302589845283858,0.22630817099773476,13.946233546869689
dichotomous|thick|0,dichotomous,thick,8,0,thin_dropout,0.4,0.7156502571638501,0.44279176201373,5244.0,0.13536776212832552,14058.0,0.028735632183908046,174.0,0.07246376811594203,138.0,0.24068767908309455,698.0,0.26616726393506324,7.512893982808023,0.038461538461538464,26.0,0.5461538461538461,130.0,7.0,1.0,0.8181818181818182,11.0,0.10035631874236813,1.5302589845283858,0.3686259538646187,13.946233546869689
dichotomous|thick|0,dichotomous,thick,8,0,thin_dropout,0.5,0.6512345679012346,0.517162471395881,5244.0,0.21325935410442454,14058.0,0.034482758620689655,174.0,0.16666666666666666,138.0,0.37679083094555876,698.0,0.22524001157316073,7.512893982808023,0.11538461538461539,26.0,0.676923076923077,130.0,9.0,1.0,0.9090909090909091,11.0,0.1339271280760137,1.5302589845283858,0.5612462670104674,13.946233546869689
dichotomous|thick|0,dichotomous,thick,8,0,speckle,0.0,1.0,0.0,5244.0,0.0,14058.0,0.0,174.0,0.0,138.0,0.0,698.0,0.0,7.512893982808023,0.0,26.0,0.0,130.0,0.0,1.0,0.0,11.0,0.0,1.5302589845283858,0.0,13.946233546869689
dichotomous|thick|0,dichotomous,thick,8,0,speckle,0.0002,0.99733739064283,0.005339435545385202,5244.0,6.417342438469199,14058.0,1.1091954022988506,174.0,1.3840579710144927,138.0,0.04011461318051576,698.0,0.03343398621118607,7.512893982808023,0.0,26.0,0.0,130.0,28.0,1.0,0.0,11.0,0.24594908868595317,1.5302589845283858,0.010467271269659593,13.946233546869689
dichotomous|thick|0,dichotomous,thick,8,0,speckle,0.0005,0.9932758783975755,0.013539282990083905,5244.0,8.047801963294921,14058.0,1.1954022988505748,174.0,1.7536231884057971,138.0,0.1017191977077364,698.0,0.08003846615464419,7.512893982808023,0.0,26.0,0.0,130.0,71.0,1.0,0.0,11.0,0.26835091564054625,1.5302589845283858,0.023761061473031312,13.946233546869689
dichotomous|thick|0,dichotomous,thick,8,0,speckle,0.001,0.9866415804327375,0.02707856598016781,5244.0,8.645255370607483,14058.0,1.206896551724138,174.0,1.7608695652173914,138.0,0.1991404011461318,698.0,0.1434876474860727,7.512893982808023,0.0,26.0,0.0,130.0,139.0,1.0,0.0,11.0,0.28195284233711726,1.5302589845283858,0.045616643420247335,13.946233546869689
dichotomous|thick|0,dichotomous,thick,8,0,speckle,0.002,0.973635350909766,0.05415713196033562,5244.0,9.080381277564376,14058.0,1.2011494252873562,174.0,1.7608695652173914,138.0,0.4068767908309456,698.0,0.25071112208929297,7.512893982808023,0.34615384615384615,26.0,0.023076923076923078,130.0,273.0,1.0,0.0,11.0,0.2608980097124928,1.5302589845283858,0.09037340553798712,13.946233546869689
dichotomous|thick|0,dichotomous,thick,8,0,speckle,0.005,0.9365121885882668,0.13558352402745996,5244.0,9.341655996585574,14058.0,1.206896551724138,174.0,1.7826086956521738,138.0,1.021489971346705,698.0,0.4382442949885421,7.512893982808023,1.5769230769230769,26.0,0.1076923076923077,130.0,682.0,1.0,0.09090909090909091,11.0,0.18175480936136826,1.5302589845283858,0.2033018207607165,13.946233546869689
dichotomous|thick|0,dichotomous,thick,8,0,blob,0.0,1.0,0.0,5244.0,0.0,14058.0,0.0,174.0,0.0,138.0,0.0,698.0,0.0,7.512893982808023,0.0,26.0,0.0,130.0,0.0,1.0,0.0,11.0,0.0,1.5302589845283858,0.0,13.946233546869689
dichotomous|thick|0,dichotomous,thick,8,0,blob,0.1,0.9614961496149615,0.08009153318077804,5244.0,3.2254232465500072,14058.0,0.8333333333333334,174.0,1.3333333333333333,138.0,0.01002865329512894,698.0,0.06936722008536599,7.512893982808023,0.07692307692307693,26.0,0.0,130.0,4.0,1.0,0.0,11.0,0.09093229079932115,1.5302589845283858,0.08158919454791469,13.946233546869689
dichotomous|thick|0,dichotomous,thick,8,0,blob,0.25,0.9195160441872698,0.17505720823798626,5244.0,4.551074121496657,14058.0,1.0574712643678161,174.0,0.927536231884058,138.0,0.03151862464183381,698.0,0.13915268243071455,7.512893982808023,0.3076923076923077,26.0,0.0,130.0,10.0,1.0,0.0,11.0,0.13966902846443743,1.5302589845283858,0.21661616904209818,13.946233546869689
dichotomous|thick|0,dichotomous,thick,8,0,blob,0.5,0.8533767290480065,0.34363081617086194,5244.0,7.150377009531939,14058.0,1.1379310344827587,174.0,1.6231884057971016,138.0,0.050143266475644696,698.0,0.27947381949148925,7.512893982808023,0.2692307692307692,26.0,0.06923076923076923,130.0,18.0,1.0,0.0,11.0,0.15253064345796008,1.5302589845283858,0.3352608669359378,13.946233546869689
dichotomous|thick|0,dichotomous,thick,8,0,blob,0.75,0.7801829948672171,0.5635011441647597,5244.0,5.929790866410585,14058.0,1.206896551724138,174.0,1.4202898550724639,138.0,0.08595988538681948,698.0,0.4397411591385255,7.512893982808023,0.46153846153846156,26.0,0.0,130.0,27.0,1.0,0.0,11.0,0.1419128099894668,1.5302589845283858,0.45893760025852254,13.946233546869689
dichotomous|thick|0,dichotomous,thick,8,0,blob,1.0,0.718848526387937,0.7822273073989321,5244.0,8.136932707355243,14058.0,1.206896551724138,174.0,1.7753623188405796,138.0,0.1518624641833811,698.0,0.5472570405030531,7.512893982808023,0.8846153846153846,26.0,0.03076923076923077,130.0,36.0,1.0,0.0,11.0,0.14625605332369598,1.5302589845283858,0.5270015702969751,13.946233546869689
dichotomous|thick|1,dichotomous,thick,8,1,boundary_erode,0.0,1.0,0.0,5464.0,0.0,13240.0,0.0,193.0,0.0,119.0,0.0,767.0,0.0,7.123859191655802,0.0,24.0,0.0,161.0,0.0,1.0,0.0,18.0,0.0,1.5336079557472602,0.0,14.476085418177968
dichotomous|thick|1,dichotomous,thick,8,1,boundary_erode,-1.0,0.8681512169860176,0.23297950219619326,5464.0,0.03406344410876133,13240.0,0.010362694300518135,193.0,0.01680672268907563,119.0,0.028683181225554105,767.0,0.2103292324623896,7.123859191655802,0.16666666666666666,24.0,0.2670807453416149,161.0,0.0,1.0,0.7222222222222222,18.0,0.016011587447632418,1.5336079557472602,0.11433877047687747,14.476085418177968
dichotomous|thick|1,dichotomous,thick,8,1,boundary_erode,-2.0,0.7110167492333097,0.44838945827232796,5464.0,0.18036253776435046,13240.0,0.031088082901554404,193.0,0.12605042016806722,119.0,0.3116036505867014,767.0,0.19870211078574918,7.123859191655802,0.3333333333333333,24.0,0.6583850931677019,161.0,14.0,1.0,0.9444444444444444,18.0,0.07732864178893573,1.5336079557472602,0.3526079427648447,14.476085418177968
dichotomous|thick|1,dichotomous,thick,8,1,boundary_erode,-3.0,0.5609691861996313,0.6101756954612005,5464.0,0.383987915407855,13240.0,0.10362694300518134,193.0,0.29411764705882354,119.0,0.48370273794002605,767.0,0.24496151115843648,7.123859191655802,0.2916666666666667,24.0,0.7639751552795031,161.0,3.0,1.0,0.9444444444444444,18.0,0.13175002869569283,1.5336079557472602,0.658986114651375,14.476085418177968
dichotomous|thick|1,dichotomous,thick,8,1,boundary_erode,-4.0,0.41093500072706124,0.741398243045388,5464.0,0.41910876132930514,13240.0,0.11917098445595854,193.0,0.31092436974789917,119.0,0.5984354628422425,767.0,0.3560144558954954,7.123859191655802,0.16666666666666666,24.0,0.8198757763975155,161.0,9.0,1.0,1.0,18.0,0.19149989851372837,1.5336079557472602,1.192081554741836,14.476085418177968
dichotomous|thick|1,dichotomous,thick,8,1,boundary_erode,-5.0,0.2841890406657246,0.8343704245973645,5464.0,0.6180513595166163,13240.0,0.22279792746113988,193.0,0.48739495798319327,119.0,0.7627118644067796,767.0,0.30198964651746496,7.123859191655802,0.4583333333333333,24.0,0.9316770186335404,161.0,4.0,1.0,1.0,18.0,0.264989742719646,1.5336079557472602,1.9912063952499002,14.476085418177968
dichotomous|thick|1,dichotomous,thick,8,1,boundary_dilate,0.0,1.0,0.0,5464.0,0.0,13240.0,0.0,193.0,0.0,119.0,0.0,767.0,0.0,7.123859191655802,0.0,24.0,0.0,161.0,0.0,1.0,0.0,18.0,0.0,1.5336079557472602,0.0,14.476085418177968
dichotomous|thick|1,dichotomous,thick,8,1,boundary_dilate,1.0,0.9015014024088435,0.21852122986822842,5464.0,0.03308157099697885,13240.0,0.0051813471502590676,193.0,0.01680672268907563,119.0,0.1290743155149935,767.0,0.3991104540552863,7.123859191655802,0.4583333333333333,24.0,0.2919254658385093,161.0,0.0,1.0,0.3333333333333333,18.0,0.017825324258241692,1.5336079557472602,0.056746161686821325,14.476085418177968
dichotomous|thick|1,dichotomous,thick,8,1,boundary_dilate,2.0,0.8341984732824428,0.39751098096632503,5464.0,0.06631419939577039,13240.0,0.010362694300518135,193.0,0.03361344537815126,119.0,0.19295958279009126,767.0,0.731649309210293,7.123859191655802,0.5416666666666666,24.0,0.21739130434782608,161.0,0.0,1.0,0.1111111111111111,18.0,0.03484838905394008,1.5336079557472602,0.09631806495618467,14.476085418177968
dichotomous|thick|1,dichotomous,thick,8,1,boundary_dilate,3.0,0.7849446918546186,0.5479502196193266,5464.0,0.09969788519637462,13240.0,0.015544041450777202,193.0,0.05042016806722689,119.0,0.3116036505867014,767.0,1.2486322319091354,7.123859191655802,0.75,24.0,0.639751552795031,161.0,0.0,1.0,0.5555555555555556,18.0,0.04116295981272461,1.5336079557472602,0.13162646412720513,14.476085418177968
dichotomous|thick|1,dichotomous,thick,8,1,boundary_dilate,4.0,0.746448087431694,0.6793557833089312,5464.0,0.13323262839879155,13240.0,0.02072538860103627,193.0,0.06722689075630252,119.0,0.4015645371577575,767.0,1.8062437599083885,7.123859191655802,0.8333333333333334,24.0,0.782608695652174,161.0,0.0,1.0,0.7222222222222222,18.0,0.05531215701991502,1.5336079557472602,0.16370638476611432,14.476085418177968
dichotomous|thick|1,dichotomous,thick,8,1,boundary_dilate,5.0,0.7167781713236259,0.7902635431918009,5464.0,0.16691842900302115,13240.0,0.025906735751295335,193.0,0.08403361344537816,119.0,0.5332464146023468,767.0,2.8355646302461204,7.123859191655802,0.875,24.0,0.84472049689441,161.0,0.0,1.0,0.7777777777777778,18.0,0.06718823672042241,1.5336079557472602,0.19407392124861422,14.476085418177968
dichotomous|thick|1,dichotomous,thick,8,1,junction_break,0.0,1.0,0.0,5464.0,0.0,13240.0,0.0,193.0,0.0,119.0,0.0,767.0,0.0,7.123859191655802,0.0,24.0,0.0,161.0,0.0,1.0,0.0,18.0,0.0,1.5336079557472602,0.0,14.476085418177968
dichotomous|thick|1,dichotomous,thick,8,1,junction_break,0.1,0.9661305581835383,0.06551976573938506,5464.0,0.0,13240.0,0.0,193.0,0.0,119.0,0.02607561929595828,767.0,0.040500214621296354,7.123859191655802,0.4583333333333333,24.0,0.2236024844720497,161.0,6.0,1.0,0.3888888888888889,18.0,0.00585955111114786,1.5336079557472602,0.01639343064423872,14.476085418177968
dichotomous|thick|1,dichotomous,thick,8,1,junction_break,0.2,0.9417005616889406,0.11017569546120058,5464.0,0.022205438066465258,13240.0,0.0,193.0,0.01680672268907563,119.0,0.0560625814863103,767.0,0.05732701439052604,7.123859191655802,1.125,24.0,0.38509316770186336,161.0,17.0,1.0,0.6111111111111112,18.0,0.007249795300013228,1.5336079557472602,0.052258403597530506,14.476085418177968
dichotomous|thick|1,dichotomous,thick,8,1,junction_break,0.4,0.909925187032419,0.16526354319180087,5464.0,0.022205438066465258,13240.0,0.0,193.0,0.01680672268907563,119.0,0.0938722294654498,767.0,0.07878724838577156,7.123859191655802,1.1666666666666667,24.0,0.40993788819875776,161.0,23.0,1.0,0.6666666666666666,18.0,0.014613606927769807,1.5336079557472602,0.09472926458023204,14.476085418177968
dichotomous|thick|1,dichotomous,thick,8,1,junction_break,0.6,0.8769910595005652,0.21907027818448024,5464.0,0.0015105740181268882,13240.0,0.0,193.0,0.0,119.0,0.07692307692307693,767.0,0.15399280136652033,7.123859191655802,1.9583333333333333,24.0,0.3167701863354037,161.0,32.0,1.0,0.6111111111111112,18.0,0.026072822817427097,1.5336079557472602,0.1317677452143426,14.476085418177968
dichotomous|thick|1,dichotomous,thick,8,1,junction_break,0.8,0.8632060751066264,0.2406661786237189,5464.0,0.022205438066465258,13240.0,0.0,193.0,0.01680672268907563,119.0,0.11864406779661017,767.0,0.1384481642076811,7.123859191655802,1.9583333333333333,24.0,0.40372670807453415,161.0,31.0,1.0,0.6666666666666666,18.0,0.026672488311423766,1.5336079557472602,0.16039568301799337,14.476085418177968
dichotomous|thick|1,dichotomous,thick,8,1,thin_dropout,0.0,1.0,0.0,5464.0,0.0,13240.0,0.0,193.0,0.0,119.0,0.0,767.0,0.0,7.123859191655802,0.0,24.0,0.0,161.0,0.0,1.0,0.0,18.0,0.0,1.5336079557472602,0.0,14.476085418177968
dichotomous|thick|1,dichotomous,thick,8,1,thin_dropout,0.1,0.8696731485312371,0.23060029282576866,5464.0,0.03293051359516616,13240.0,0.0051813471502590676,193.0,0.01680672268907563,119.0,0.02346805736636245,767.0,0.212110046191408,7.123859191655802,0.16666666666666666,24.0,0.2670807453416149,161.0,0.0,1.0,0.7222222222222222,18.0,0.016011587447632418,1.5336079557472602,0.11440308675643604,14.476085418177968
dichotomous|thick|1,dichotomous,thick,8,1,thin_dropout,0.2,0.8696731485312371,0.23060029282576866,5464.0,0.03293051359516616,13240.0,0.0051813471502590676,193.0,0.01680672268907563,119.0,0.02346805736636245,767.0,0.212110046191408,7.123859191655802,0.16666666666666666,24.0,0.2670807453416149,161.0,0.0,1.0,0.7222222222222222,18.0,0.016011587447632418,1.5336079557472602,0.11440308675643604,14.476085418177968
dichotomous|thick|1,dichotomous,thick,8,1,thin_dropout,0.3,0.8174439995671464,0.3087481698389458,5464.0,0.07613293051359517,13240.0,0.010362694300518135,193.0,0.03361344537815126,119.0,0.1694915254237288,767.0,0.16767636776526132,7.123859191655802,0.16666666666666666,24.0,0.5838509316770186,161.0,8.0,1.0,0.8888888888888888,18.0,0.04025040254794461,1.5336079557472602,0.2066288468543592,14.476085418177968
dichotomous|thick|1,dichotomous,thick,8,1,thin_dropout,0.4,0.7143529411764706,0.4443631039531479,5464.0,0.17854984894259818,13240.0,0.02072538860103627,193.0,0.12605042016806722,119.0,0.3076923076923077,767.0,0.19741337237676915,7.123859191655802,0.3333333333333333,24.0,0.6583850931677019,161.0,14.0,1.0,0.9444444444444444,18.0,0.07686777364569247,1.5336079557472602,0.35293243409434927,14.476085418177968
dichotomous|thick|1,dichotomous,thick,8,1,thin_dropout,0.5,0.6617683076169483,0.5054904831625183,5464.0,0.31261329305135954,13240.0,0.046632124352331605,193.0,0.2773109243697479,119.0,0.41199478487614083,767.0,0.15900487934734264,7.123859191655802,0.3333333333333333,24.0,0.7515527950310559,161.0,7.0,1.0,0.9444444444444444,18.0,0.09145432785117347,1.5336079557472602,0.49631138189268825,14.476085418177968
dichotomous|thick|1,dichotomous,thick,8,1,speckle,0.0,1.0,0.0,5464.0,0.0,13240.0,0.0,193.0,0.0,119.0,0.0,767.0,0.0,7.123859191655802,0.0,24.0,0.0,161.0,0.0,1.0,0.0,18.0,0.0,1.5336079557472602,0.0,14.476085418177968
dichotomous|thick|1,dichotomous,thick,8,1,speckle,0.0002,0.9974443227455275,0.005124450951683748,5464.0,7.023187311178248,13240.0,0.8963730569948186,193.0,2.100840336134454,119.0,0.03650586701434159,767.0,0.03027615864158307,7.123859191655802,0.0,24.0,0.0,161.0,28.0,1.0,0.0,18.0,0.19294204760429084,1.5336079557472602,0.008748315846089207,14.476085418177968
dichotomous|thick|1,dichotomous,thick,8,1,speckle,0.0005,0.9935448677152469,0.012994143484626648,5464.0,8.72809667673716,13240.0,0.9689119170984456,193.0,2.2100840336134455,119.0,0.09256844850065189,767.0,0.07283232929271047,7.123859191655802,0.041666666666666664,24.0,0.018633540372670808,161.0,69.0,1.0,0.0,18.0,0.2621920623195562,1.5336079557472602,0.02060046386574546,14.476085418177968
dichotomous|thick|1,dichotomous,thick,8,1,speckle,0.001,0.9871725383920505,0.025988286969253295,5464.0,9.417522658610272,13240.0,0.9689119170984456,193.0,2.2016806722689077,119.0,0.18513689700130379,767.0,0.1342871109951405,7.123859191655802,0.0,24.0,0.0,161.0,141.0,1.0,0.0,18.0,0.2842077757340858,1.5336079557472602,0.0461999367792599,14.476085418177968
dichotomous|thick|1,dichotomous,thick,8,1,speckle,0.002,0.9746699964323938,0.05197657393850659,5464.0,9.939728096676737,13240.0,0.9896373056994818,193.0,2.226890756302521,119.0,0.3728813559322034,767.0,0.23374545848923597,7.123859191655802,0.125,24.0,0.018633540372670808,161.0,281.0,1.0,0.0,18.0,0.2586719518531642,1.5336079557472602,0.08595113864315825,14.476085418177968
dichotomous|thick|1,dichotomous,thick,8,1,speckle,0.005,0.9389929541158275,0.12994143484626647,5464.0,9.952945619335347,13240.0,0.9896373056994818,193.0,2.226890756302521,119.0,0.9230769230769231,767.0,0.4124304538799414,7.123859191655802,0.8333333333333334,24.0,0.07453416149068323,161.0,689.0,1.0,0.05555555555555555,18.0,0.18113341077580108,1.5336079557472602,0.19433550581228703,14.476085418177968
dichotomous|thick|1,dichotomous,thick,8,1,blob,0.0,1.0,0.0,5464.0,0.0,13240.0,0.0,193.0,0.0,119.0,0.0,767.0,0.0,7.123859191655802,0.0,24.0,0.0,161.0,0.0,1.0,0.0,18.0,0.0,1.5336079557472602,0.0,14.476085418177968
dichotomous|thick|1,dichotomous,thick,8,1,blob,0.1,0.9611257695690414,0.0808931185944363,5464.0,0.9611027190332326,13240.0,0.6424870466321243,193.0,0.3277310924369748,119.0,0.014341590612777053,767.0,0.06561056807446354,7.123859191655802,0.041666666666666664,24.0,0.018633540372670808,161.0,3.0,1.0,0.0,18.0,0.062083949939719024,1.5336079557472602,0.107074988567104,14.476085418177968
dichotomous|thick|1,dichotomous,thick,8,1,blob,0.25,0.9466389466389467,0.11273792093704246,5464.0,3.128700906344411,13240.0,0.6683937823834197,193.0,1.4705882352941178,119.0,0.007822685788787484,767.0,0.10410088662187783,7.123859191655802,0.125,24.0,0.012422360248447204,161.0,8.0,1.0,0.0,18.0,0.14376622773991743,1.5336079557472602,0.15203893649767308,14.476085418177968
dichotomous|thick|1,dichotomous,thick,8,1,blob,0.5,0.8530169385684178,0.34461932650073207,5464.0,5.557175226586103,13240.0,0.8911917098445595,193.0,1.6890756302521008,119.0,0.05345501955671447,767.0,0.2763898804777989,7.123859191655802,0.125,24.0,0.09937888198757763,161.0,17.0,1.0,0.16666666666666666,18.0,0.13319748375796184,1.5336079557472602,0.35043091037441604,14.476085418177968
dichotomous|thick|1,dichotomous,thick,8,1,blob,0.75,0.763715144314767,0.6187774524158126,5464.0,7.319184290030211,13240.0,0.8652849740932642,193.0,2.2100840336134455,119.0,0.10560625814863103,767.0,0.4641536627393021,7.123859191655802,0.6666666666666666,24.0,0.0,161.0,27.0,1.0,0.0,18.0,0.15694362540345103,1.5336079557472602,0.4837083519323817,14.476085418177968
dichotomous|thick|1,dichotomous,thick,8,1,blob,1.0,0.7468051664047017,0.6780746705710102,5464.0,8.50762839879154,13240.0,0.9896373056994818,193.0,2.033613445378151,119.0,0.0847457627118644,767.0,0.54697508693265,7.123859191655802,0.5416666666666666,24.0,0.006211180124223602,161.0,37.0,1.0,0.05555555555555555,18.0,0.1545732067596071,1.5336079557472602,0.5129014553444993,14.476085418177968
dichotomous|thick|2,dichotomous,thick,8,2,boundary_erode,0.0,1.0,0.0,5541.0,0.0,14812.0,0.0,199.0,0.0,126.0,0.0,748.0,0.0,7.407754010695188,0.0,27.0,0.0,125.0,0.0,1.0,0.0,8.0,0.0,1.5205045643934894,0.0,13.757003865524295
dichotomous|thick|2,dichotomous,thick,8,2,boundary_erode,-1.0,0.8662915601023018,0.23587800036094567,5541.0,0.031190926275992438,14812.0,0.010050251256281407,199.0,0.015873015873015872,126.0,0.004010695187165776,748.0,0.23280099902011728,7.407754010695188,0.0,27.0,0.128,125.0,0.0,1.0,0.625,8.0,0.03660507622294594,1.5205045643934894,0.12621748839254002,13.757003865524295
dichotomous|thick|2,dichotomous,thick,8,2,boundary_erode,-2.0,0.7058273969403247,0.45461108103230463,5541.0,0.15480691331352958,14812.0,0.05527638190954774,199.0,0.07142857142857142,126.0,0.2647058823529412,748.0,0.2582710702039344,7.407754010695188,0.1111111111111111,27.0,0.632,125.0,9.0,1.0,0.75,8.0,0.0771198012900201,1.5205045643934894,0.38712416359987856,13.757003865524295
dichotomous|thick|2,dichotomous,thick,8,2,boundary_erode,-3.0,0.5506147004969919,0.6201046742465259,5541.0,0.38698352687010534,14812.0,0.1407035175879397,199.0,0.2619047619047619,126.0,0.4732620320855615,748.0,0.2787774018690391,7.407754010695188,0.2962962962962963,27.0,0.808,125.0,4.0,1.0,1.0,8.0,0.14638111900778136,1.5205045643934894,0.7433650079288862,13.757003865524295
dichotomous|thick|2,dichotomous,thick,8,2,boundary_erode,-4.0,0.40500863557858374,0.7460747157552788,5541.0,0.4867674858223062,14812.0,0.15577889447236182,199.0,0.373015873015873,126.0,0.6216577540106952,748.0,0.3288476586040586,7.407754010695188,0.48148148148148145,27.0,0.824,125.0,6.0,1.0,1.0,8.0,0.19602366687566858,1.5205045643934894,1.293409502884705,13.757003865524295
dichotomous|thick|2,dichotomous,thick,8,2,boundary_erode,-5.0,0.28079429103319886,0.8366720808518318,5541.0,0.6030245746691871,14812.0,0.21608040201005024,199.0,0.46825396825396826,126.0,0.7312834224598931,748.0,0.3921926192894039,7.407754010695188,0.5185185185185185,27.0,0.896,125.0,5.0,1.0,1.0,8.0,0.24561614912802376,1.5205045643934894,2.0594510632728737,13.757003865524295
dichotomous|thick|2,dichotomous,thick,8,2,boundary_dilate,0.0,1.0,0.0,5541.0,0.0,14812.0,0.0,199.0,0.0,126.0,0.0,748.0,0.0,7.407754010695188,0.0,27.0,0.0,125.0,0.0,1.0,0.0,8.0,0.0,1.5205045643934894,0.0,13.757003865524295
dichotomous|thick|2,dichotomous,thick,8,2,boundary_dilate,1.0,0.8982006808234722,0.22667388558022017,5541.0,0.030313259519308668,14812.0,0.005025125628140704,199.0,0.015873015873015872,126.0,0.04411764705882353,748.0,0.28328960337623016,7.407754010695188,0.4074074074074074,27.0,0.016,125.0,0.0,1.0,0.75,8.0,0.0191549982573232,1.5205045643934894,0.06431226958930951,13.757003865524295
dichotomous|thick|2,dichotomous,thick,8,2,boundary_dilate,2.0,0.8256593652212785,0.4223064428803465,5541.0,0.060761544693491765,14812.0,0.010050251256281407,199.0,0.031746031746031744,126.0,0.16176470588235295,748.0,0.6967866336116414,7.407754010695188,0.5555555555555556,27.0,0.224,125.0,0.0,1.0,0.625,8.0,0.038606964043482433,1.5205045643934894,0.1099651470886151,13.757003865524295
dichotomous|thick|2,dichotomous,thick,8,2,boundary_dilate,3.0,0.7737205892620261,0.5849124706731637,5541.0,0.09134485552254928,14812.0,0.01507537688442211,199.0,0.047619047619047616,126.0,0.3609625668449198,748.0,1.480155916450892,7.407754010695188,0.6296296296296297,27.0,0.592,125.0,0.0,1.0,0.375,8.0,0.04579368468675007,1.5205045643934894,0.15079049267631392,13.757003865524295
dichotomous|thick|2,dichotomous,thick,8,2,boundary_dilate,4.0,0.7347831852539451,0.7218913553510197,5541.0,0.12206319200648123,14812.0,0.020100502512562814,199.0,0.06349206349206349,126.0,0.39572192513368987,748.0,1.849501623456997,7.407754010695188,0.6296296296296297,27.0,0.752,125.0,0.0,1.0,0.75,8.0,0.05939683198088563,1.5205045643934894,0.1887166740816088,13.757003865524295
dichotomous|thick|2,dichotomous,thick,8,2,boundary_dilate,5.0,0.7013480159483577,0.8516513264753655,5541.0,0.1529165541452876,14812.0,0.02512562814070352,199.0,0.07936507936507936,126.0,0.446524064171123,748.0,2.3454956333419643,7.407754010695188,0.7407407407407407,27.0,0.8,125.0,0.0,1.0,0.75,8.0,0.06840187557458265,1.5205045643934894,0.22287407619927097,13.757003865524295
dichotomous|thick|2,dichotomous,thick,8,2,junction_break,0.0,1.0,0.0,5541.0,0.0,14812.0,0.0,199.0,0.0,126.0,0.0,748.0,0.0,7.407754010695188,0.0,27.0,0.0,125.0,0.0,1.0,0.0,8.0,0.0,1.5205045643934894,0.0,13.757003865524295
dichotomous|thick|2,dichotomous,thick,8,2,junction_break,0.1,0.9751225376861186,0.048547193647356074,5541.0,0.0,14812.0,0.0,199.0,0.0,126.0,0.026737967914438502,748.0,0.07332461047945626,7.407754010695188,0.5925925925925926,27.0,0.016,125.0,7.0,1.0,0.25,8.0,0.003543545794057644,1.5205045643934894,0.01532057714152145,13.757003865524295
dichotomous|thick|2,dichotomous,thick,8,2,junction_break,0.2,0.9486765961483731,0.09763580581122541,5541.0,0.0,14812.0,0.0,199.0,0.0,126.0,0.08689839572192513,748.0,0.16978054458400568,7.407754010695188,1.0740740740740742,27.0,0.192,125.0,14.0,1.0,0.125,8.0,0.0067343788928672585,1.5205045643934894,0.021054630279025897,13.757003865524295
dichotomous|thick|2,dichotomous,thick,8,2,junction_break,0.4,0.9155494666797143,0.15574805991698248,5541.0,0.0,14812.0,0.0,199.0,0.0,126.0,0.10160427807486631,748.0,0.2336159573032803,7.407754010695188,1.8148148148148149,27.0,0.088,125.0,29.0,1.0,0.125,8.0,0.013042298543131771,1.5205045643934894,0.06237403451230846,13.757003865524295
dichotomous|thick|2,dichotomous,thick,8,2,junction_break,0.6,0.8922431027588964,0.1945497202670998,5541.0,0.022414258709154738,14812.0,0.0,199.0,0.007936507936507936,126.0,0.02807486631016043,748.0,0.21654511152118425,7.407754010695188,1.9259259259259258,27.0,0.04,125.0,35.0,1.0,0.375,8.0,0.020466910131786104,1.5205045643934894,0.09945945418047422,13.757003865524295
dichotomous|thick|2,dichotomous,thick,8,2,junction_break,0.8,0.8957752092467118,0.18877458942429165,5541.0,0.004050769646232784,14812.0,0.0,199.0,0.0,126.0,0.008021390374331552,748.0,0.18221481521478464,7.407754010695188,1.5555555555555556,27.0,0.2,125.0,30.0,1.0,0.25,8.0,0.0198789340925519,1.5205045643934894,0.10044717487940633,13.757003865524295
dichotomous|thick|2,dichotomous,thick,8,2,thin_dropout,0.0,1.0,0.0,5541.0,0.0,14812.0,0.0,199.0,0.0,126.0,0.0,748.0,0.0,7.407754010695188,0.0,27.0,0.0,125.0,0.0,1.0,0.0,8.0,0.0,1.5205045643934894,0.0,13.757003865524295
dichotomous|thick|2,dichotomous,thick,8,2,thin_dropout,0.1,0.8677973028197793,0.23353185345605487,5541.0,0.03017823386443424,14812.0,0.005025125628140704,199.0,0.015873015873015872,126.0,0.001336898395721925,748.0,0.2345551754140575,7.407754010695188,0.0,27.0,0.128,125.0,0.0,1.0,0.625,8.0,0.03660507622294594,1.5205045643934894,0.12629510197130506,13.757003865524295
dichotomous|thick|2,dichotomous,thick,8,2,thin_dropout,0.2,0.8677973028197793,0.23353185345605487,5541.0,0.03017823386443424,14812.0,0.005025125628140704,199.0,0.015873015873015872,126.0,0.001336898395721925,748.0,0.2345551754140575,7.407754010695188,0.0,27.0,0.128,125.0,0.0,1.0,0.625,8.0,0.03660507622294594,1.5205045643934894,0.12629510197130506,13.757003865524295
dichotomous|thick|2,dichotomous,thick,8,2,thin_dropout,0.3,0.8115817694369973,0.3170907778379354,5541.0,0.07500675128274373,14812.0,0.010050251256281407,199.0,0.03968253968253968,126.0,0.1483957219251337,748.0,0.19809089768096658,7.407754010695188,0.1111111111111111,27.0,0.512,125.0,13.0,1.0,0.75,8.0,0.059405526978194415,1.5205045643934894,0.23687334776876273,13.757003865524295
dichotomous|thick|2,dichotomous,thick,8,2,thin_dropout,0.4,0.7091438555620267,0.45064067857787404,5541.0,0.15318660545503646,14812.0,0.04522613065326633,199.0,0.07142857142857142,126.0,0.2606951871657754,748.0,0.25692446216320036,7.407754010695188,0.1111111111111111,27.0,0.632,125.0,9.0,1.0,0.75,8.0,0.07666490464769948,1.5205045643934894,0.3875020259769854,13.757003865524295
dichotomous|thick|2,dichotomous,thick,8,2,thin_dropout,0.5,0.6536265338355,0.5145280635264393,5541.0,0.24628679449095328,14812.0,0.06532663316582915,199.0,0.15079365079365079,126.0,0.38636363636363635,748.0,0.2088605479690122,7.407754010695188,0.37037037037037035,27.0,0.696,125.0,7.0,1.0,0.875,8.0,0.10175372822163792,1.5205045643934894,0.5501115215900316,13.757003865524295
dichotomous|thick|2,dichotomous,thick,8,2,speckle,0.0,1.0,0.0,5541.0,0.0,14812.0,0.0,199.0,0.0,126.0,0.0,748.0,0.0,7.407754010695188,0.0,27.0,0.0,125.0,0.0,1.0,0.0,8.0,0.0,1.5205045643934894,0.0,13.757003865524295
dichotomous|thick|2,dichotomous,thick,8,2,speckle,0.0002,0.9974797479747974,0.005053239487457137,5541.0,5.831825546853902,14812.0,0.7638190954773869,199.0,1.7777777777777777,126.0,0.0374331550802139,748.0,0.031211568122915104,7.407754010695188,0.0,27.0,0.0,125.0,28.0,1.0,0.0,8.0,0.21337091976636188,1.5205045643934894,0.009374392254405247,13.757003865524295
dichotomous|thick|2,dichotomous,thick,8,2,speckle,0.0005,0.993633999820676,0.0128135715574806,5541.0,7.467391304347826,14812.0,0.9195979899497487,199.0,2.0317460317460316,126.0,0.09491978609625669,748.0,0.07498833757631819,7.407754010695188,0.0,27.0,0.0,125.0,71.0,1.0,0.0,8.0,0.26978122297256274,1.5205045643934894,0.022385189422654925,13.757003865524295
dichotomous|thick|2,dichotomous,thick,8,2,speckle,0.001,0.9873485388453315,0.0256271431149612,5541.0,8.196732379152039,14812.0,0.9296482412060302,199.0,2.0,126.0,0.18850267379679145,748.0,0.13704262874016773,7.407754010695188,0.0,27.0,0.0,125.0,141.0,1.0,0.0,8.0,0.26918165940166733,1.5205045643934894,0.04382651705898841,13.757003865524295
dichotomous|thick|2,dichotomous,thick,8,2,speckle,0.002,0.9750131972549709,0.0512542862299224,5541.0,8.47238725357818,14812.0,0.9296482412060302,199.0,2.0238095238095237,126.0,0.38235294117647056,748.0,0.23951817591877955,7.407754010695188,0.14814814814814814,27.0,0.0,125.0,281.0,1.0,0.0,8.0,0.24674024237845038,1.5205045643934894,0.08895913735827451,13.757003865524295
dichotomous|thick|2,dichotomous,thick,8,2,speckle,0.005,0.9397896879240163,0.128135715574806,5541.0,8.796921415068864,14812.0,0.9296482412060302,199.0,2.0396825396825395,126.0,0.9558823529411765,748.0,0.42320880707453534,7.407754010695188,1.037037037037037,27.0,0.04,125.0,690.0,1.0,0.125,8.0,0.17101594953957014,1.5205045643934894,0.1956496054961898,13.757003865524295
dichotomous|thick|2,dichotomous,thick,8,2,blob,0.0,1.0,0.0,5541.0,0.0,14812.0,0.0,199.0,0.0,126.0,0.0,748.0,0.0,7.407754010695188,0.0,27.0,0.0,125.0,0.0,1.0,0.0,8.0,0.0,1.5205045643934894,0.0,13.757003865524295
dichotomous|thick|2,dichotomous,thick,8,2,blob,0.1,0.966762627584402,0.06876015159718463,5541.0,3.0673102889549013,14812.0,0.7336683417085427,199.0,1.6587301587301588,126.0,0.004010695187165776,748.0,0.06449080345498544,7.407754010695188,0.0,27.0,0.0,125.0,3.0,1.0,0.0,8.0,0.04505436283782548,1.5205045643934894,0.09554808624892265,13.757003865524295
dichotomous|thick|2,dichotomous,thick,8,2,blob,0.25,0.8830278884462152,0.2649341274138242,5541.0,4.282541182824737,14812.0,0.8341708542713567,199.0,1.7857142857142858,126.0,0.0213903743315508,748.0,0.23844336034756614,7.407754010695188,0.0,27.0,0.056,125.0,9.0,1.0,0.125,8.0,0.10739675165032385,1.5205045643934894,0.28554825007774265,13.757003865524295
dichotomous|thick|2,dichotomous,thick,8,2,blob,0.5,0.8525271174705746,0.3459664320519762,5541.0,5.796178773967053,14812.0,0.9296482412060302,199.0,1.873015873015873,126.0,0.09893048128342247,748.0,0.2247967045923091,7.407754010695188,0.48148148148148145,27.0,0.112,125.0,17.0,1.0,0.25,8.0,0.1406573065069589,1.5205045643934894,0.3256366033904356,13.757003865524295
dichotomous|thick|2,dichotomous,thick,8,2,blob,0.75,0.7919108189223953,0.5255369066955423,5541.0,7.010464488252768,14812.0,0.9246231155778895,199.0,1.8412698412698412,126.0,0.0748663101604278,748.0,0.4192806047366487,7.407754010695188,0.4444444444444444,27.0,0.008,125.0,26.0,1.0,0.0,8.0,0.15442613377179315,1.5205045643934894,0.4498204338670536,13.757003865524295
dichotomous|thick|2,dichotomous,thick,8,2,blob,1.0,0.7524954165817885,0.6578234975636167,5541.0,7.485484742100999,14812.0,0.9296482412060302,199.0,2.0476190476190474,126.0,0.09090909090909091,748.0,0.5196715394333152,7.407754010695188,0.6666666666666666,27.0,0.064,125.0,35.0,1.0,0.125,8.0,0.14451140810014987,1.5205045643934894,0.48418339479363093,13.757003865524295
taproot|thin|0,taproot,thin,2,0,boundary_erode,0.0,1.0,0.0,5712.0,0.0,65283.0,0.0,373.0,0.0,246.0,0.0,1584.0,0.0,3.606060606060606,0.0,22.0,0.0,85.0,0.0,1.0,0.0,3.0,0.0,1.2981074924723948,0.0,4.76377924215009
taproot|thin|0,taproot,thin,2,0,boundary_erode,-1.0,0.6274179983179142,0.5428921568627451,5712.0,0.013709541534549577,65283.0,0.005361930294906166,373.0,0.008130081300813009,246.0,0.004419191919191919,1584.0,0.544903316449144,3.606060606060606,0.045454545454545456,22.0,0.03529411764705882,85.0,0.0,1.0,1.0,3.0,0.084238437759533,1.2981074924723948,0.2301579584437991,4.76377924215009
taproot|thin|0,taproot,thin,2,0,boundary_erode,-2.0,0.15055852355512384,0.9185924369747899,5712.0,0.4237090819968445,65283.0,0.013404825737265416,373.0,0.34146341463414637,246.0,0.7493686868686869,1584.0,0.6751899752344263,3.606060606060606,0.2727272727272727,22.0,1.0,85.0,13.0,1.0,1.0,3.0,0.38102008668624554,1.2981074924723948,2.459640953006164,4.76377924215009
taproot|thin|0,taproot,thin,2,0,boundary_erode,-3.0,0.00558659217877095,0.9971988795518207,5712.0,0.9848199378092306,65283.0,0.17962466487935658,373.0,0.975609756097561,246.0,0.98989898989899,1584.0,0.7226890756302521,3.606060606060606,0.7272727272727273,22.0,1.0,85.0,11.0,1.0,1.0,3.0,0.7854795963211282,1.2981074924723948,6.971783282935761,4.76377924215009
taproot|thin|0,taproot,thin,2,0,boundary_dilate,0.0,1.0,0.0,5712.0,0.0,65283.0,0.0,373.0,0.0,246.0,0.0,1584.0,0.0,3.606060606060606,0.0,22.0,0.0,85.0,0.0,1.0,0.0,3.0,0.0,1.2981074924723948,0.0,4.76377924215009
taproot|thin|0,taproot,thin,2,0,boundary_dilate,1.0,0.7866685029610246,0.5423669467787114,5712.0,0.013311275523490035,65283.0,0.002680965147453083,373.0,0.008130081300813009,246.0,0.013257575757575758,1584.0,0.5630897272536654,3.606060606060606,0.045454545454545456,22.0,0.023529411764705882,85.0,0.0,1.0,0.0,3.0,0.06950106851795809,1.2981074924723948,0.06313308957041736,4.76377924215009
taproot|thin|0,taproot,thin,2,0,boundary_dilate,2.0,0.6507918423151419,1.0731792717086834,5712.0,0.02663786897048236,65283.0,0.005361930294906166,373.0,0.016260162601626018,246.0,0.027777777777777776,1584.0,1.1324129651860744,3.606060606060606,0.045454545454545456,22.0,0.058823529411764705,85.0,0.0,1.0,0.0,3.0,0.09975894869937833,1.2981074924723948,0.10758066960294645,4.76377924215009
taproot|thin|0,taproot,thin,2,0,boundary_dilate,3.0,0.5564810755516586,1.594012605042017,5712.0,0.039995098264479265,65283.0,0.00804289544235925,373.0,0.024390243902439025,246.0,0.03409090909090909,1584.0,1.6855659911023233,3.606060606060606,0.09090909090909091,22.0,0.047058823529411764,85.0,0.0,1.0,0.0,3.0,0.13978292416332147,1.2981074924723948,0.1472661033541838,4.76377924215009
taproot|thin|0,taproot,thin,2,0,boundary_dilate,4.0,0.48722651085426705,2.1048669467787113,5712.0,0.05339828132898304,65283.0,0.010723860589812333,373.0,0.032520325203252036,246.0,0.04671717171717172,1584.0,2.257025989203629,3.606060606060606,0.09090909090909091,22.0,0.023529411764705882,85.0,0.0,1.0,0.0,3.0,0.17146521422581537,1.2981074924723948,0.18494186674651028,4.76377924215009
taproot|thin|0,taproot,thin,2,0,boundary_dilate,5.0,0.43419102276614346,2.606267507002801,5712.0,0.0668321002404914,65283.0,0.013404825737265416,373.0,0.04065040650406504,246.0,0.056818181818181816,1584.0,2.8235125375451386,3.606060606060606,0.13636363636363635,22.0,0.11764705882352941,85.0,0.0,1.0,0.3333333333333333,3.0,0.1999037111635649,1.2981074924723948,0.2214128385633434,4.76377924215009
taproot|thin|0,taproot,thin,2,0,junction_break,0.0,1.0,0.0,5712.0,0.0,65283.0,0.0,373.0,0.0,246.0,0.0,1584.0,0.0,3.606060606060606,0.0,22.0,0.0,85.0,0.0,1.0,0.0,3.0,0.0,1.2981074924723948,0.0,4.76377924215009
taproot|thin|0,taproot,thin,2,0,junction_break,0.1,0.9814550641940085,0.036414565826330535,5712.0,0.0,65283.0,0.0,373.0,0.0,246.0,0.02335858585858586,1584.0,0.013368243224891798,3.606060606060606,1.0454545454545454,22.0,0.09411764705882353,85.0,11.0,1.0,0.3333333333333333,3.0,0.002623318874292618,1.2981074924723948,0.018222140622146384,4.76377924215009
taproot|thin|0,taproot,thin,2,0,junction_break,0.2,0.967741935483871,0.0625,5712.0,0.0,65283.0,0.0,373.0,0.0,246.0,0.05366161616161616,1584.0,0.009339559706471007,3.606060606060606,1.8636363636363635,22.0,0.4823529411764706,85.0,25.0,1.0,1.0,3.0,0.0055735405071169475,1.2981074924723948,0.019682876795766566,4.76377924215009
taproot|thin|0,taproot,thin,2,0,junction_break,0.4,0.9555677454744926,0.08508403361344538,5712.0,0.0,65283.0,0.0,373.0,0.0,246.0,0.06502525252525253,1584.0,0.02145382123139592,3.606060606060606,2.5,22.0,0.4,85.0,31.0,1.0,0.6666666666666666,3.0,0.008507423760045851,1.2981074924723948,0.032563311095518147,4.76377924215009
taproot|thin|0,taproot,thin,2,0,junction_break,0.6,0.9377963737796374,0.1171218487394958,5712.0,0.0,65283.0,0.0,373.0,0.0,246.0,0.0928030303030303,1584.0,0.02680654725355695,3.606060606060606,3.090909090909091,22.0,0.5529411764705883,85.0,39.0,1.0,1.0,3.0,0.013391615410825562,1.2981074924723948,0.050920963444307354,4.76377924215009
taproot|thin|0,taproot,thin,2,0,junction_break,0.8,0.9341295017727188,0.12359943977591037,5712.0,0.0,65283.0,0.0,373.0,0.0,246.0,0.1029040404040404,1584.0,0.02306932625266857,3.606060606060606,3.3181818181818183,22.0,0.5529411764705883,85.0,41.0,1.0,1.0,3.0,0.013536307732204454,1.2981074924723948,0.0551137483349626,4.76377924215009
taproot|thin|0,taproot,thin,2,0,thin_dropout,0.0,1.0,0.0,5712.0,0.0,65283.0,0.0,373.0,0.0,246.0,0.0,1584.0,0.0,3.606060606060606,0.0,22.0,0.0,85.0,0.0,1.0,0.0,3.0,0.0,1.2981074924723948,0.0,4.76377924215009
taproot|thin|0,taproot,thin,2,0,thin_dropout,0.1,0.6274179983179142,0.5428921568627451,5712.0,0.013709541534549577,65283.0,0.005361930294906166,373.0,0.008130081300813009,246.0,0.004419191919191919,1584.0,0.544903316449144,3.606060606060606,0.045454545454545456,22.0,0.03529411764705882,85.0,0.0,1.0,1.0,3.0,0.084238437759533,1.2981074924723948,0.2301579584437991,4.76377924215009
taproot|thin|0,taproot,thin,2,0,thin_dropout,0.2,0.6274179983179142,0.5428921568627451,5712.0,0.013709541534549577,65283.0,0.005361930294906166,373.0,0.008130081300813009,246.0,0.004419191919191919,1584.0,0.544903316449144,3.606060606060606,0.045454545454545456,22.0,0.03529411764705882,85.0,0.0,1.0,1.0,3.0,0.084238437759533,1.2981074924723948,0.2301579584437991,4.76377924215009
taproot|thin|0,taproot,thin,2,0,thin_dropout,0.3,0.6274179983179142,0.5428921568627451,5712.0,0.013709541534549577,65283.0,0.005361930294906166,373.0,0.008130081300813009,246.0,0.004419191919191919,1584.0,0.544903316449144,3.606060606060606,0.045454545454545456,22.0,0.03529411764705882,85.0,0.0,1.0,1.0,3.0,0.084238437759533,1.2981074924723948,0.2301579584437991,4.76377924215009
taproot|thin|0,taproot,thin,2,0,thin_dropout,0.4,0.6274179983179142,0.5428921568627451,5712.0,0.013709541534549577,65283.0,0.005361930294906166,373.0,0.008130081300813009,246.0,0.004419191919191919,1584.0,0.544903316449144,3.606060606060606,0.045454545454545456,22.0,0.03529411764705882,85.0,0.0,1.0,1.0,3.0,0.084238437759533,1.2981074924723948,0.2301579584437991,4.76377924215009
taproot|thin|0,taproot,thin,2,0,thin_dropout,0.5,0.6274179983179142,0.5428921568627451,5712.0,0.013709541534549577,65283.0,0.005361930294906166,373.0,0.008130081300813009,246.0,0.004419191919191919,1584.0,0.544903316449144,3.606060606060606,0.045454545454545456,22.0,0.03529411764705882,85.0,0.0,1.0,1.0,3.0,0.084238437759533,1.2981074924723948,0.2301579584437991,4.76377924215009
taproot|thin|0,taproot,thin,2,0,speckle,0.0,1.0,0.0,5712.0,0.0,65283.0,0.0,373.0,0.0,246.0,0.0,1584.0,0.0,3.606060606060606,0.0,22.0,0.0,85.0,0.0,1.0,0.0,3.0,0.0,1.2981074924723948,0.0,4.76377924215009
taproot|thin|0,taproot,thin,2,0,speckle,0.0002,0.9975550122249389,0.004901960784313725,5712.0,0.8664123891365286,65283.0,0.024128686327077747,373.0,0.4065040650406504,246.0,0.017045454545454544,1584.0,0.01193997151933396,3.606060606060606,0.0,22.0,0.0,85.0,27.0,1.0,0.0,3.0,0.06557194424758776,1.2981074924723948,0.006483866092298184,4.76377924215009
taproot|thin|0,taproot,thin,2,0,speckle,0.0005,0.9938234014789039,0.012429971988795517,5712.0,0.8989323407318904,65283.0,0.00804289544235925,373.0,0.5284552845528455,246.0,0.04482323232323232,1584.0,0.031003579679605903,3.606060606060606,0.045454545454545456,22.0,0.03529411764705882,85.0,69.0,1.0,0.0,3.0,0.0776153946479052,1.2981074924723948,0.018966152834895438,4.76377924215009
taproot|thin|0,taproot,thin,2,0,speckle,0.001,0.9877226353103925,0.024859943977591035,5712.0,1.0260711058008976,65283.0,0.029490616621983913,373.0,0.5447154471544715,246.0,0.09027777777777778,1584.0,0.060001070491890976,3.606060606060606,0.13636363636363635,22.0,0.03529411764705882,85.0,140.0,1.0,0.0,3.0,0.07125558573659165,1.2981074924723948,0.03653570844518005,4.76377924215009
taproot|thin|0,taproot,thin,2,0,speckle,0.002,0.9758264286324422,0.049544817927170866,5712.0,1.2013541044376024,65283.0,0.029490616621983913,373.0,0.5447154471544715,246.0,0.17992424242424243,1584.0,0.11049813183700447,3.606060606060606,0.18181818181818182,22.0,0.11764705882352941,85.0,276.0,1.0,0.0,3.0,0.05437209800775177,1.2981074924723948,0.0699763777238229,4.76377924215009
taproot|thin|0,taproot,thin,2,0,speckle,0.005,0.9415643286903487,0.12412464985994398,5712.0,1.221298040837584,65283.0,0.02680965147453083,373.0,0.5609756097560976,246.0,0.4457070707070707,1584.0,0.22243954350299072,3.606060606060606,0.7272727272727273,22.0,0.23529411764705882,85.0,682.0,1.0,0.3333333333333333,3.0,0.017946891285898384,1.2981074924723948,0.15770629497633723,4.76377924215009
taproot|thin|0,taproot,thin,2,0,blob,0.0,1.0,0.0,5712.0,0.0,65283.0,0.0,373.0,0.0,246.0,0.0,1584.0,0.0,3.606060606060606,0.0,22.0,0.0,85.0,0.0,1.0,0.0,3.0,0.0,1.2981074924723948,0.0,4.76377924215009
taproot|thin|0,taproot,thin,2,0,blob,0.1,0.9824561403508771,0.03571428571428571,5712.0,0.1716066969961552,65283.0,0.0,373.0,0.2804878048780488,246.0,0.006944444444444444,1584.0,0.02857142857142857,3.606060606060606,0.045454545454545456,22.0,0.10588235294117647,85.0,2.0,1.0,0.6666666666666666,3.0,0.0008408077089004154,1.2981074924723948,0.0015032298953594882,4.76377924215009
taproot|thin|0,taproot,thin,2,0,blob,0.25,0.9007332650003942,0.22041316526610644,5712.0,0.2809613528790037,65283.0,0.0,373.0,0.21951219512195122,246.0,0.01452020202020202,1584.0,0.20294614423242854,3.606060606060606,0.0,22.0,0.12941176470588237,85.0,5.0,1.0,0.6666666666666666,3.0,1.9139348842424684e-05,1.2981074924723948,0.06289881973854385,4.76377924215009
taproot|thin|0,taproot,thin,2,0,blob,0.5,0.8247779943686376,0.42489495798319327,5712.0,0.49262441983364735,65283.0,0.029490616621983913,373.0,0.2967479674796748,246.0,0.027777777777777776,1584.0,0.38638428344310694,3.606060606060606,0.36363636363636365,22.0,0.011764705882352941,85.0,17.0,1.0,0.0,3.0,0.009828957720892394,1.2981074924723948,0.1744863062398604,4.76377924215009
taproot|thin|0,taproot,thin,2,0,blob,0.75,0.8000560263323763,0.4998249299719888,5712.0,0.6819692722454544,65283.0,0.0,373.0,0.46747967479674796,246.0,0.04734848484848485,1584.0,0.43202090962967465,3.606060606060606,0.5909090909090909,22.0,0.27058823529411763,85.0,20.0,1.0,0.6666666666666666,3.0,0.01835268002181889,1.2981074924723948,0.19436738127860806,4.76377924215009
taproot|thin|0,taproot,thin,2,0,blob,1.0,0.7323076923076923,0.7310924369747899,5712.0,0.7051146546574146,65283.0,0.0,373.0,0.5609756097560976,246.0,0.058712121212121215,1584.0,0.6350926775003384,3.606060606060606,0.5454545454545454,22.0,0.16470588235294117,85.0,29.0,1.0,0.6666666666666666,3.0,0.04699948894389281,1.2981074924723948,0.2554048452889656,4.76377924215009
taproot|thin|1,taproot,thin,2,1,boundary_erode,0.0,1.0,0.0,5669.0,0.0,67523.0,0.0,384.0,0.0,229.0,0.0,1590.0,0.0,3.5654088050314465,0.0,22.0,0.0,87.0,0.0,1.0,0.0,2.0,0.0,1.3060060497733206,0.0,4.801261939874578
taproot|thin|1,taproot,thin,2,1,boundary_erode,-1.0,0.6226919339164237,0.5478920444522843,5669.0,0.016246316070079824,67523.0,0.005208333333333333,384.0,0.008733624454148471,229.0,0.0012578616352201257,1590.0,0.5484600192708117,3.5654088050314465,0.0,22.0,0.08045977011494253,87.0,0.0,1.0,0.5,2.0,0.07886741365845899,1.3060060497733206,0.24401802889315843,4.801261939874578
taproot|thin|1,taproot,thin,2,1,boundary_erode,-2.0,0.14374590700720366,0.9225612982889398,5669.0,0.35642669905069385,67523.0,0.0234375,384.0,0.2576419213973799,229.0,0.7584905660377359,1590.0,0.6793553757276415,3.5654088050314465,0.5454545454545454,22.0,1.0,87.0,8.0,1.0,1.0,2.0,0.3477010729018075,1.3060060497733206,2.6324718576415016,4.801261939874578
taproot|thin|1,taproot,thin,2,1,boundary_erode,-3.0,0.0045758535726856744,0.9977068266008114,5669.0,0.987426506523703,67523.0,0.20833333333333334,384.0,0.9868995633187773,229.0,0.9918238993710692,1590.0,0.7195272534838596,3.5654088050314465,0.8181818181818182,22.0,1.0,87.0,10.0,1.0,1.0,2.0,0.8772927466534317,1.3060060497733206,6.678032501698736,4.801261939874578
taproot|thin|1,taproot,thin,2,1,boundary_dilate,0.0,1.0,0.0,5669.0,0.0,67523.0,0.0,384.0,0.0,229.0,0.0,1590.0,0.0,3.5654088050314465,0.0,22.0,0.0,87.0,0.0,1.0,0.0,2.0,0.0,1.3060060497733206,0.0,4.801261939874578
taproot|thin|1,taproot,thin,2,1,boundary_dilate,1.0,0.7855608674565232,0.5459516669606632,5669.0,0.011936673429794292,67523.0,0.0,384.0,0.008733624454148471,229.0,0.009433962264150943,1590.0,0.5606750161698125,3.5654088050314465,0.0,22.0,0.034482758620689655,87.0,0.0,1.0,0.5,2.0,0.0591059164859287,1.3060060497733206,0.06629403124109788,4.801261939874578
taproot|thin|1,taproot,thin,2,1,boundary_dilate,2.0,0.6489611355961308,1.0818486505556535,5669.0,0.02376967847992536,67523.0,0.0,384.0,0.017467248908296942,229.0,0.021383647798742137,1590.0,1.1273389166989005,3.5654088050314465,0.045454545454545456,22.0,0.2413793103448276,87.0,0.0,1.0,1.0,2.0,0.11020374813443448,1.3060060497733206,0.1117334669571775,4.801261939874578
taproot|thin|1,taproot,thin,2,1,boundary_dilate,3.0,0.5543983179306635,1.6075145528311872,5669.0,0.035661922604149694,67523.0,0.0,384.0,0.026200873362445413,229.0,0.029559748427672956,1590.0,1.6869398178882615,3.5654088050314465,0.09090909090909091,22.0,0.09195402298850575,87.0,0.0,1.0,0.0,2.0,0.14621222082614682,1.3060060497733206,0.1518777230603956,4.801261939874578
taproot|thin|1,taproot,thin,2,1,boundary_dilate,4.0,0.4848199777644745,2.1252425471864527,5669.0,0.04753935695985072,67523.0,0.0,384.0,0.034934497816593885,229.0,0.040880503144654086,1590.0,2.2584496065747275,3.5654088050314465,0.13636363636363635,22.0,0.16091954022988506,87.0,0.0,1.0,0.5,2.0,0.1746002128245509,1.3060060497733206,0.18961802296010244,4.801261939874578
taproot|thin|1,taproot,thin,2,1,boundary_dilate,5.0,0.431463581703326,2.6353854295290176,5669.0,0.05953526946373828,67523.0,0.0,384.0,0.043668122270742356,229.0,0.048427672955974846,1590.0,2.8203984355261977,3.5654088050314465,0.13636363636363635,22.0,0.26436781609195403,87.0,0.0,1.0,1.0,2.0,0.19840877362090134,1.3060060497733206,0.22597974859675932,4.801261939874578
taproot|thin|1,taproot,thin,2,1,junction_break,0.0,1.0,0.0,5669.0,0.0,67523.0,0.0,384.0,0.0,229.0,0.0,1590.0,0.0,3.5654088050314465,0.0,22.0,0.0,87.0,0.0,1.0,0.0,2.0,0.0,1.3060060497733206,0.0,4.801261939874578
taproot|thin|1,taproot,thin,2,1,junction_break,0.1,0.9821348415477152,0.035103192802963486,5669.0,0.0,67523.0,0.0,384.0,0.0,229.0,0.03018867924528302,1590.0,0.005067494524456556,3.5654088050314465,1.0,22.0,0.22988505747126436,87.0,13.0,1.0,0.5,2.0,0.0035729792844509892,1.3060060497733206,0.0032478233643990903,4.801261939874578
taproot|thin|1,taproot,thin,2,1,junction_break,0.2,0.9706763504312301,0.05697653907214676,5669.0,0.0,67523.0,0.0,384.0,0.0,229.0,0.04150943396226415,1590.0,0.01613694037054682,3.5654088050314465,1.5454545454545454,22.0,0.367816091954023,87.0,20.0,1.0,1.0,2.0,0.005507207372327102,1.3060060497733206,0.02022089565137657,4.801261939874578
taproot|thin|1,taproot,thin,2,1,junction_break,0.4,0.9560813921370039,0.08414182395484213,5669.0,0.0,67523.0,0.0,384.0,0.0,229.0,0.06981132075471698,1590.0,0.01540601763907981,3.5654088050314465,2.1363636363636362,22.0,0.41379310344827586,87.0,27.0,1.0,0.5,2.0,0.009205595342618273,1.3060060497733206,0.028326183718571672,4.801261939874578
taproot|thin|1,taproot,thin,2,1,junction_break,0.6,0.9386876345595806,0.11554065972834715,5669.0,0.0,67523.0,0.0,384.0,0.0,229.0,0.10125786163522013,1590.0,0.015891986681645823,3.5654088050314465,3.1363636363636362,22.0,0.5402298850574713,87.0,40.0,1.0,1.0,2.0,0.012278110820245812,1.3060060497733206,0.05217923050131116,4.801261939874578
taproot|thin|1,taproot,thin,2,1,junction_break,0.8,0.9320900442686257,0.12718292467807374,5669.0,0.0,67523.0,0.0,384.0,0.0,229.0,0.11069182389937107,1590.0,0.018543741328244205,3.5654088050314465,3.272727272727273,22.0,0.47126436781609193,87.0,40.0,1.0,1.0,2.0,0.014789115643865213,1.3060060497733206,0.053126656924865776,4.801261939874578
taproot|thin|1,taproot,thin,2,1,thin_dropout,0.0,1.0,0.0,5669.0,0.0,67523.0,0.0,384.0,0.0,229.0,0.0,1590.0,0.0,3.5654088050314465,0.0,22.0,0.0,87.0,0.0,1.0,0.0,2.0,0.0,1.3060060497733206,0.0,4.801261939874578
taproot|thin|1,taproot,thin,2,1,thin_dropout,0.1,0.6233608547838757,0.5471864526371494,5669.0,0.014424714541711714,67523.0,0.0026041666666666665,384.0,0.008733624454148471,229.0,0.0025157232704402514,1590.0,0.5483227476117112,3.5654088050314465,0.0,22.0,0.08045977011494253,87.0,0.0,1.0,0.5,2.0,0.07878567691390363,1.3060060497733206,0.24390202789066068,4.801261939874578
taproot|thin|1,taproot,thin,2,1,thin_dropout,0.2,0.6233608547838757,0.5471864526371494,5669.0,0.014424714541711714,67523.0,0.0026041666666666665,384.0,0.008733624454148471,229.0,0.0025157232704402514,1590.0,0.5483227476117112,3.5654088050314465,0.0,22.0,0.08045977011494253,87.0,0.0,1.0,0.5,2.0,0.07878567691390363,1.3060060497733206,0.24390202789066068,4.801261939874578
taproot|thin|1,taproot,thin,2,1,thin_dropout,0.3,0.6233608547838757,0.5471864526371494,5669.0,0.014424714541711714,67523.0,0.0026041666666666665,384.0,0.008733624454148471,229.0,0.0025157232704402514,1590.0,0.5483227476117112,3.5654088050314465,0.0,22.0,0.08045977011494253,87.0,0.0,1.0,0.5,2.0,0.07878567691390363,1.3060060497733206,0.24390202789066068,4.801261939874578
taproot|thin|1,taproot,thin,2,1,thin_dropout,0.4,0.6233608547838757,0.5471864526371494,5669.0,0.014424714541711714,67523.0,0.0026041666666666665,384.0,0.008733624454148471,229.0,0.0025157232704402514,1590.0,0.5483227476117112,3.5654088050314465,0.0,22.0,0.08045977011494253,87.0,0.0,1.0,0.5,2.0,0.07878567691390363,1.3060060497733206,0.24390202789066068,4.801261939874578
taproot|thin|1,taproot,thin,2,1,thin_dropout,0.5,0.6233608547838757,0.5471864526371494,5669.0,0.014424714541711714,67523.0,0.0026041666666666665,384.0,0.008733624454148471,229.0,0.0025157232704402514,1590.0,0.5483227476117112,3.5654088050314465,0.0,22.0,0.08045977011494253,87.0,0.0,1.0,0.5,2.0,0.07878567691390363,1.3060060497733206,0.24390202789066068,4.801261939874578
taproot|thin|1,taproot,thin,2,1,speckle,0.0,1.0,0.0,5669.0,0.0,67523.0,0.0,384.0,0.0,229.0,0.0,1590.0,0.0,3.5654088050314465,0.0,22.0,0.0,87.0,0.0,1.0,0.0,2.0,0.0,1.3060060497733206,0.0,4.801261939874578
taproot|thin|1,taproot,thin,2,1,speckle,0.0002,0.9975365124054196,0.0049391427059446115,5669.0,0.5516786872621181,67523.0,0.0,384.0,0.5851528384279476,229.0,0.016981132075471698,1590.0,0.011840917190815124,3.5654088050314465,0.0,22.0,0.0,87.0,27.0,1.0,0.0,2.0,0.06140246442296376,1.3060060497733206,0.007164387956760027,4.801261939874578
taproot|thin|1,taproot,thin,2,1,speckle,0.0005,0.9937768428433693,0.012524254718645263,5669.0,0.8712883017638434,67523.0,0.0,384.0,0.6244541484716157,229.0,0.04591194968553459,1590.0,0.03192208959552254,3.5654088050314465,0.045454545454545456,22.0,0.04597701149425287,87.0,69.0,1.0,0.0,2.0,0.08314832002725397,1.3060060497733206,0.019036767311940615,4.801261939874578
taproot|thin|1,taproot,thin,2,1,speckle,0.001,0.9876306620209059,0.025048509437290527,5669.0,1.0019252699080314,67523.0,0.0,384.0,0.6593886462882096,229.0,0.08930817610062892,1590.0,0.05899126443112471,3.5654088050314465,0.22727272727272727,22.0,0.08045977011494253,87.0,136.0,1.0,0.0,2.0,0.08511330500988859,1.3060060497733206,0.03618912596360598,4.801261939874578
taproot|thin|1,taproot,thin,2,1,speckle,0.002,0.9755635863018414,0.050097018874581054,5669.0,1.1321919938391363,67523.0,0.0,384.0,0.6768558951965066,229.0,0.17358490566037735,1590.0,0.10522279742198079,3.5654088050314465,0.45454545454545453,22.0,0.0,87.0,269.0,1.0,0.0,2.0,0.061334392846411546,1.3060060497733206,0.07090619848719973,4.801261939874578
taproot|thin|1,taproot,thin,2,1,speckle,0.005,0.9411471735701834,0.1250661492326689,5669.0,1.1398338343971683,67523.0,0.0,384.0,0.6768558951965066,229.0,0.4377358490566038,1590.0,0.21747367573055842,3.5654088050314465,1.0,22.0,0.2413793103448276,87.0,671.0,1.0,0.0,2.0,0.00885406834624039,1.3060060497733206,0.16077079293911095,4.801261939874578
taproot|thin|1,taproot,thin,2,1,blob,0.0,1.0,0.0,5669.0,0.0,67523.0,0.0,384.0,0.0,229.0,0.0,1590.0,0.0,3.5654088050314465,0.0,22.0,0.0,87.0,0.0,1.0,0.0,2.0,0.0,1.3060060497733206,0.0,4.801261939874578
taproot|thin|1,taproot,thin,2,1,blob,0.1,0.9558253245658405,0.09243252778267771,5669.0,0.4154732461531626,67523.0,0.0,384.0,0.49344978165938863,229.0,0.0025157232704402514,1590.0,0.08969116635787805,3.5654088050314465,0.0,22.0,0.0,87.0,4.0,1.0,0.0,2.0,0.02226190195253878,1.3060060497733206,0.05113458073230273,4.801261939874578
taproot|thin|1,taproot,thin,2,1,blob,0.25,0.9236659877800407,0.16528488269536074,5669.0,0.44478177806080893,67523.0,0.0,384.0,0.40611353711790393,229.0,0.020754716981132074,1590.0,0.14159147472928119,3.5654088050314465,0.3181818181818182,22.0,0.10344827586206896,87.0,8.0,1.0,0.5,2.0,0.02128371224316572,1.3060060497733206,0.10087518316050491,4.801261939874578
taproot|thin|1,taproot,thin,2,1,blob,0.5,0.8287405891382209,0.4133004057152937,5669.0,0.5976333989899738,67523.0,0.0,384.0,0.5414847161572053,229.0,0.030817610062893082,1590.0,0.3710479835798151,3.5654088050314465,0.36363636363636365,22.0,0.13793103448275862,87.0,16.0,1.0,0.5,2.0,0.021140868435579174,1.3060060497733206,0.14451673909158008,4.801261939874578
taproot|thin|1,taproot,thin,2,1,blob,0.75,0.7839856174802932,0.5510672076203916,5669.0,0.8318646979547709,67523.0,0.0,384.0,0.6768558951965066,229.0,0.05220125786163522,1590.0,0.4741164734706651,3.5654088050314465,0.7272727272727273,22.0,0.14942528735632185,87.0,24.0,1.0,0.5,2.0,0.026512465789641563,1.3060060497733206,0.21080994023153163,4.801261939874578
taproot|thin|1,taproot,thin,2,1,blob,1.0,0.7686779661016949,0.6018698183101076,5669.0,0.817750988552049,67523.0,0.0,384.0,0.6768558951965066,229.0,0.05849056603773585,1590.0,0.5133529477796025,3.5654088050314465,0.7272727272727273,22.0,0.20689655172413793,87.0,28.0,1.0,1.5,2.0,0.014996700432611944,1.3060060497733206,0.19604963578912674,4.801261939874578
taproot|thin|2,taproot,thin,2,2,boundary_erode,0.0,1.0,0.0,5860.0,0.0,62392.0,0.0,384.0,0.0,228.0,0.0,1622.0,0.0,3.6128236744759556,0.0,26.0,0.0,95.0,0.0,3.0,0.0,5.0,0.0,1.3159632740275333,0.0,4.733292422311023
taproot|thin|2,taproot,thin,2,2,boundary_erode,-1.0,0.6277953401241072,0.5424914675767918,5860.0,0.014168483138863958,62392.0,0.005208333333333333,384.0,0.008771929824561403,228.0,0.0036991368680641184,1622.0,0.544177616959187,3.6128236744759556,0.07692307692307693,26.0,0.18947368421052632,95.0,0.3333333333333333,3.0,0.8,5.0,0.09114644496729267,1.3159632740275333,0.22321016909170072,4.733292422311023
taproot|thin|2,taproot,thin,2,2,boundary_erode,-2.0,0.14879166008529457,0.9196245733788396,5860.0,0.3316290550070522,62392.0,0.057291666666666664,384.0,0.21052631578947367,228.0,0.7540073982737361,1622.0,0.673260797043804,3.6128236744759556,0.5384615384615384,26.0,1.0,95.0,2.3333333333333335,3.0,1.0,5.0,0.38729392335249646,1.3159632740275333,2.439042266479213,4.733292422311023
taproot|thin|2,taproot,thin,2,2,boundary_erode,-3.0,0.006124532153793808,0.9969283276450512,5860.0,0.7758045903320938,62392.0,0.2864583333333333,384.0,0.543859649122807,228.0,0.9889025893958077,1622.0,0.7232081911262799,3.6128236744759556,0.6923076923076923,26.0,1.0,95.0,2.6666666666666665,3.0,1.0,5.0,0.8333980151792976,1.3159632740275333,8.678467900920545,4.733292422311023
taproot|thin|2,taproot,thin,2,2,boundary_dilate,0.0,1.0,0.0,5860.0,0.0,62392.0,0.0,384.0,0.0,228.0,0.0,1622.0,0.0,3.6128236744759556,0.0,26.0,0.0,95.0,0.0,3.0,0.0,5.0,0.0,1.3159632740275333,0.0,4.733292422311023
taproot|thin|2,taproot,thin,2,2,boundary_dilate,1.0,0.7868940512958238,0.5416382252559727,5860.0,0.013495319912809334,62392.0,0.0,384.0,0.008771929824561403,228.0,0.011713933415536375,1622.0,0.5599109178822133,3.6128236744759556,0.11538461538461539,26.0,0.05263157894736842,95.0,0.6666666666666666,3.0,0.6,5.0,0.05152091498755902,1.3159632740275333,0.06241874888843895,4.733292422311023
taproot|thin|2,taproot,thin,2,2,boundary_dilate,2.0,0.651436829525874,1.070136518771331,5860.0,0.026990639825618667,62392.0,0.0,384.0,0.017543859649122806,228.0,0.01972872996300863,1622.0,1.1117996436774207,3.6128236744759556,0.15384615384615385,26.0,0.042105263157894736,95.0,0.6666666666666666,3.0,0.4,5.0,0.10142805963785527,1.3159632740275333,0.10649294848958156,4.733292422311023
taproot|thin|2,taproot,thin,2,2,boundary_dilate,3.0,0.5575111787651033,1.5873720136518772,5860.0,0.040534042826003334,62392.0,0.0,384.0,0.02631578947368421,228.0,0.031442663378545004,1622.0,1.6713669039741212,3.6128236744759556,0.19230769230769232,26.0,0.08421052631578947,95.0,0.6666666666666666,3.0,0.4,5.0,0.13972494257431511,1.3159632740275333,0.14576590024587713,4.733292422311023
taproot|thin|2,taproot,thin,2,2,boundary_dilate,4.0,0.4885979905782299,2.093344709897611,5860.0,0.053981279651237335,62392.0,0.0,384.0,0.03508771929824561,228.0,0.040690505548705305,1622.0,2.2245534186721883,3.6128236744759556,0.19230769230769232,26.0,0.042105263157894736,95.0,0.6666666666666666,3.0,0.4,5.0,0.17165962460324724,1.3159632740275333,0.1832433909872131,4.733292422311023
taproot|thin|2,taproot,thin,2,2,boundary_dilate,5.0,0.43581734344786555,2.5890784982935156,5860.0,0.06747659956404667,62392.0,0.0,384.0,0.043859649122807015,228.0,0.0468557336621455,1622.0,2.765514439994879,3.6128236744759556,0.23076923076923078,26.0,0.021052631578947368,95.0,0.6666666666666666,3.0,0.2,5.0,0.1958476657635328,1.3159632740275333,0.21930844405936162,4.733292422311023
taproot|thin|2,taproot,thin,2,2,junction_break,0.0,1.0,0.0,5860.0,0.0,62392.0,0.0,384.0,0.0,228.0,0.0,1622.0,0.0,3.6128236744759556,0.0,26.0,0.0,95.0,0.0,3.0,0.0,5.0,0.0,1.3159632740275333,0.0,4.733292422311023
taproot|thin|2,taproot,thin,2,2,junction_break,0.1,0.9809581775497783,0.03737201365187713,5860.0,0.0,62392.0,0.0,384.0,0.0,228.0,0.03020961775585697,1622.0,0.007385509309182917,3.6128236744759556,1.0,26.0,0.21052631578947367,95.0,5.0,3.0,0.4,5.0,0.0031722994665559115,1.3159632740275333,0.011163297512048425,4.733292422311023
taproot|thin|2,taproot,thin,2,2,junction_break,0.2,0.961545277334751,0.07406143344709898,5860.0,0.0,62392.0,0.0,384.0,0.0,228.0,0.04870530209617756,1622.0,0.026654338983275797,3.6128236744759556,1.8461538461538463,26.0,0.29473684210526313,95.0,9.0,3.0,0.8,5.0,0.006548752071878115,1.3159632740275333,0.027782542345572703,4.733292422311023
taproot|thin|2,taproot,thin,2,2,junction_break,0.4,0.9509488005728607,0.09351535836177474,5860.0,0.0,62392.0,0.0,384.0,0.0,228.0,0.08692971639950678,1622.0,0.007212634208506827,3.6128236744759556,2.1538461538461537,26.0,0.5894736842105263,95.0,10.666666666666666,3.0,1.0,5.0,0.009325313213211795,1.3159632740275333,0.030196064171354814,4.733292422311023
taproot|thin|2,taproot,thin,2,2,junction_break,0.6,0.9367685747981493,0.1189419795221843,5860.0,0.0,62392.0,0.0,384.0,0.0,228.0,0.10850801479654747,1622.0,0.011703935535949428,3.6128236744759556,2.769230769230769,26.0,0.6736842105263158,95.0,14.333333333333334,3.0,1.0,5.0,0.013522952640922513,1.3159632740275333,0.04153810040797425,4.733292422311023
taproot|thin|2,taproot,thin,2,2,junction_break,0.8,0.9322157434402333,0.12696245733788397,5860.0,0.0,62392.0,0.0,384.0,0.0,228.0,0.11960542540073983,1622.0,0.008356516668100656,3.6128236744759556,2.6923076923076925,26.0,0.6421052631578947,95.0,14.333333333333334,3.0,1.0,5.0,0.015030719197908844,1.3159632740275333,0.04190105852370426,4.733292422311023
taproot|thin|2,taproot,thin,2,2,thin_dropout,0.0,1.0,0.0,5860.0,0.0,62392.0,0.0,384.0,0.0,228.0,0.0,1622.0,0.0,3.6128236744759556,0.0,26.0,0.0,95.0,0.0,3.0,0.0,5.0,0.0,1.3159632740275333,0.0,4.733292422311023
taproot|thin|2,taproot,thin,2,2,thin_dropout,0.1,0.6279559822055725,0.542320819112628,5860.0,0.013591486087959995,62392.0,0.0026041666666666665,384.0,0.008771929824561403,228.0,0.004315659679408138,1622.0,0.5442875190918862,3.6128236744759556,0.07692307692307693,26.0,0.18947368421052632,95.0,0.3333333333333333,3.0,0.8,5.0,0.09114644496729267,1.3159632740275333,0.22319648261215333,4.733292422311023
taproot|thin|2,taproot,thin,2,2,thin_dropout,0.2,0.6279559822055725,0.542320819112628,5860.0,0.013591486087959995,62392.0,0.0026041666666666665,384.0,0.008771929824561403,228.0,0.004315659679408138,1622.0,0.5442875190918862,3.6128236744759556,0.07692307692307693,26.0,0.18947368421052632,95.0,0.3333333333333333,3.0,0.8,5.0,0.09114644496729267,1.3159632740275333,0.22319648261215333,4.733292422311023
taproot|thin|2,taproot,thin,2,2,thin_dropout,0.3,0.6279559822055725,0.542320819112628,5860.0,0.013591486087959995,62392.0,0.0026041666666666665,384.0,0.008771929824561403,228.0,0.004315659679408138,1622.0,0.5442875190918862,3.6128236744759556,0.07692307692307693,26.0,0.18947368421052632,95.0,0.3333333333333333,3.0,0.8,5.0,0.09114644496729267,1.3159632740275333,0.22319648261215333,4.733292422311023
taproot|thin|2,taproot,thin,2,2,thin_dropout,0.4,0.6279559822055725,0.542320819112628,5860.0,0.013591486087959995,62392.0,0.0026041666666666665,384.0,0.008771929824561403,228.0,0.004315659679408138,1622.0,0.5442875190918862,3.6128236744759556,0.07692307692307693,26.0,0.18947368421052632,95.0,0.3333333333333333,3.0,0.8,5.0,0.09114644496729267,1.3159632740275333,0.22319648261215333,4.733292422311023
taproot|thin|2,taproot,thin,2,2,thin_dropout,0.5,0.6279559822055725,0.542320819112628,5860.0,0.013591486087959995,62392.0,0.0026041666666666665,384.0,0.008771929824561403,228.0,0.004315659679408138,1622.0,0.5442875190918862,3.6128236744759556,0.07692307692307693,26.0,0.18947368421052632,95.0,0.3333333333333333,3.0,0.8,5.0,0.09114644496729267,1.3159632740275333,0.22319648261215333,4.733292422311023
taproot|thin|2,taproot,thin,2,2,speckle,0.0,1.0,0.0,5860.0,0.0,62392.0,0.0,384.0,0.0,228.0,0.0,1622.0,0.0,3.6128236744759556,0.0,26.0,0.0,95.0,0.0,3.0,0.0,5.0,0.0,1.3159632740275333,0.0,4.733292422311023
taproot|thin|2,taproot,thin,2,2,speckle,0.0002,0.9976166155941437,0.00477815699658703,5860.0,0.773897294524939,62392.0,0.0,384.0,0.6447368421052632,228.0,0.017879161528976572,1622.0,0.01287088391976733,3.6128236744759556,0.038461538461538464,26.0,0.042105263157894736,95.0,8.666666666666666,3.0,0.0,5.0,0.05570798793513948,1.3159632740275333,0.0064294311819551786,4.733292422311023
taproot|thin|2,taproot,thin,2,2,speckle,0.0005,0.9939784581460436,0.012116040955631398,5860.0,1.148095909732017,62392.0,0.0,384.0,0.6622807017543859,228.0,0.04315659679408138,1622.0,0.029756372086268277,3.6128236744759556,0.0,26.0,0.021052631578947368,95.0,23.0,3.0,0.0,5.0,0.07953258393186582,1.3159632740275333,0.016469178988981297,4.733292422311023
taproot|thin|2,taproot,thin,2,2,speckle,0.001,0.9880290001686056,0.024232081911262797,5860.0,1.2079593537633029,62392.0,0.0,384.0,0.6666666666666666,228.0,0.08877928483353884,1622.0,0.05928401083801345,3.6128236744759556,0.23076923076923078,26.0,0.06315789473684211,95.0,45.333333333333336,3.0,0.0,5.0,0.08184002560998509,1.3159632740275333,0.035130682186011876,4.733292422311023
taproot|thin|2,taproot,thin,2,2,speckle,0.002,0.9764225610264101,0.04829351535836177,5860.0,1.307218874214643,62392.0,0.0,384.0,0.6842105263157895,228.0,0.1720098643649815,1622.0,0.10555913629076133,3.6128236744759556,0.2692307692307692,26.0,0.031578947368421054,95.0,91.0,3.0,0.0,5.0,0.06080029760706202,1.3159632740275333,0.06861875599034525,4.733292422311023
taproot|thin|2,taproot,thin,2,2,speckle,0.005,0.9430318635339556,0.12081911262798635,5860.0,1.3159219130657778,62392.0,0.0,384.0,0.6842105263157895,228.0,0.42909987669543775,1622.0,0.21571673827325547,3.6128236744759556,1.2692307692307692,26.0,0.22105263157894736,95.0,222.33333333333334,3.0,0.0,5.0,0.007643419191616699,1.3159632740275333,0.15439809190176149,4.733292422311023
taproot|thin|2,taproot,thin,2,2,blob,0.0,1.0,0.0,5860.0,0.0,62392.0,0.0,384.0,0.0,228.0,0.0,1622.0,0.0,3.6128236744759556,0.0,26.0,0.0,95.0,0.0,3.0,0.0,5.0,0.0,1.3159632740275333,0.0,4.733292422311023
taproot|thin|2,taproot,thin,2,2,blob,0.1,0.957203528258739,0.089419795221843,5860.0,0.04088665213488909,62392.0,0.0,384.0,0.10526315789473684,228.0,0.012946979038224414,1622.0,0.07549537909301851,3.6128236744759556,0.11538461538461539,26.0,0.11578947368421053,95.0,1.0,3.0,0.2,5.0,0.009175835745801764,1.3159632740275333,0.030651018843885137,4.733292422311023
taproot|thin|2,taproot,thin,2,2,blob,0.25,0.9187833176544371,0.17679180887372015,5860.0,0.5702493909475573,62392.0,0.0,384.0,0.4956140350877193,228.0,0.01972872996300863,1622.0,0.15402437363553448,3.6128236744759556,0.19230769230769232,26.0,0.042105263157894736,95.0,2.0,3.0,0.0,5.0,0.014628405701543121,1.3159632740275333,0.043922135632025086,4.733292422311023
taproot|thin|2,taproot,thin,2,2,blob,0.5,0.8334518560659935,0.39965870307167234,5860.0,0.7226246954737787,62392.0,0.0,384.0,0.6008771929824561,228.0,0.02836004932182491,1622.0,0.3610590026272497,3.6128236744759556,0.46153846153846156,26.0,0.06315789473684211,95.0,5.0,3.0,0.2,5.0,0.007294828487034221,1.3159632740275333,0.16337747497190144,4.733292422311023
taproot|thin|2,taproot,thin,2,2,blob,0.75,0.7890130604550962,0.5348122866894198,5860.0,0.8667136812411848,62392.0,0.0,384.0,0.6096491228070176,228.0,0.047472256473489516,1622.0,0.46525340141862204,3.6128236744759556,0.4230769230769231,26.0,0.3157894736842105,95.0,7.666666666666667,3.0,0.4,5.0,0.00969611498517642,1.3159632740275333,0.23265266585338004,4.733292422311023
taproot|thin|2,taproot,thin,2,2,blob,1.0,0.7592148733562221,0.6343003412969284,5860.0,0.9652840107706117,62392.0,0.0,384.0,0.5833333333333334,228.0,0.06473489519112208,1622.0,0.5349363946633572,3.6128236744759556,0.5,26.0,0.2736842105263158,95.0,10.333333333333334,3.0,0.8,5.0,0.01712528012761373,1.3159632740275333,0.2502920496575162,4.733292422311023
taproot|medium|0,taproot,medium,5,0,boundary_erode,0.0,1.0,0.0,9027.0,0.0,65651.0,0.0,373.0,0.0,246.0,0.0,1583.0,0.0,5.702463676563487,0.0,21.0,0.0,84.0,0.0,1.0,0.0,3.0,0.0,1.3916196797684108,0.0,5.258716189021739
taproot|medium|0,taproot,medium,5,0,boundary_erode,-1.0,0.7991219901556472,0.3345518998559876,9027.0,0.014729402446268906,65651.0,0.005361930294906166,373.0,0.008130081300813009,246.0,0.0006317119393556538,1583.0,0.33497200597981586,5.702463676563487,0.047619047619047616,21.0,0.05952380952380952,84.0,0.0,1.0,1.0,3.0,0.057702964302161104,1.3916196797684108,0.2951148401952186,5.258716189021739
taproot|medium|0,taproot,medium,5,0,boundary_erode,-2.0,0.5498795180722892,0.6208042539049519,9027.0,0.29944707620599836,65651.0,0.013404825737265416,373.0,0.24390243902439024,246.0,0.33354390397978523,1583.0,0.43102666723368593,5.702463676563487,0.19047619047619047,21.0,0.47619047619047616,84.0,8.0,1.0,1.0,3.0,0.12409406503824881,1.3916196797684108,1.1203545912894473,5.258716189021739
taproot|medium|0,taproot,medium,5,0,boundary_erode,-3.0,0.3504796710826862,0.7875263099590118,9027.0,0.9419049214787284,65651.0,0.02680965147453083,373.0,0.943089430894309,246.0,0.7732154137713203,1583.0,0.06310347817580987,5.702463676563487,0.9047619047619048,21.0,1.0,84.0,0.0,1.0,1.0,3.0,0.14375224377127793,1.3916196797684108,2.3865841443957256,5.258716189021739
taproot|medium|0,taproot,medium,5,0,boundary_erode,-4.0,0.23294509151414308,0.8681732580037664,9027.0,0.9530090935400831,65651.0,0.032171581769437,373.0,0.9512195121951219,246.0,0.7725837018319647,1583.0,0.4203285206110065,5.702463676563487,0.9047619047619048,21.0,1.0,84.0,0.0,1.0,1.0,3.0,0.21675811567751363,1.3916196797684108,2.529982780825972,5.258716189021739
taproot|medium|0,taproot,medium,5,0,boundary_erode,-5.0,0.0985781990521327,0.9481555333998006,9027.0,0.9640675694201155,65651.0,0.03753351206434316,373.0,0.959349593495935,246.0,0.7732154137713203,1583.0,0.7713933408687587,5.702463676563487,0.9047619047619048,21.0,1.0,84.0,0.0,1.0,1.0,3.0,0.2981023984467978,1.3916196797684108,2.7502015698182194,5.258716189021739
taproot|medium|0,taproot,medium,5,0,boundary_dilate,0.0,1.0,0.0,9027.0,0.0,65651.0,0.0,373.0,0.0,246.0,0.0,1583.0,0.0,5.702463676563487,0.0,21.0,0.0,84.0,0.0,1.0,0.0,3.0,0.0,1.3916196797684108,0.0,5.258716189021739
taproot|medium|0,taproot,medium,5,0,boundary_dilate,1.0,0.8571428571428571,0.3333333333333333,9027.0,0.013175732281305693,65651.0,0.002680965147453083,373.0,0.008130081300813009,246.0,0.011370814908401769,1583.0,0.3486687965921193,5.702463676563487,0.0,21.0,0.047619047619047616,84.0,0.0,1.0,0.0,3.0,0.04527628065766479,1.3916196797684108,0.11722775118365888,5.258716189021739
taproot|medium|0,taproot,medium,5,0,boundary_dilate,2.0,0.7517801374141162,0.6603522765038219,9027.0,0.0263666966230522,65651.0,0.005361930294906166,373.0,0.016260162601626018,246.0,0.025268477574226154,1583.0,0.703394461247926,5.702463676563487,0.0,21.0,0.03571428571428571,84.0,0.0,1.0,0.3333333333333333,3.0,0.06556709800334366,1.3916196797684108,0.18572870484968637,5.258716189021739
taproot|medium|0,taproot,medium,5,0,boundary_dilate,3.0,0.6710276900204423,0.9805029356375319,9027.0,0.03958812508568034,65651.0,0.00804289544235925,373.0,0.024390243902439025,246.0,0.032217308907138344,1583.0,1.0464335163930896,5.702463676563487,0.047619047619047616,21.0,0.047619047619047616,84.0,0.0,1.0,0.0,3.0,0.0943599215949643,1.3916196797684108,0.23613959432144666,5.258716189021739
taproot|medium|0,taproot,medium,5,0,boundary_dilate,4.0,0.6070611970410222,1.2945607621579704,9027.0,0.052855249729630925,65651.0,0.010723860589812333,373.0,0.032520325203252036,246.0,0.04421983575489577,1583.0,1.4007202157938317,5.702463676563487,0.047619047619047616,21.0,0.0,84.0,0.0,1.0,0.0,3.0,0.12266507546426167,1.3916196797684108,0.27811717298266514,5.258716189021739
taproot|medium|0,taproot,medium,5,0,boundary_dilate,5.0,0.5552172709659563,1.6021934197407777,9027.0,0.06624423085710804,65651.0,0.013404825737265416,373.0,0.04065040650406504,246.0,0.054958938723941884,1583.0,1.753524186797895,5.702463676563487,0.09523809523809523,21.0,0.11904761904761904,84.0,0.0,1.0,0.3333333333333333,3.0,0.14410751011932854,1.3916196797684108,0.3153356735085019,5.258716189021739
taproot|medium|0,taproot,medium,5,0,junction_break,0.0,1.0,0.0,9027.0,0.0,65651.0,0.0,373.0,0.0,246.0,0.0,1583.0,0.0,5.702463676563487,0.0,21.0,0.0,84.0,0.0,1.0,0.0,3.0,0.0,1.3916196797684108,0.0,5.258716189021739
taproot|medium|0,taproot,medium,5,0,junction_break,0.1,0.9897599462816854,0.020272515785975408,9027.0,0.0,65651.0,0.0,373.0,0.0,246.0,0.006948831332912192,1583.0,0.027033495915432193,5.702463676563487,0.47619047619047616,21.0,0.05952380952380952,84.0,7.0,1.0,0.6666666666666666,3.0,0.001510331959498907,1.3916196797684108,0.0008891528510972046,5.258716189021739
taproot|medium|0,taproot,medium,5,0,junction_break,0.2,0.979423403052572,0.04032347402237731,9027.0,0.0,65651.0,0.0,373.0,0.0,246.0,0.015161086544535692,1583.0,0.054655917471949776,5.702463676563487,1.0476190476190477,21.0,0.07142857142857142,84.0,13.0,1.0,1.3333333333333333,3.0,0.0036707810265966347,1.3916196797684108,0.004933219929812302,5.258716189021739
taproot|medium|0,taproot,medium,5,0,junction_break,0.4,0.9665121071612571,0.06480558325024925,9027.0,0.0,65651.0,0.0,373.0,0.0,246.0,0.049273531269740996,1583.0,0.10872199776348256,5.702463676563487,0.9047619047619048,21.0,0.16666666666666666,84.0,12.0,1.0,2.6666666666666665,3.0,0.005443920784818442,1.3916196797684108,0.03056232354183915,5.258716189021739
taproot|medium|0,taproot,medium,5,0,junction_break,0.6,0.9624734210677547,0.0723385399357483,9027.0,0.0,65651.0,0.0,373.0,0.0,246.0,0.02969046114971573,1583.0,0.09908706056336779,5.702463676563487,1.4761904761904763,21.0,0.10714285714285714,84.0,18.0,1.0,2.0,3.0,0.0073003372156095385,1.3916196797684108,0.017150589731749762,5.258716189021739
taproot|medium|0,taproot,medium,5,0,junction_break,0.8,0.9557522123893806,0.0847457627118644,9027.0,0.0,65651.0,0.0,373.0,0.0,246.0,0.027795325331648767,1583.0,0.1094975675309658,5.702463676563487,1.3333333333333333,21.0,0.03571428571428571,84.0,18.0,1.0,2.6666666666666665,3.0,0.008546354947727939,1.3916196797684108,0.027666540907511087,5.258716189021739
taproot|medium|0,taproot,medium,5,0,thin_dropout,0.0,1.0,0.0,9027.0,0.0,65651.0,0.0,373.0,0.0,246.0,0.0,1583.0,0.0,5.702463676563487,0.0,21.0,0.0,84.0,0.0,1.0,0.0,3.0,0.0,1.3916196797684108,0.0,5.258716189021739
taproot|medium|0,taproot,medium,5,0,thin_dropout,0.1,0.799680872282428,0.33377644843248033,9027.0,0.013145268160424061,65651.0,0.002680965147453083,373.0,0.008130081300813009,246.0,0.003158559696778269,1583.0,0.3358741296401866,5.702463676563487,0.047619047619047616,21.0,0.05952380952380952,84.0,0.0,1.0,1.0,3.0,0.057702964302161104,1.3916196797684108,0.29516196440064907,5.258716189021739
taproot|medium|0,taproot,medium,5,0,thin_dropout,0.2,0.799680872282428,0.33377644843248033,9027.0,0.013145268160424061,65651.0,0.002680965147453083,373.0,0.008130081300813009,246.0,0.003158559696778269,1583.0,0.3358741296401866,5.702463676563487,0.047619047619047616,21.0,0.05952380952380952,84.0,0.0,1.0,1.0,3.0,0.057702964302161104,1.3916196797684108,0.29516196440064907,5.258716189021739
taproot|medium|0,taproot,medium,5,0,thin_dropout,0.3,0.799680872282428,0.33377644843248033,9027.0,0.013145268160424061,65651.0,0.002680965147453083,373.0,0.008130081300813009,246.0,0.003158559696778269,1583.0,0.3358741296401866,5.702463676563487,0.047619047619047616,21.0,0.05952380952380952,84.0,0.0,1.0,1.0,3.0,0.057702964302161104,1.3916196797684108,0.29516196440064907,5.258716189021739
taproot|medium|0,taproot,medium,5,0,thin_dropout,0.4,0.69192870598464,0.47103135039326466,9027.0,0.04092854640447213,65651.0,0.005361930294906166,373.0,0.02032520325203252,246.0,0.19709412507896398,1583.0,0.3411822404976695,5.702463676563487,1.7619047619047619,21.0,0.42857142857142855,84.0,67.0,1.0,1.0,3.0,0.09209632305267505,1.3916196797684108,0.733429794452221,5.258716189021739
taproot|medium|0,taproot,medium,5,0,thin_dropout,0.5,0.5510433386837881,0.6196964661570843,9027.0,0.2986093128817535,65651.0,0.00804289544235925,373.0,0.24390243902439024,246.0,0.33164876816171823,1583.0,0.430982519779456,5.702463676563487,0.19047619047619047,21.0,0.47619047619047616,84.0,8.0,1.0,1.0,3.0,0.12390553814577848,1.3916196797684108,1.120462843822815,5.258716189021739
taproot|medium|0,taproot,medium,5,0,speckle,0.0,1.0,0.0,9027.0,0.0,65651.0,0.0,373.0,0.0,246.0,0.0,1583.0,0.0,5.702463676563487,0.0,21.0,0.0,84.0,0.0,1.0,0.0,3.0,0.0,1.3916196797684108,0.0,5.258716189021739
taproot|medium|0,taproot,medium,5,0,speckle,0.0002,0.9984514987280169,0.003101805694029024,9027.0,0.7050006854427199,65651.0,0.0,373.0,0.44308943089430897,246.0,0.017687934301958308,1583.0,0.014332614268374958,5.702463676563487,0.0,21.0,0.0,84.0,28.0,1.0,0.0,3.0,0.060934992550819946,1.3916196797684108,0.005098354695217726,5.258716189021739
taproot|medium|0,taproot,medium,5,0,speckle,0.0005,0.9961926833305744,0.007643735460285809,9027.0,0.808868105588643,65651.0,0.00804289544235925,373.0,0.516260162601626,246.0,0.04232469993682881,1583.0,0.033272707131131826,5.702463676563487,0.047619047619047616,21.0,0.011904761904761904,84.0,66.0,1.0,0.0,3.0,0.07306343778969261,1.3916196797684108,0.012464939199329634,5.258716189021739
taproot|medium|0,taproot,medium,5,0,speckle,0.001,0.9924142480211082,0.015287470920571618,9027.0,1.105131681162511,65651.0,0.029490616621983913,373.0,0.5447154471544715,246.0,0.08338597599494631,1583.0,0.06285710410072015,5.702463676563487,0.047619047619047616,21.0,0.03571428571428571,84.0,129.0,1.0,0.0,3.0,0.07811954202963674,1.3916196797684108,0.022201499962696263,5.258716189021739
taproot|medium|0,taproot,medium,5,0,speckle,0.002,0.984888985870929,0.030685720615929987,9027.0,1.1519550349575787,65651.0,0.029490616621983913,373.0,0.5528455284552846,246.0,0.17119393556538218,1583.0,0.11997006702534134,5.702463676563487,0.38095238095238093,21.0,0.047619047619047616,84.0,264.0,1.0,0.0,3.0,0.06723356604026,1.3916196797684108,0.04604822516826589,5.258716189021739
taproot|medium|0,taproot,medium,5,0,speckle,0.005,0.9630854582310893,0.07665891215243159,9027.0,1.2077805364731686,65651.0,0.029490616621983913,373.0,0.5609756097560976,246.0,0.4403032217308907,1583.0,0.25247760616785125,5.702463676563487,1.4761904761904763,21.0,0.2261904761904762,84.0,665.0,1.0,0.0,3.0,0.00913174040106117,1.3916196797684108,0.10974606995566184,5.258716189021739
taproot|medium|0,taproot,medium,5,0,blob,0.0,1.0,0.0,9027.0,0.0,65651.0,0.0,373.0,0.0,246.0,0.0,1583.0,0.0,5.702463676563487,0.0,21.0,0.0,84.0,0.0,1.0,0.0,3.0,0.0,1.3916196797684108,0.0,5.258716189021739
taproot|medium|0,taproot,medium,5,0,blob,0.1,0.9773182482542089,0.04641630663564861,9027.0,0.004493457830040669,65651.0,0.0,373.0,0.016260162601626018,246.0,0.005685407454200884,1583.0,0.04050063656044717,5.702463676563487,0.047619047619047616,21.0,0.023809523809523808,84.0,0.0,1.0,0.0,3.0,0.005825029048114848,1.3916196797684108,0.006625197109833078,5.258716189021739
taproot|medium|0,taproot,medium,5,0,blob,0.25,0.955490870600688,0.09316494959565748,9027.0,0.2714353170553381,65651.0,0.0,373.0,0.15853658536585366,246.0,0.013897662665824383,1583.0,0.07818075714014065,5.702463676563487,0.2857142857142857,21.0,0.0,84.0,9.0,1.0,0.0,3.0,0.017952997240325397,1.3916196797684108,0.11418076209700201,5.258716189021739
taproot|medium|0,taproot,medium,5,0,blob,0.5,0.9215926493108729,0.1701561980724493,9027.0,0.4731382614126213,65651.0,0.0,373.0,0.4268292682926829,246.0,0.02147820593809223,1583.0,0.14555180058669598,5.702463676563487,0.47619047619047616,21.0,0.08333333333333333,84.0,15.0,1.0,0.0,3.0,0.011518744157572695,1.3916196797684108,0.14389011145947414,5.258716189021739
taproot|medium|0,taproot,medium,5,0,blob,0.75,0.8753030156113643,0.2849230087515232,9027.0,1.151360984600387,65651.0,0.024128686327077747,373.0,0.5609756097560976,246.0,0.07264687302590019,1583.0,0.1978993656381986,5.702463676563487,0.7619047619047619,21.0,0.19047619047619047,84.0,20.0,1.0,1.0,3.0,0.0007520598327865314,1.3916196797684108,0.17465560914665593,5.258716189021739
taproot|medium|0,taproot,medium,5,0,blob,1.0,0.8105778296592286,0.46737565082530186,9027.0,0.9302066990601818,65651.0,0.024128686327077747,373.0,0.5609756097560976,246.0,0.058749210360075806,1583.0,0.3859520616088622,5.702463676563487,0.7619047619047619,21.0,0.3333333333333333,84.0,28.0,1.0,0.6666666666666666,3.0,0.007314360330966991,1.3916196797684108,0.30087795758862035,5.258716189021739
taproot|medium|1,taproot,medium,5,1,boundary_erode,0.0,1.0,0.0,9053.0,0.0,67821.0,0.0,384.0,0.0,229.0,0.0,1594.0,0.0,5.679422835633626,0.0,22.0,0.0,87.0,0.0,1.0,0.0,2.0,0.0,1.39145888296393,0.0,5.297972028393921
taproot|medium|1,taproot,medium,5,1,boundary_erode,-1.0,0.799177609762568,0.3344747597481498,9053.0,0.017266038542634286,67821.0,0.005208333333333333,384.0,0.008733624454148471,229.0,0.00439146800501882,1594.0,0.3315392356890679,5.679422835633626,0.0,22.0,0.08045977011494253,87.0,0.0,1.0,0.5,2.0,0.0554005170143381,1.39145888296393,0.29058970313297044,5.297972028393921
taproot|medium|1,taproot,medium,5,1,boundary_erode,-2.0,0.5503602882305845,0.6203468463492765,9053.0,0.3161262735730821,67821.0,0.0234375,384.0,0.2576419213973799,229.0,0.33061480552070266,1594.0,0.432833058182518,5.679422835633626,0.13636363636363635,22.0,0.4942528735632184,87.0,5.0,1.0,1.0,2.0,0.11405788168509884,1.39145888296393,1.0896818005828692,5.297972028393921
taproot|medium|1,taproot,medium,5,1,boundary_erode,-3.0,0.34949863263445763,0.7882469899480835,9053.0,0.9452824346441367,67821.0,0.0546875,384.0,0.9519650655021834,229.0,0.7747804265997491,1594.0,0.05979304171934567,5.679422835633626,0.9090909090909091,22.0,1.0,87.0,0.0,1.0,1.0,2.0,0.14096264199862069,1.39145888296393,2.3640116408363308,5.297972028393921
taproot|medium|1,taproot,medium,5,1,boundary_erode,-4.0,0.23218121460652216,0.868662321882249,9053.0,0.9560313177334454,67821.0,0.059895833333333336,384.0,0.9606986899563319,229.0,0.7741530740276035,1594.0,0.41846594744529136,5.679422835633626,0.9090909090909091,22.0,1.0,87.0,0.0,1.0,1.0,2.0,0.17574691752974858,1.39145888296393,2.5076624982626505,5.297972028393921
taproot|medium|1,taproot,medium,5,1,boundary_erode,-5.0,0.09810924369747899,0.9484148900916823,9053.0,0.9667507114315625,67821.0,0.06510416666666667,384.0,0.9694323144104804,229.0,0.7747804265997491,1594.0,0.7709563643625115,5.679422835633626,0.9090909090909091,22.0,1.0,87.0,0.0,1.0,1.0,2.0,0.31681535025188046,1.39145888296393,2.730974520918208,5.297972028393921
taproot|medium|1,taproot,medium,5,1,boundary_dilate,0.0,1.0,0.0,9053.0,0.0,67821.0,0.0,384.0,0.0,229.0,0.0,1594.0,0.0,5.679422835633626,0.0,22.0,0.0,87.0,0.0,1.0,0.0,2.0,0.0,1.39145888296393,0.0,5.297972028393921
taproot|medium|1,taproot,medium,5,1,boundary_dilate,1.0,0.857494672034099,0.3323760079531647,9053.0,0.0118105011722033,67821.0,0.0,384.0,0.008733624454148471,229.0,0.012547051442910916,1594.0,0.3493058174570169,5.679422835633626,0.0,22.0,0.034482758620689655,87.0,0.0,1.0,0.5,2.0,0.04533635583566668,1.39145888296393,0.11796392215624053,5.297972028393921
taproot|medium|1,taproot,medium,5,1,boundary_dilate,2.0,0.752191433675377,0.6588976030045289,9053.0,0.023547278866427802,67821.0,0.0,384.0,0.017467248908296942,229.0,0.021957340025094103,1594.0,0.6961403330270808,5.679422835633626,0.045454545454545456,22.0,0.2413793103448276,87.0,0.0,1.0,1.0,2.0,0.084835382372023,1.39145888296393,0.18761793996148643,5.297972028393921
taproot|medium|1,taproot,medium,5,1,boundary_dilate,3.0,0.6712887438825449,0.9793438639125152,9053.0,0.035328290647439586,67821.0,0.0,384.0,0.026200873362445413,229.0,0.03262233375156838,1594.0,1.0460921654192925,5.679422835633626,0.09090909090909091,22.0,0.10344827586206896,87.0,0.0,1.0,0.0,2.0,0.11341860577998955,1.39145888296393,0.23890375499406719,5.297972028393921
taproot|medium|1,taproot,medium,5,1,boundary_dilate,4.0,0.6070746018440906,1.2944880150226443,9053.0,0.047094557732855605,67821.0,0.0,384.0,0.034934497816593885,229.0,0.04203262233375157,1594.0,1.3951629966903047,5.679422835633626,0.13636363636363635,22.0,0.1724137931034483,87.0,0.0,1.0,0.5,2.0,0.13375229184099663,1.39145888296393,0.2814419200639079,5.297972028393921
taproot|medium|1,taproot,medium,5,1,boundary_dilate,5.0,0.5548201262486977,1.6047718988180713,9053.0,0.05889031420946315,67821.0,0.0,384.0,0.043668122270742356,229.0,0.05144291091593475,1594.0,1.7460359832777816,5.679422835633626,0.13636363636363635,22.0,0.27586206896551724,87.0,0.0,1.0,1.0,2.0,0.1511005903669615,1.39145888296393,0.31899262051958255,5.297972028393921
taproot|medium|1,taproot,medium,5,1,junction_break,0.0,1.0,0.0,9053.0,0.0,67821.0,0.0,384.0,0.0,229.0,0.0,1594.0,0.0,5.679422835633626,0.0,22.0,0.0,87.0,0.0,1.0,0.0,2.0,0.0,1.39145888296393,0.0,5.297972028393921
taproot|medium|1,taproot,medium,5,1,junction_break,0.1,0.9897896557495955,0.020214293604330056,9053.0,0.0,67821.0,0.0,384.0,0.0,229.0,0.0075282308657465494,1594.0,0.012782290774527276,5.679422835633626,0.5909090909090909,22.0,0.16091954022988506,87.0,9.0,1.0,0.5,2.0,0.002064883032843163,1.39145888296393,0.0032639578101392613,5.297972028393921
taproot|medium|1,taproot,medium,5,1,junction_break,0.2,0.9783320167024038,0.04241687838285651,9053.0,0.0,67821.0,0.0,384.0,0.0,229.0,0.043914680050188205,1594.0,0.08269982220088543,5.679422835633626,0.8181818181818182,22.0,0.27586206896551724,87.0,11.0,1.0,3.5,2.0,0.0028371254975021304,1.39145888296393,0.018627111924737996,5.297972028393921
taproot|medium|1,taproot,medium,5,1,junction_break,0.4,0.9703724765425078,0.05754998343090688,9053.0,0.0,67821.0,0.0,384.0,0.0,229.0,0.0075282308657465494,1594.0,0.0645919511761305,5.679422835633626,1.1818181818181819,22.0,0.08045977011494253,87.0,18.0,1.0,2.5,2.0,0.005499316874962978,1.39145888296393,0.006687723035582145,5.297972028393921
taproot|medium|1,taproot,medium,5,1,junction_break,0.6,0.9615141955835962,0.07411907654921021,9053.0,0.0,67821.0,0.0,384.0,0.0,229.0,0.04265997490589712,1594.0,0.11200108785766615,5.679422835633626,1.1363636363636365,22.0,0.1839080459770115,87.0,16.0,1.0,4.5,2.0,0.006560906750686035,1.39145888296393,0.029638657349802408,5.297972028393921
taproot|medium|1,taproot,medium,5,1,junction_break,0.8,0.955101569713758,0.08593836297359991,9053.0,0.0,67821.0,0.0,384.0,0.0,229.0,0.028858218318695106,1594.0,0.11157667718287695,5.679422835633626,1.2272727272727273,22.0,0.11494252873563218,87.0,18.0,1.0,4.5,2.0,0.008165011578755104,1.39145888296393,0.028034690160921423,5.297972028393921
taproot|medium|1,taproot,medium,5,1,thin_dropout,0.0,1.0,0.0,9053.0,0.0,67821.0,0.0,384.0,0.0,229.0,0.0,1594.0,0.0,5.679422835633626,0.0,22.0,0.0,87.0,0.0,1.0,0.0,2.0,0.0,1.39145888296393,0.0,5.297972028393921
taproot|medium|1,taproot,medium,5,1,thin_dropout,0.1,0.8000530187553847,0.3332596929194742,9053.0,0.013801035077630822,67821.0,0.0,384.0,0.008733624454148471,229.0,0.0006273525721455458,1594.0,0.33284114909833135,5.679422835633626,0.0,22.0,0.08045977011494253,87.0,0.0,1.0,0.5,2.0,0.055348125648898995,1.39145888296393,0.2905623110809289,5.297972028393921
taproot|medium|1,taproot,medium,5,1,thin_dropout,0.2,0.8000530187553847,0.3332596929194742,9053.0,0.013801035077630822,67821.0,0.0,384.0,0.008733624454148471,229.0,0.0006273525721455458,1594.0,0.33284114909833135,5.679422835633626,0.0,22.0,0.08045977011494253,87.0,0.0,1.0,0.5,2.0,0.055348125648898995,1.39145888296393,0.2905623110809289,5.297972028393921
taproot|medium|1,taproot,medium,5,1,thin_dropout,0.3,0.8000530187553847,0.3332596929194742,9053.0,0.013801035077630822,67821.0,0.0,384.0,0.008733624454148471,229.0,0.0006273525721455458,1594.0,0.33284114909833135,5.679422835633626,0.0,22.0,0.08045977011494253,87.0,0.0,1.0,0.5,2.0,0.055348125648898995,1.39145888296393,0.2905623110809289,5.297972028393921
taproot|medium|1,taproot,medium,5,1,thin_dropout,0.4,0.6950630630630631,0.46735888655694247,9053.0,0.04954217720175167,67821.0,0.0,384.0,0.039301310043668124,229.0,0.198870765370138,1594.0,0.33513709097240896,5.679422835633626,2.3636363636363638,22.0,0.45977011494252873,87.0,70.0,1.0,1.0,2.0,0.0938568936171731,1.39145888296393,0.7040705962616456,5.297972028393921
taproot|medium|1,taproot,medium,5,1,thin_dropout,0.5,0.5516358691304696,0.6191317795206009,9053.0,0.28398283717432654,67821.0,0.0,384.0,0.2576419213973799,229.0,0.32810539523212046,1594.0,0.4331429099494284,5.679422835633626,0.13636363636363635,22.0,0.4942528735632184,87.0,6.0,1.0,1.0,2.0,0.11341734343905492,1.39145888296393,1.0897284394206337,5.297972028393921
taproot|medium|1,taproot,medium,5,1,speckle,0.0,1.0,0.0,9053.0,0.0,67821.0,0.0,384.0,0.0,229.0,0.0,1594.0,0.0,5.679422835633626,0.0,22.0,0.0,87.0,0.0,1.0,0.0,2.0,0.0,1.39145888296393,0.0,5.297972028393921
taproot|medium|1,taproot,medium,5,1,speckle,0.0002,0.9984559391198853,0.003092897382083287,9053.0,0.6853481959864939,67821.0,0.0,384.0,0.5938864628820961,229.0,0.018820577164366373,1594.0,0.015437143825713777,5.679422835633626,0.045454545454545456,22.0,0.05747126436781609,87.0,27.0,1.0,0.0,2.0,0.06180604883831663,1.39145888296393,0.0047759119675261814,5.297972028393921
taproot|medium|1,taproot,medium,5,1,speckle,0.0005,0.9962035763411279,0.00762178283441953,9053.0,0.8505477654413824,67821.0,0.0,384.0,0.6681222707423581,229.0,0.043914680050188205,1594.0,0.03476615274154757,5.679422835633626,0.13636363636363635,22.0,0.034482758620689655,87.0,66.0,1.0,0.0,2.0,0.07988229942814168,1.39145888296393,0.011843377426774196,5.297972028393921
taproot|medium|1,taproot,medium,5,1,speckle,0.001,0.992435869326902,0.01524356566883906,9053.0,0.9578891493785111,67821.0,0.0,384.0,0.6419213973799127,229.0,0.08657465495608532,1594.0,0.065647665314013,5.679422835633626,0.13636363636363635,22.0,0.08045977011494253,87.0,132.0,1.0,0.0,2.0,0.0845380831726573,1.39145888296393,0.024232709716977503,5.297972028393921
taproot|medium|1,taproot,medium,5,1,speckle,0.002,0.9849317304030898,0.030597591958466806,9053.0,1.0859763200188732,67821.0,0.0,384.0,0.6724890829694323,229.0,0.17314930991217065,1594.0,0.12151199915411974,5.679422835633626,0.13636363636363635,22.0,0.034482758620689655,87.0,271.0,1.0,0.0,2.0,0.06672536598452772,1.39145888296393,0.04746515861102368,5.297972028393921
taproot|medium|1,taproot,medium,5,1,speckle,0.005,0.9631875731460794,0.07643874958577267,9053.0,1.1254773595199128,67821.0,0.0,384.0,0.6768558951965066,229.0,0.42973651191969886,1594.0,0.24710690353676104,5.679422835633626,1.6818181818181819,22.0,0.08045977011494253,87.0,659.0,1.0,0.0,2.0,0.011489089308043817,1.39145888296393,0.11091400067513432,5.297972028393921
taproot|medium|1,taproot,medium,5,1,blob,0.0,1.0,0.0,9053.0,0.0,67821.0,0.0,384.0,0.0,229.0,0.0,1594.0,0.0,5.679422835633626,0.0,22.0,0.0,87.0,0.0,1.0,0.0,2.0,0.0,1.39145888296393,0.0,5.297972028393921
taproot|medium|1,taproot,medium,5,1,blob,0.1,0.9824732758152911,0.035678780514746496,9053.0,0.28957107680511934,67821.0,0.0,384.0,0.34934497816593885,229.0,0.002509410288582183,1594.0,0.03308634301658691,5.679422835633626,0.0,22.0,0.0,87.0,4.0,1.0,0.0,2.0,0.005159672645872302,1.39145888296393,0.0386288948271951,5.297972028393921
taproot|medium|1,taproot,medium,5,1,blob,0.25,0.9561176532713735,0.09179277587540043,9053.0,0.4851594638828681,67821.0,0.0,384.0,0.5283842794759825,229.0,0.01944792973651192,1594.0,0.07096472907408516,5.679422835633626,0.3181818181818182,22.0,0.1839080459770115,87.0,7.0,1.0,0.5,2.0,0.015421706673572528,1.39145888296393,0.07783797546896105,5.297972028393921
taproot|medium|1,taproot,medium,5,1,blob,0.5,0.8921409214092141,0.24179829890643986,9053.0,0.7545450524173929,67821.0,0.0,384.0,0.5851528384279476,229.0,0.023212045169385194,1594.0,0.21362752204590144,5.679422835633626,0.22727272727272727,22.0,0.04597701149425287,87.0,16.0,1.0,0.0,2.0,0.020440125823270042,1.39145888296393,0.1766044462628394,5.297972028393921
taproot|medium|1,taproot,medium,5,1,blob,0.75,0.8560756501182033,0.33624212968076883,9053.0,0.7304669645095176,67821.0,0.0,384.0,0.6506550218340611,229.0,0.04956085319949812,1594.0,0.2731440255296746,5.679422835633626,0.7727272727272727,22.0,0.09195402298850575,87.0,23.0,1.0,0.5,2.0,0.012330818660193194,1.39145888296393,0.24991220242571294,5.297972028393921
taproot|medium|1,taproot,medium,5,1,blob,1.0,0.8239362912400455,0.42737214183143707,9053.0,0.8470680172807833,67821.0,0.0,384.0,0.5720524017467249,229.0,0.07465495608531995,1594.0,0.32821435731425025,5.679422835633626,0.5909090909090909,22.0,0.3103448275862069,87.0,30.0,1.0,2.0,2.0,0.004783547515509648,1.39145888296393,0.3106273632724587,5.297972028393921
taproot|medium|2,taproot,medium,5,2,boundary_erode,0.0,1.0,0.0,9273.0,0.0,63005.0,0.0,384.0,0.0,228.0,0.0,1628.0,0.0,5.695945945945946,0.0,22.0,0.0,95.0,0.0,1.0,0.0,5.0,0.0,1.402719515644122,0.0,5.152716945734578
taproot|medium|2,taproot,medium,5,2,boundary_erode,-1.0,0.799844690351388,0.33354901326431574,9273.0,0.01533211649869058,63005.0,0.005208333333333333,384.0,0.008771929824561403,228.0,0.0,1628.0,0.3335490132643157,5.695945945945946,0.045454545454545456,22.0,0.12631578947368421,95.0,0.0,1.0,0.8,5.0,0.0574761860060695,1.402719515644122,0.28009898434522407,5.152716945734578
taproot|medium|2,taproot,medium,5,2,boundary_erode,-2.0,0.5484855599906081,0.6221287609187965,9273.0,0.2702642647408936,63005.0,0.0390625,384.0,0.21052631578947367,228.0,0.32186732186732187,1628.0,0.44277683222445713,5.695945945945946,0.13636363636363635,22.0,0.5368421052631579,95.0,4.0,1.0,1.0,5.0,0.12877019130442033,1.402719515644122,1.0902630313691217,5.152716945734578
taproot|medium|2,taproot,medium,5,2,boundary_erode,-3.0,0.34499375334642157,0.791545346705489,9273.0,0.6811205459884137,63005.0,0.0546875,384.0,0.5263157894736842,228.0,0.777027027027027,1628.0,0.06511246401249632,5.695945945945946,0.8181818181818182,22.0,1.0,95.0,1.0,1.0,1.0,5.0,0.15313733690363296,1.402719515644122,2.438716820901268,5.152716945734578
taproot|medium|2,taproot,medium,5,2,boundary_erode,-4.0,0.2293297689516899,0.8704842014450556,9273.0,0.9527815252757718,63005.0,0.059895833333333336,384.0,0.9385964912280702,228.0,0.7788697788697788,1628.0,0.41430077764597334,5.695945945945946,0.9090909090909091,22.0,1.0,95.0,0.0,1.0,1.0,5.0,0.18781877637004868,1.402719515644122,2.6003409660387047,5.152716945734578
taproot|medium|2,taproot,medium,5,2,boundary_erode,-5.0,0.09823625922887613,0.9483446565297099,9273.0,0.9643361637965241,63005.0,0.06510416666666667,384.0,0.9473684210526315,228.0,0.7794840294840295,1628.0,0.7657523700010243,5.695945945945946,0.9090909090909091,22.0,1.0,95.0,0.0,1.0,1.0,5.0,0.2776258610221012,1.402719515644122,2.839629016484486,5.152716945734578
taproot|medium|2,taproot,medium,5,2,boundary_dilate,0.0,1.0,0.0,9273.0,0.0,63005.0,0.0,384.0,0.0,228.0,0.0,1628.0,0.0,5.695945945945946,0.0,22.0,0.0,95.0,0.0,1.0,0.0,5.0,0.0,1.402719515644122,0.0,5.152716945734578
taproot|medium|2,taproot,medium,5,2,boundary_dilate,1.0,0.8578961976131002,0.33128437398900035,9273.0,0.013284659947623205,63005.0,0.0,384.0,0.008771929824561403,228.0,0.02027027027027027,1628.0,0.35882818862325555,5.695945945945946,0.045454545454545456,22.0,0.1368421052631579,95.0,0.0,1.0,0.6,5.0,0.03675162267907257,1.402719515644122,0.11242175421959529,5.152716945734578
taproot|medium|2,taproot,medium,5,2,boundary_dilate,2.0,0.7534124146896327,0.6545885905316511,9273.0,0.026728037457344655,63005.0,0.0,384.0,0.017543859649122806,228.0,0.02457002457002457,1628.0,0.6962658850034811,5.695945945945946,0.045454545454545456,22.0,0.08421052631578947,95.0,0.0,1.0,0.4,5.0,0.07192834836336862,1.402719515644122,0.17881988012207492,5.152716945734578
taproot|medium|2,taproot,medium,5,2,boundary_dilate,3.0,0.673029467266657,0.9716380890758115,9273.0,0.03994921038012856,63005.0,0.0,384.0,0.02631578947368421,228.0,0.0343980343980344,1628.0,1.04187456044238,5.695945945945946,0.045454545454545456,22.0,0.08421052631578947,95.0,0.0,1.0,0.4,5.0,0.10229825781469669,1.402719515644122,0.22797336696731427,5.152716945734578
taproot|medium|2,taproot,medium,5,2,boundary_dilate,4.0,0.6092641261498029,1.2826485495524642,9273.0,0.05321799857154194,63005.0,0.0,384.0,0.03508771929824561,228.0,0.0386977886977887,1628.0,1.3745379160839692,5.695945945945946,0.045454545454545456,22.0,0.010526315789473684,95.0,0.0,1.0,0.2,5.0,0.12829003396729105,1.402719515644122,0.2691867612954367,5.152716945734578
taproot|medium|2,taproot,medium,5,2,boundary_dilate,5.0,0.5575732066622572,1.5869729321686616,9273.0,0.06651853027537497,63005.0,0.0,384.0,0.043859649122807015,228.0,0.051597051597051594,1628.0,1.727714982882501,5.695945945945946,0.09090909090909091,22.0,0.08421052631578947,95.0,0.0,1.0,0.4,5.0,0.14685880519020564,1.402719515644122,0.3057950719005523,5.152716945734578
taproot|medium|2,taproot,medium,5,2,junction_break,0.0,1.0,0.0,9273.0,0.0,63005.0,0.0,384.0,0.0,228.0,0.0,1628.0,0.0,5.695945945945946,0.0,22.0,0.0,95.0,0.0,1.0,0.0,5.0,0.0,1.402719515644122,0.0,5.152716945734578
taproot|medium|2,taproot,medium,5,2,junction_break,0.1,0.9877190109710169,0.024263992235522485,9273.0,0.0,63005.0,0.0,384.0,0.0,228.0,0.012899262899262898,1628.0,0.036689981418696484,5.695945945945946,0.5454545454545454,22.0,0.042105263157894736,95.0,9.0,1.0,0.2,5.0,0.00200904715204768,1.402719515644122,0.0045739748485204386,5.152716945734578
taproot|medium|2,taproot,medium,5,2,junction_break,0.2,0.9792503715119159,0.040655666990186565,9273.0,0.0,63005.0,0.0,384.0,0.0,228.0,0.02457002457002457,1628.0,0.06366152629497825,5.695945945945946,0.7272727272727273,22.0,0.042105263157894736,95.0,10.0,1.0,0.8,5.0,0.0037446579445143424,1.402719515644122,0.011308908624485716,5.152716945734578
taproot|medium|2,taproot,medium,5,2,junction_break,0.4,0.9644891122278056,0.06858621805241022,9273.0,0.0,63005.0,0.0,384.0,0.0,228.0,0.02027027027027027,1628.0,0.08709112762752784,5.695945945945946,1.3636363636363635,22.0,0.06315789473684211,95.0,20.0,1.0,1.0,5.0,0.005904825047068697,1.402719515644122,0.009149192955305257,5.152716945734578
taproot|medium|2,taproot,medium,5,2,junction_break,0.6,0.9552726453357369,0.08562493260002157,9273.0,0.0,63005.0,0.0,384.0,0.0,228.0,0.025798525798525797,1628.0,0.10862119178014079,5.695945945945946,1.5909090909090908,22.0,0.11578947368421053,95.0,23.0,1.0,1.2,5.0,0.00801696710607814,1.402719515644122,0.021143872958689178,5.152716945734578
taproot|medium|2,taproot,medium,5,2,junction_break,0.8,0.9544480775735709,0.08713469211689852,9273.0,0.0,63005.0,0.0,384.0,0.0,228.0,0.030098280098280097,1628.0,0.11380756038539697,5.695945945945946,1.3181818181818181,22.0,0.09473684210526316,95.0,18.0,1.0,1.2,5.0,0.008278973442638735,1.402719515644122,0.02586300558811104,5.152716945734578
taproot|medium|2,taproot,medium,5,2,thin_dropout,0.0,1.0,0.0,9273.0,0.0,63005.0,0.0,384.0,0.0,228.0,0.0,1628.0,0.0,5.695945945945946,0.0,22.0,0.0,95.0,0.0,1.0,0.0,5.0,0.0,1.402719515644122,0.0,5.152716945734578
taproot|medium|2,taproot,medium,5,2,thin_dropout,0.1,0.8004656878597762,0.3326862935403861,9273.0,0.013316403460042854,63005.0,0.0,384.0,0.008771929824561403,228.0,0.003071253071253071,1628.0,0.3347295075834344,5.695945945945946,0.045454545454545456,22.0,0.12631578947368421,95.0,0.0,1.0,0.8,5.0,0.0574761860060695,1.402719515644122,0.2801311053679406,5.152716945734578
taproot|medium|2,taproot,medium,5,2,thin_dropout,0.2,0.8004656878597762,0.3326862935403861,9273.0,0.013316403460042854,63005.0,0.0,384.0,0.008771929824561403,228.0,0.003071253071253071,1628.0,0.3347295075834344,5.695945945945946,0.045454545454545456,22.0,0.12631578947368421,95.0,0.0,1.0,0.8,5.0,0.0574761860060695,1.402719515644122,0.2801311053679406,5.152716945734578
taproot|medium|2,taproot,medium,5,2,thin_dropout,0.3,0.8004656878597762,0.3326862935403861,9273.0,0.013316403460042854,63005.0,0.0,384.0,0.008771929824561403,228.0,0.003071253071253071,1628.0,0.3347295075834344,5.695945945945946,0.045454545454545456,22.0,0.12631578947368421,95.0,0.0,1.0,0.8,5.0,0.0574761860060695,1.402719515644122,0.2801311053679406,5.152716945734578
taproot|medium|2,taproot,medium,5,2,thin_dropout,0.4,0.6919170545916208,0.47104496926560985,9273.0,0.04410761050710261,63005.0,0.0,384.0,0.03508771929824561,228.0,0.20393120393120392,1628.0,0.3355410570713061,5.695945945945946,3.1818181818181817,22.0,0.4631578947368421,95.0,58.0,1.0,1.0,5.0,0.09780523503005863,1.402719515644122,0.7046370537938316,5.152716945734578
taproot|medium|2,taproot,medium,5,2,thin_dropout,0.5,0.5496207085321029,0.6210503612638844,9273.0,0.26953416395524166,63005.0,0.033854166666666664,384.0,0.21052631578947367,228.0,0.32002457002457,1628.0,0.44270098296079835,5.695945945945946,0.13636363636363635,22.0,0.5368421052631579,95.0,4.0,1.0,1.0,5.0,0.1285855531683326,1.402719515644122,1.090378825949433,5.152716945734578
taproot|medium|2,taproot,medium,5,2,speckle,0.0,1.0,0.0,9273.0,0.0,63005.0,0.0,384.0,0.0,228.0,0.0,1628.0,0.0,5.695945945945946,0.0,22.0,0.0,95.0,0.0,1.0,0.0,5.0,0.0,1.402719515644122,0.0,5.152716945734578
taproot|medium|2,taproot,medium,5,2,speckle,0.0002,0.9984925164208033,0.0030195190337539094,9273.0,0.7659550829299262,63005.0,0.0,384.0,0.6491228070175439,228.0,0.016584766584766583,1628.0,0.013343941397612467,5.695945945945946,0.0,22.0,0.0,95.0,27.0,1.0,0.0,5.0,0.054294051725020234,1.402719515644122,0.004558630497781504,5.152716945734578
taproot|medium|2,taproot,medium,5,2,speckle,0.0005,0.996293311845286,0.007440957618893562,9273.0,1.1554003650503928,63005.0,0.0,384.0,0.6798245614035088,228.0,0.041154791154791155,1628.0,0.032381192328283896,5.695945945945946,0.0,22.0,0.0,95.0,67.0,1.0,0.0,5.0,0.08709734059432607,1.402719515644122,0.010463565422411386,5.152716945734578
taproot|medium|2,taproot,medium,5,2,speckle,0.001,0.9926140012845215,0.014881915237787124,9273.0,1.119276247916832,63005.0,0.0,384.0,0.6754385964912281,228.0,0.085995085995086,1628.0,0.06548203732629096,5.695945945945946,0.13636363636363635,22.0,0.10526315789473684,95.0,132.0,1.0,0.0,5.0,0.08319664427595697,1.402719515644122,0.021482630912794738,5.152716945734578
taproot|medium|2,taproot,medium,5,2,speckle,0.002,0.9853363085750717,0.029763830475574248,9273.0,1.206047139115943,63005.0,0.0,384.0,0.6842105263157895,228.0,0.16646191646191646,1628.0,0.11719035491614797,5.695945945945946,0.36363636363636365,22.0,0.07368421052631578,95.0,261.0,1.0,0.0,5.0,0.06880996321113488,1.402719515644122,0.04612525658739247,5.152716945734578
taproot|medium|2,taproot,medium,5,2,speckle,0.005,0.9640796381972241,0.07451741615442684,9273.0,1.307864455201968,63005.0,0.0,384.0,0.6842105263157895,228.0,0.4183046683046683,1628.0,0.24239309073217546,5.695945945945946,1.2727272727272727,22.0,0.22105263157894736,95.0,653.0,1.0,0.0,5.0,0.01536339613441874,1.402719515644122,0.1047522533844283,5.152716945734578
taproot|medium|2,taproot,medium,5,2,blob,0.0,1.0,0.0,9273.0,0.0,63005.0,0.0,384.0,0.0,228.0,0.0,1628.0,0.0,5.695945945945946,0.0,22.0,0.0,95.0,0.0,1.0,0.0,5.0,0.0,1.402719515644122,0.0,5.152716945734578
taproot|medium|2,taproot,medium,5,2,blob,0.1,0.9809584258965408,0.038822387576835975,9273.0,0.16441552257757322,63005.0,0.0,384.0,0.20614035087719298,228.0,0.002457002457002457,1628.0,0.0362762542739516,5.695945945945946,0.0,22.0,0.0,95.0,4.0,1.0,0.0,5.0,0.009890793972076919,1.402719515644122,0.05312990901716609,5.152716945734578
taproot|medium|2,taproot,medium,5,2,blob,0.25,0.9516137308225152,0.10169308745821201,9273.0,0.5747162923577493,63005.0,0.0,384.0,0.6096491228070176,228.0,0.013513513513513514,1628.0,0.08700384629210256,5.695945945945946,0.3181818181818182,22.0,0.031578947368421054,95.0,9.0,1.0,0.0,5.0,0.01564337523431526,1.402719515644122,0.08782929433441045,5.152716945734578
taproot|medium|2,taproot,medium,5,2,blob,0.5,0.8966784315621525,0.23045400625471799,9273.0,0.8661376081263392,63005.0,0.0,384.0,0.5614035087719298,228.0,0.03501228501228501,1628.0,0.1888303395742915,5.695945945945946,0.22727272727272727,22.0,0.22105263157894736,95.0,15.0,1.0,0.6,5.0,0.013547688073032266,1.402719515644122,0.19310891208728562,5.152716945734578
taproot|medium|2,taproot,medium,5,2,blob,0.75,0.8710313732857411,0.2961285452388655,9273.0,0.7953019601618919,63005.0,0.0,384.0,0.5657894736842105,228.0,0.057125307125307126,1628.0,0.22608789752985076,5.695945945945946,0.8181818181818182,22.0,0.06315789473684211,95.0,21.0,1.0,0.0,5.0,0.016736455892844376,1.402719515644122,0.23059318716273985,5.152716945734578
taproot|medium|2,taproot,medium,5,2,blob,1.0,0.8442663995993991,0.36892052194543296,9273.0,0.8310610269026267,63005.0,0.0,384.0,0.4780701754385965,228.0,0.05773955773955774,1628.0,0.2941943145918495,5.695945945945946,1.0909090909090908,22.0,0.08421052631578947,95.0,30.0,1.0,0.0,5.0,0.00795530414738367,1.402719515644122,0.25919305581600977,5.152716945734578
taproot|thick|0,taproot,thick,8,0,boundary_erode,0.0,1.0,0.0,14935.0,0.0,66770.0,0.0,374.0,0.0,248.0,0.0,1568.0,0.0,9.524872448979592,0.0,21.0,0.0,96.0,0.0,1.0,0.0,4.0,0.0,1.5045089460247847,0.0,4.529152541044327
taproot|thick|0,taproot,thick,8,0,boundary_erode,-1.0,0.8921855876571598,0.19464345497154337,14935.0,0.01463231990414857,66770.0,0.0053475935828877,374.0,0.008064516129032258,248.0,0.0006377551020408163,1568.0,0.19412950695301848,9.524872448979592,0.0,21.0,0.1875,96.0,0.0,1.0,0.75,4.0,0.034515475279607466,1.5045089460247847,0.12675824300277333,4.529152541044327
taproot|thick|0,taproot,thick,8,0,boundary_erode,-2.0,0.758417158533544,0.38915299631737527,14935.0,0.028036543357795415,66770.0,0.0106951871657754,374.0,0.016129032258064516,248.0,0.00510204081632653,1568.0,0.3922537425289622,9.524872448979592,0.0,21.0,0.20833333333333334,96.0,0.0,1.0,0.75,4.0,0.07282999482510016,1.5045089460247847,0.36905667220860927,4.529152541044327
taproot|thick|0,taproot,thick,8,0,boundary_erode,-3.0,0.6134707329526993,0.5575493806494811,14935.0,0.2950876141979931,66770.0,0.01871657754010695,374.0,0.24193548387096775,248.0,0.3125,1568.0,0.3564354627628815,9.524872448979592,0.09523809523809523,21.0,0.5416666666666666,96.0,7.0,1.0,1.0,4.0,0.10255184523732495,1.5045089460247847,0.7688768862153356,4.529152541044327
taproot|thick|0,taproot,thick,8,0,boundary_erode,-4.0,0.4746974416585814,0.6887847338466689,14935.0,0.35408117418002094,66770.0,0.026737967914438502,374.0,0.3346774193548387,248.0,0.34311224489795916,1568.0,0.5262276336617251,9.524872448979592,0.0,21.0,0.5729166666666666,96.0,5.0,1.0,1.0,4.0,0.1425396057942159,1.5045089460247847,1.3033699291599918,4.529152541044327
taproot|thick|0,taproot,thick,8,0,boundary_erode,-5.0,0.3328682257074287,0.8003347840642785,14935.0,0.5643552493634866,66770.0,0.03208556149732621,374.0,0.5403225806451613,248.0,0.6830357142857143,1568.0,0.3700703046534985,9.524872448979592,1.0952380952380953,21.0,0.9270833333333334,96.0,24.0,1.0,1.0,4.0,0.18355333257961703,1.5045089460247847,2.421196876058777,4.529152541044327
taproot|thick|0,taproot,thick,8,0,boundary_dilate,0.0,1.0,0.0,14935.0,0.0,66770.0,0.0,374.0,0.0,248.0,0.0,1568.0,0.0,9.524872448979592,0.0,21.0,0.0,96.0,0.0,1.0,0.0,4.0,0.0,1.5045089460247847,0.0,4.529152541044327
taproot|thick|0,taproot,thick,8,0,boundary_dilate,1.0,0.9118104948258494,0.1934382323401406,14935.0,0.012954919874194998,66770.0,0.00267379679144385,374.0,0.008064516129032258,248.0,0.016581632653061226,1568.0,0.21356105597233496,9.524872448979592,0.0,21.0,0.13541666666666666,96.0,0.0,1.0,0.25,4.0,0.014825771379453193,1.5045089460247847,0.08141115896532354,4.529152541044327
taproot|thick|0,taproot,thick,8,0,boundary_dilate,2.0,0.8394929878305838,0.3823903582189488,14935.0,0.025924816534371724,66770.0,0.0053475935828877,374.0,0.016129032258064516,248.0,0.022321428571428572,1568.0,0.4139517819225777,9.524872448979592,0.047619047619047616,21.0,0.13541666666666666,96.0,0.0,1.0,0.25,4.0,0.03849665717591435,1.5045089460247847,0.1420330444153971,4.529152541044327
taproot|thick|0,taproot,thick,8,0,boundary_dilate,3.0,0.7790209425449235,0.5673250753264144,14935.0,0.03893964355249364,66770.0,0.008021390374331552,374.0,0.024193548387096774,248.0,0.03635204081632653,1568.0,0.626449846533301,9.524872448979592,0.047619047619047616,21.0,0.11458333333333333,96.0,0.0,1.0,0.25,4.0,0.0603657468524801,1.5045089460247847,0.19153999095486182,4.529152541044327
taproot|thick|0,taproot,thick,8,0,boundary_dilate,4.0,0.7277023899432358,0.7483762972882491,14935.0,0.051969447356597274,66770.0,0.0106951871657754,374.0,0.03225806451612903,248.0,0.047193877551020405,1568.0,0.8349759264712013,9.524872448979592,0.09523809523809523,21.0,0.22916666666666666,96.0,0.0,1.0,0.5,4.0,0.07723655708775982,1.5045089460247847,0.23413535670212246,4.529152541044327
taproot|thick|0,taproot,thick,8,0,boundary_dilate,5.0,0.6833989201061591,0.9265483762972883,14935.0,0.06508911187659128,66770.0,0.013368983957219251,374.0,0.04032258064516129,248.0,0.054209183673469385,1568.0,1.0369709062940984,9.524872448979592,0.09523809523809523,21.0,0.20833333333333334,96.0,0.0,1.0,0.5,4.0,0.08903197260641132,1.5045089460247847,0.27196154120331406,4.529152541044327
taproot|thick|0,taproot,thick,8,0,junction_break,0.0,1.0,0.0,14935.0,0.0,66770.0,0.0,374.0,0.0,248.0,0.0,1568.0,0.0,9.524872448979592,0.0,21.0,0.0,96.0,0.0,1.0,0.0,4.0,0.0,1.5045089460247847,0.0,4.529152541044327
taproot|thick|0,taproot,thick,8,0,junction_break,0.1,0.9914576088057534,0.016940073652494142,14935.0,0.0,66770.0,0.0,374.0,0.0,248.0,0.03443877551020408,1568.0,0.04966833260611012,9.524872448979592,0.5238095238095238,21.0,0.09375,96.0,3.0,1.0,0.25,4.0,0.0011633249722690815,1.5045089460247847,0.0011561618975598571,4.529152541044327
taproot|thick|0,taproot,thick,8,0,junction_break,0.2,0.9848078034190939,0.029929695346501507,14935.0,0.0,66770.0,0.0,374.0,0.0,248.0,0.0975765306122449,1568.0,0.11617069279681247,9.524872448979592,0.47619047619047616,21.0,0.23958333333333334,96.0,6.0,1.0,1.5,4.0,0.001841738767692878,1.5045089460247847,0.0108959906909756,4.529152541044327
taproot|thick|0,taproot,thick,8,0,junction_break,0.4,0.9778948809197919,0.04325410110478741,14935.0,0.0,66770.0,0.0,374.0,0.0,248.0,0.11415816326530612,1568.0,0.14128358931442853,9.524872448979592,0.8571428571428571,21.0,0.2916666666666667,96.0,7.0,1.0,1.75,4.0,0.003185259603125778,1.5045089460247847,0.01223874266358406,4.529152541044327
taproot|thick|0,taproot,thick,8,0,junction_break,0.6,0.9709580735177593,0.0564445932373619,14935.0,0.0,66770.0,0.0,374.0,0.0,248.0,0.1288265306122449,1568.0,0.16412718768145956,9.524872448979592,1.2380952380952381,21.0,0.3541666666666667,96.0,11.0,1.0,1.75,4.0,0.004018139836669169,1.5045089460247847,0.012112511564254722,4.529152541044327
taproot|thick|0,taproot,thick,8,0,junction_break,0.8,0.9683636112454238,0.06133244057582859,14935.0,0.0,66770.0,0.0,374.0,0.0,248.0,0.1211734693877551,1568.0,0.16278115291404963,9.524872448979592,1.4285714285714286,21.0,0.3541666666666667,96.0,16.0,1.0,1.75,4.0,0.0050880146974981045,1.5045089460247847,0.012868568162393942,4.529152541044327
taproot|thick|0,taproot,thick,8,0,thin_dropout,0.0,1.0,0.0,14935.0,0.0,66770.0,0.0,374.0,0.0,248.0,0.0,1568.0,0.0,9.524872448979592,0.0,21.0,0.0,96.0,0.0,1.0,0.0,4.0,0.0,1.5045089460247847,0.0,4.529152541044327
taproot|thick|0,taproot,thick,8,0,thin_dropout,0.1,0.8927194543297746,0.19377301640441916,14935.0,0.012909989516249812,66770.0,0.00267379679144385,374.0,0.008064516129032258,248.0,0.001913265306122449,1568.0,0.19531259689505362,9.524872448979592,0.0,21.0,0.1875,96.0,0.0,1.0,0.75,4.0,0.034515475279607466,1.5045089460247847,0.12679297767585623,4.529152541044327
taproot|thick|0,taproot,thick,8,0,thin_dropout,0.2,0.839188558992694,0.27706729159692,14935.0,0.02427737007638161,66770.0,0.0053475935828877,374.0,0.016129032258064516,248.0,0.0012755102040816326,1568.0,0.27614400589014715,9.524872448979592,0.0,21.0,0.16666666666666666,96.0,0.0,1.0,0.75,4.0,0.050240705961173665,1.5045089460247847,0.23802568114346861,4.529152541044327
taproot|thick|0,taproot,thick,8,0,thin_dropout,0.3,0.7595514950166113,0.3876799464345497,14935.0,0.025775048674554442,66770.0,0.0053475935828877,374.0,0.016129032258064516,248.0,0.00701530612244898,1568.0,0.39194563395147175,9.524872448979592,0.0,21.0,0.20833333333333334,96.0,0.0,1.0,0.75,4.0,0.07267647730709142,1.5045089460247847,0.3691772982966142,4.529152541044327
taproot|thick|0,taproot,thick,8,0,thin_dropout,0.4,0.6932365036311139,0.46950117174422495,14935.0,0.053017822375318255,66770.0,0.008021390374331552,374.0,0.028225806451612902,248.0,0.1753826530612245,1568.0,0.3566727279929967,9.524872448979592,1.8095238095238095,21.0,0.3854166666666667,96.0,62.0,1.0,1.0,4.0,0.09432552152008707,1.5045089460247847,0.603586096076196,4.529152541044327
taproot|thick|0,taproot,thick,8,0,thin_dropout,0.5,0.6368822160361429,0.5327753598928691,14935.0,0.16428036543357796,66770.0,0.008021390374331552,374.0,0.18951612903225806,248.0,0.2544642857142857,1568.0,0.373303476742531,9.524872448979592,0.9047619047619048,21.0,0.5,96.0,18.0,1.0,1.0,4.0,0.10121940040192745,1.5045089460247847,0.8668917811241694,4.529152541044327
taproot|thick|0,taproot,thick,8,0,speckle,0.0,1.0,0.0,14935.0,0.0,66770.0,0.0,374.0,0.0,248.0,0.0,1568.0,0.0,9.524872448979592,0.0,21.0,0.0,96.0,0.0,1.0,0.0,4.0,0.0,1.5045089460247847,0.0,4.529152541044327
taproot|thick|0,taproot,thick,8,0,speckle,0.0002,0.9990968993544502,0.0018078339471041178,14935.0,0.6620937546802457,66770.0,0.0,374.0,0.4838709677419355,248.0,0.018494897959183673,1568.0,0.016384042812110703,9.524872448979592,0.047619047619047616,21.0,0.03125,96.0,25.0,1.0,0.0,4.0,0.05278943163246836,1.5045089460247847,0.0028448749193068046,4.529152541044327
taproot|thick|0,taproot,thick,8,0,speckle,0.0005,0.9977952966328166,0.004419149648476732,14935.0,1.037531825670211,66770.0,0.008021390374331552,374.0,0.5362903225806451,248.0,0.04145408163265306,1568.0,0.03556079200930087,9.524872448979592,0.0,21.0,0.0,96.0,65.0,1.0,0.0,4.0,0.07275395639815128,1.5045089460247847,0.0067388396558233,4.529152541044327
taproot|thick|0,taproot,thick,8,0,speckle,0.001,0.9955671099556711,0.008905256109809172,14935.0,0.9381608506814437,66770.0,0.0213903743315508,374.0,0.5161290322580645,248.0,0.08737244897959184,1568.0,0.07216220435180005,9.524872448979592,0.047619047619047616,21.0,0.03125,96.0,129.0,1.0,0.0,4.0,0.08083587988552741,1.5045089460247847,0.014711259890025303,4.529152541044327
taproot|thick|0,taproot,thick,8,0,speckle,0.002,0.9912062385929982,0.01774355540676264,14935.0,1.094323798112925,66770.0,0.0213903743315508,374.0,0.5443548387096774,248.0,0.16964285714285715,1568.0,0.12986810530108842,9.524872448979592,0.0,21.0,0.0,96.0,261.0,1.0,0.0,4.0,0.06959770229071117,1.5045089460247847,0.02787716362220479,4.529152541044327
taproot|thick|0,taproot,thick,8,0,speckle,0.005,0.9782857891461697,0.044392366923334446,14935.0,1.1759922120712896,66770.0,0.026737967914438502,374.0,0.5483870967741935,248.0,0.4215561224489796,1568.0,0.2653175274402026,9.524872448979592,1.7619047619047619,21.0,0.11458333333333333,96.0,628.0,1.0,0.0,4.0,0.031864416827513384,1.5045089460247847,0.06719844893871396,4.529152541044327
taproot|thick|0,taproot,thick,8,0,blob,0.0,1.0,0.0,14935.0,0.0,66770.0,0.0,374.0,0.0,248.0,0.0,1568.0,0.0,9.524872448979592,0.0,21.0,0.0,96.0,0.0,1.0,0.0,4.0,0.0,1.5045089460247847,0.0,4.529152541044327
taproot|thick|0,taproot,thick,8,0,blob,0.1,0.9972622863247863,0.005490458654168062,14935.0,0.037531825670211176,66770.0,0.0,374.0,0.024193548387096774,248.0,0.0031887755102040817,1568.0,0.0022943669229087797,9.524872448979592,0.09523809523809523,21.0,0.0,96.0,2.0,1.0,0.0,4.0,0.002537329250588182,1.5045089460247847,0.009478151710480233,4.529152541044327
taproot|thick|0,taproot,thick,8,0,blob,0.25,0.9716032918062648,0.05845329762303314,14935.0,0.3306275273326344,66770.0,0.0,374.0,0.38306451612903225,248.0,0.009566326530612245,1568.0,0.04842373384265067,9.524872448979592,0.09523809523809523,21.0,0.052083333333333336,96.0,6.0,1.0,0.0,4.0,0.013788627592985653,1.5045089460247847,0.06837918132313067,4.529152541044327
taproot|thick|0,taproot,thick,8,0,blob,0.5,0.9316615202270672,0.14670237696685637,14935.0,0.5251010933053767,66770.0,0.016042780748663103,374.0,0.4274193548387097,248.0,0.030612244897959183,1568.0,0.11264191032427649,9.524872448979592,0.42857142857142855,21.0,0.041666666666666664,96.0,16.0,1.0,0.0,4.0,0.026918527540799864,1.5045089460247847,0.13663618395678026,4.529152541044327
taproot|thick|0,taproot,thick,8,0,blob,0.75,0.9290535286616279,0.1527284901238701,14935.0,0.7236633218511307,66770.0,0.016042780748663103,374.0,0.5,248.0,0.06505102040816327,1568.0,0.08232231887079551,9.524872448979592,0.8571428571428571,21.0,0.20833333333333334,96.0,19.0,1.0,0.75,4.0,0.03401328240982386,1.5045089460247847,0.1479037262682611,4.529152541044327
taproot|thick|0,taproot,thick,8,0,blob,1.0,0.8860346464167063,0.2572480749916304,14935.0,0.8423543507563277,66770.0,0.0,374.0,0.47580645161290325,248.0,0.08163265306122448,1568.0,0.16236142782245072,9.524872448979592,1.0476190476190477,21.0,0.40625,96.0,29.0,1.0,1.0,4.0,0.020389125206935407,1.5045089460247847,0.22737260149154273,4.529152541044327
taproot|thick|1,taproot,thick,8,1,boundary_erode,0.0,1.0,0.0,15037.0,0.0,68810.0,0.0,384.0,0.0,231.0,0.0,1576.0,0.0,9.541243654822335,0.0,22.0,0.0,87.0,0.0,1.0,0.0,3.0,0.0,1.509930285523461,0.0,4.545830206270433
taproot|thick|1,taproot,thick,8,1,boundary_erode,-1.0,0.8920571765399352,0.19485269668151892,15037.0,0.017700915564598168,68810.0,0.005208333333333333,384.0,0.008658008658008658,231.0,0.006345177664974619,1576.0,0.1897112707344021,9.541243654822335,0.0,22.0,0.19540229885057472,87.0,0.0,1.0,1.0,3.0,0.03177825289573472,1.509930285523461,0.12561039915652808,4.545830206270433
taproot|thick|1,taproot,thick,8,1,boundary_erode,-2.0,0.7587601634405052,0.38870785396023144,15037.0,0.03368696410405465,68810.0,0.010416666666666666,384.0,0.017316017316017316,231.0,0.0038071065989847717,1576.0,0.38637170563141704,9.541243654822335,0.0,22.0,0.14942528735632185,87.0,0.0,1.0,1.0,3.0,0.07365783165333491,1.509930285523461,0.3612750976365093,4.545830206270433
taproot|thick|1,taproot,thick,8,1,boundary_erode,-3.0,0.6151862596122853,0.5557624526168784,15037.0,0.3079348931841302,68810.0,0.020833333333333332,384.0,0.26406926406926406,231.0,0.30710659898477155,1576.0,0.3588659572565937,9.541243654822335,0.18181818181818182,22.0,0.45977011494252873,87.0,3.0,1.0,1.0,3.0,0.09862924450222749,1.509930285523461,0.739059857042421,4.545830206270433
taproot|thick|1,taproot,thick,8,1,boundary_erode,-4.0,0.4744851374657604,0.6889672142049611,15037.0,0.37280918471152447,68810.0,0.026041666666666668,384.0,0.3593073593073593,231.0,0.3356598984771574,1576.0,0.5318169337029787,9.541243654822335,0.3181818181818182,22.0,0.5632183908045977,87.0,2.0,1.0,1.0,3.0,0.14242928591890996,1.509930285523461,1.2735002194095333,4.545830206270433
taproot|thick|1,taproot,thick,8,1,boundary_erode,-5.0,0.333019233967075,0.8002261089313027,15037.0,0.6300537712541782,68810.0,0.041666666666666664,384.0,0.5151515151515151,231.0,0.6618020304568528,1576.0,0.40929896374433994,9.541243654822335,0.5909090909090909,22.0,0.896551724137931,87.0,21.0,1.0,1.0,3.0,0.18672056479605115,1.509930285523461,2.359074582465426,4.545830206270433
taproot|thick|1,taproot,thick,8,1,boundary_dilate,0.0,1.0,0.0,15037.0,0.0,68810.0,0.0,384.0,0.0,231.0,0.0,1576.0,0.0,9.541243654822335,0.0,22.0,0.0,87.0,0.0,1.0,0.0,3.0,0.0,1.509930285523461,0.0,4.545830206270433
taproot|thick|1,taproot,thick,8,1,boundary_dilate,1.0,0.9121625720351835,0.19259160736849107,15037.0,0.011568086034006685,68810.0,0.0,384.0,0.008658008658008658,231.0,0.01015228426395939,1576.0,0.20482331616201405,9.541243654822335,0.045454545454545456,22.0,0.22988505747126436,87.0,0.0,1.0,1.0,3.0,0.03233204024718683,1.509930285523461,0.08154367362745471,4.545830206270433
taproot|thick|1,taproot,thick,8,1,boundary_dilate,2.0,0.8399854760774237,0.3809935492451952,15037.0,0.023150704839412877,68810.0,0.0,384.0,0.017316017316017316,231.0,0.02030456852791878,1576.0,0.4096151772088263,9.541243654822335,0.09090909090909091,22.0,0.08045977011494253,87.0,0.0,1.0,0.3333333333333333,3.0,0.0519845611179256,1.509930285523461,0.14280106778000803,4.545830206270433
taproot|thick|1,taproot,thick,8,1,boundary_dilate,3.0,0.7794220552027991,0.5660038571523576,15037.0,0.03471879087341956,68810.0,0.0,384.0,0.025974025974025976,231.0,0.02918781725888325,1576.0,0.6130863260602063,9.541243654822335,0.13636363636363635,22.0,0.12643678160919541,87.0,0.0,1.0,0.6666666666666666,3.0,0.06301726437597897,1.509930285523461,0.19284017144009247,4.545830206270433
taproot|thick|1,taproot,thick,8,1,boundary_dilate,4.0,0.7277963312521175,0.7480215468511007,15037.0,0.046301409678825754,68810.0,0.0,384.0,0.03463203463203463,231.0,0.03934010152284264,1576.0,0.8196049919665354,9.541243654822335,0.13636363636363635,22.0,0.22988505747126436,87.0,0.0,1.0,1.0,3.0,0.07910863418658334,1.509930285523461,0.23588164751847737,4.545830206270433
taproot|thick|1,taproot,thick,8,1,boundary_dilate,5.0,0.6832360224458732,0.9272461262219858,15037.0,0.05786949571283244,68810.0,0.0,384.0,0.04329004329004329,231.0,0.03616751269035533,1576.0,0.9995654344475641,9.541243654822335,0.13636363636363635,22.0,0.14942528735632185,87.0,0.0,1.0,0.6666666666666666,3.0,0.09363115427541792,1.509930285523461,0.274049952253005,4.545830206270433
taproot|thick|1,taproot,thick,8,1,junction_break,0.0,1.0,0.0,15037.0,0.0,68810.0,0.0,384.0,0.0,231.0,0.0,1576.0,0.0,9.541243654822335,0.0,22.0,0.0,87.0,0.0,1.0,0.0,3.0,0.0,1.509930285523461,0.0,4.545830206270433
taproot|thick|1,taproot,thick,8,1,junction_break,0.1,0.9913469278239871,0.017157677728270267,15037.0,0.0,68810.0,0.0,384.0,0.0,231.0,0.06852791878172589,1576.0,0.08019032072431943,9.541243654822335,0.18181818181818182,22.0,0.3103448275862069,87.0,1.0,1.0,1.3333333333333333,3.0,0.0009196393519121463,1.509930285523461,0.00419016953078867,4.545830206270433
taproot|thick|1,taproot,thick,8,1,junction_break,0.2,0.9866226370590019,0.026401542860943008,15037.0,0.0,68810.0,0.0,384.0,0.0,231.0,0.1065989847715736,1576.0,0.12018855020002639,9.541243654822335,0.22727272727272727,22.0,0.5402298850574713,87.0,2.0,1.0,2.6666666666666665,3.0,0.0014654227914951507,1.509930285523461,0.013740142272826918,4.545830206270433
taproot|thick|1,taproot,thick,8,1,junction_break,0.4,0.9781870073389508,0.042694686440114385,15037.0,0.0,68810.0,0.0,384.0,0.0,231.0,0.1199238578680203,1576.0,0.14520500047003979,9.541243654822335,0.8636363636363636,22.0,0.6091954022988506,87.0,9.0,1.0,2.6666666666666665,3.0,0.0031071274667248882,1.509930285523461,0.010554197655412293,4.545830206270433
taproot|thick|1,taproot,thick,8,1,junction_break,0.6,0.9731981289904059,0.05220456208020217,15037.0,0.0,68810.0,0.0,384.0,0.0,231.0,0.12944162436548223,1576.0,0.16082830889797675,9.541243654822335,0.9545454545454546,22.0,0.4827586206896552,87.0,11.0,1.0,2.6666666666666665,3.0,0.0037298988970770664,1.509930285523461,0.015726671228665428,4.545830206270433
taproot|thick|1,taproot,thick,8,1,junction_break,0.8,0.9707734428473648,0.056793243333111657,15037.0,0.0,68810.0,0.0,384.0,0.0,231.0,0.13451776649746192,1576.0,0.16862760150614317,9.541243654822335,1.1363636363636365,22.0,0.6091954022988506,87.0,13.0,1.0,3.0,3.0,0.004203318310689907,1.509930285523461,0.015762440792907156,4.545830206270433
taproot|thick|1,taproot,thick,8,1,thin_dropout,0.0,1.0,0.0,15037.0,0.0,68810.0,0.0,384.0,0.0,231.0,0.0,1576.0,0.0,9.541243654822335,0.0,22.0,0.0,87.0,0.0,1.0,0.0,3.0,0.0,1.509930285523461,0.0,4.545830206270433
taproot|thick|1,taproot,thick,8,1,thin_dropout,0.1,0.8930766682616217,0.1931901310101749,15037.0,0.012207527975584944,68810.0,0.0,384.0,0.008658008658008658,231.0,0.0019035532994923859,1576.0,0.19472301866500036,9.541243654822335,0.0,22.0,0.19540229885057472,87.0,0.0,1.0,1.0,3.0,0.03148079440684813,1.509930285523461,0.12556540235880428,4.545830206270433
taproot|thick|1,taproot,thick,8,1,thin_dropout,0.2,0.8411236561211514,0.27419033051805547,15037.0,0.022598459526231653,68810.0,0.0,384.0,0.017316017316017316,231.0,0.0019035532994923859,1576.0,0.27280607812870655,9.541243654822335,0.0,22.0,0.14942528735632185,87.0,0.0,1.0,1.0,3.0,0.0473778500130065,1.509930285523461,0.23207454131783317,4.545830206270433
taproot|thick|1,taproot,thick,8,1,thin_dropout,0.3,0.7604484378864067,0.3865132672740573,15037.0,0.025723005377125418,68810.0,0.0,384.0,0.017316017316017316,231.0,0.0025380710659898475,1576.0,0.3880663982429838,9.541243654822335,0.0,22.0,0.14942528735632185,87.0,0.0,1.0,1.0,3.0,0.0731937884084496,1.509930285523461,0.36117137021269874,4.545830206270433
taproot|thick|1,taproot,thick,8,1,thin_dropout,0.4,0.6967412029814526,0.46538538272261754,15037.0,0.06096497602092719,68810.0,0.0,384.0,0.047619047619047616,231.0,0.18210659898477158,1576.0,0.34635171696729655,9.541243654822335,2.0,22.0,0.45977011494252873,87.0,63.0,1.0,1.0,3.0,0.09745539251748424,1.509930285523461,0.5753415379043395,4.545830206270433
taproot|thick|1,taproot,thick,8,1,thin_dropout,0.5,0.6414599990965352,0.5278313493382989,15037.0,0.1787240226711234,68810.0,0.0,384.0,0.11688311688311688,231.0,0.2550761421319797,1576.0,0.36615179434170275,9.541243654822335,0.9545454545454546,22.0,0.4942528735632184,87.0,16.0,1.0,1.0,3.0,0.09531440987653392,1.509930285523461,0.8217700632713658,4.545830206270433
taproot|thick|1,taproot,thick,8,1,speckle,0.0,1.0,0.0,15037.0,0.0,68810.0,0.0,384.0,0.0,231.0,0.0,1576.0,0.0,9.541243654822335,0.0,22.0,0.0,87.0,0.0,1.0,0.0,3.0,0.0,1.509930285523461,0.0,4.545830206270433
taproot|thick|1,taproot,thick,8,1,speckle,0.0002,0.9991362126245847,0.0017290682981977788,15037.0,0.4918325824734777,68810.0,0.0,384.0,0.44155844155844154,231.0,0.015862944162436547,1576.0,0.013913171993778983,9.541243654822335,0.0,22.0,0.0,87.0,25.0,1.0,0.0,3.0,0.05922723220273288,1.509930285523461,0.0028777073001858763,4.545830206270433
taproot|thick|1,taproot,thick,8,1,speckle,0.0005,0.9978102189781022,0.0043891733723482075,15037.0,0.8531899433221916,68810.0,0.0,384.0,0.6363636363636364,231.0,0.04251269035532995,1576.0,0.03656887569396181,9.541243654822335,0.0,22.0,0.0,87.0,63.0,1.0,0.0,3.0,0.07332540346409668,1.509930285523461,0.0069628080296114895,4.545830206270433
taproot|thick|1,taproot,thick,8,1,speckle,0.001,0.9956300072833212,0.008778346744696415,15037.0,1.031943031536114,68810.0,0.0,384.0,0.6536796536796536,231.0,0.0850253807106599,1576.0,0.0702721201931921,9.541243654822335,0.18181818181818182,22.0,0.04597701149425287,87.0,127.0,1.0,0.0,3.0,0.08289412886577739,1.509930285523461,0.012891919099491054,4.545830206270433
taproot|thick|1,taproot,thick,8,1,speckle,0.002,0.9912653680081743,0.017623196116246593,15037.0,1.0584508065688127,68810.0,0.0,384.0,0.6493506493506493,231.0,0.16560913705583757,1576.0,0.12696017578704155,9.541243654822335,0.045454545454545456,22.0,0.04597701149425287,87.0,257.0,1.0,0.0,3.0,0.07230898745820998,1.509930285523461,0.027651777069570352,4.545830206270433
taproot|thick|1,taproot,thick,8,1,speckle,0.005,0.978461738677772,0.0440247389771896,15037.0,1.1144601075425085,68810.0,0.0,384.0,0.6623376623376623,231.0,0.4352791878172589,1576.0,0.2725981482634612,9.541243654822335,0.8636363636363636,22.0,0.45977011494252873,87.0,634.0,1.0,0.3333333333333333,3.0,0.034419132999458556,1.509930285523461,0.06496680328403223,4.545830206270433
taproot|thick|1,taproot,thick,8,1,blob,0.0,1.0,0.0,15037.0,0.0,68810.0,0.0,384.0,0.0,231.0,0.0,1576.0,0.0,9.541243654822335,0.0,22.0,0.0,87.0,0.0,1.0,0.0,3.0,0.0,1.509930285523461,0.0,4.545830206270433
taproot|thick|1,taproot,thick,8,1,blob,0.1,0.974498558050614,0.052337567333909686,15037.0,0.20194739136753379,68810.0,0.0,384.0,0.26406926406926406,231.0,0.0025380710659898475,1576.0,0.04967342159382388,9.541243654822335,0.0,22.0,0.0,87.0,4.0,1.0,0.0,3.0,0.00016923165491003226,1.509930285523461,0.05053638134465288,4.545830206270433
taproot|thick|1,taproot,thick,8,1,blob,0.25,0.9660156751895156,0.07035977921127884,15037.0,0.22727801191687255,68810.0,0.0,384.0,0.329004329004329,231.0,0.0133248730964467,1576.0,0.05628491674200099,9.541243654822335,0.13636363636363635,22.0,0.04597701149425287,87.0,7.0,1.0,0.0,3.0,0.00658267831896506,1.509930285523461,0.07929039653495343,4.545830206270433
taproot|thick|1,taproot,thick,8,1,blob,0.5,0.94822802371043,0.10919731329387511,15037.0,0.40536259264641766,68810.0,0.0,384.0,0.4675324675324675,231.0,0.041243654822335024,1576.0,0.06526201447358157,9.541243654822335,0.13636363636363635,22.0,0.2413793103448276,87.0,9.0,1.0,1.0,3.0,0.009670396881954299,1.509930285523461,0.11750296983672137,4.545830206270433
taproot|thick|1,taproot,thick,8,1,blob,0.75,0.9072643900084469,0.20442907494846047,15037.0,0.6433512570847261,68810.0,0.0,384.0,0.645021645021645,231.0,0.04631979695431472,1576.0,0.15110989819210052,9.541243654822335,0.45454545454545453,22.0,0.16091954022988506,87.0,18.0,1.0,0.0,3.0,0.017568942010583538,1.509930285523461,0.1880336462574618,4.545830206270433
taproot|thick|1,taproot,thick,8,1,blob,1.0,0.9214130334875456,0.17057923787989626,15037.0,0.865353872983578,68810.0,0.0,384.0,0.6493506493506493,231.0,0.08756345177664974,1576.0,0.07633190134114155,9.541243654822335,1.0454545454545454,22.0,0.3218390804597701,87.0,23.0,1.0,0.0,3.0,0.020457484735107313,1.509930285523461,0.1567635026403703,4.545830206270433
taproot|thick|2,taproot,thick,8,2,boundary_erode,0.0,1.0,0.0,15340.0,0.0,64192.0,0.0,384.0,0.0,230.0,0.0,1595.0,0.0,9.617554858934168,0.0,21.0,0.0,81.0,0.0,1.0,0.0,2.0,0.0,1.5042284090940374,0.0,4.437859386404622
taproot|thick|2,taproot,thick,8,2,boundary_erode,-1.0,0.8936170212765957,0.19230769230769232,15340.0,0.015048604187437687,64192.0,0.005208333333333333,384.0,0.008695652173913044,230.0,0.007523510971786834,1595.0,0.19833899765449228,9.617554858934168,0.047619047619047616,21.0,0.0,81.0,0.0,1.0,0.5,2.0,0.024520097038956152,1.5042284090940374,0.11913743228263418,4.437859386404622
taproot|thick|2,taproot,thick,8,2,boundary_erode,-2.0,0.762104583602324,0.384354628422425,15340.0,0.028788634097706878,64192.0,0.010416666666666666,384.0,0.017391304347826087,230.0,0.007523510971786834,1595.0,0.38895185583930797,9.617554858934168,0.047619047619047616,21.0,0.037037037037037035,81.0,0.0,1.0,0.5,2.0,0.06581690311074744,1.5042284090940374,0.3423676190653265,4.437859386404622
taproot|thick|2,taproot,thick,8,2,boundary_erode,-3.0,0.6175821204884423,0.5532594524119948,15340.0,0.2483642821535394,64192.0,0.036458333333333336,384.0,0.1826086956521739,230.0,0.29153605015673983,1595.0,0.36942374035144393,9.617554858934168,0.19047619047619047,21.0,0.4567901234567901,81.0,2.0,1.0,1.0,2.0,0.09944014566793077,1.5042284090940374,0.71894914040942,4.437859386404622
taproot|thick|2,taproot,thick,8,2,boundary_erode,-4.0,0.47484589381586795,0.6886571056062581,15340.0,0.27490964606181456,64192.0,0.041666666666666664,384.0,0.22608695652173913,230.0,0.3203761755485893,1595.0,0.5418893758689868,9.617554858934168,0.09523809523809523,21.0,0.5061728395061729,81.0,5.0,1.0,1.0,2.0,0.15300094067456316,1.5042284090940374,1.2764395500145587,4.437859386404622
taproot|thick|2,taproot,thick,8,2,boundary_erode,-5.0,0.33378591212730135,0.7996740547588005,15340.0,0.47142946161515453,64192.0,0.046875,384.0,0.39565217391304347,230.0,0.6564263322884013,1595.0,0.41693452069395404,9.617554858934168,1.0476190476190477,21.0,0.8641975308641975,81.0,21.0,1.0,1.0,2.0,0.17992368222445573,1.5042284090940374,2.379707270924558,4.437859386404622
taproot|thick|2,taproot,thick,8,2,boundary_dilate,0.0,1.0,0.0,15340.0,0.0,64192.0,0.0,384.0,0.0,230.0,0.0,1595.0,0.0,9.617554858934168,0.0,21.0,0.0,81.0,0.0,1.0,0.0,2.0,0.0,1.5042284090940374,0.0,4.437859386404622
taproot|thick|2,taproot,thick,8,2,boundary_dilate,1.0,0.9128778862175673,0.1908735332464146,15340.0,0.013039007976071784,64192.0,0.0,384.0,0.008695652173913044,230.0,0.005015673981191223,1595.0,0.19687667645118556,9.617554858934168,0.0,21.0,0.12345679012345678,81.0,0.0,1.0,0.5,2.0,0.028454742622745194,1.5042284090940374,0.07759156055870695,4.437859386404622
taproot|thick|2,taproot,thick,8,2,boundary_dilate,2.0,0.8410318265303325,0.37803129074315517,15340.0,0.026109172482552342,64192.0,0.0,384.0,0.017391304347826087,230.0,0.014420062695924765,1595.0,0.3981933261675145,9.617554858934168,0.0,21.0,0.12345679012345678,81.0,0.0,1.0,0.5,2.0,0.054346059821275154,1.5042284090940374,0.13583869762096015,4.437859386404622
taproot|thick|2,taproot,thick,8,2,boundary_dilate,3.0,0.7808602697887503,0.5612777053455019,15340.0,0.03911702392821535,64192.0,0.0,384.0,0.02608695652173913,230.0,0.013166144200626959,1595.0,0.5821079669797178,9.617554858934168,0.047619047619047616,21.0,0.32098765432098764,81.0,0.0,1.0,1.5,2.0,0.07363376336832625,1.5042284090940374,0.1837907750044291,4.437859386404622
taproot|thick|2,taproot,thick,8,2,boundary_dilate,4.0,0.7298679671702153,0.7402216427640157,15340.0,0.05212487537387837,64192.0,0.0,384.0,0.034782608695652174,230.0,0.030094043887147336,1595.0,0.7942168844270233,9.617554858934168,0.047619047619047616,21.0,0.19753086419753085,81.0,0.0,1.0,1.0,2.0,0.08821060814508214,1.5042284090940374,0.22527814068255392,4.437859386404622
taproot|thick|2,taproot,thick,8,2,boundary_dilate,5.0,0.6860925375136973,0.9150586701434159,15340.0,0.06516388334995014,64192.0,0.0,384.0,0.043478260869565216,230.0,0.03197492163009404,1595.0,0.9783151417608476,9.617554858934168,0.09523809523809523,21.0,0.16049382716049382,81.0,0.0,1.0,1.0,2.0,0.10169972838215874,1.5042284090940374,0.2624426799207372,4.437859386404622
taproot|thick|2,taproot,thick,8,2,junction_break,0.0,1.0,0.0,15340.0,0.0,64192.0,0.0,384.0,0.0,230.0,0.0,1595.0,0.0,9.617554858934168,0.0,21.0,0.0,81.0,0.0,1.0,0.0,2.0,0.0,1.5042284090940374,0.0,4.437859386404622
taproot|thick|2,taproot,thick,8,2,junction_break,0.1,0.9938674449873741,0.012190352020860495,15340.0,0.0,64192.0,0.0,384.0,0.0,230.0,0.03510971786833856,1595.0,0.04569570652530117,9.617554858934168,0.23809523809523808,21.0,0.1728395061728395,81.0,1.0,1.0,0.5,2.0,0.0007587786953331573,1.5042284090940374,0.0022383680258088808,4.437859386404622
taproot|thick|2,taproot,thick,8,2,junction_break,0.2,0.9883268482490273,0.023076923076923078,15340.0,0.0,64192.0,0.0,384.0,0.0,230.0,0.06332288401253919,1595.0,0.08125453555878084,9.617554858934168,0.5714285714285714,21.0,0.24691358024691357,81.0,3.0,1.0,1.5,2.0,0.00149689196150979,1.5042284090940374,0.004372142309134485,4.437859386404622
taproot|thick|2,taproot,thick,8,2,junction_break,0.4,0.9784910434840514,0.04211212516297262,15340.0,0.0,64192.0,0.0,384.0,0.0,230.0,0.12978056426332288,1595.0,0.15214696983071108,9.617554858934168,0.5238095238095238,21.0,0.7530864197530864,81.0,2.0,1.0,4.5,2.0,0.0026385515900099795,1.5042284090940374,0.01300476833789418,4.437859386404622
taproot|thick|2,taproot,thick,8,2,junction_break,0.6,0.9751812138824866,0.048435462842242503,15340.0,0.0,64192.0,0.0,384.0,0.0,230.0,0.12351097178683386,1595.0,0.15304384109005395,9.617554858934168,0.9523809523809523,21.0,0.654320987654321,81.0,11.0,1.0,5.0,2.0,0.003059872538788648,1.5042284090940374,0.014529562956606498,4.437859386404622
taproot|thick|2,taproot,thick,8,2,junction_break,0.8,0.97091872672995,0.05651890482398957,15340.0,0.0,64192.0,0.0,384.0,0.0,230.0,0.135423197492163,1595.0,0.1690489526196926,9.617554858934168,1.1428571428571428,21.0,0.7283950617283951,81.0,11.0,1.0,4.5,2.0,0.0037875173158372108,1.5042284090940374,0.016118399449577412,4.437859386404622
taproot|thick|2,taproot,thick,8,2,thin_dropout,0.0,1.0,0.0,15340.0,0.0,64192.0,0.0,384.0,0.0,230.0,0.0,1595.0,0.0,9.617554858934168,0.0,21.0,0.0,81.0,0.0,1.0,0.0,2.0,0.0,1.5042284090940374,0.0,4.437859386404622
taproot|thick|2,taproot,thick,8,2,thin_dropout,0.1,0.894255027751748,0.19126466753585397,15340.0,0.01300785144566301,64192.0,0.0,384.0,0.008695652173913044,230.0,0.010031347962382446,1595.0,0.19929679995014707,9.617554858934168,0.047619047619047616,21.0,0.0,81.0,0.0,1.0,0.5,2.0,0.024520097038956152,1.5042284090940374,0.11916125430660955,4.437859386404622
taproot|thick|2,taproot,thick,8,2,thin_dropout,0.2,0.8405139833711263,0.27509778357235987,15340.0,0.023398554336989032,64192.0,0.0,384.0,0.017391304347826087,230.0,0.0012539184952978057,1595.0,0.27600561352405373,9.617554858934168,0.0,21.0,0.024691358024691357,81.0,0.0,1.0,0.5,2.0,0.04207210279967129,1.5042284090940374,0.22713884587011265,4.437859386404622
taproot|thick|2,taproot,thick,8,2,thin_dropout,0.3,0.763302160593357,0.3827900912646675,15340.0,0.026046859421734795,64192.0,0.0,384.0,0.017391304347826087,230.0,0.010658307210031349,1595.0,0.38929912876373735,9.617554858934168,0.047619047619047616,21.0,0.037037037037037035,81.0,0.0,1.0,0.5,2.0,0.0656437938309251,1.5042284090940374,0.3424591296150986,4.437859386404622
taproot|thick|2,taproot,thick,8,2,thin_dropout,0.4,0.6972399150743099,0.46479791395045633,15340.0,0.056128489531405784,64192.0,0.0,384.0,0.043478260869565216,230.0,0.17492163009404388,1595.0,0.3513318181998311,9.617554858934168,2.857142857142857,21.0,0.2839506172839506,81.0,48.0,1.0,1.0,2.0,0.0909042848344659,1.5042284090940374,0.5615634277899054,4.437859386404622
taproot|thick|2,taproot,thick,8,2,thin_dropout,0.5,0.6407939039517987,0.5285528031290743,15340.0,0.15230869890329013,64192.0,0.0,384.0,0.11304347826086956,230.0,0.24012539184952977,1595.0,0.3795723770551761,9.617554858934168,0.7619047619047619,21.0,0.37037037037037035,81.0,17.0,1.0,1.0,2.0,0.10571598015034356,1.5042284090940374,0.805961091063462,4.437859386404622
taproot|thick|2,taproot,thick,8,2,speckle,0.0,1.0,0.0,15340.0,0.0,64192.0,0.0,384.0,0.0,230.0,0.0,1595.0,0.0,9.617554858934168,0.0,21.0,0.0,81.0,0.0,1.0,0.0,2.0,0.0,1.5042284090940374,0.0,4.437859386404622
taproot|thick|2,taproot,thick,8,2,speckle,0.0002,0.9991532599491956,0.001694915254237288,15340.0,0.7513708873379861,64192.0,0.0,384.0,0.5478260869565217,230.0,0.016300940438871474,1595.0,0.01437175210949496,9.617554858934168,0.0,21.0,0.0,81.0,26.0,1.0,0.0,2.0,0.029709396018665155,1.5042284090940374,0.0023857041419634685,4.437859386404622
taproot|thick|2,taproot,thick,8,2,speckle,0.0005,0.9978533793013725,0.004302477183833116,15340.0,0.8834434197407777,64192.0,0.0,384.0,0.6521739130434783,230.0,0.04200626959247649,1595.0,0.03618384409854746,9.617554858934168,0.047619047619047616,21.0,0.037037037037037035,81.0,63.0,1.0,0.0,2.0,0.07274042759496166,1.5042284090940374,0.0067706870682069055,4.437859386404622
taproot|thick|2,taproot,thick,8,2,speckle,0.001,0.9957159548227963,0.008604954367666232,15340.0,1.0846678713858424,64192.0,0.0,384.0,0.6695652173913044,230.0,0.08213166144200627,1595.0,0.06794617484563852,9.617554858934168,0.047619047619047616,21.0,0.06172839506172839,81.0,127.0,1.0,0.0,2.0,0.07586566532837231,1.5042284090940374,0.01349672028769742,4.437859386404622
taproot|thick|2,taproot,thick,8,2,speckle,0.002,0.9914684591520165,0.017209908735332465,15340.0,1.1948996759720838,64192.0,0.0,384.0,0.6565217391304348,230.0,0.16927899686520376,1595.0,0.1300537241646888,9.617554858934168,0.09523809523809523,21.0,0.13580246913580246,81.0,256.0,1.0,0.5,2.0,0.06417364028538157,1.5042284090940374,0.026636714173764602,4.437859386404622
taproot|thick|2,taproot,thick,8,2,speckle,0.005,0.978909415781245,0.043089960886571056,15340.0,1.253349327018943,64192.0,0.0,384.0,0.6695652173913044,230.0,0.4169278996865204,1595.0,0.26383695238315,9.617554858934168,1.4285714285714286,21.0,0.19753086419753085,81.0,631.0,1.0,0.0,2.0,0.027502567903317586,1.5042284090940374,0.06524110989208885,4.437859386404622
taproot|thick|2,taproot,thick,8,2,blob,0.0,1.0,0.0,15340.0,0.0,64192.0,0.0,384.0,0.0,230.0,0.0,1595.0,0.0,9.617554858934168,0.0,21.0,0.0,81.0,0.0,1.0,0.0,2.0,0.0,1.5042284090940374,0.0,4.437859386404622
taproot|thick|2,taproot,thick,8,2,blob,0.1,0.9918210325542302,0.01649282920469361,15340.0,0.06480558325024925,64192.0,0.0,384.0,0.0,230.0,0.01128526645768025,1595.0,0.00514944983353167,9.617554858934168,0.23809523809523808,21.0,0.037037037037037035,81.0,3.0,1.0,0.0,2.0,0.0023933288165428226,1.5042284090940374,0.016539797318415476,4.437859386404622
taproot|thick|2,taproot,thick,8,2,blob,0.25,0.9758269720101781,0.04954367666232073,15340.0,0.45733113160518446,64192.0,0.0,384.0,0.3,230.0,0.02006269592476489,1595.0,0.02890114583675574,9.617554858934168,0.2857142857142857,21.0,0.06172839506172839,81.0,6.0,1.0,0.0,2.0,0.02582699969739169,1.5042284090940374,0.05865069111972699,4.437859386404622
taproot|thick|2,taproot,thick,8,2,blob,0.5,0.9417976424361493,0.12359843546284224,15340.0,0.7349669740777667,64192.0,0.0,384.0,0.5565217391304348,230.0,0.01818181818181818,1595.0,0.10353417768672023,9.617554858934168,0.2857142857142857,21.0,0.0,81.0,20.0,1.0,0.0,2.0,0.024332332219946684,1.5042284090940374,0.14352920589428897,4.437859386404622
taproot|thick|2,taproot,thick,8,2,blob,0.75,0.9287119721507492,0.15352020860495436,15340.0,0.7111166500498505,64192.0,0.0,384.0,0.6608695652173913,230.0,0.058307210031347964,1595.0,0.08996725872328346,9.617554858934168,0.6666666666666666,21.0,0.30864197530864196,81.0,20.0,1.0,1.5,2.0,0.013624674671249786,1.5042284090940374,0.13783988475673703,4.437859386404622
taproot|thick|2,taproot,thick,8,2,blob,1.0,0.904401143766766,0.21140808344198175,15340.0,0.6495669242273181,64192.0,0.0,384.0,0.4608695652173913,230.0,0.04200626959247649,1595.0,0.1625727395246456,9.617554858934168,0.6666666666666666,21.0,0.037037037037037035,81.0,28.0,1.0,0.0,2.0,0.01514960039542949,1.5042284090940374,0.19530110760766448,4.437859386404622
fibrous|thin|0,fibrous,thin,2,0,boundary_erode,0.0,1.0,0.0,14056.0,0.0,89883.0,0.0,304.0,0.0,384.0,0.0,3318.0,0.0,4.236286919831223,0.0,22.0,0.0,398.0,0.0,1.0,0.0,70.0,0.0,1.501971583604018,0.0,3.024231219413843
fibrous|thin|0,fibrous,thin,2,0,boundary_erode,-1.0,0.7098077011335995,0.44984348321001705,14056.0,0.012783284937084877,89883.0,0.006578947368421052,304.0,0.005208333333333333,384.0,0.006630500301386378,3318.0,0.44617132199357906,4.236286919831223,0.045454545454545456,22.0,0.5678391959798995,398.0,0.0,1.0,0.7714285714285715,70.0,0.06102854994126973,1.501971583604018,0.32981450800150636,3.024231219413843
fibrous|thin|0,fibrous,thin,2,0,boundary_erode,-2.0,0.33489308772137655,0.7988759248719408,14056.0,0.24443999421470133,89883.0,0.09868421052631579,304.0,0.08333333333333333,384.0,0.5753465943339361,3318.0,0.5263806378460607,4.236286919831223,1.6363636363636365,22.0,0.864321608040201,398.0,28.0,1.0,0.9714285714285714,70.0,0.18880423856862907,1.501971583604018,2.310298201515236,3.024231219413843
fibrous|thin|0,fibrous,thin,2,0,boundary_erode,-3.0,0.12524174724908302,0.9331957882754696,14056.0,0.7048273867138392,89883.0,0.2894736842105263,304.0,0.265625,384.0,0.9110910186859554,3318.0,0.24862245931528126,4.236286919831223,0.3181818181818182,22.0,0.9773869346733668,398.0,16.0,1.0,1.0,70.0,0.32758830858825977,1.501971583604018,11.065802816279334,3.024231219413843
fibrous|thin|0,fibrous,thin,2,0,boundary_erode,-4.0,0.05909969621651477,0.9695503699487763,14056.0,0.898924156959603,89883.0,0.6118421052631579,304.0,0.6119791666666666,384.0,0.9544906570223026,3318.0,0.3309147515896678,4.236286919831223,0.13636363636363635,22.0,0.9748743718592965,398.0,9.0,1.0,1.0,70.0,0.35332944748880085,1.501971583604018,30.631033308154247,3.024231219413843
fibrous|thin|0,fibrous,thin,2,0,boundary_erode,-5.0,0.0293024886084823,0.985130904951622,14056.0,0.9911774195342835,89883.0,0.8388157894736842,304.0,0.8307291666666666,384.0,0.9930681133212779,3318.0,1.1450285813268666,4.236286919831223,0.7272727272727273,22.0,1.0,398.0,2.0,1.0,1.0,70.0,0.3969887696903172,1.501971583604018,95.97190619586956,3.024231219413843
fibrous|thin|0,fibrous,thin,2,0,boundary_dilate,0.0,1.0,0.0,14056.0,0.0,89883.0,0.0,304.0,0.0,384.0,0.0,3318.0,0.0,4.236286919831223,0.0,22.0,0.0,398.0,0.0,1.0,0.0,70.0,0.0,1.501971583604018,0.0,3.024231219413843
fibrous|thin|0,fibrous,thin,2,0,boundary_dilate,1.0,0.820500846418773,0.4375355719977234,14056.0,0.009345482460532024,89883.0,0.003289473684210526,304.0,0.0,384.0,0.058167570825798674,3318.0,0.5263177689243028,4.236286919831223,0.09090909090909091,22.0,0.27889447236180903,398.0,0.0,1.0,0.2714285714285714,70.0,0.04579981352792921,1.501971583604018,0.09090059551789001,3.024231219413843
fibrous|thin|0,fibrous,thin,2,0,boundary_dilate,2.0,0.702817570439261,0.8456886738759248,14056.0,0.017767542249368624,89883.0,0.006578947368421052,304.0,0.0,384.0,0.08167570825798674,3318.0,1.009844115497315,4.236286919831223,0.18181818181818182,22.0,0.23115577889447236,398.0,0.0,1.0,0.3,70.0,0.08237161739642268,1.501971583604018,0.14515582706382824,3.024231219413843
fibrous|thin|0,fibrous,thin,2,0,boundary_dilate,3.0,0.6192206876803453,1.2298662492885601,14056.0,0.02702402011503844,89883.0,0.009868421052631578,304.0,0.0,384.0,0.11784207353827607,3318.0,1.5277404219813606,4.236286919831223,0.22727272727272727,22.0,0.43467336683417085,398.0,0.0,1.0,0.5,70.0,0.10872969659398923,1.501971583604018,0.1856060931180879,3.024231219413843
fibrous|thin|0,fibrous,thin,2,0,boundary_dilate,4.0,0.5567835214894038,1.5920603301081389,14056.0,0.036258246831992705,89883.0,0.013157894736842105,304.0,0.0,384.0,0.1268836648583484,3318.0,1.9687456594058703,4.236286919831223,0.3181818181818182,22.0,0.44974874371859297,398.0,0.0,1.0,0.4714285714285714,70.0,0.13222212967220145,1.501971583604018,0.21961170440923777,3.024231219413843
fibrous|thin|0,fibrous,thin,2,0,boundary_dilate,5.0,0.508639562865259,1.932057484348321,14056.0,0.044958445979773706,89883.0,0.01644736842105263,304.0,0.0,384.0,0.16726943942133815,3318.0,2.5210158281099275,4.236286919831223,0.3181818181818182,22.0,0.5025125628140703,398.0,0.0,1.0,0.6,70.0,0.15228761810392297,1.501971583604018,0.24971982797846645,3.024231219413843
fibrous|thin|0,fibrous,thin,2,0,junction_break,0.0,1.0,0.0,14056.0,0.0,89883.0,0.0,304.0,0.0,384.0,0.0,3318.0,0.0,4.236286919831223,0.0,22.0,0.0,398.0,0.0,1.0,0.0,70.0,0.0,1.501971583604018,0.0,3.024231219413843
fibrous|thin|0,fibrous,thin,2,0,junction_break,0.1,0.9725146198830409,0.053500284575981785,14056.0,0.0,89883.0,0.0,304.0,0.0,384.0,0.015069318866787222,3318.0,0.039018954780632525,4.236286919831223,2.3181818181818183,22.0,0.46984924623115576,398.0,24.0,1.0,0.7,70.0,0.004546777118700204,1.501971583604018,0.013557522331955719,3.024231219413843
fibrous|thin|0,fibrous,thin,2,0,junction_break,0.2,0.9555266579973992,0.08515936254980079,14056.0,0.0,89883.0,0.0,304.0,0.0,384.0,0.030440024110910187,3318.0,0.056437290935728614,4.236286919831223,3.409090909090909,22.0,0.6005025125628141,398.0,41.0,1.0,0.8428571428571429,70.0,0.0065731355789675665,1.501971583604018,0.039507580230195904,3.024231219413843
fibrous|thin|0,fibrous,thin,2,0,junction_break,0.4,0.9325637910085055,0.1263517359134889,14056.0,0.0,89883.0,0.0,304.0,0.0,384.0,0.08107293550331525,3318.0,0.04927355190585644,4.236286919831223,4.818181818181818,22.0,0.7587939698492462,398.0,61.0,1.0,0.9714285714285714,70.0,0.012861189558270933,1.501971583604018,0.04051563485836133,3.024231219413843
fibrous|thin|0,fibrous,thin,2,0,junction_break,0.6,0.9236129723934602,0.14193227091633467,14056.0,0.0,89883.0,0.0,304.0,0.0,384.0,0.10096443640747438,3318.0,0.04556864730150805,4.236286919831223,4.909090909090909,22.0,0.8316582914572864,398.0,71.0,1.0,1.0,70.0,0.01619059168741088,1.501971583604018,0.03373382912233103,3.024231219413843
fibrous|thin|0,fibrous,thin,2,0,junction_break,0.8,0.9164771632299095,0.15416903813318156,14056.0,0.0,89883.0,0.0,304.0,0.0,384.0,0.10849909584086799,3318.0,0.051228150279207664,4.236286919831223,5.181818181818182,22.0,0.8241206030150754,398.0,65.0,1.0,0.9857142857142858,70.0,0.018393195071423844,1.501971583604018,0.0340903303055787,3.024231219413843
fibrous|thin|0,fibrous,thin,2,0,thin_dropout,0.0,1.0,0.0,14056.0,0.0,89883.0,0.0,304.0,0.0,384.0,0.0,3318.0,0.0,4.236286919831223,0.0,22.0,0.0,398.0,0.0,1.0,0.0,70.0,0.0,1.501971583604018,0.0,3.024231219413843
fibrous|thin|0,fibrous,thin,2,0,thin_dropout,0.1,0.7102220590934116,0.44934547524188956,14056.0,0.009679249691265311,89883.0,0.006578947368421052,304.0,0.0,384.0,0.004822182037371911,3318.0,0.44667725222670795,4.236286919831223,0.045454545454545456,22.0,0.5678391959798995,398.0,0.0,1.0,0.7714285714285715,70.0,0.06090258221061153,1.501971583604018,0.32973181694893017,3.024231219413843
fibrous|thin|0,fibrous,thin,2,0,thin_dropout,0.2,0.7102220590934116,0.44934547524188956,14056.0,0.009679249691265311,89883.0,0.006578947368421052,304.0,0.0,384.0,0.004822182037371911,3318.0,0.44667725222670795,4.236286919831223,0.045454545454545456,22.0,0.5678391959798995,398.0,0.0,1.0,0.7714285714285715,70.0,0.06090258221061153,1.501971583604018,0.32973181694893017,3.024231219413843
fibrous|thin|0,fibrous,thin,2,0,thin_dropout,0.3,0.7102220590934116,0.44934547524188956,14056.0,0.009679249691265311,89883.0,0.006578947368421052,304.0,0.0,384.0,0.004822182037371911,3318.0,0.44667725222670795,4.236286919831223,0.045454545454545456,22.0,0.5678391959798995,398.0,0.0,1.0,0.7714285714285715,70.0,0.06090258221061153,1.501971583604018,0.32973181694893017,3.024231219413843
fibrous|thin|0,fibrous,thin,2,0,thin_dropout,0.4,0.7102220590934116,0.44934547524188956,14056.0,0.009679249691265311,89883.0,0.006578947368421052,304.0,0.0,384.0,0.004822182037371911,3318.0,0.44667725222670795,4.236286919831223,0.045454545454545456,22.0,0.5678391959798995,398.0,0.0,1.0,0.7714285714285715,70.0,0.06090258221061153,1.501971583604018,0.32973181694893017,3.024231219413843
fibrous|thin|0,fibrous,thin,2,0,thin_dropout,0.5,0.5018918198774314,0.6649829254410927,14056.0,0.0389728869752901,89883.0,0.023026315789473683,304.0,0.0,384.0,0.39511754068716093,3318.0,0.44614516522847325,4.236286919831223,10.863636363636363,22.0,0.7864321608040201,398.0,150.0,1.0,0.9571428571428572,70.0,0.1540177585268839,1.501971583604018,1.0879329025787599,3.024231219413843
fibrous|thin|0,fibrous,thin,2,0,speckle,0.0,1.0,0.0,14056.0,0.0,89883.0,0.0,304.0,0.0,384.0,0.0,3318.0,0.0,4.236286919831223,0.0,22.0,0.0,398.0,0.0,1.0,0.0,70.0,0.0,1.501971583604018,0.0,3.024231219413843
fibrous|thin|0,fibrous,thin,2,0,speckle,0.0002,0.9990404776289136,0.0019208878770631758,14056.0,0.3454713349576672,89883.0,0.23684210526315788,304.0,0.0,384.0,0.0081374321880651,3318.0,0.00616636592642872,4.236286919831223,0.09090909090909091,22.0,0.017587939698492462,398.0,21.0,1.0,0.0,70.0,0.01971010447076904,1.501971583604018,0.0025089042425059612,3.024231219413843
fibrous|thin|0,fibrous,thin,2,0,speckle,0.0005,0.9976223428794493,0.004766647694934547,14056.0,0.4985481125463102,89883.0,0.2565789473684211,304.0,0.0,384.0,0.019891500904159132,3318.0,0.014829864937413438,4.236286919831223,0.09090909090909091,22.0,0.005025125628140704,398.0,62.0,1.0,0.0,70.0,0.03112462019056879,1.501971583604018,0.00615554249391903,3.024231219413843
fibrous|thin|0,fibrous,thin,2,0,speckle,0.001,0.9952912019826518,0.009462151394422311,14056.0,0.5310347896710168,89883.0,0.24671052631578946,304.0,0.0,384.0,0.04038577456298975,3318.0,0.02972322759945149,4.236286919831223,0.22727272727272727,22.0,0.04271356783919598,398.0,120.0,1.0,0.0,70.0,0.035930972638367926,1.501971583604018,0.013231193032317765,3.024231219413843
fibrous|thin|0,fibrous,thin,2,0,speckle,0.002,0.9905916346594312,0.018995446784291405,14056.0,0.5393455937162756,89883.0,0.2631578947368421,304.0,0.0,384.0,0.081374321880651,3318.0,0.057684812589108424,4.236286919831223,0.5454545454545454,22.0,0.0728643216080402,398.0,244.0,1.0,0.0,70.0,0.028716960274428195,1.501971583604018,0.02504917793560828,3.024231219413843
fibrous|thin|0,fibrous,thin,2,0,speckle,0.005,0.9768233781576844,0.04745304496300512,14056.0,0.6061769188834374,89883.0,0.2631578947368421,304.0,0.0,384.0,0.1968053044002411,3318.0,0.12479244442527046,4.236286919831223,1.2727272727272727,22.0,0.08542713567839195,398.0,614.0,1.0,0.02857142857142857,70.0,0.0028882797976994227,1.501971583604018,0.061556502777538685,3.024231219413843
fibrous|thin|0,fibrous,thin,2,0,blob,0.0,1.0,0.0,14056.0,0.0,89883.0,0.0,304.0,0.0,384.0,0.0,3318.0,0.0,4.236286919831223,0.0,22.0,0.0,398.0,0.0,1.0,0.0,70.0,0.0,1.501971583604018,0.0,3.024231219413843
fibrous|thin|0,fibrous,thin,2,0,blob,0.1,0.9854869242094931,0.029453614114968697,14056.0,0.13149316333455716,89883.0,0.17105263157894737,304.0,0.0,384.0,0.0003013863773357444,3318.0,0.029143444300532086,4.236286919831223,0.0,22.0,0.017587939698492462,398.0,2.0,1.0,0.014285714285714285,70.0,0.0066516672733015515,1.501971583604018,0.020328662779021952,3.024231219413843
fibrous|thin|0,fibrous,thin,2,0,blob,0.25,0.972128086313023,0.057342060330108136,14056.0,0.312817774217594,89883.0,0.24342105263157895,304.0,0.0,384.0,0.006329113924050633,3318.0,0.05069211026513898,4.236286919831223,0.22727272727272727,22.0,0.007537688442211055,398.0,8.0,1.0,0.0,70.0,0.0060864774944424825,1.501971583604018,0.04603412032986917,3.024231219413843
fibrous|thin|0,fibrous,thin,2,0,blob,0.5,0.9437991002484388,0.1190950483779169,14056.0,0.27170877696561085,89883.0,0.19736842105263158,304.0,0.0,384.0,0.013863773357444244,3318.0,0.10379232179486574,4.236286919831223,0.22727272727272727,22.0,0.04773869346733668,398.0,11.0,1.0,0.04285714285714286,70.0,0.005334520309489282,1.501971583604018,0.08740864378302678,3.024231219413843
fibrous|thin|0,fibrous,thin,2,0,blob,0.75,0.9174036484678393,0.18006545247581104,14056.0,0.3124506302637874,89883.0,0.19736842105263158,304.0,0.0,384.0,0.0352622061482821,3318.0,0.13987108335218082,4.236286919831223,0.8636363636363636,22.0,0.11055276381909548,398.0,17.0,1.0,0.04285714285714286,70.0,0.005144499156913896,1.501971583604018,0.09242428404923585,3.024231219413843
fibrous|thin|0,fibrous,thin,2,0,blob,1.0,0.8855009922197373,0.2586084234490609,14056.0,0.37754636583113604,89883.0,0.2598684210526316,304.0,0.0,384.0,0.031042796865581677,3318.0,0.22071404530955396,4.236286919831223,0.6818181818181818,22.0,0.06532663316582915,398.0,25.0,1.0,0.04285714285714286,70.0,0.008230909588767574,1.501971583604018,0.16405479574899343,3.024231219413843
fibrous|thin|1,fibrous,thin,2,1,boundary_erode,0.0,1.0,0.0,15232.0,0.0,84321.0,0.0,336.0,0.0,384.0,0.0,3735.0,0.0,4.078179384203481,0.0,25.0,0.0,443.0,0.0,1.0,0.0,68.0,0.0,1.5286274762840886,0.0,2.947633109042453
fibrous|thin|1,fibrous,thin,2,1,boundary_erode,-1.0,0.6975630611372381,0.4644170168067227,15232.0,0.011800144685191114,84321.0,0.005952380952380952,336.0,0.005208333333333333,384.0,0.0107095046854083,3735.0,0.45861909547310137,4.078179384203481,0.08,25.0,0.46952595936794583,443.0,0.0,1.0,0.6617647058823529,68.0,0.06028223099462606,1.5286274762840886,0.32537625301731865,2.947633109042453
fibrous|thin|1,fibrous,thin,2,1,boundary_erode,-2.0,0.2991457763385629,0.8241202731092437,15232.0,0.28053509801828724,84321.0,0.24404761904761904,336.0,0.0546875,384.0,0.5783132530120482,3735.0,0.5829137905162066,4.078179384203481,2.64,25.0,0.9142212189616253,443.0,47.0,1.0,0.9852941176470589,68.0,0.20279184286352275,1.5286274762840886,2.8674002990702867,2.947633109042453
fibrous|thin|1,fibrous,thin,2,1,boundary_erode,-3.0,0.09242329367564182,0.9515493697478992,15232.0,0.5651735629321284,84321.0,0.3273809523809524,336.0,0.3125,384.0,0.9606425702811245,3735.0,0.2310415237523579,4.078179384203481,0.24,25.0,0.963882618510158,443.0,11.0,1.0,1.0,68.0,0.3827196998068582,1.5286274762840886,27.196045484861145,2.947633109042453
fibrous|thin|1,fibrous,thin,2,1,boundary_erode,-4.0,0.06331849968213604,0.9673056722689075,15232.0,0.982436166554002,84321.0,0.8571428571428571,336.0,0.8619791666666666,384.0,0.9761713520749665,3735.0,0.3720597087149465,4.078179384203481,0.76,25.0,0.9841986455981941,443.0,3.0,1.0,1.0,68.0,0.2065518947184781,1.5286274762840886,38.199733213080044,2.947633109042453
fibrous|thin|1,fibrous,thin,2,1,boundary_erode,-5.0,0.043039763602492453,0.9780068277310925,15232.0,0.9900143499246925,84321.0,0.9047619047619048,336.0,0.8776041666666666,384.0,0.9804551539491299,3735.0,0.1252671017036951,4.078179384203481,0.76,25.0,0.981941309255079,443.0,1.0,1.0,1.0,68.0,0.27312526364807554,1.5286274762840886,50.96755076681291,2.947633109042453
fibrous|thin|1,fibrous,thin,2,1,boundary_dilate,0.0,1.0,0.0,15232.0,0.0,84321.0,0.0,336.0,0.0,384.0,0.0,3735.0,0.0,4.078179384203481,0.0,25.0,0.0,443.0,0.0,1.0,0.0,68.0,0.0,1.5286274762840886,0.0,2.947633109042453
fibrous|thin|1,fibrous,thin,2,1,boundary_dilate,1.0,0.8166416470083637,0.4490546218487395,15232.0,0.009416396864363564,84321.0,0.002976190476190476,336.0,0.0,384.0,0.057295850066934405,3735.0,0.5371255360991314,4.078179384203481,0.08,25.0,0.05191873589164785,443.0,0.0,1.0,0.058823529411764705,68.0,0.04373660823383213,1.5286274762840886,0.08534030566119614,2.947633109042453
fibrous|thin|1,fibrous,thin,2,1,boundary_dilate,2.0,0.7,0.8571428571428571,15232.0,0.018085648889363266,84321.0,0.005952380952380952,336.0,0.0,384.0,0.10682730923694779,3735.0,1.0792651593011304,4.078179384203481,0.24,25.0,0.15349887133182843,443.0,0.0,1.0,0.07352941176470588,68.0,0.07673512853122952,1.5286274762840886,0.1379092977554713,2.947633109042453
fibrous|thin|1,fibrous,thin,2,1,boundary_dilate,3.0,0.618834809458032,1.2318802521008403,15232.0,0.02734787300909619,84321.0,0.008928571428571428,336.0,0.0,384.0,0.1676037483266399,3735.0,1.6812713868113984,4.078179384203481,0.32,25.0,0.38826185101580135,443.0,0.0,1.0,0.35294117647058826,68.0,0.10363528821407751,1.5286274762840886,0.17838349723412308,2.947633109042453
fibrous|thin|1,fibrous,thin,2,1,boundary_dilate,4.0,0.5595371475801267,1.5743828781512605,15232.0,0.036621956570723785,84321.0,0.011904761904761904,336.0,0.0,384.0,0.18045515394912987,3735.0,2.1412349068588554,4.078179384203481,0.52,25.0,0.32054176072234764,443.0,0.0,1.0,0.14705882352941177,68.0,0.12396350147779245,1.5286274762840886,0.21266119575604325,2.947633109042453
fibrous|thin|1,fibrous,thin,2,1,boundary_dilate,5.0,0.5142297694203437,1.8893119747899159,15232.0,0.04568257017824741,84321.0,0.01488095238095238,336.0,0.0,384.0,0.23694779116465864,3735.0,2.786519377487837,4.078179384203481,0.52,25.0,0.5169300225733634,443.0,0.0,1.0,0.47058823529411764,68.0,0.1421156103742871,1.5286274762840886,0.24280853624401266,2.947633109042453
fibrous|thin|1,fibrous,thin,2,1,junction_break,0.0,1.0,0.0,15232.0,0.0,84321.0,0.0,336.0,0.0,384.0,0.0,3735.0,0.0,4.078179384203481,0.0,25.0,0.0,443.0,0.0,1.0,0.0,68.0,0.0,1.5286274762840886,0.0,2.947633109042453
fibrous|thin|1,fibrous,thin,2,1,junction_break,0.1,0.9723730814639906,0.05376838235294118,15232.0,0.0,84321.0,0.0,336.0,0.0,384.0,0.0214190093708166,3735.0,0.03305743039349811,4.078179384203481,2.16,25.0,0.4040632054176072,443.0,25.0,1.0,0.6323529411764706,68.0,0.0037843660548430944,1.5286274762840886,0.024467141908536525,2.947633109042453
fibrous|thin|1,fibrous,thin,2,1,junction_break,0.2,0.9484294097342078,0.09808298319327731,15232.0,0.0,84321.0,0.0,336.0,0.0,384.0,0.05461847389558233,3735.0,0.04597562793171652,4.078179384203481,4.24,25.0,0.6139954853273137,443.0,53.0,1.0,0.8970588235294118,68.0,0.00867012798472762,1.5286274762840886,0.02898961810584919,2.947633109042453
fibrous|thin|1,fibrous,thin,2,1,junction_break,0.4,0.9286819524546349,0.133140756302521,15232.0,0.0,84321.0,0.0,336.0,0.0,384.0,0.09772423025435073,3735.0,0.03925244059047965,4.078179384203481,5.24,25.0,0.7516930022573364,443.0,78.0,1.0,0.9852941176470589,68.0,0.013695560685474431,1.5286274762840886,0.03290778648736472,2.947633109042453
fibrous|thin|1,fibrous,thin,2,1,junction_break,0.6,0.9161033231338505,0.15480567226890757,15232.0,0.0,84321.0,0.0,336.0,0.0,384.0,0.11753681392235608,3735.0,0.04223276271977245,4.078179384203481,5.84,25.0,0.7697516930022573,443.0,80.0,1.0,0.9852941176470589,68.0,0.017921430463938667,1.5286274762840886,0.028167598868871144,2.947633109042453
fibrous|thin|1,fibrous,thin,2,1,junction_break,0.8,0.9097806248434313,0.16550682773109243,15232.0,0.0,84321.0,0.0,336.0,0.0,384.0,0.13467202141900936,3735.0,0.03563366385384608,4.078179384203481,5.56,25.0,0.8126410835214447,443.0,79.0,1.0,0.9852941176470589,68.0,0.020543450897677142,1.5286274762840886,0.02748019092488939,2.947633109042453
fibrous|thin|1,fibrous,thin,2,1,thin_dropout,0.0,1.0,0.0,15232.0,0.0,84321.0,0.0,336.0,0.0,384.0,0.0,3735.0,0.0,4.078179384203481,0.0,25.0,0.0,443.0,0.0,1.0,0.0,68.0,0.0,1.5286274762840886,0.0,2.947633109042453
fibrous|thin|1,fibrous,thin,2,1,thin_dropout,0.1,0.6980640198299073,0.46382615546218486,15232.0,0.008752268118262355,84321.0,0.002976190476190476,336.0,0.0,384.0,0.009906291834002677,3735.0,0.45846151721234746,4.078179384203481,0.08,25.0,0.46952595936794583,443.0,0.0,1.0,0.6617647058823529,68.0,0.060045893765955295,1.5286274762840886,0.3253335150350794,2.947633109042453
fibrous|thin|1,fibrous,thin,2,1,thin_dropout,0.2,0.6980640198299073,0.46382615546218486,15232.0,0.008752268118262355,84321.0,0.002976190476190476,336.0,0.0,384.0,0.009906291834002677,3735.0,0.45846151721234746,4.078179384203481,0.08,25.0,0.46952595936794583,443.0,0.0,1.0,0.6617647058823529,68.0,0.060045893765955295,1.5286274762840886,0.3253335150350794,2.947633109042453
fibrous|thin|1,fibrous,thin,2,1,thin_dropout,0.3,0.6980640198299073,0.46382615546218486,15232.0,0.008752268118262355,84321.0,0.002976190476190476,336.0,0.0,384.0,0.009906291834002677,3735.0,0.45846151721234746,4.078179384203481,0.08,25.0,0.46952595936794583,443.0,0.0,1.0,0.6617647058823529,68.0,0.060045893765955295,1.5286274762840886,0.3253335150350794,2.947633109042453
fibrous|thin|1,fibrous,thin,2,1,thin_dropout,0.4,0.6980640198299073,0.46382615546218486,15232.0,0.008752268118262355,84321.0,0.002976190476190476,336.0,0.0,384.0,0.009906291834002677,3735.0,0.45846151721234746,4.078179384203481,0.08,25.0,0.46952595936794583,443.0,0.0,1.0,0.6617647058823529,68.0,0.060045893765955295,1.5286274762840886,0.3253335150350794,2.947633109042453
fibrous|thin|1,fibrous,thin,2,1,thin_dropout,0.5,0.495753505826585,0.6704306722689075,15232.0,0.035329277404205356,84321.0,0.011904761904761904,336.0,0.0,384.0,0.35555555555555557,3735.0,0.48859931903796006,4.078179384203481,9.12,25.0,0.7968397291196389,443.0,173.0,1.0,0.9852941176470589,68.0,0.13727586337387196,1.5286274762840886,1.0104132396145262,2.947633109042453
fibrous|thin|1,fibrous,thin,2,1,speckle,0.0,1.0,0.0,15232.0,0.0,84321.0,0.0,336.0,0.0,384.0,0.0,3735.0,0.0,4.078179384203481,0.0,25.0,0.0,443.0,0.0,1.0,0.0,68.0,0.0,1.5286274762840886,0.0,2.947633109042453
fibrous|thin|1,fibrous,thin,2,1,speckle,0.0002,0.9991472613971794,0.0017069327731092437,15232.0,0.45531955266185176,84321.0,0.12797619047619047,336.0,0.0,384.0,0.006693440428380187,3735.0,0.0049533526841589485,4.078179384203481,0.0,25.0,0.0,443.0,25.0,1.0,0.0,68.0,0.021331311059136444,1.5286274762840886,0.0024035069158843117,2.947633109042453
fibrous|thin|1,fibrous,thin,2,1,speckle,0.0005,0.9978381919423518,0.004332983193277311,15232.0,0.4017741725074418,84321.0,0.11904761904761904,336.0,0.0,384.0,0.016331994645247656,3735.0,0.011806192774791802,4.078179384203481,0.12,25.0,0.002257336343115124,443.0,58.0,1.0,0.014705882352941176,68.0,0.026683937762397254,1.5286274762840886,0.005370066433598064,2.947633109042453
fibrous|thin|1,fibrous,thin,2,1,speckle,0.001,0.9956857105503988,0.008665966386554622,15232.0,0.6323928795910865,84321.0,0.14285714285714285,336.0,0.0,384.0,0.03453815261044177,3735.0,0.025008440876350624,4.078179384203481,0.24,25.0,0.011286681715575621,443.0,120.0,1.0,0.0,68.0,0.037797126689693074,1.5286274762840886,0.011069062630263554,2.947633109042453
fibrous|thin|1,fibrous,thin,2,1,speckle,0.002,0.99140848737308,0.017331932773109245,15232.0,0.6803643220550041,84321.0,0.14285714285714285,336.0,0.0,384.0,0.06961178045515395,3735.0,0.048877404528770325,4.078179384203481,0.36,25.0,0.040632054176072234,443.0,241.0,1.0,0.0,68.0,0.03077697081666622,1.5286274762840886,0.022281825447970107,2.947633109042453
fibrous|thin|1,fibrous,thin,2,1,speckle,0.005,0.9787630522088353,0.04339548319327731,15232.0,0.7264738321414594,84321.0,0.13988095238095238,336.0,0.0,384.0,0.17804551539491298,3735.0,0.11429951597116134,4.078179384203481,1.64,25.0,0.16930022573363432,443.0,596.0,1.0,0.08823529411764706,68.0,0.003371337086947752,1.5286274762840886,0.05609656232684747,2.947633109042453
fibrous|thin|1,fibrous,thin,2,1,blob,0.0,1.0,0.0,15232.0,0.0,84321.0,0.0,336.0,0.0,384.0,0.0,3735.0,0.0,4.078179384203481,0.0,25.0,0.0,443.0,0.0,1.0,0.0,68.0,0.0,1.5286274762840886,0.0,2.947633109042453
fibrous|thin|1,fibrous,thin,2,1,blob,0.1,0.9888340690729681,0.022584033613445378,15232.0,0.15337816202369517,84321.0,0.0,336.0,0.0,384.0,0.006693440428380187,3735.0,0.01578493764527075,4.078179384203481,0.0,25.0,0.04966139954853273,443.0,2.0,1.0,0.04411764705882353,68.0,0.001021763108058842,1.5286274762840886,0.01563687510094664,2.947633109042453
fibrous|thin|1,fibrous,thin,2,1,blob,0.25,0.9645695469081468,0.07346376050420168,15232.0,0.2871052288279314,84321.0,0.10119047619047619,336.0,0.0,384.0,0.003748326639892905,3735.0,0.06945509348711469,4.078179384203481,0.04,25.0,0.002257336343115124,443.0,8.0,1.0,0.0,68.0,0.012047048678780951,1.5286274762840886,0.06393710364948839,2.947633109042453
fibrous|thin|1,fibrous,thin,2,1,blob,0.5,0.9565736176091939,0.09079569327731092,15232.0,0.43568031688428743,84321.0,0.14285714285714285,336.0,0.0,384.0,0.01927710843373494,3735.0,0.07016598749428833,4.078179384203481,0.4,25.0,0.07223476297968397,443.0,12.0,1.0,0.058823529411764705,68.0,0.01184504875978589,1.5286274762840886,0.05906110225367904,2.947633109042453
fibrous|thin|1,fibrous,thin,2,1,blob,0.75,0.9299713047194579,0.15060399159663865,15232.0,0.37477022331329085,84321.0,0.09226190476190477,336.0,0.0,384.0,0.016867469879518072,3735.0,0.13151814339479864,4.078179384203481,0.6,25.0,0.04288939051918736,443.0,19.0,1.0,0.04411764705882353,68.0,0.008433895219262424,1.5286274762840886,0.11531703891525275,2.947633109042453
fibrous|thin|1,fibrous,thin,2,1,blob,1.0,0.8973460190285428,0.22879464285714285,15232.0,0.44147958397077836,84321.0,0.008928571428571428,336.0,0.0,384.0,0.035073627844712185,3735.0,0.1871567488544822,4.078179384203481,0.84,25.0,0.09029345372460497,443.0,23.0,1.0,0.10294117647058823,68.0,0.0031547216269317917,1.5286274762840886,0.13773652461536826,2.947633109042453
fibrous|thin|2,fibrous,thin,2,2,boundary_erode,0.0,1.0,0.0,13746.0,0.0,83758.0,0.0,306.0,0.0,384.0,0.0,3334.0,0.0,4.122975404919016,0.0,22.0,0.0,276.0,0.0,1.0,0.0,41.0,0.0,1.5175114845765207,0.0,3.2750479007706472
fibrous|thin|2,fibrous,thin,2,2,boundary_erode,-1.0,0.6981721753953973,0.46369853048159465,13746.0,0.014792616824661525,83758.0,0.006535947712418301,306.0,0.005208333333333333,384.0,0.013797240551889621,3334.0,0.45619552938735897,4.122975404919016,0.0,22.0,0.4891304347826087,276.0,0.0,1.0,0.7560975609756098,41.0,0.0656798810530603,1.5175114845765207,0.3752886429793895,3.2750479007706472
fibrous|thin|2,fibrous,thin,2,2,boundary_erode,-2.0,0.3070386107518936,0.8186381492797905,13746.0,0.4075909166885551,83758.0,0.20588235294117646,306.0,0.2526041666666667,384.0,0.5674865026994601,3334.0,0.5806793271143006,4.122975404919016,1.4090909090909092,22.0,0.8731884057971014,276.0,24.0,1.0,1.0,41.0,0.18954826415693396,1.5175114845765207,3.191120767665475,3.2750479007706472
fibrous|thin|2,fibrous,thin,2,2,boundary_erode,-3.0,0.10439219471833414,0.9449294340171687,13746.0,0.9313975978414002,83758.0,0.31699346405228757,306.0,0.6276041666666666,384.0,0.9583083383323335,3334.0,0.3209012013435956,4.122975404919016,0.7272727272727273,22.0,0.9492753623188406,276.0,1.0,1.0,1.0,41.0,0.22515762361272124,1.5175114845765207,24.520881473607268,3.2750479007706472
fibrous|thin|2,fibrous,thin,2,2,boundary_erode,-4.0,0.07154882154882154,0.9628982976865997,13746.0,0.9805391723775639,83758.0,0.7875816993464052,306.0,0.8984375,384.0,0.9664067186562687,3334.0,0.1044381742221115,4.122975404919016,0.5909090909090909,22.0,0.9637681159420289,276.0,3.0,1.0,1.0,41.0,0.16320244587094995,1.5175114845765207,33.26865256235373,3.2750479007706472
fibrous|thin|2,fibrous,thin,2,2,boundary_erode,-5.0,0.04536082474226804,0.9767932489451476,13746.0,0.9904725518756418,83758.0,0.8954248366013072,306.0,0.9088541666666666,384.0,0.9793041391721655,3334.0,0.12132330459242963,4.122975404919016,0.6818181818181818,22.0,0.9746376811594203,276.0,1.0,1.0,1.0,41.0,0.22217535056835933,1.5175114845765207,50.828375944103364,3.2750479007706472
fibrous|thin|2,fibrous,thin,2,2,boundary_dilate,0.0,1.0,0.0,13746.0,0.0,83758.0,0.0,306.0,0.0,384.0,0.0,3334.0,0.0,4.122975404919016,0.0,22.0,0.0,276.0,0.0,1.0,0.0,41.0,0.0,1.5175114845765207,0.0,3.2750479007706472
fibrous|thin|2,fibrous,thin,2,2,boundary_dilate,1.0,0.8153750333659578,0.45285901353120905,13746.0,0.008488741373958308,83758.0,0.0032679738562091504,306.0,0.0,384.0,0.05158968206358728,3334.0,0.5318886625910979,4.122975404919016,0.045454545454545456,22.0,0.15942028985507245,276.0,0.0,1.0,0.21951219512195122,41.0,0.044403263057360816,1.5175114845765207,0.0958599448707787,3.2750479007706472
fibrous|thin|2,fibrous,thin,2,2,boundary_dilate,2.0,0.6960881124192936,0.8731994762112615,13746.0,0.016165620000477568,83758.0,0.006535947712418301,306.0,0.0,384.0,0.08638272345530894,3334.0,1.0503109171662333,4.122975404919016,0.22727272727272727,22.0,0.09057971014492754,276.0,0.0,1.0,0.21951219512195122,41.0,0.07802715150135461,1.5175114845765207,0.15205090918319528,3.2750479007706472
fibrous|thin|2,fibrous,thin,2,2,boundary_dilate,3.0,0.6134690052215825,1.2601484068092537,13746.0,0.024570787268081856,83758.0,0.00980392156862745,306.0,0.0,384.0,0.1370725854829034,3334.0,1.619163986201617,4.122975404919016,0.18181818181818182,22.0,0.14855072463768115,276.0,0.0,1.0,0.12195121951219512,41.0,0.10330107676908812,1.5175114845765207,0.19482043337845587,3.2750479007706472
fibrous|thin|2,fibrous,thin,2,2,boundary_dilate,4.0,0.5531366947004145,1.615742761530627,13746.0,0.03292819790348385,83758.0,0.013071895424836602,306.0,0.0,384.0,0.16196760647870426,3334.0,2.121290754095602,4.122975404919016,0.22727272727272727,22.0,0.09057971014492754,276.0,0.0,1.0,0.14634146341463414,41.0,0.12609423648101906,1.5175114845765207,0.23046665242572753,3.2750479007706472
fibrous|thin|2,fibrous,thin,2,2,boundary_dilate,5.0,0.5072979905153803,1.9424559871962752,13746.0,0.0415840874901502,83758.0,0.016339869281045753,306.0,0.0,384.0,0.2375524895020996,3334.0,2.859224335685438,4.122975404919016,0.2727272727272727,22.0,0.2753623188405797,276.0,0.0,1.0,0.34146341463414637,41.0,0.1443013474564942,1.5175114845765207,0.2620488231580257,3.2750479007706472
fibrous|thin|2,fibrous,thin,2,2,junction_break,0.0,1.0,0.0,13746.0,0.0,83758.0,0.0,306.0,0.0,384.0,0.0,3334.0,0.0,4.122975404919016,0.0,22.0,0.0,276.0,0.0,1.0,0.0,41.0,0.0,1.5175114845765207,0.0,3.2750479007706472
fibrous|thin|2,fibrous,thin,2,2,junction_break,0.1,0.9791310805792797,0.04088462098064891,13746.0,0.0,83758.0,0.0,306.0,0.0,384.0,0.02309538092381524,3334.0,0.018209802379331664,4.122975404919016,1.7727272727272727,22.0,0.463768115942029,276.0,17.0,1.0,0.7317073170731707,41.0,0.003637538904728432,1.5175114845765207,0.021654641832736115,3.2750479007706472
fibrous|thin|2,fibrous,thin,2,2,junction_break,0.2,0.9692947924867844,0.059580969009166304,13746.0,0.0,83758.0,0.0,306.0,0.0,384.0,0.04109178164367126,3334.0,0.01928149849126059,4.122975404919016,2.1363636363636362,22.0,0.6086956521739131,276.0,26.0,1.0,0.8780487804878049,41.0,0.005784174693329146,1.5175114845765207,0.04362806475821204,3.2750479007706472
fibrous|thin|2,fibrous,thin,2,2,junction_break,0.4,0.9539210836726152,0.08809835588534846,13746.0,0.0,83758.0,0.0,306.0,0.0,384.0,0.06418716256748651,3334.0,0.0255512559364588,4.122975404919016,3.0454545454545454,22.0,0.7065217391304348,276.0,37.0,1.0,0.9512195121951219,41.0,0.009766018987862652,1.5175114845765207,0.04040203125995248,3.2750479007706472
fibrous|thin|2,fibrous,thin,2,2,junction_break,0.6,0.947110413235801,0.10046558998981522,13746.0,0.0,83758.0,0.0,306.0,0.0,384.0,0.08128374325134972,3334.0,0.02087896736077163,4.122975404919016,3.6818181818181817,22.0,0.7717391304347826,276.0,46.0,1.0,0.975609756097561,41.0,0.011974498005801953,1.5175114845765207,0.04484108486700326,3.2750479007706472
fibrous|thin|2,fibrous,thin,2,2,junction_break,0.8,0.938573800239373,0.1157427615306271,13746.0,0.0,83758.0,0.0,306.0,0.0,384.0,0.08548290341931614,3334.0,0.03308834599642846,4.122975404919016,3.909090909090909,22.0,0.7427536231884058,276.0,48.0,1.0,0.975609756097561,41.0,0.014173980744784168,1.5175114845765207,0.05047946090617671,3.2750479007706472
fibrous|thin|2,fibrous,thin,2,2,thin_dropout,0.0,1.0,0.0,13746.0,0.0,83758.0,0.0,306.0,0.0,384.0,0.0,3334.0,0.0,4.122975404919016,0.0,22.0,0.0,276.0,0.0,1.0,0.0,41.0,0.0,1.5175114845765207,0.0,3.2750479007706472
fibrous|thin|2,fibrous,thin,2,2,thin_dropout,0.1,0.6987267477635254,0.463043794558417,13746.0,0.007736574416772129,83758.0,0.0032679738562091504,306.0,0.0,384.0,0.01229754049190162,3334.0,0.4563583392219139,4.122975404919016,0.0,22.0,0.4891304347826087,276.0,0.0,1.0,0.7560975609756098,41.0,0.06549937350844028,1.5175114845765207,0.37520265748877507,3.2750479007706472
fibrous|thin|2,fibrous,thin,2,2,thin_dropout,0.2,0.6987267477635254,0.463043794558417,13746.0,0.007736574416772129,83758.0,0.0032679738562091504,306.0,0.0,384.0,0.01229754049190162,3334.0,0.4563583392219139,4.122975404919016,0.0,22.0,0.4891304347826087,276.0,0.0,1.0,0.7560975609756098,41.0,0.06549937350844028,1.5175114845765207,0.37520265748877507,3.2750479007706472
fibrous|thin|2,fibrous,thin,2,2,thin_dropout,0.3,0.6987267477635254,0.463043794558417,13746.0,0.007736574416772129,83758.0,0.0032679738562091504,306.0,0.0,384.0,0.01229754049190162,3334.0,0.4563583392219139,4.122975404919016,0.0,22.0,0.4891304347826087,276.0,0.0,1.0,0.7560975609756098,41.0,0.06549937350844028,1.5175114845765207,0.37520265748877507,3.2750479007706472
fibrous|thin|2,fibrous,thin,2,2,thin_dropout,0.4,0.6987267477635254,0.463043794558417,13746.0,0.007736574416772129,83758.0,0.0032679738562091504,306.0,0.0,384.0,0.01229754049190162,3334.0,0.4563583392219139,4.122975404919016,0.0,22.0,0.4891304347826087,276.0,0.0,1.0,0.7560975609756098,41.0,0.06549937350844028,1.5175114845765207,0.37520265748877507,3.2750479007706472
fibrous|thin|2,fibrous,thin,2,2,thin_dropout,0.5,0.5069244555477108,0.6604830496144333,13746.0,0.04832971178872466,83758.0,0.006535947712418301,306.0,0.0,384.0,0.34913017396520696,3334.0,0.47836427991452557,4.122975404919016,11.227272727272727,22.0,0.75,276.0,215.0,1.0,0.975609756097561,41.0,0.13098594893735516,1.5175114845765207,1.1507845509598966,3.2750479007706472
fibrous|thin|2,fibrous,thin,2,2,speckle,0.0,1.0,0.0,13746.0,0.0,83758.0,0.0,306.0,0.0,384.0,0.0,3334.0,0.0,4.122975404919016,0.0,22.0,0.0,276.0,0.0,1.0,0.0,41.0,0.0,1.5175114845765207,0.0,3.2750479007706472
fibrous|thin|2,fibrous,thin,2,2,speckle,0.0002,0.9990188596969367,0.001964207769532955,13746.0,0.3297237278827097,83758.0,0.2549019607843137,306.0,0.0,384.0,0.008398320335932814,3334.0,0.006380526857934905,4.122975404919016,0.09090909090909091,22.0,0.007246376811594203,276.0,25.0,1.0,0.0,41.0,0.02532525833496956,1.5175114845765207,0.0028495330928553315,3.2750479007706472
fibrous|thin|2,fibrous,thin,2,2,speckle,0.0005,0.9975688522805617,0.004874145205878074,13746.0,0.5170491176962201,83758.0,0.24836601307189543,306.0,0.0,384.0,0.02009598080383923,3334.0,0.014921964093973117,4.122975404919016,0.0,22.0,0.0,276.0,67.0,1.0,0.0,41.0,0.044560797376438296,1.5175114845765207,0.007843776860942984,3.2750479007706472
fibrous|thin|2,fibrous,thin,2,2,speckle,0.001,0.9951494968507927,0.009748290411756148,13746.0,0.6935695694739606,83758.0,0.238562091503268,306.0,0.0,384.0,0.041991601679664065,3334.0,0.03094392624271876,4.122975404919016,0.45454545454545453,22.0,0.08333333333333333,276.0,121.0,1.0,0.0,41.0,0.04932713418044891,1.5175114845765207,0.013946366717464827,3.2750479007706472
fibrous|thin|2,fibrous,thin,2,2,speckle,0.002,0.9903814978925753,0.019423832387603666,13746.0,0.7349745695933523,83758.0,0.2549019607843137,306.0,0.0,384.0,0.08218356328734253,3334.0,0.05799360942897151,4.122975404919016,0.5,22.0,0.08333333333333333,276.0,248.0,1.0,0.0,41.0,0.042824424646315924,1.5175114845765207,0.02657852543152989,3.2750479007706472
fibrous|thin|2,fibrous,thin,2,2,speckle,0.005,0.9762437413444125,0.04866870362287211,13746.0,0.7344253683230259,83758.0,0.2549019607843137,306.0,0.0,384.0,0.20155968806238753,3334.0,0.12724376987552277,4.122975404919016,1.1363636363636365,22.0,0.213768115942029,276.0,622.0,1.0,0.024390243902439025,41.0,0.01105872617060509,1.5175114845765207,0.0639853053143903,3.2750479007706472
fibrous|thin|2,fibrous,thin,2,2,blob,0.0,1.0,0.0,13746.0,0.0,83758.0,0.0,306.0,0.0,384.0,0.0,3334.0,0.0,4.122975404919016,0.0,22.0,0.0,276.0,0.0,1.0,0.0,41.0,0.0,1.5175114845765207,0.0,3.2750479007706472
fibrous|thin|2,fibrous,thin,2,2,blob,0.1,0.9918464535680785,0.01644114651534992,13746.0,0.00592182239308484,83758.0,0.0,306.0,0.0,384.0,0.0026994601079784043,3334.0,0.013704691140346097,4.122975404919016,0.045454545454545456,22.0,0.036231884057971016,276.0,1.0,1.0,0.024390243902439025,41.0,0.002776541483085756,1.5175114845765207,0.015828779336216323,3.2750479007706472
fibrous|thin|2,fibrous,thin,2,2,blob,0.25,0.9675512071514042,0.06707405790775499,13746.0,0.022278468922371595,83758.0,0.0,306.0,0.0,384.0,0.009298140371925615,3334.0,0.05724365796863448,4.122975404919016,0.18181818181818182,22.0,0.06159420289855073,276.0,2.0,1.0,0.024390243902439025,41.0,0.009623707882853879,1.5175114845765207,0.026256425767605965,3.2750479007706472
fibrous|thin|2,fibrous,thin,2,2,blob,0.5,0.934974833356006,0.13909500945729666,13746.0,0.34561474724802405,83758.0,0.2549019607843137,306.0,0.0,384.0,0.01289742051589682,3334.0,0.1245906904147548,4.122975404919016,0.36363636363636365,22.0,0.014492753623188406,276.0,13.0,1.0,0.0,41.0,0.014765433035244982,1.5175114845765207,0.10514238625802942,3.2750479007706472
fibrous|thin|2,fibrous,thin,2,2,blob,0.75,0.9109947643979057,0.19540229885057472,13746.0,0.4227417082547339,83758.0,0.2549019607843137,306.0,0.0,384.0,0.017996400719856028,3334.0,0.17426967129281573,4.122975404919016,0.6363636363636364,22.0,0.0036231884057971015,276.0,23.0,1.0,0.0,41.0,0.0011221984107629493,1.5175114845765207,0.11403005277459712,3.2750479007706472
fibrous|thin|2,fibrous,thin,2,2,blob,1.0,0.8798284635324991,0.273170376836898,13746.0,0.427338284104205,83758.0,0.2549019607843137,306.0,0.0,384.0,0.05098980203959208,3334.0,0.21140126608853257,4.122975404919016,1.2727272727272727,22.0,0.2898550724637681,276.0,24.0,1.0,0.17073170731707318,41.0,0.004118737433133864,1.5175114845765207,0.18172898984563138,3.2750479007706472
fibrous|medium|0,fibrous,medium,5,0,boundary_erode,0.0,1.0,0.0,30191.0,0.0,91241.0,0.0,305.0,0.0,384.0,0.0,2949.0,0.0,10.237707697524584,0.0,20.0,0.0,231.0,0.0,1.0,0.0,34.0,0.0,1.6556116014540827,0.0,2.5767738654721537
fibrous|medium|0,fibrous,medium,5,0,boundary_erode,-1.0,0.9045554325937483,0.1742572289755225,30191.0,0.01254918293311121,91241.0,0.006557377049180328,305.0,0.005208333333333333,384.0,0.024754153950491693,2949.0,0.15329783318804446,10.237707697524584,0.0,20.0,0.5281385281385281,231.0,0.0,1.0,0.7352941176470589,34.0,0.02524044247552597,1.6556116014540827,0.08867233233897609,2.5767738654721537
fibrous|medium|0,fibrous,medium,5,0,boundary_erode,-2.0,0.7884102173084254,0.34927627438640657,30191.0,0.025328525553205247,91241.0,0.013114754098360656,305.0,0.010416666666666666,384.0,0.02712783994574432,2949.0,0.33113131166452175,10.237707697524584,0.05,20.0,0.5194805194805194,231.0,0.0,1.0,0.7647058823529411,34.0,0.057462643682520326,1.6556116014540827,0.25454371230232925,2.5767738654721537
fibrous|medium|0,fibrous,medium,5,0,boundary_erode,-3.0,0.6590419507428547,0.508529031830678,30191.0,0.16015826218476342,91241.0,0.10491803278688525,305.0,0.015625,384.0,0.24821973550356052,2949.0,0.3462571560075189,10.237707697524584,0.5,20.0,0.683982683982684,231.0,8.0,1.0,0.9117647058823529,34.0,0.08500661687010065,1.6556116014540827,0.5405682693156355,2.5767738654721537
fibrous|medium|0,fibrous,medium,5,0,boundary_erode,-4.0,0.5260459893570277,0.6431055612599781,30191.0,0.23333808266020759,91241.0,0.18688524590163935,305.0,0.026041666666666668,384.0,0.28212953543574093,2949.0,0.5028428437202057,10.237707697524584,0.4,20.0,0.7012987012987013,231.0,8.0,1.0,0.9117647058823529,34.0,0.1257290517748963,1.6556116014540827,1.0090359821967847,2.5767738654721537
fibrous|medium|0,fibrous,medium,5,0,boundary_erode,-5.0,0.3868451283695333,0.7601934351296744,30191.0,0.42136758694008175,91241.0,0.21967213114754097,305.0,0.1328125,384.0,0.49711766700576465,2949.0,0.5231358329045245,10.237707697524584,4.25,20.0,0.7489177489177489,231.0,45.0,1.0,1.0,34.0,0.16272087250366554,1.6556116014540827,2.1174518149075108,2.5767738654721537
fibrous|medium|0,fibrous,medium,5,0,boundary_dilate,0.0,1.0,0.0,30191.0,0.0,91241.0,0.0,305.0,0.0,384.0,0.0,2949.0,0.0,10.237707697524584,0.0,20.0,0.0,231.0,0.0,1.0,0.0,34.0,0.0,1.6556116014540827,0.0,2.5767738654721537
fibrous|medium|0,fibrous,medium,5,0,boundary_dilate,1.0,0.9216374626045546,0.1700506773541784,30191.0,0.009085827643274405,91241.0,0.003278688524590164,305.0,0.0,384.0,0.003051881993896236,2949.0,0.16649068543525092,10.237707697524584,0.15,20.0,0.2987012987012987,231.0,0.0,1.0,0.38235294117647056,34.0,0.023454707610643506,1.6556116014540827,0.056645892838261463,2.5767738654721537
fibrous|medium|0,fibrous,medium,5,0,boundary_dilate,2.0,0.8581620761206333,0.33056208803948195,30191.0,0.018116855361076708,91241.0,0.006557377049180328,305.0,0.0,384.0,0.04577822990844354,2949.0,0.3943950240328473,10.237707697524584,0.15,20.0,0.03896103896103896,231.0,0.0,1.0,0.11764705882352941,34.0,0.04143785841496212,1.6556116014540827,0.09990881320512782,2.5767738654721537
fibrous|medium|0,fibrous,medium,5,0,boundary_dilate,3.0,0.8061574611820937,0.48090490543539466,30191.0,0.02668756370491336,91241.0,0.009836065573770493,305.0,0.0,384.0,0.04543913190912174,2949.0,0.5513991353921772,10.237707697524584,0.25,20.0,0.16883116883116883,231.0,0.0,1.0,0.23529411764705882,34.0,0.057438078735501816,1.6556116014540827,0.13597136282214742,2.5767738654721537
fibrous|medium|0,fibrous,medium,5,0,boundary_dilate,4.0,0.7634303920700947,0.6197542313934616,30191.0,0.0347650727195011,91241.0,0.013114754098360656,305.0,0.0,384.0,0.09630383180739234,2949.0,0.7923659393543407,10.237707697524584,0.25,20.0,0.15151515151515152,231.0,0.0,1.0,0.14705882352941177,34.0,0.0707422618265586,1.6556116014540827,0.16783707053787472,2.5767738654721537
fibrous|medium|0,fibrous,medium,5,0,boundary_dilate,5.0,0.7275728693472786,0.7488655559603855,30191.0,0.04367554060126478,91241.0,0.01639344262295082,305.0,0.0,384.0,0.10342488979315022,2949.0,0.950606854964893,10.237707697524584,0.35,20.0,0.09090909090909091,231.0,0.0,1.0,0.14705882352941177,34.0,0.0792333779317281,1.6556116014540827,0.19608964321085803,2.5767738654721537
fibrous|medium|0,fibrous,medium,5,0,junction_break,0.0,1.0,0.0,30191.0,0.0,91241.0,0.0,305.0,0.0,384.0,0.0,2949.0,0.0,10.237707697524584,0.0,20.0,0.0,231.0,0.0,1.0,0.0,34.0,0.0,1.6556116014540827,0.0,2.5767738654721537
fibrous|medium|0,fibrous,medium,5,0,junction_break,0.1,0.9911785344337889,0.017488655559603855,30191.0,0.0,91241.0,0.0,305.0,0.0,384.0,0.017293997965412006,2949.0,0.034191348415090604,10.237707697524584,0.4,20.0,0.21645021645021645,231.0,3.0,1.0,0.38235294117647056,34.0,0.001066196102846999,1.6556116014540827,0.005237604638558559,2.5767738654721537
fibrous|medium|0,fibrous,medium,5,0,junction_break,0.2,0.9843742115620743,0.030770759497863603,30191.0,0.0,91241.0,0.0,305.0,0.0,384.0,0.0678195998643608,2949.0,0.092328666166783,10.237707697524584,0.6,20.0,0.08225108225108226,231.0,6.0,1.0,0.2647058823529412,34.0,0.0018783194118771173,1.6556116014540827,0.00792286069957264,2.5767738654721537
fibrous|medium|0,fibrous,medium,5,0,junction_break,0.4,0.9765415776805993,0.04584147593653738,30191.0,0.0,91241.0,0.0,305.0,0.0,384.0,0.06341132587317735,2949.0,0.10273804608955628,10.237707697524584,1.4,20.0,0.11255411255411256,231.0,13.0,1.0,0.4117647058823529,34.0,0.0032780942464560696,1.6556116014540827,0.009199096408779242,2.5767738654721537
fibrous|medium|0,fibrous,medium,5,0,junction_break,0.6,0.9719237907139087,0.05461892617005068,30191.0,0.0,91241.0,0.0,305.0,0.0,384.0,0.07900983384198033,2949.0,0.12384387595081053,10.237707697524584,1.45,20.0,0.07792207792207792,231.0,14.0,1.0,0.4117647058823529,34.0,0.0038836633330598977,1.6556116014540827,0.016983520109102347,2.5767738654721537
fibrous|medium|0,fibrous,medium,5,0,junction_break,0.8,0.9680407437790539,0.06193898844026365,30191.0,0.0,91241.0,0.0,305.0,0.0,384.0,0.0769752458460495,2949.0,0.12898554058889722,10.237707697524584,1.6,20.0,0.12987012987012986,231.0,13.0,1.0,0.4411764705882353,34.0,0.00460550565942918,1.6556116014540827,0.01808776645604457,2.5767738654721537
fibrous|medium|0,fibrous,medium,5,0,thin_dropout,0.0,1.0,0.0,30191.0,0.0,91241.0,0.0,305.0,0.0,384.0,0.0,2949.0,0.0,10.237707697524584,0.0,20.0,0.0,231.0,0.0,1.0,0.0,34.0,0.0,1.6556116014540827,0.0,2.5767738654721537
fibrous|medium|0,fibrous,medium,5,0,thin_dropout,0.1,0.9052505620422076,0.1730979430956245,30191.0,0.008263828761192886,91241.0,0.003278688524590164,305.0,0.0,384.0,0.023397761953204477,2949.0,0.15328674798229042,10.237707697524584,0.0,20.0,0.5281385281385281,231.0,0.0,1.0,0.7352941176470589,34.0,0.02524044247552597,1.6556116014540827,0.08865301560450493,2.5767738654721537
fibrous|medium|0,fibrous,medium,5,0,thin_dropout,0.2,0.8506547890970001,0.2598787718194164,30191.0,0.013820541204063962,91241.0,0.006557377049180328,305.0,0.0,384.0,0.01865038996269922,2949.0,0.24581288807721455,10.237707697524584,0.05,20.0,0.5151515151515151,231.0,0.0,1.0,0.7647058823529411,34.0,0.040892912179407485,1.6556116014540827,0.15473968121929163,2.5767738654721537
fibrous|medium|0,fibrous,medium,5,0,thin_dropout,0.3,0.7896002886581406,0.3476532741545494,30191.0,0.01652765752238577,91241.0,0.006557377049180328,305.0,0.0,384.0,0.023397761953204477,2949.0,0.3320241338478354,10.237707697524584,0.05,20.0,0.5194805194805194,231.0,0.0,1.0,0.7647058823529411,34.0,0.057220869108265966,1.6556116014540827,0.2545352630871725,2.5767738654721537
fibrous|medium|0,fibrous,medium,5,0,thin_dropout,0.4,0.7228039004166931,0.4340697558875162,30191.0,0.04415777994541927,91241.0,0.019672131147540985,305.0,0.0,384.0,0.15869786368260427,2949.0,0.3273162878324406,10.237707697524584,2.4,20.0,0.5930735930735931,231.0,41.0,1.0,0.8823529411764706,34.0,0.08508434211715117,1.6556116014540827,0.388075491544383,2.5767738654721537
fibrous|medium|0,fibrous,medium,5,0,thin_dropout,0.5,0.6629021900396377,0.5042231128481998,30191.0,0.06651614953803663,91241.0,0.022950819672131147,305.0,0.0,384.0,0.20108511359782977,2949.0,0.37943716459649457,10.237707697524584,2.75,20.0,0.6406926406926406,231.0,34.0,1.0,0.9117647058823529,34.0,0.10600037109527578,1.6556116014540827,0.5209880214546024,2.5767738654721537
fibrous|medium|0,fibrous,medium,5,0,speckle,0.0,1.0,0.0,30191.0,0.0,91241.0,0.0,305.0,0.0,384.0,0.0,2949.0,0.0,10.237707697524584,0.0,20.0,0.0,231.0,0.0,1.0,0.0,34.0,0.0,1.6556116014540827,0.0,2.5767738654721537
fibrous|medium|0,fibrous,medium,5,0,speckle,0.0002,0.9996192368181442,0.0007618164353615316,30191.0,0.2672482765423439,91241.0,0.18688524590163935,305.0,0.0,384.0,0.007799253984401492,2949.0,0.006982975549165056,10.237707697524584,0.0,20.0,0.0,231.0,22.0,1.0,0.0,34.0,0.021345386235930047,1.6556116014540827,0.0011469784528695055,2.5767738654721537
fibrous|medium|0,fibrous,medium,5,0,speckle,0.0005,0.9990238414321404,0.0019542247689708853,30191.0,0.3843009173507524,91241.0,0.21967213114754097,305.0,0.0,384.0,0.02204136995591726,2949.0,0.01965394530733404,10.237707697524584,0.05,20.0,0.05194805194805195,231.0,55.0,1.0,0.029411764705882353,34.0,0.03253262830443789,1.6556116014540827,0.002979656256371408,2.5767738654721537
fibrous|medium|0,fibrous,medium,5,0,speckle,0.001,0.9980660837369213,0.0038753270842303996,30191.0,0.5033373154612509,91241.0,0.25245901639344265,305.0,0.0,384.0,0.04035266191929467,2949.0,0.035062470804629896,10.237707697524584,0.05,20.0,0.03896103896103896,231.0,113.0,1.0,0.029411764705882353,34.0,0.03429319171644974,1.6556116014540827,0.005825475344868852,2.5767738654721537
fibrous|medium|0,fibrous,medium,5,0,speckle,0.002,0.9961231997624429,0.007783776622172171,30191.0,0.5596058789360047,91241.0,0.25245901639344265,305.0,0.0,384.0,0.0844354018311292,2949.0,0.0706834405069462,10.237707697524584,0.35,20.0,0.06060606060606061,231.0,222.0,1.0,0.0,34.0,0.03242483505148801,1.6556116014540827,0.011401520936280031,2.5767738654721537
fibrous|medium|0,fibrous,medium,5,0,speckle,0.005,0.990388400472379,0.01940975787486337,30191.0,0.5805065705110641,91241.0,0.25901639344262295,305.0,0.0,384.0,0.2112580535774839,2949.0,0.15838763270633477,10.237707697524584,1.4,20.0,0.1774891774891775,231.0,547.0,1.0,0.0,34.0,0.01492968209386362,1.6556116014540827,0.027173961411210232,2.5767738654721537
fibrous|medium|0,fibrous,medium,5,0,blob,0.0,1.0,0.0,30191.0,0.0,91241.0,0.0,305.0,0.0,384.0,0.0,2949.0,0.0,10.237707697524584,0.0,20.0,0.0,231.0,0.0,1.0,0.0,34.0,0.0,1.6556116014540827,0.0,2.5767738654721537
fibrous|medium|0,fibrous,medium,5,0,blob,0.1,0.9931903414698335,0.013712695836507569,30191.0,0.26796067557348124,91241.0,0.18032786885245902,305.0,0.0,384.0,0.006442861987114276,2949.0,0.007223295155613594,10.237707697524584,0.1,20.0,0.025974025974025976,231.0,2.0,1.0,0.0,34.0,0.005683299391735415,1.6556116014540827,0.009930333514945919,2.5767738654721537
fibrous|medium|0,fibrous,medium,5,0,blob,0.25,0.9901935060675632,0.019807227319399823,30191.0,0.25517037296829276,91241.0,0.25901639344262295,305.0,0.0,384.0,0.02102407595795185,2949.0,0.001191792306572513,10.237707697524584,0.4,20.0,0.11255411255411256,231.0,5.0,1.0,0.11764705882352941,34.0,0.004083869641588446,1.6556116014540827,0.014668957522158122,2.5767738654721537
fibrous|medium|0,fibrous,medium,5,0,blob,0.5,0.9718341595313205,0.05796429399489914,30191.0,0.34652184873028574,91241.0,0.25901639344262295,305.0,0.0,384.0,0.024754153950491693,2949.0,0.032407909659483015,10.237707697524584,0.4,20.0,0.047619047619047616,231.0,12.0,1.0,0.0,34.0,0.013185135021400635,1.6556116014540827,0.06517029075450291,2.5767738654721537
fibrous|medium|0,fibrous,medium,5,0,blob,0.75,0.9575780642910383,0.08860256367791726,30191.0,0.2889271270591072,91241.0,0.2459016393442623,305.0,0.0,384.0,0.036961681926076635,2949.0,0.04980018321980967,10.237707697524584,0.6,20.0,0.11688311688311688,231.0,18.0,1.0,0.08823529411764706,34.0,0.007376684853237579,1.6556116014540827,0.10155781867167851,2.5767738654721537
fibrous|medium|0,fibrous,medium,5,0,blob,1.0,0.956895185572565,0.09009307409492895,30191.0,0.4544886618954198,91241.0,0.25901639344262295,305.0,0.0,384.0,0.04679552390640895,2949.0,0.041361994009052716,10.237707697524584,1.05,20.0,0.17316017316017315,231.0,20.0,1.0,0.11764705882352941,34.0,0.006767322376139036,1.6556116014540827,0.07922631573971799,2.5767738654721537
fibrous|medium|1,fibrous,medium,5,1,boundary_erode,0.0,1.0,0.0,32683.0,0.0,85984.0,0.0,337.0,0.0,384.0,0.0,3164.0,0.0,10.329646017699115,0.0,22.0,0.0,318.0,0.0,1.0,0.0,47.0,0.0,1.6796824051774855,0.0,2.5326965722767767
fibrous|medium|1,fibrous,medium,5,1,boundary_erode,-1.0,0.9086750367303326,0.16736529694336505,32683.0,0.011688221064384071,85984.0,0.005934718100890208,337.0,0.005208333333333333,384.0,0.03034134007585335,3164.0,0.14131153830795543,10.329646017699115,0.045454545454545456,22.0,0.5062893081761006,318.0,0.0,1.0,0.723404255319149,47.0,0.026553772185565438,1.6796824051774855,0.08593641153089272,2.5326965722767767
fibrous|medium|1,fibrous,medium,5,1,boundary_erode,-2.0,0.7981540045598293,0.3358932778508705,32683.0,0.023481112765165613,85984.0,0.011869436201780416,337.0,0.010416666666666666,384.0,0.038558786346396964,3164.0,0.3092591489546858,10.329646017699115,0.13636363636363635,22.0,0.5408805031446541,318.0,0.0,1.0,0.7659574468085106,47.0,0.056746032702659654,1.6796824051774855,0.2458311240398321,2.5326965722767767
fibrous|medium|1,fibrous,medium,5,1,boundary_erode,-3.0,0.675622011508226,0.48985711226019646,32683.0,0.22276237439523633,85984.0,0.19881305637982197,337.0,0.020833333333333332,384.0,0.24905183312262957,3164.0,0.32066830942393165,10.329646017699115,0.45454545454545453,22.0,0.7075471698113207,318.0,6.0,1.0,0.9148936170212766,47.0,0.078300340314123,1.6796824051774855,0.5199422520250321,2.5326965722767767
fibrous|medium|1,fibrous,medium,5,1,boundary_erode,-4.0,0.5487444772540574,0.621882936082979,32683.0,0.24217296241161146,85984.0,0.20771513353115728,337.0,0.03125,384.0,0.2860303413400759,3164.0,0.47040177501839103,10.329646017699115,0.36363636363636365,22.0,0.7924528301886793,318.0,8.0,1.0,0.9148936170212766,47.0,0.11972739086276178,1.6796824051774855,0.9893634673786117,2.5326965722767767
fibrous|medium|1,fibrous,medium,5,1,boundary_erode,-5.0,0.41536969696969694,0.7378759599791941,32683.0,0.36483531819873466,85984.0,0.2789317507418398,337.0,0.07552083333333333,384.0,0.5056890012642224,3164.0,0.46971837428015994,10.329646017699115,2.6363636363636362,22.0,0.8050314465408805,318.0,35.0,1.0,1.0,47.0,0.15593849794300818,1.6796824051774855,2.0511405089395507,2.5326965722767767
fibrous|medium|1,fibrous,medium,5,1,boundary_dilate,0.0,1.0,0.0,32683.0,0.0,85984.0,0.0,337.0,0.0,384.0,0.0,3164.0,0.0,10.329646017699115,0.0,22.0,0.0,318.0,0.0,1.0,0.0,47.0,0.0,1.6796824051774855,0.0,2.5326965722767767
fibrous|medium|1,fibrous,medium,5,1,boundary_dilate,1.0,0.925156395957766,0.16179665269406113,32683.0,0.00908308522515817,85984.0,0.002967359050445104,337.0,0.0,384.0,0.02370417193426043,3164.0,0.19000472940239854,10.329646017699115,0.13636363636363635,22.0,0.1289308176100629,318.0,0.0,1.0,0.14893617021276595,47.0,0.02038759340141998,1.6796824051774855,0.05480300917728645,2.5326965722767767
fibrous|medium|1,fibrous,medium,5,1,boundary_dilate,2.0,0.8653278438952064,0.3112627359789493,32683.0,0.01816617045031634,85984.0,0.005934718100890208,337.0,0.0,384.0,0.0793299620733249,3164.0,0.424248299566562,10.329646017699115,0.22727272727272727,22.0,0.14150943396226415,318.0,0.0,1.0,0.10638297872340426,47.0,0.03640324635784728,1.6796824051774855,0.09669247903531225,2.5326965722767767
fibrous|medium|1,fibrous,medium,5,1,boundary_dilate,3.0,0.816707481633265,0.4488572040510357,32683.0,0.02719110532192036,85984.0,0.008902077151335312,337.0,0.0,384.0,0.12579013906447534,3164.0,0.6573334033324212,10.329646017699115,0.45454545454545453,22.0,0.22955974842767296,318.0,0.0,1.0,0.1276595744680851,47.0,0.048816285057323626,1.6796824051774855,0.1312619191795149,2.5326965722767767
fibrous|medium|1,fibrous,medium,5,1,boundary_dilate,4.0,0.7773615422122325,0.572805434017685,32683.0,0.0356810569408262,85984.0,0.011869436201780416,337.0,0.0,384.0,0.1918457648546144,3164.0,0.9461698839389736,10.329646017699115,0.45454545454545453,22.0,0.27358490566037735,318.0,0.0,1.0,0.1276595744680851,47.0,0.06095259104870314,1.6796824051774855,0.16198671226997532,2.5326965722767767
fibrous|medium|1,fibrous,medium,5,1,boundary_dilate,5.0,0.7453448728035668,0.6833216045038705,32683.0,0.04461295124674358,85984.0,0.01483679525222552,337.0,0.0,384.0,0.27654867256637167,3164.0,1.326793165858561,10.329646017699115,0.45454545454545453,22.0,0.4716981132075472,318.0,0.0,1.0,0.3617021276595745,47.0,0.06844648231608938,1.6796824051774855,0.19035748385348714,2.5326965722767767
fibrous|medium|1,fibrous,medium,5,1,junction_break,0.0,1.0,0.0,32683.0,0.0,85984.0,0.0,337.0,0.0,384.0,0.0,3164.0,0.0,10.329646017699115,0.0,22.0,0.0,318.0,0.0,1.0,0.0,47.0,0.0,1.6796824051774855,0.0,2.5326965722767767
fibrous|medium|1,fibrous,medium,5,1,junction_break,0.1,0.9875938976225509,0.024508154086222193,32683.0,0.0,85984.0,0.0,337.0,0.0,384.0,0.05815423514538559,3164.0,0.07811941443512753,10.329646017699115,0.45454545454545453,22.0,0.09748427672955975,318.0,1.0,1.0,0.3404255319148936,47.0,0.0014017861056533469,1.6796824051774855,0.007237132562425581,2.5326965722767767
fibrous|medium|1,fibrous,medium,5,1,junction_break,0.2,0.9790550566185084,0.04103050515558547,32683.0,0.0,85984.0,0.0,337.0,0.0,384.0,0.10619469026548672,3164.0,0.13309157666064922,10.329646017699115,0.5,22.0,0.012578616352201259,318.0,1.0,1.0,0.2553191489361702,47.0,0.002452454372664997,1.6796824051774855,0.012546452752859536,2.5326965722767767
fibrous|medium|1,fibrous,medium,5,1,junction_break,0.4,0.9709706873209282,0.056420769207233115,32683.0,0.0,85984.0,0.0,337.0,0.0,384.0,0.08912768647281921,3164.0,0.13363764183740148,10.329646017699115,1.6363636363636365,22.0,0.14150943396226415,318.0,12.0,1.0,0.5106382978723404,47.0,0.003981481480798521,1.6796824051774855,0.008946501921684853,2.5326965722767767
fibrous|medium|1,fibrous,medium,5,1,junction_break,0.6,0.9643021247603505,0.06893492029495456,32683.0,0.0,85984.0,0.0,337.0,0.0,384.0,0.11346396965865993,3164.0,0.1638121168927722,10.329646017699115,1.5,22.0,0.07547169811320754,318.0,10.0,1.0,0.425531914893617,47.0,0.0051493268163898005,1.6796824051774855,0.011064163129179318,2.5326965722767767
fibrous|medium|1,fibrous,medium,5,1,junction_break,0.8,0.9601667143902517,0.07661475384756601,32683.0,0.0,85984.0,0.0,337.0,0.0,384.0,0.11188369152970923,3164.0,0.1695307223347638,10.329646017699115,1.5454545454545454,22.0,0.11006289308176101,318.0,15.0,1.0,0.40425531914893614,47.0,0.005942973268548975,1.6796824051774855,0.010537183900456057,2.5326965722767767
fibrous|medium|1,fibrous,medium,5,1,thin_dropout,0.0,1.0,0.0,32683.0,0.0,85984.0,0.0,337.0,0.0,384.0,0.0,3164.0,0.0,10.329646017699115,0.0,22.0,0.0,318.0,0.0,1.0,0.0,47.0,0.0,1.6796824051774855,0.0,2.5326965722767767
fibrous|medium|1,fibrous,medium,5,1,thin_dropout,0.1,0.9093851672645366,0.16617201603279994,32683.0,0.008676032750279122,85984.0,0.002967359050445104,337.0,0.0,384.0,0.029393173198482933,3164.0,0.14092095692861584,10.329646017699115,0.045454545454545456,22.0,0.5062893081761006,318.0,0.0,1.0,0.723404255319149,47.0,0.026492239361268762,1.6796824051774855,0.08593121893421088,2.5326965722767767
fibrous|medium|1,fibrous,medium,5,1,thin_dropout,0.2,0.862091776338695,0.24238900957684423,32683.0,0.014188686267212505,85984.0,0.005934718100890208,337.0,0.0,384.0,0.03192161820480405,3164.0,0.21740738697392598,10.329646017699115,0.09090909090909091,22.0,0.5880503144654088,318.0,0.0,1.0,0.7659574468085106,47.0,0.03965680878706948,1.6796824051774855,0.13863518625928598,2.5326965722767767
fibrous|medium|1,fibrous,medium,5,1,thin_dropout,0.3,0.7994784014105202,0.3340574610653857,32683.0,0.017270655005582433,85984.0,0.005934718100890208,337.0,0.0,384.0,0.03603034134007586,3164.0,0.3091664940363542,10.329646017699115,0.13636363636363635,22.0,0.5408805031446541,318.0,0.0,1.0,0.7659574468085106,47.0,0.05633383475148958,1.6796824051774855,0.2458545795571844,2.5326965722767767
fibrous|medium|1,fibrous,medium,5,1,thin_dropout,0.4,0.7414609726982171,0.4108557965915002,32683.0,0.04286844064011909,85984.0,0.01483679525222552,337.0,0.0,384.0,0.14664981036662453,3164.0,0.30961027422796544,10.329646017699115,3.272727272727273,22.0,0.6540880503144654,318.0,61.0,1.0,0.8936170212765957,47.0,0.07338694925968464,1.6796824051774855,0.3524785422787083,2.5326965722767767
fibrous|medium|1,fibrous,medium,5,1,thin_dropout,0.5,0.650104289284018,0.5184040632744852,32683.0,0.2218552288797916,85984.0,0.18991097922848665,337.0,0.018229166666666668,384.0,0.24810366624525917,3164.0,0.35949157469544823,10.329646017699115,0.7272727272727273,22.0,0.7264150943396226,318.0,13.0,1.0,0.9148936170212766,47.0,0.08694307073921094,1.6796824051774855,0.5870465097807873,2.5326965722767767
fibrous|medium|1,fibrous,medium,5,1,speckle,0.0,1.0,0.0,32683.0,0.0,85984.0,0.0,337.0,0.0,384.0,0.0,3164.0,0.0,10.329646017699115,0.0,22.0,0.0,318.0,0.0,1.0,0.0,47.0,0.0,1.6796824051774855,0.0,2.5326965722767767
fibrous|medium|1,fibrous,medium,5,1,speckle,0.0002,0.9996482588814632,0.0007037297677691766,32683.0,0.4093319687383699,85984.0,0.11275964391691394,337.0,0.0,384.0,0.006321112515802781,3164.0,0.005582097680520859,10.329646017699115,0.0,22.0,0.0,318.0,20.0,1.0,0.0,47.0,0.02375379745348757,1.6796824051774855,0.0010243707974459323,2.5326965722767767
fibrous|medium|1,fibrous,medium,5,1,speckle,0.0005,0.9991287467710133,0.0017440259462105682,32683.0,0.4962318570896911,85984.0,0.13649851632047477,337.0,0.0,384.0,0.018647281921618204,3164.0,0.016593826219730066,10.329646017699115,0.045454545454545456,22.0,0.012578616352201259,318.0,49.0,1.0,0.0,47.0,0.021327658346816273,1.6796824051774855,0.0023379463932215443,2.5326965722767767
fibrous|medium|1,fibrous,medium,5,1,speckle,0.001,0.9982437653670531,0.003518648838845883,32683.0,0.5483578340156308,85984.0,0.11869436201780416,337.0,0.0,384.0,0.03508217446270544,3164.0,0.030493738953860008,10.329646017699115,0.13636363636363635,22.0,0.0031446540880503146,318.0,108.0,1.0,0.0,47.0,0.03660295999609636,1.6796824051774855,0.004930753615582339,2.5326965722767767
fibrous|medium|1,fibrous,medium,5,1,speckle,0.002,0.9964936886395512,0.007037297677691766,32683.0,0.6634722739114254,85984.0,0.13649851632047477,337.0,0.0,384.0,0.07237673830594185,3164.0,0.060929557956906445,10.329646017699115,0.3181818181818182,22.0,0.03773584905660377,318.0,213.0,1.0,0.0,47.0,0.03462629169229062,1.6796824051774855,0.010590170107480416,2.5326965722767767
fibrous|medium|1,fibrous,medium,5,1,speckle,0.005,0.9912951167728238,0.01756264724780467,32683.0,0.6883257350204689,85984.0,0.1394658753709199,337.0,0.0,384.0,0.20164348925410872,3164.0,0.1531908953466454,10.329646017699115,1.1363636363636365,22.0,0.16981132075471697,318.0,520.0,1.0,0.0425531914893617,47.0,0.018675453808824745,1.6796824051774855,0.024580220512170726,2.5326965722767767
fibrous|medium|1,fibrous,medium,5,1,blob,0.0,1.0,0.0,32683.0,0.0,85984.0,0.0,337.0,0.0,384.0,0.0,3164.0,0.0,10.329646017699115,0.0,22.0,0.0,318.0,0.0,1.0,0.0,47.0,0.0,1.6796824051774855,0.0,2.5326965722767767
fibrous|medium|1,fibrous,medium,5,1,blob,0.1,0.9965696513241146,0.006884312945568032,32683.0,0.17411378861183477,85984.0,0.11869436201780416,337.0,0.0,384.0,0.004424778761061947,3164.0,0.0024486992321514577,10.329646017699115,0.13636363636363635,22.0,0.012578616352201259,318.0,2.0,1.0,0.0,47.0,0.0026680961322637733,1.6796824051774855,0.005504578817985495,2.5326965722767767
fibrous|medium|1,fibrous,medium,5,1,blob,0.25,0.9865672542864042,0.02723128231802466,32683.0,0.20460783401563082,85984.0,0.008902077151335312,337.0,0.0,384.0,0.005689001264222503,3164.0,0.021420420255886245,10.329646017699115,0.18181818181818182,22.0,0.06289308176100629,318.0,5.0,1.0,0.0425531914893617,47.0,0.0063297219908726695,1.6796824051774855,0.02613693076374335,2.5326965722767767
fibrous|medium|1,fibrous,medium,5,1,blob,0.5,0.9787966817405888,0.043325276137441485,32683.0,0.29577595831782655,85984.0,0.04451038575667656,337.0,0.0,384.0,0.02781289506953224,3164.0,0.015092611838519319,10.329646017699115,0.36363636363636365,22.0,0.09433962264150944,318.0,9.0,1.0,0.0851063829787234,47.0,0.01797340616336872,1.6796824051774855,0.052219435383044195,2.5326965722767767
fibrous|medium|1,fibrous,medium,5,1,blob,0.75,0.9622410975843135,0.07848116757947557,32683.0,0.4415937848902121,85984.0,0.1394658753709199,337.0,0.0,384.0,0.03286978508217446,3164.0,0.04415985747290718,10.329646017699115,0.6363636363636364,22.0,0.08490566037735849,318.0,17.0,1.0,0.0851063829787234,47.0,0.014654130236768304,1.6796824051774855,0.07551839729000683,2.5326965722767767
fibrous|medium|1,fibrous,medium,5,1,blob,1.0,0.9448411436500824,0.11675794755683383,32683.0,0.5210039077037588,85984.0,0.1394658753709199,337.0,0.0,384.0,0.046460176991150445,3164.0,0.06717672789786236,10.329646017699115,0.5,22.0,0.09433962264150944,318.0,25.0,1.0,0.06382978723404255,47.0,0.014295729577697324,1.6796824051774855,0.12414388410497491,2.5326965722767767
fibrous|medium|2,fibrous,medium,5,2,boundary_erode,0.0,1.0,0.0,30003.0,0.0,84917.0,0.0,307.0,0.0,384.0,0.0,2927.0,0.0,10.250427058421591,0.0,21.0,0.0,230.0,0.0,1.0,0.0,32.0,0.0,1.6714117066445398,0.0,2.7605837049725443
fibrous|medium|2,fibrous,medium,5,2,boundary_erode,-1.0,0.9070940715781804,0.1700163317001633,30003.0,0.01462604661021939,84917.0,0.006514657980456026,307.0,0.005208333333333333,384.0,0.03245644004099761,2927.0,0.14217436542598094,10.250427058421591,0.047619047619047616,21.0,0.4826086956521739,230.0,0.0,1.0,0.71875,32.0,0.02480600002324427,1.6714117066445398,0.08868524551577375,2.7605837049725443
fibrous|medium|2,fibrous,medium,5,2,boundary_erode,-2.0,0.7948424414050732,0.3404659534046595,30003.0,0.029193212195437898,84917.0,0.013029315960912053,307.0,0.010416666666666666,384.0,0.04612230953194397,2927.0,0.30857587593676156,10.250427058421591,0.047619047619047616,21.0,0.5739130434782609,230.0,0.0,1.0,0.8125,32.0,0.0552837984174951,1.6714117066445398,0.2520235524028008,2.7605837049725443
fibrous|medium|2,fibrous,medium,5,2,boundary_erode,-3.0,0.6687816132753571,0.49761690497616906,30003.0,0.2177538066582663,84917.0,0.18892508143322476,307.0,0.015625,384.0,0.23812777587974035,2927.0,0.34059402729383254,10.250427058421591,0.19047619047619047,21.0,0.6782608695652174,230.0,4.0,1.0,0.90625,32.0,0.08072619778204654,1.6714117066445398,0.538446035750816,2.7605837049725443
fibrous|medium|2,fibrous,medium,5,2,boundary_erode,-4.0,0.5366531727064332,0.6332700063327,30003.0,0.26779090170401687,84917.0,0.1986970684039088,307.0,0.020833333333333332,384.0,0.26272634096344377,2927.0,0.5025863338905528,10.250427058421591,0.0,21.0,0.7260869565217392,230.0,4.0,1.0,0.90625,32.0,0.12037601098977319,1.6714117066445398,1.0441594521800437,2.7605837049725443
fibrous|medium|2,fibrous,medium,5,2,boundary_erode,-5.0,0.40256628687040785,0.7479918674799186,30003.0,0.41296795694619454,84917.0,0.254071661237785,307.0,0.109375,384.0,0.5193030406559618,2927.0,0.47574427584486273,10.250427058421591,1.9523809523809523,21.0,0.7347826086956522,230.0,31.0,1.0,1.0,32.0,0.1759184096871646,1.6714117066445398,2.155807156066564,2.7605837049725443
fibrous|medium|2,fibrous,medium,5,2,boundary_dilate,0.0,1.0,0.0,30003.0,0.0,84917.0,0.0,307.0,0.0,384.0,0.0,2927.0,0.0,10.250427058421591,0.0,21.0,0.0,230.0,0.0,1.0,0.0,32.0,0.0,1.6714117066445398,0.0,2.7605837049725443
fibrous|medium|2,fibrous,medium,5,2,boundary_dilate,1.0,0.9239368090413574,0.16465020164650201,30003.0,0.008231567295123473,84917.0,0.003257328990228013,307.0,0.0,384.0,0.03894772804919713,2927.0,0.21184896559520505,10.250427058421591,0.19047619047619047,21.0,0.3782608695652174,230.0,0.0,1.0,0.65625,32.0,0.02074944642211975,1.6714117066445398,0.05740383391696847,2.7605837049725443
fibrous|medium|2,fibrous,medium,5,2,boundary_dilate,2.0,0.8639675180695137,0.3149018431490184,30003.0,0.016474910795247124,84917.0,0.006514657980456026,307.0,0.0,384.0,0.12265117868124359,2927.0,0.49872184380731205,10.250427058421591,0.14285714285714285,21.0,0.12608695652173912,230.0,0.0,1.0,0.1875,32.0,0.03620688508395374,1.6714117066445398,0.10236101496926993,2.7605837049725443
fibrous|medium|2,fibrous,medium,5,2,boundary_dilate,3.0,0.8155094385778937,0.45245475452454753,30003.0,0.02494200219037413,84917.0,0.009771986970684038,307.0,0.0,384.0,0.1383669285958319,2927.0,0.6856998677610431,10.250427058421591,0.19047619047619047,21.0,0.06956521739130435,230.0,0.0,1.0,0.03125,32.0,0.049054143769667734,1.6714117066445398,0.13983229038434974,2.7605837049725443
fibrous|medium|2,fibrous,medium,5,2,boundary_dilate,4.0,0.7757022635314192,0.5783088357830883,30003.0,0.032337458930485063,84917.0,0.013029315960912053,307.0,0.0,384.0,0.21455415100785788,2927.0,1.009443219807351,10.250427058421591,0.23809523809523808,21.0,0.2826086956521739,230.0,0.0,1.0,0.3125,32.0,0.06154062553944934,1.6714117066445398,0.17261465617990496,2.7605837049725443
fibrous|medium|2,fibrous,medium,5,2,boundary_dilate,5.0,0.7426852814495767,0.692930706929307,30003.0,0.04040415935560606,84917.0,0.016286644951140065,307.0,0.0,384.0,0.2517936453706867,2927.0,1.262652136612823,10.250427058421591,0.23809523809523808,21.0,0.47391304347826085,230.0,0.0,1.0,0.46875,32.0,0.07196446041811323,1.6714117066445398,0.20207657045338137,2.7605837049725443
fibrous|medium|2,fibrous,medium,5,2,junction_break,0.0,1.0,0.0,30003.0,0.0,84917.0,0.0,307.0,0.0,384.0,0.0,2927.0,0.0,10.250427058421591,0.0,21.0,0.0,230.0,0.0,1.0,0.0,32.0,0.0,1.6714117066445398,0.0,2.7605837049725443
fibrous|medium|2,fibrous,medium,5,2,junction_break,0.1,0.9900190194065271,0.0197646901976469,30003.0,0.0,84917.0,0.0,307.0,0.0,384.0,0.04783054321831227,2927.0,0.06450969944848788,10.250427058421591,0.6666666666666666,21.0,0.017391304347826087,230.0,3.0,1.0,0.21875,32.0,0.0011147949539368144,1.6714117066445398,0.0031963583938572453,2.7605837049725443
fibrous|medium|2,fibrous,medium,5,2,junction_break,0.2,0.9848418203349687,0.029863680298636803,30003.0,0.0,84917.0,0.0,307.0,0.0,384.0,0.07208746156474205,2927.0,0.09509591849398012,10.250427058421591,0.2857142857142857,21.0,0.02608695652173913,230.0,1.0,1.0,0.125,32.0,0.001803495218477759,1.6714117066445398,0.013297811047268423,2.7605837049725443
fibrous|medium|2,fibrous,medium,5,2,junction_break,0.4,0.9733086952058311,0.051994800519948,30003.0,0.0,84917.0,0.0,307.0,0.0,384.0,0.13631704817218995,2927.0,0.16572122102281642,10.250427058421591,1.2857142857142858,21.0,0.2782608695652174,230.0,6.0,1.0,0.09375,32.0,0.0034602253159845215,1.6714117066445398,0.015965021655890876,2.7605837049725443
fibrous|medium|2,fibrous,medium,5,2,junction_break,0.6,0.9689867871686053,0.060160650601606504,30003.0,0.0,84917.0,0.0,307.0,0.0,384.0,0.13870857533310557,2927.0,0.17464453174644526,10.250427058421591,1.2857142857142858,21.0,0.29130434782608694,230.0,7.0,1.0,0.09375,32.0,0.0041884166607300865,1.6714117066445398,0.019757394383581765,2.7605837049725443
fibrous|medium|2,fibrous,medium,5,2,junction_break,0.8,0.9636985355070461,0.0700596607005966,30003.0,0.0,84917.0,0.0,307.0,0.0,384.0,0.15203279808677828,2927.0,0.19278310405416543,10.250427058421591,1.1904761904761905,21.0,0.2608695652173913,230.0,6.0,1.0,0.0,32.0,0.004942301903796926,1.6714117066445398,0.021806555517231856,2.7605837049725443
fibrous|medium|2,fibrous,medium,5,2,thin_dropout,0.0,1.0,0.0,30003.0,0.0,84917.0,0.0,307.0,0.0,384.0,0.0,2927.0,0.0,10.250427058421591,0.0,21.0,0.0,230.0,0.0,1.0,0.0,32.0,0.0,1.6714117066445398,0.0,2.7605837049725443
fibrous|medium|2,fibrous,medium,5,2,thin_dropout,0.1,0.907909583955156,0.168649801686498,30003.0,0.007560323610113405,84917.0,0.003257328990228013,307.0,0.0,384.0,0.029039972668261017,2927.0,0.14378535170175202,10.250427058421591,0.047619047619047616,21.0,0.4826086956521739,230.0,0.0,1.0,0.71875,32.0,0.02497645177616026,1.6714117066445398,0.08865073619644183,2.7605837049725443
fibrous|medium|2,fibrous,medium,5,2,thin_dropout,0.2,0.8602849002849002,0.24517548245175483,30003.0,0.012082386330181235,84917.0,0.006514657980456026,307.0,0.0,384.0,0.036897847625555175,2927.0,0.21625705467764672,10.250427058421591,0.09523809523809523,21.0,0.5608695652173913,230.0,0.0,1.0,0.8125,32.0,0.0374382394085915,1.6714117066445398,0.15331797461269603,2.7605837049725443
fibrous|medium|2,fibrous,medium,5,2,thin_dropout,0.3,0.7961722104080569,0.338632803386328,30003.0,0.01512064722022681,84917.0,0.006514657980456026,307.0,0.0,384.0,0.042022548684660065,2927.0,0.30962133220819615,10.250427058421591,0.047619047619047616,21.0,0.5739130434782609,230.0,0.0,1.0,0.8125,32.0,0.054933125821938954,1.6714117066445398,0.25201113797313424,2.7605837049725443
fibrous|medium|2,fibrous,medium,5,2,thin_dropout,0.4,0.7386012486598978,0.41445855414458554,30003.0,0.055159744220827395,84917.0,0.009771986970684038,307.0,0.0,384.0,0.16125725999316706,2927.0,0.3018819502978419,10.250427058421591,2.2857142857142856,21.0,0.5739130434782609,230.0,45.0,1.0,0.875,32.0,0.07591970454466664,1.6714117066445398,0.37553398961206313,2.7605837049725443
fibrous|medium|2,fibrous,medium,5,2,thin_dropout,0.5,0.6493348639340941,0.5192480751924807,30003.0,0.20872145742313084,84917.0,0.1791530944625407,307.0,0.0,384.0,0.2333447215579091,2927.0,0.3729229572586413,10.250427058421591,0.5238095238095238,21.0,0.6304347826086957,230.0,6.0,1.0,0.90625,32.0,0.08602230308712205,1.6714117066445398,0.5968421901394149,2.7605837049725443
fibrous|medium|2,fibrous,medium,5,2,speckle,0.0,1.0,0.0,30003.0,0.0,84917.0,0.0,307.0,0.0,384.0,0.0,2927.0,0.0,10.250427058421591,0.0,21.0,0.0,230.0,0.0,1.0,0.0,32.0,0.0,1.6714117066445398,0.0,2.7605837049725443
fibrous|medium|2,fibrous,medium,5,2,speckle,0.0002,0.9996168518549368,0.0007665900076659001,30003.0,0.4775604413721634,84917.0,0.23452768729641693,307.0,0.0,384.0,0.007516228220020499,2927.0,0.006699284858447458,10.250427058421591,0.0,21.0,0.0,230.0,22.0,1.0,0.0,32.0,0.02450122059387121,1.6714117066445398,0.001078966763606284,2.7605837049725443
fibrous|medium|2,fibrous,medium,5,2,speckle,0.0005,0.9990177307916424,0.0019664700196647,30003.0,0.5395268320830929,84917.0,0.23452768729641693,307.0,0.0,384.0,0.026306798770071745,2927.0,0.023716425516791383,10.250427058421591,0.09523809523809523,21.0,0.02608695652173913,230.0,56.0,1.0,0.0,32.0,0.043581325950473565,1.6714117066445398,0.0030841952153237433,2.7605837049725443
fibrous|medium|2,fibrous,medium,5,2,speckle,0.001,0.9980539893218902,0.0038996100389961006,30003.0,0.6471731219897076,84917.0,0.24429967426710097,307.0,0.0,384.0,0.039289374786470786,2927.0,0.03405188738193893,10.250427058421591,0.14285714285714285,21.0,0.0,230.0,110.0,1.0,0.0,32.0,0.04595344587383069,1.6714117066445398,0.005868509727266771,2.7605837049725443
fibrous|medium|2,fibrous,medium,5,2,speckle,0.002,0.9960990023405986,0.007832550078325501,30003.0,0.6669453701850042,84917.0,0.250814332247557,307.0,0.0,384.0,0.08062862999658353,2927.0,0.06736456715799598,10.250427058421591,0.3333333333333333,21.0,0.013043478260869565,230.0,227.0,1.0,0.0,32.0,0.04430883204077251,1.6714117066445398,0.012077061790892109,2.7605837049725443
fibrous|medium|2,fibrous,medium,5,2,speckle,0.005,0.990312412324856,0.0195647101956471,30003.0,0.7150511676107257,84917.0,0.250814332247557,307.0,0.0,384.0,0.21216262384694226,2927.0,0.15888785041074996,10.250427058421591,1.7142857142857142,21.0,0.14782608695652175,230.0,537.0,1.0,0.03125,32.0,0.028134305586106658,1.6714117066445398,0.028383037719776703,2.7605837049725443
fibrous|medium|2,fibrous,medium,5,2,blob,0.0,1.0,0.0,30003.0,0.0,84917.0,0.0,307.0,0.0,384.0,0.0,2927.0,0.0,10.250427058421591,0.0,21.0,0.0,230.0,0.0,1.0,0.0,32.0,0.0,1.6714117066445398,0.0,2.7605837049725443
fibrous|medium|2,fibrous,medium,5,2,blob,0.1,0.9957849319615002,0.008465820084658201,30003.0,0.047940930555719116,84917.0,0.0,307.0,0.0,384.0,0.005466347796378545,2927.0,0.002983165269383207,10.250427058421591,0.19047619047619047,21.0,0.0,230.0,4.0,1.0,0.0,32.0,0.0013132084179153284,1.6714117066445398,0.011925270505032426,2.7605837049725443
fibrous|medium|2,fibrous,medium,5,2,blob,0.25,0.9895285367985357,0.0211645502116455,30003.0,0.4104949538961574,84917.0,0.2247557003257329,307.0,0.0,384.0,0.005124701059104886,2927.0,0.015958068820355727,10.250427058421591,0.19047619047619047,21.0,0.0,230.0,8.0,1.0,0.0,32.0,0.022046079771178045,1.6714117066445398,0.027959448738755693,2.7605837049725443
fibrous|medium|2,fibrous,medium,5,2,blob,0.5,0.9704212824452171,0.060960570609605705,30003.0,0.43538985126653085,84917.0,0.250814332247557,307.0,0.0,384.0,0.013665869490946362,2927.0,0.046657091396803504,10.250427058421591,0.2857142857142857,21.0,0.034782608695652174,230.0,16.0,1.0,0.0,32.0,0.022460725589228427,1.6714117066445398,0.08065598690522018,2.7605837049725443
fibrous|medium|2,fibrous,medium,5,2,blob,0.75,0.9640447272026219,0.0745925407459254,30003.0,0.41541740758623125,84917.0,0.2280130293159609,307.0,0.0,384.0,0.033481380252818584,2927.0,0.039779294797793026,10.250427058421591,0.2857142857142857,21.0,0.16956521739130434,230.0,14.0,1.0,0.1875,32.0,0.018455377406492567,1.6714117066445398,0.07961649785779111,2.7605837049725443
fibrous|medium|2,fibrous,medium,5,2,blob,1.0,0.9478273231294129,0.1100889911008899,30003.0,0.6261525960643923,84917.0,0.250814332247557,307.0,0.0,384.0,0.04783054321831227,2927.0,0.059416523297132394,10.250427058421591,1.0,21.0,0.30869565217391304,230.0,25.0,1.0,0.25,32.0,0.011960793427972537,1.6714117066445398,0.11190375648856192,2.7605837049725443
fibrous|thick|0,fibrous,thick,8,0,boundary_erode,0.0,1.0,0.0,42933.0,0.0,93080.0,0.0,307.0,0.0,384.0,0.0,2766.0,0.0,15.52169197396963,0.0,17.0,0.0,199.0,0.0,1.0,0.0,30.0,0.0,1.7389538639198896,0.0,2.277982978688971
fibrous|thick|0,fibrous,thick,8,0,boundary_erode,-1.0,0.9444997602979681,0.10516385996785689,42933.0,0.012580575848732274,93080.0,0.006514657980456026,307.0,0.005208333333333333,384.0,0.04953000723065799,2766.0,0.05853299226743705,15.52169197396963,0.0,17.0,0.48743718592964824,199.0,0.0,1.0,0.7333333333333333,30.0,0.01495775175113996,1.7389538639198896,0.05096405958522972,2.277982978688971
fibrous|thick|0,fibrous,thick,8,0,boundary_erode,-2.0,0.8821860029160592,0.21079356206181726,42933.0,0.025290073055436183,93080.0,0.013029315960912053,307.0,0.010416666666666666,384.0,0.055314533622559656,2766.0,0.16458285214810045,15.52169197396963,0.0,17.0,0.507537688442211,199.0,0.0,1.0,0.7333333333333333,30.0,0.034010187405322974,1.7389538639198896,0.1202547902933197,2.277982978688971
fibrous|thick|0,fibrous,thick,8,0,boundary_erode,-3.0,0.8121515625216152,0.3162835115179466,42933.0,0.037602062741727546,93080.0,0.019543973941368076,307.0,0.015625,384.0,0.05567606652205351,2766.0,0.2759725087513936,15.52169197396963,0.0,17.0,0.47738693467336685,199.0,0.0,1.0,0.7333333333333333,30.0,0.056278906060394235,1.7389538639198896,0.22004177888862622,2.277982978688971
fibrous|thick|0,fibrous,thick,8,0,boundary_erode,-4.0,0.732511624474131,0.4220762583560431,42933.0,0.05037602062741728,93080.0,0.026058631921824105,307.0,0.020833333333333332,384.0,0.05712219812002892,2766.0,0.3870640071368156,15.52169197396963,0.0,17.0,0.5226130653266332,199.0,0.0,1.0,0.7333333333333333,30.0,0.07982765943814267,1.7389538639198896,0.3785374246750605,2.277982978688971
fibrous|thick|0,fibrous,thick,8,0,boundary_erode,-5.0,0.6468632302188884,0.5219528101926257,42933.0,0.1011173184357542,93080.0,0.035830618892508145,307.0,0.026041666666666668,384.0,0.21908893709327548,2766.0,0.3878340152744457,15.52169197396963,1.7647058823529411,17.0,0.5829145728643216,199.0,13.0,1.0,0.9,30.0,0.10250052775874435,1.7389538639198896,0.6200510164240594,2.277982978688971
fibrous|thick|0,fibrous,thick,8,0,boundary_dilate,0.0,1.0,0.0,42933.0,0.0,93080.0,0.0,307.0,0.0,384.0,0.0,2766.0,0.0,15.52169197396963,0.0,17.0,0.0,199.0,0.0,1.0,0.0,30.0,0.0,1.7389538639198896,0.0,2.277982978688971
fibrous|thick|0,fibrous,thick,8,0,boundary_dilate,1.0,0.9516136182285664,0.10169333612838609,42933.0,0.008315427589170607,93080.0,0.003257328990228013,307.0,0.0,384.0,0.024222704266088215,2766.0,0.07563846372436149,15.52169197396963,0.11764705882352941,17.0,0.35175879396984927,199.0,0.0,1.0,0.26666666666666666,30.0,0.014240260516815966,1.7389538639198896,0.03992448509606743,2.277982978688971
fibrous|thick|0,fibrous,thick,8,0,boundary_dilate,2.0,0.9111127616905235,0.1951179745184357,42933.0,0.01627632144391921,93080.0,0.006514657980456026,307.0,0.0,384.0,0.04302241503976862,2766.0,0.24884636098148588,15.52169197396963,0.17647058823529413,17.0,0.04020100502512563,199.0,0.0,1.0,0.03333333333333333,30.0,0.026111303877300034,1.7389538639198896,0.0746904021612476,2.277982978688971
fibrous|thick|0,fibrous,thick,8,0,boundary_dilate,3.0,0.876523549947939,0.2817413178673748,42933.0,0.025,93080.0,0.009771986970684038,307.0,0.0,384.0,0.06543745480838756,2766.0,0.37148800201979054,15.52169197396963,0.23529411764705882,17.0,0.3417085427135678,199.0,0.0,1.0,0.43333333333333335,30.0,0.0333613425744532,1.7389538639198896,0.10520982181317491,2.277982978688971
fibrous|thick|0,fibrous,thick,8,0,boundary_dilate,4.0,0.8469300192336144,0.3614701977499825,42933.0,0.033702191663085516,93080.0,0.013029315960912053,307.0,0.0,384.0,0.12617498192335502,2766.0,0.5580581576236872,15.52169197396963,0.23529411764705882,17.0,0.005025125628140704,199.0,0.0,1.0,0.03333333333333333,30.0,0.04179071700853065,1.7389538639198896,0.13243631876617215,2.277982978688971
fibrous|thick|0,fibrous,thick,8,0,boundary_dilate,5.0,0.8214955416937737,0.43458411944192116,42933.0,0.041587881392350666,93080.0,0.016286644951140065,307.0,0.0,384.0,0.16522053506869125,2766.0,0.7185186983007162,15.52169197396963,0.29411764705882354,17.0,0.1658291457286432,199.0,0.0,1.0,0.06666666666666667,30.0,0.05002764296696489,1.7389538639198896,0.15695178660418094,2.277982978688971
fibrous|thick|0,fibrous,thick,8,0,junction_break,0.0,1.0,0.0,42933.0,0.0,93080.0,0.0,307.0,0.0,384.0,0.0,2766.0,0.0,15.52169197396963,0.0,17.0,0.0,199.0,0.0,1.0,0.0,30.0,0.0,1.7389538639198896,0.0,2.277982978688971
fibrous|thick|0,fibrous,thick,8,0,junction_break,0.1,0.9943549142696524,0.011226795239093472,42933.0,0.0,93080.0,0.0,307.0,0.0,384.0,0.06218365871294288,2766.0,0.0691127691052867,15.52169197396963,0.23529411764705882,17.0,0.20100502512562815,199.0,0.0,1.0,0.03333333333333333,30.0,0.000634675592563418,1.7389538639198896,0.0024723196599207857,2.277982978688971
fibrous|thick|0,fibrous,thick,8,0,junction_break,0.2,0.9893718442145405,0.02103277199357138,42933.0,0.0,93080.0,0.0,307.0,0.0,384.0,0.13629790310918294,2766.0,0.13845900328801097,15.52169197396963,0.17647058823529413,17.0,0.4120603015075377,199.0,1.0,1.0,0.26666666666666666,30.0,0.0011520369951850075,1.7389538639198896,0.005285723392678997,2.277982978688971
fibrous|thick|0,fibrous,thick,8,0,junction_break,0.4,0.9837741878217646,0.031933477744392424,42933.0,0.0,93080.0,0.0,307.0,0.0,384.0,0.1428054953000723,2766.0,0.1529035113701326,15.52169197396963,0.47058823529411764,17.0,0.4371859296482412,199.0,0.0,1.0,0.06666666666666667,30.0,0.0019911522949946454,1.7389538639198896,0.009071983964490172,2.277982978688971
fibrous|thick|0,fibrous,thick,8,0,junction_break,0.6,0.9797048408945079,0.039782917569235784,42933.0,0.0,93080.0,0.0,307.0,0.0,384.0,0.16196673897324657,2766.0,0.17362773802007037,15.52169197396963,0.5294117647058824,17.0,0.3969849246231156,199.0,2.0,1.0,0.1,30.0,0.002565775072230712,1.7389538639198896,0.010880677410346738,2.277982978688971
fibrous|thick|0,fibrous,thick,8,0,junction_break,0.8,0.9768356330878672,0.04527985465725665,42933.0,0.0,93080.0,0.0,307.0,0.0,384.0,0.17317425885755602,2766.0,0.1862077281916708,15.52169197396963,0.47058823529411764,17.0,0.38190954773869346,199.0,1.0,1.0,0.1,30.0,0.0031045266001819252,1.7389538639198896,0.012601237878155308,2.277982978688971
fibrous|thick|0,fibrous,thick,8,0,thin_dropout,0.0,1.0,0.0,42933.0,0.0,93080.0,0.0,307.0,0.0,384.0,0.0,2766.0,0.0,15.52169197396963,0.0,17.0,0.0,199.0,0.0,1.0,0.0,30.0,0.0,1.7389538639198896,0.0,2.277982978688971
fibrous|thick|0,fibrous,thick,8,0,thin_dropout,0.1,0.9454460601296915,0.10346353620757925,42933.0,0.008057584873227332,93080.0,0.003257328990228013,307.0,0.0,384.0,0.04808387563268257,2766.0,0.058177038036522695,15.52169197396963,0.0,17.0,0.48743718592964824,199.0,0.0,1.0,0.7333333333333333,30.0,0.014915809718427441,1.7389538639198896,0.0509310415192105,2.277982978688971
fibrous|thick|0,fibrous,thick,8,0,thin_dropout,0.2,0.8840455396132252,0.20781217245475508,42933.0,0.01569617533304684,93080.0,0.006514657980456026,307.0,0.0,384.0,0.052422270426608825,2766.0,0.16398644372752863,15.52169197396963,0.0,17.0,0.507537688442211,199.0,0.0,1.0,0.7333333333333333,30.0,0.03375153149165901,1.7389538639198896,0.12014836754072908,2.277982978688971
fibrous|thick|0,fibrous,thick,8,0,thin_dropout,0.3,0.8171912666161582,0.3091095427759532,42933.0,0.021970348087666524,93080.0,0.009771986970684038,307.0,0.0,384.0,0.038322487346348515,2766.0,0.28157781778882957,15.52169197396963,0.058823529411764705,17.0,0.507537688442211,199.0,0.0,1.0,0.7333333333333333,30.0,0.055790534606211264,1.7389538639198896,0.21053723451139728,2.277982978688971
fibrous|thick|0,fibrous,thick,8,0,thin_dropout,0.4,0.7372832752459523,0.4161134791419188,42933.0,0.02998495917490331,93080.0,0.013029315960912053,307.0,0.0,384.0,0.03759942154736081,2766.0,0.39330198471320343,15.52169197396963,0.058823529411764705,17.0,0.4472361809045226,199.0,0.0,1.0,0.7333333333333333,30.0,0.07796136442339129,1.7389538639198896,0.3624496008468555,2.277982978688971
fibrous|thick|0,fibrous,thick,8,0,thin_dropout,0.5,0.6486945847693688,0.5199496890503809,42933.0,0.07878169316716803,93080.0,0.029315960912052116,307.0,0.0,384.0,0.17642805495300073,2766.0,0.41711187002342115,15.52169197396963,3.0588235294117645,17.0,0.5477386934673367,199.0,30.0,1.0,0.9,30.0,0.10983514153456364,1.7389538639198896,0.6092950431120526,2.277982978688971
fibrous|thick|0,fibrous,thick,8,0,speckle,0.0,1.0,0.0,42933.0,0.0,93080.0,0.0,307.0,0.0,384.0,0.0,2766.0,0.0,15.52169197396963,0.0,17.0,0.0,199.0,0.0,1.0,0.0,30.0,0.0,1.7389538639198896,0.0,2.277982978688971
fibrous|thick|0,fibrous,thick,8,0,speckle,0.0002,0.9997554926822453,0.0004891342324086367,42933.0,0.31670605930382467,93080.0,0.250814332247557,307.0,0.0,384.0,0.007592190889370932,2766.0,0.007049535239740765,15.52169197396963,0.0,17.0,0.0,199.0,21.0,1.0,0.0,30.0,0.023002679407447917,1.7389538639198896,0.0007609394609596776,2.277982978688971
fibrous|thick|0,fibrous,thick,8,0,speckle,0.0005,0.9993947717591192,0.0012111895278690051,42933.0,0.42389342501074345,93080.0,0.250814332247557,307.0,0.0,384.0,0.02096890817064353,2766.0,0.019351929803793994,15.52169197396963,0.058823529411764705,17.0,0.005025125628140704,199.0,48.0,1.0,0.0,30.0,0.02751755455200353,1.7389538639198896,0.0017448993661891485,2.277982978688971
fibrous|thick|0,fibrous,thick,8,0,speckle,0.001,0.998778657919531,0.0024456711620431835,42933.0,0.4812204555221315,93080.0,0.250814332247557,307.0,0.0,384.0,0.041576283441793205,2766.0,0.03756864754105816,15.52169197396963,0.11764705882352941,17.0,0.035175879396984924,199.0,99.0,1.0,0.0,30.0,0.032842338977881504,1.7389538639198896,0.0035811261187819474,2.277982978688971
fibrous|thick|0,fibrous,thick,8,0,speckle,0.002,0.9975718849840256,0.004868050217781194,42933.0,0.5254082509669102,93080.0,0.250814332247557,307.0,0.0,384.0,0.09689081706435286,2766.0,0.08389419021015732,15.52169197396963,0.35294117647058826,17.0,0.09547738693467336,199.0,199.0,1.0,0.0,30.0,0.03340432533327857,1.7389538639198896,0.007020434281984031,2.277982978688971
fibrous|thick|0,fibrous,thick,8,0,speckle,0.005,0.9939459884939055,0.012181771597605572,42933.0,0.5607541899441341,93080.0,0.250814332247557,307.0,0.0,384.0,0.20824295010845986,2766.0,0.16226966479982732,15.52169197396963,1.9411764705882353,17.0,0.23115577889447236,199.0,482.0,1.0,0.03333333333333333,30.0,0.020839854688246257,1.7389538639198896,0.01734922313129316,2.277982978688971
fibrous|thick|0,fibrous,thick,8,0,blob,0.0,1.0,0.0,42933.0,0.0,93080.0,0.0,307.0,0.0,384.0,0.0,2766.0,0.0,15.52169197396963,0.0,17.0,0.0,199.0,0.0,1.0,0.0,30.0,0.0,1.7389538639198896,0.0,2.277982978688971
fibrous|thick|0,fibrous,thick,8,0,blob,0.1,0.9970622046238344,0.0058929028952088135,42933.0,0.15644606789858187,93080.0,0.16612377850162866,307.0,0.0,384.0,0.0036153289949385392,2766.0,0.002269369383338486,15.52169197396963,0.17647058823529413,17.0,0.005025125628140704,199.0,2.0,1.0,0.0,30.0,0.014052067002084268,1.7389538639198896,0.008964843258476728,2.277982978688971
fibrous|thick|0,fibrous,thick,8,0,blob,0.25,0.9917074748221381,0.01672373232711434,42933.0,0.14512247529007305,93080.0,0.1237785016286645,307.0,0.0,384.0,0.004338394793926247,2766.0,0.012331837155074942,15.52169197396963,0.11764705882352941,17.0,0.0,199.0,7.0,1.0,0.0,30.0,0.01569017899948312,1.7389538639198896,0.025991471005465266,2.277982978688971
fibrous|thick|0,fibrous,thick,8,0,blob,0.5,0.9873967940019779,0.025528148510469802,42933.0,0.33232703051138807,93080.0,0.250814332247557,307.0,0.0,384.0,0.03651482284887925,2766.0,0.010599630701095339,15.52169197396963,0.47058823529411764,17.0,0.19597989949748743,199.0,10.0,1.0,0.16666666666666666,30.0,0.016816343512045785,1.7389538639198896,0.029721255080990057,2.277982978688971
fibrous|thick|0,fibrous,thick,8,0,blob,0.75,0.9728204837704639,0.05587776302611045,42933.0,0.35962612806188227,93080.0,0.250814332247557,307.0,0.0,384.0,0.049168474331164135,2766.0,0.006394863035913681,15.52169197396963,1.0588235294117647,17.0,0.18592964824120603,199.0,18.0,1.0,0.06666666666666667,30.0,0.01104121218549253,1.7389538639198896,0.06754984481515855,2.277982978688971
fibrous|thick|0,fibrous,thick,8,0,blob,1.0,0.9715436575734604,0.05857964735751054,42933.0,0.2309196390201977,93080.0,0.22149837133550487,307.0,0.0,384.0,0.0650759219088937,2766.0,0.00609935349936383,15.52169197396963,1.411764705882353,17.0,0.25125628140703515,199.0,18.0,1.0,0.13333333333333333,30.0,0.004136053884560341,1.7389538639198896,0.06737542921109792,2.277982978688971
fibrous|thick|1,fibrous,thick,8,1,boundary_erode,0.0,1.0,0.0,45382.0,0.0,88022.0,0.0,339.0,0.0,384.0,0.0,2879.0,0.0,15.76311219173324,0.0,17.0,0.0,249.0,0.0,1.0,0.0,42.0,0.0,1.752863629322836,0.0,2.2544694126422544
fibrous|thick|1,fibrous,thick,8,1,boundary_erode,-1.0,0.9485293265833343,0.09790225199418272,45382.0,0.011497125718570358,88022.0,0.0058997050147492625,339.0,0.005208333333333333,384.0,0.06425842306356373,2879.0,0.03595418837834153,15.76311219173324,0.058823529411764705,17.0,0.5662650602409639,249.0,0.0,1.0,0.7142857142857143,42.0,0.013616317642389478,1.752863629322836,0.049078120480873,2.2544694126422544
fibrous|thick|1,fibrous,thick,8,1,boundary_erode,-2.0,0.8910121694931822,0.19655369970472875,45382.0,0.02464156688100702,88022.0,0.011799410029498525,339.0,0.010416666666666666,384.0,0.0750260507120528,2879.0,0.13138494233943449,15.76311219173324,0.0,17.0,0.5060240963855421,249.0,0.0,1.0,0.7142857142857143,42.0,0.030174292418220065,1.752863629322836,0.11525342223124618,2.2544694126422544
fibrous|thick|1,fibrous,thick,8,1,boundary_erode,-3.0,0.8267776585706346,0.2952932880877881,45382.0,0.03641135170752766,88022.0,0.017699115044247787,339.0,0.015625,384.0,0.07467870788468219,2879.0,0.23841943558736559,15.76311219173324,0.11764705882352941,17.0,0.5020080321285141,249.0,0.0,1.0,0.7380952380952381,42.0,0.05049808230797854,1.752863629322836,0.20899415226608542,2.2544694126422544
fibrous|thick|1,fibrous,thick,8,1,boundary_erode,-4.0,0.7542000658833864,0.3946057908421841,45382.0,0.048101610960896136,88022.0,0.02359882005899705,339.0,0.020833333333333332,384.0,0.08648836401528308,2879.0,0.3372890006975849,15.76311219173324,0.17647058823529413,17.0,0.5461847389558233,249.0,0.0,1.0,0.7857142857142857,42.0,0.07148787918364517,1.752863629322836,0.35430648239639695,2.2544694126422544
fibrous|thick|1,fibrous,thick,8,1,boundary_erode,-5.0,0.6772952491984844,0.48794676303380197,45382.0,0.20044988752811796,88022.0,0.20648967551622419,339.0,0.026041666666666668,384.0,0.22021535255296978,2879.0,0.34334019188165515,15.76311219173324,0.9411764705882353,17.0,0.5783132530120482,249.0,5.0,1.0,0.8809523809523809,42.0,0.07649326360901532,1.752863629322836,0.5650097915370119,2.2544694126422544
fibrous|thick|1,fibrous,thick,8,1,boundary_dilate,0.0,1.0,0.0,45382.0,0.0,88022.0,0.0,339.0,0.0,384.0,0.0,2879.0,0.0,15.76311219173324,0.0,17.0,0.0,249.0,0.0,1.0,0.0,42.0,0.0,1.752863629322836,0.0,2.2544694126422544
fibrous|thick|1,fibrous,thick,8,1,boundary_dilate,1.0,0.9552999126416941,0.09358335904102948,45382.0,0.008747813046738315,88022.0,0.0029498525073746312,339.0,0.0,384.0,0.04168113928447378,2879.0,0.1411476950631113,15.76311219173324,0.23529411764705882,17.0,0.04417670682730924,249.0,0.0,1.0,0.047619047619047616,42.0,0.010984306595863785,1.752863629322836,0.03886499381781947,2.2544694126422544
fibrous|thick|1,fibrous,thick,8,1,boundary_dilate,2.0,0.9185059250938604,0.1774492089374642,45382.0,0.01704119424689282,88022.0,0.0058997050147492625,339.0,0.0,384.0,0.16602987148315387,2879.0,0.41186017181630963,15.76311219173324,0.35294117647058826,17.0,0.1285140562248996,249.0,0.0,1.0,0.11904761904761904,42.0,0.022182729206168508,1.752863629322836,0.07287202385526673,2.2544694126422544
fibrous|thick|1,fibrous,thick,8,1,boundary_dilate,3.0,0.8877977209370568,0.2527654136001058,45382.0,0.025754924905137352,88022.0,0.008849557522123894,339.0,0.0,384.0,0.19173324070857936,2879.0,0.5499405353479607,15.76311219173324,0.35294117647058826,17.0,0.30120481927710846,249.0,0.0,1.0,0.2857142857142857,42.0,0.028190294806164404,1.752863629322836,0.10360678159239403,2.2544694126422544
fibrous|thick|1,fibrous,thick,8,1,boundary_dilate,4.0,0.8611466901963016,0.3224846855581508,45382.0,0.034411851582558904,88022.0,0.011799410029498525,339.0,0.0,384.0,0.22473080930878778,2879.0,0.7058393412732599,15.76311219173324,0.4117647058823529,17.0,0.44176706827309237,249.0,0.0,1.0,0.40476190476190477,42.0,0.03537796735741192,1.752863629322836,0.13092480270868886,2.2544694126422544
fibrous|thick|1,fibrous,thick,8,1,boundary_dilate,5.0,0.8381800216092421,0.386122251112776,45382.0,0.04302333507532208,88022.0,0.014749262536873156,339.0,0.0,384.0,0.328238971865231,2879.0,1.0634156985282741,15.76311219173324,0.4117647058823529,17.0,0.606425702811245,249.0,0.0,1.0,0.5714285714285714,42.0,0.04174579409848505,1.752863629322836,0.15562980637379806,2.2544694126422544
fibrous|thick|1,fibrous,thick,8,1,junction_break,0.0,1.0,0.0,45382.0,0.0,88022.0,0.0,339.0,0.0,384.0,0.0,2879.0,0.0,15.76311219173324,0.0,17.0,0.0,249.0,0.0,1.0,0.0,42.0,0.0,1.752863629322836,0.0,2.2544694126422544
fibrous|thick|1,fibrous,thick,8,1,junction_break,0.1,0.9934570940625901,0.013000749195716364,45382.0,0.0,88022.0,0.0,339.0,0.0,384.0,0.0823202500868357,2879.0,0.0880709746259523,15.76311219173324,0.058823529411764705,17.0,0.03614457831325301,249.0,0.0,1.0,0.047619047619047616,42.0,0.0007317810426716563,1.752863629322836,0.003524618398067702,2.2544694126422544
fibrous|thick|1,fibrous,thick,8,1,junction_break,0.2,0.9874948406456723,0.024701423471861092,45382.0,0.0,88022.0,0.0,339.0,0.0,384.0,0.1385897881208753,2879.0,0.14341531365939228,15.76311219173324,0.23529411764705882,17.0,0.14056224899598393,249.0,1.0,1.0,0.047619047619047616,42.0,0.0014796560123957378,1.752863629322836,0.0025101246547865855,2.2544694126422544
fibrous|thick|1,fibrous,thick,8,1,junction_break,0.4,0.9799046934004676,0.03939888061345908,45382.0,0.0,88022.0,0.0,339.0,0.0,384.0,0.23376172282042376,2879.0,0.22140466702875808,15.76311219173324,0.6470588235294118,17.0,0.37349397590361444,249.0,2.0,1.0,0.07142857142857142,42.0,0.0024226480074809515,1.752863629322836,0.00629813946872414,2.2544694126422544
fibrous|thick|1,fibrous,thick,8,1,junction_break,0.6,0.9755409325372191,0.04775020933409722,45382.0,0.0,88022.0,0.0,339.0,0.0,384.0,0.2608544633553317,2879.0,0.24475836161786937,15.76311219173324,0.9411764705882353,17.0,0.46586345381526106,249.0,2.0,1.0,0.14285714285714285,42.0,0.002987582005302283,1.752863629322836,0.005997009629989481,2.2544694126422544
fibrous|thick|1,fibrous,thick,8,1,junction_break,0.8,0.970626261709801,0.057071085452382,45382.0,0.0,88022.0,0.0,339.0,0.0,384.0,0.2959360889197638,2879.0,0.27239551193176303,15.76311219173324,1.2941176470588236,17.0,0.5461847389558233,249.0,1.0,1.0,0.14285714285714285,42.0,0.003766131471881485,1.752863629322836,0.007820651979709962,2.2544694126422544
fibrous|thick|1,fibrous,thick,8,1,thin_dropout,0.0,1.0,0.0,45382.0,0.0,88022.0,0.0,339.0,0.0,384.0,0.0,2879.0,0.0,15.76311219173324,0.0,17.0,0.0,249.0,0.0,1.0,0.0,42.0,0.0,1.752863629322836,0.0,2.2544694126422544
fibrous|thick|1,fibrous,thick,8,1,thin_dropout,0.1,0.9249028712214536,0.13970296593363007,45382.0,0.012621844538865284,88022.0,0.0058997050147492625,339.0,0.0,384.0,0.05314345258770407,2879.0,0.09141776923071197,15.76311219173324,0.17647058823529413,17.0,0.4819277108433735,249.0,0.0,1.0,0.7142857142857143,42.0,0.020872352179377614,1.752863629322836,0.0737382953280854,2.2544694126422544
fibrous|thick|1,fibrous,thick,8,1,thin_dropout,0.2,0.8646836614714932,0.23837644881230444,45382.0,0.020619845038740314,88022.0,0.008849557522123894,339.0,0.0,384.0,0.05418548106981591,2879.0,0.1947432229638723,15.76311219173324,0.058823529411764705,17.0,0.5140562248995983,249.0,0.0,1.0,0.7142857142857143,42.0,0.038687618226272355,1.752863629322836,0.14887429056459756,2.2544694126422544
fibrous|thick|1,fibrous,thick,8,1,thin_dropout,0.3,0.8155707220315538,0.31142303115772774,45382.0,0.026550180636659017,88022.0,0.008849557522123894,339.0,0.0,384.0,0.06425842306356373,2879.0,0.26413767880590133,15.76311219173324,0.23529411764705882,17.0,0.4779116465863454,249.0,0.0,1.0,0.7619047619047619,42.0,0.05424473848129262,1.752863629322836,0.22784516787472697,2.2544694126422544
fibrous|thick|1,fibrous,thick,8,1,thin_dropout,0.4,0.7403511206717092,0.4122559605129787,45382.0,0.034468655563381884,88022.0,0.011799410029498525,339.0,0.0,384.0,0.06703716568252865,2879.0,0.37002416616413464,15.76311219173324,0.35294117647058826,17.0,0.5301204819277109,249.0,0.0,1.0,0.7857142857142857,42.0,0.07553908253711798,1.752863629322836,0.3879074068520263,2.2544694126422544
fibrous|thick|1,fibrous,thick,8,1,thin_dropout,0.5,0.6317122440980493,0.5383191573751708,45382.0,0.21252641385108267,88022.0,0.19174041297935104,339.0,0.0,384.0,0.24279263633205975,2879.0,0.390284795450971,15.76311219173324,1.1176470588235294,17.0,0.6024096385542169,249.0,6.0,1.0,0.9047619047619048,42.0,0.09377242982031213,1.752863629322836,0.724623976956349,2.2544694126422544
fibrous|thick|1,fibrous,thick,8,1,speckle,0.0,1.0,0.0,45382.0,0.0,88022.0,0.0,339.0,0.0,384.0,0.0,2879.0,0.0,15.76311219173324,0.0,17.0,0.0,249.0,0.0,1.0,0.0,42.0,0.0,1.752863629322836,0.0,2.2544694126422544
fibrous|thick|1,fibrous,thick,8,1,speckle,0.0002,0.9997796968628834,0.00044070336256665636,45382.0,0.36361364204403446,88022.0,0.10914454277286136,339.0,0.0,384.0,0.008336227856894755,2879.0,0.007830249748250256,15.76311219173324,0.058823529411764705,17.0,0.012048192771084338,249.0,19.0,1.0,0.0,42.0,0.015774170255330774,1.752863629322836,0.0006414256992182861,2.2544694126422544
fibrous|thick|1,fibrous,thick,8,1,speckle,0.0005,0.9994384187634201,0.0011237935745449738,45382.0,0.38617618322692054,88022.0,0.02064896755162242,339.0,0.0,384.0,0.022229940951719346,2879.0,0.02064716218106865,15.76311219173324,0.11764705882352941,17.0,0.03614457831325301,249.0,49.0,1.0,0.0,42.0,0.02987245172304851,1.752863629322836,0.0016071894528655827,2.2544694126422544
fibrous|thick|1,fibrous,thick,8,1,speckle,0.001,0.998877467919794,0.0022475871490899475,45382.0,0.5992706368862329,88022.0,0.12684365781710916,339.0,0.0,384.0,0.0375130253560264,2879.0,0.03399035707993643,15.76311219173324,0.11764705882352941,17.0,0.020080321285140562,249.0,97.0,1.0,0.0,42.0,0.034709763815813775,1.752863629322836,0.0033636328260070116,2.2544694126422544
fibrous|thick|1,fibrous,thick,8,1,speckle,0.002,0.9977574531703456,0.004495174298179895,45382.0,0.6262070845924882,88022.0,0.12979351032448377,339.0,0.0,384.0,0.07884682181312956,2879.0,0.06891770547184156,15.76311219173324,0.35294117647058826,17.0,0.07228915662650602,249.0,193.0,1.0,0.0,42.0,0.03369348505600478,1.752863629322836,0.006575336925814975,2.2544694126422544
fibrous|thick|1,fibrous,thick,8,1,speckle,0.005,0.994412428511953,0.011237935745449738,45382.0,0.6330803662720683,88022.0,0.13274336283185842,339.0,0.0,384.0,0.20215352552969781,2879.0,0.15881132129120204,15.76311219173324,1.8823529411764706,17.0,0.17670682730923695,249.0,467.0,1.0,0.023809523809523808,42.0,0.0226501721198781,1.752863629322836,0.016424340224245552,2.2544694126422544
fibrous|thick|1,fibrous,thick,8,1,blob,0.0,1.0,0.0,45382.0,0.0,88022.0,0.0,339.0,0.0,384.0,0.0,2879.0,0.0,15.76311219173324,0.0,17.0,0.0,249.0,0.0,1.0,0.0,42.0,0.0,1.752863629322836,0.0,2.2544694126422544
fibrous|thick|1,fibrous,thick,8,1,blob,0.1,0.9980317341631572,0.0039442950949715744,45382.0,0.18292017904614755,88022.0,0.061946902654867256,339.0,0.0,384.0,0.0010420284821118443,2879.0,0.00289924551645499,15.76311219173324,0.0,17.0,0.0,249.0,3.0,1.0,0.0,42.0,0.005375443970939877,1.752863629322836,0.007038788390809391,2.2544694126422544
fibrous|thick|1,fibrous,thick,8,1,blob,0.25,0.993008982199709,0.014080472434004671,45382.0,0.23296448615118948,88022.0,0.10619469026548672,339.0,0.0,384.0,0.014588398749565822,2879.0,0.0005006230272169171,15.76311219173324,0.47058823529411764,17.0,0.028112449799196786,249.0,7.0,1.0,0.0,42.0,0.008027339369149213,1.752863629322836,0.018449100653147057,2.2544694126422544
fibrous|thick|1,fibrous,thick,8,1,blob,0.5,0.985290765205875,0.02985765281389097,45382.0,0.38563086501101995,88022.0,0.12979351032448377,339.0,0.0,384.0,0.0093782563390066,2879.0,0.020289119907499056,15.76311219173324,0.35294117647058826,17.0,0.01606425702811245,249.0,13.0,1.0,0.023809523809523808,42.0,0.016654116910428608,1.752863629322836,0.03967827806079695,2.2544694126422544
fibrous|thick|1,fibrous,thick,8,1,blob,0.75,0.9781657506196788,0.04464325062800229,45382.0,0.48588989116357273,88022.0,0.12389380530973451,339.0,0.0,384.0,0.022577283779089963,2879.0,0.021578776684109676,15.76311219173324,0.35294117647058826,17.0,0.07228915662650602,249.0,14.0,1.0,0.023809523809523808,42.0,0.018727464052134102,1.752863629322836,0.05396431919116534,2.2544694126422544
fibrous|thick|1,fibrous,thick,8,1,blob,1.0,0.9638518392659927,0.07500771230884491,45382.0,0.48449251323532755,88022.0,0.13274336283185842,339.0,0.0,384.0,0.042375824939215004,2879.0,0.03130529947922851,15.76311219173324,1.3529411764705883,17.0,0.10441767068273092,249.0,22.0,1.0,0.0,42.0,0.01552548424674882,1.752863629322836,0.08956452581078352,2.2544694126422544
fibrous|thick|2,fibrous,thick,8,2,boundary_erode,0.0,1.0,0.0,41729.0,0.0,86584.0,0.0,309.0,0.0,384.0,0.0,2511.0,0.0,16.618478693747512,0.0,19.0,0.0,166.0,0.0,1.0,0.0,21.0,0.0,1.7444749131823452,0.0,2.43248817824949
fibrous|thick|2,fibrous,thick,8,2,boundary_erode,-1.0,0.9482161085835991,0.0984686908385056,41729.0,0.014367550586713481,86584.0,0.006472491909385114,309.0,0.005208333333333333,384.0,0.052170450019912384,2511.0,0.04884658936785195,16.618478693747512,0.0,19.0,0.5060240963855421,166.0,0.0,1.0,0.7619047619047619,21.0,0.012704857408816108,1.7444749131823452,0.05257855906033086,2.43248817824949
fibrous|thick|2,fibrous,thick,8,2,boundary_erode,-2.0,0.8907172098463502,0.19703323827553978,41729.0,0.02888524438695371,86584.0,0.012944983818770227,309.0,0.010416666666666666,384.0,0.06371963361210672,2511.0,0.14238641484894965,16.618478693747512,0.05263157894736842,19.0,0.5120481927710844,166.0,0.0,1.0,0.7619047619047619,21.0,0.03030448248963617,1.7444749131823452,0.12348951282680763,2.43248817824949
fibrous|thick|2,fibrous,thick,8,2,boundary_erode,-3.0,0.8268319768340854,0.2952143593184596,41729.0,0.043241245495703594,86584.0,0.019417475728155338,309.0,0.015625,384.0,0.0688968538430904,2511.0,0.24306383928513783,16.618478693747512,0.05263157894736842,19.0,0.5060240963855421,166.0,0.0,1.0,0.8095238095238095,21.0,0.04933463380672839,1.7444749131823452,0.2237488005342261,2.43248817824949
fibrous|thick|2,fibrous,thick,8,2,boundary_erode,-4.0,0.7553427885404084,0.3931318747154257,41729.0,0.05736625704518156,86584.0,0.025889967637540454,309.0,0.020833333333333332,384.0,0.07088809239346874,2511.0,0.346829891731862,16.618478693747512,0.05263157894736842,19.0,0.5421686746987951,166.0,0.0,1.0,0.8095238095238095,21.0,0.0701267840199455,1.7444749131823452,0.3772218502841353,2.43248817824949
fibrous|thick|2,fibrous,thick,8,2,boundary_erode,-5.0,0.678583869026885,0.4864722375326512,41729.0,0.15469370784440542,86584.0,0.18770226537216828,309.0,0.026041666666666668,384.0,0.1859816806053365,2511.0,0.3691447105892794,16.618478693747512,0.9473684210526315,19.0,0.5783132530120482,166.0,7.0,1.0,0.9523809523809523,21.0,0.08817633611702529,1.7444749131823452,0.6065762410535313,2.43248817824949
fibrous|thick|2,fibrous,thick,8,2,boundary_dilate,0.0,1.0,0.0,41729.0,0.0,86584.0,0.0,309.0,0.0,384.0,0.0,2511.0,0.0,16.618478693747512,0.0,19.0,0.0,166.0,0.0,1.0,0.0,21.0,0.0,1.7444749131823452,0.0,2.43248817824949
fibrous|thick|2,fibrous,thick,8,2,boundary_dilate,1.0,0.9549188768621708,0.0944187495506722,41729.0,0.007992238750808463,86584.0,0.003236245954692557,309.0,0.0,384.0,0.015133412982875348,2511.0,0.11123553583572074,16.618478693747512,0.10526315789473684,19.0,0.5542168674698795,166.0,0.0,1.0,0.6666666666666666,21.0,0.011541782744812955,1.7444749131823452,0.04142452871791344,2.43248817824949
fibrous|thick|2,fibrous,thick,8,2,boundary_dilate,2.0,0.917261996351087,0.18040211843082748,41729.0,0.015210662478055992,86584.0,0.006472491909385114,309.0,0.0,384.0,0.11628833134209478,2511.0,0.33573218538972843,16.618478693747512,0.15789473684210525,19.0,0.21686746987951808,166.0,0.0,1.0,0.3333333333333333,21.0,0.021834262688812892,1.7444749131823452,0.0773286142645075,2.43248817824949
fibrous|thick|2,fibrous,thick,8,2,boundary_dilate,3.0,0.8850358964570144,0.25979534616214145,41729.0,0.023110505405155687,86584.0,0.009708737864077669,309.0,0.0,384.0,0.11549183592194345,2511.0,0.4242891104066352,16.618478693747512,0.21052631578947367,19.0,0.03614457831325301,166.0,0.0,1.0,0.42857142857142855,21.0,0.03145354669492844,1.7444749131823452,0.10903414699863566,2.43248817824949
fibrous|thick|2,fibrous,thick,8,2,boundary_dilate,4.0,0.8570695037791652,0.3335330345802679,41729.0,0.030952600942437403,86584.0,0.012944983818770227,309.0,0.0,384.0,0.1620868180007965,2511.0,0.5914930845204621,16.618478693747512,0.15789473684210525,19.0,0.3373493975903614,166.0,0.0,1.0,0.47619047619047616,21.0,0.03842479606885311,1.7444749131823452,0.13720024104337672,2.43248817824949
fibrous|thick|2,fibrous,thick,8,2,boundary_dilate,5.0,0.8323327017053954,0.4028852836157109,41729.0,0.038760048045828326,86584.0,0.016181229773462782,309.0,0.0,384.0,0.16925527678215851,2511.0,0.6887080283600431,16.618478693747512,0.15789473684210525,19.0,0.25903614457831325,166.0,0.0,1.0,0.2857142857142857,21.0,0.04619902022244873,1.7444749131823452,0.16220671806132655,2.43248817824949
fibrous|thick|2,fibrous,thick,8,2,junction_break,0.0,1.0,0.0,41729.0,0.0,86584.0,0.0,309.0,0.0,384.0,0.0,2511.0,0.0,16.618478693747512,0.0,19.0,0.0,166.0,0.0,1.0,0.0,21.0,0.0,1.7444749131823452,0.0,2.43248817824949
fibrous|thick|2,fibrous,thick,8,2,junction_break,0.1,0.9951719903199008,0.009609624002492271,41729.0,0.0,86584.0,0.0,309.0,0.0,384.0,0.06212664277180406,2511.0,0.06754021967388768,16.618478693747512,0.10526315789473684,19.0,0.1144578313253012,166.0,0.0,1.0,0.23809523809523808,21.0,0.0005351496987344421,1.7444749131823452,0.0027894223505895038,2.43248817824949
fibrous|thick|2,fibrous,thick,8,2,junction_break,0.2,0.9911637071331004,0.017517793381101873,41729.0,0.0,86584.0,0.0,309.0,0.0,384.0,0.12066905615292713,2511.0,0.12330745528782762,16.618478693747512,0.05263157894736842,19.0,0.4457831325301205,166.0,0.0,1.0,0.47619047619047616,21.0,0.0010764506012997633,1.7444749131823452,0.004145489321861199,2.43248817824949
fibrous|thick|2,fibrous,thick,8,2,junction_break,0.4,0.985904882257163,0.02779841357329435,41729.0,0.0,86584.0,0.0,309.0,0.0,384.0,0.13819195539625648,2511.0,0.14583688470347878,16.618478693747512,0.2631578947368421,19.0,0.3433734939759036,166.0,0.0,1.0,0.14285714285714285,21.0,0.0017250852258149977,1.7444749131823452,0.0069893370864675865,2.43248817824949
fibrous|thick|2,fibrous,thick,8,2,junction_break,0.6,0.9815612530049911,0.03620983009417911,41729.0,0.0,86584.0,0.0,309.0,0.0,384.0,0.1823974512146555,2511.0,0.18488477041646478,16.618478693747512,0.3157894736842105,19.0,0.4759036144578313,166.0,0.0,1.0,0.3333333333333333,21.0,0.0023745525258769746,1.7444749131823452,0.008073932450787222,2.43248817824949
fibrous|thick|2,fibrous,thick,8,2,junction_break,0.8,0.9789946293781578,0.041146444918402074,41729.0,0.0,86584.0,0.0,309.0,0.0,384.0,0.2007168458781362,2511.0,0.20143241233502743,16.618478693747512,0.631578947368421,19.0,0.5120481927710844,166.0,0.0,1.0,0.2857142857142857,21.0,0.0026960778647069543,1.7444749131823452,0.00921036315464069,2.43248817824949
fibrous|thick|2,fibrous,thick,8,2,thin_dropout,0.0,1.0,0.0,41729.0,0.0,86584.0,0.0,309.0,0.0,384.0,0.0,2511.0,0.0,16.618478693747512,0.0,19.0,0.0,166.0,0.0,1.0,0.0,21.0,0.0,1.7444749131823452,0.0,2.43248817824949
fibrous|thick|2,fibrous,thick,8,2,thin_dropout,0.1,0.925022862810258,0.13949531500874693,41729.0,0.010844959807816686,86584.0,0.006472491909385114,309.0,0.0,384.0,0.04340900039824771,2511.0,0.10044660116026798,16.618478693747512,0.05263157894736842,19.0,0.46987951807228917,166.0,0.0,1.0,0.7619047619047619,21.0,0.01929365772010996,1.7444749131823452,0.08142289863027719,2.43248817824949
fibrous|thick|2,fibrous,thick,8,2,thin_dropout,0.2,0.8652734911419597,0.23746075870497735,41729.0,0.01816732883673658,86584.0,0.009708737864077669,309.0,0.0,384.0,0.04540023894862605,2511.0,0.20119481231047073,16.618478693747512,0.10526315789473684,19.0,0.4819277108433735,166.0,0.0,1.0,0.8095238095238095,21.0,0.03816729362731475,1.7444749131823452,0.1627436328595457,2.43248817824949
fibrous|thick|2,fibrous,thick,8,2,thin_dropout,0.3,0.8168698610717323,0.30956888494811763,41729.0,0.023318396008500417,86584.0,0.009708737864077669,309.0,0.0,384.0,0.04858622062923138,2511.0,0.27431036839879597,16.618478693747512,0.10526315789473684,19.0,0.46987951807228917,166.0,0.0,1.0,0.8095238095238095,21.0,0.0526330331371561,1.7444749131823452,0.24669561137090515,2.43248817824949
fibrous|thick|2,fibrous,thick,8,2,thin_dropout,0.4,0.7431024096385542,0.40878046442521987,41729.0,0.030675413471311096,86584.0,0.012944983818770227,309.0,0.0,384.0,0.05137395459976105,2511.0,0.37676227798981,16.618478693747512,0.05263157894736842,19.0,0.5060240963855421,166.0,0.0,1.0,0.8095238095238095,21.0,0.07391520621567542,1.7444749131823452,0.41538784816607915,2.43248817824949
fibrous|thick|2,fibrous,thick,8,2,thin_dropout,0.5,0.6400847319537233,0.5293201370749359,41729.0,0.1767416612769103,86584.0,0.17475728155339806,309.0,0.0,384.0,0.21346077260055754,2511.0,0.40158119706084255,16.618478693747512,0.6842105263157895,19.0,0.5060240963855421,166.0,5.0,1.0,0.9523809523809523,21.0,0.10100497898270028,1.7444749131823452,0.7655774495628058,2.43248817824949
fibrous|thick|2,fibrous,thick,8,2,speckle,0.0,1.0,0.0,41729.0,0.0,86584.0,0.0,309.0,0.0,384.0,0.0,2511.0,0.0,16.618478693747512,0.0,19.0,0.0,166.0,0.0,1.0,0.0,21.0,0.0,1.7444749131823452,0.0,2.43248817824949
fibrous|thick|2,fibrous,thick,8,2,speckle,0.0002,0.9997484397273566,0.0005032471422751564,41729.0,0.2452647140349256,86584.0,0.19741100323624594,309.0,0.0,384.0,0.009557945041816009,2511.0,0.008968972949012678,16.618478693747512,0.05263157894736842,19.0,0.024096385542168676,166.0,20.0,1.0,0.0,21.0,0.02172761229409415,1.7444749131823452,0.0008361751004029292,2.43248817824949
fibrous|thick|2,fibrous,thick,8,2,speckle,0.0005,0.9993653530672606,0.001270099930503966,41729.0,0.5237110782592627,86584.0,0.21035598705501618,309.0,0.0,384.0,0.02190362405416169,2511.0,0.02019126230495118,16.618478693747512,0.05263157894736842,19.0,0.018072289156626505,166.0,51.0,1.0,0.0,21.0,0.03907739650702124,1.7444749131823452,0.0020073912989989414,2.43248817824949
fibrous|thick|2,fibrous,thick,8,2,speckle,0.001,0.9987315111770619,0.002540199861007932,41729.0,0.6229788413563707,86584.0,0.23624595469255663,309.0,0.0,384.0,0.04181600955794504,2511.0,0.03769937238111979,16.618478693747512,0.05263157894736842,19.0,0.018072289156626505,166.0,99.0,1.0,0.0,21.0,0.04310919341125402,1.7444749131823452,0.003935192144044493,2.43248817824949
fibrous|thick|2,fibrous,thick,8,2,speckle,0.002,0.9974781579796579,0.005056435572383714,41729.0,0.6342742308047676,86584.0,0.24271844660194175,309.0,0.0,384.0,0.08602150537634409,2511.0,0.07455199496800319,16.618478693747512,0.42105263157894735,19.0,0.03614457831325301,166.0,200.0,1.0,0.0,21.0,0.04365089429492796,1.7444749131823452,0.008066656113574225,2.43248817824949
fibrous|thick|2,fibrous,thick,8,2,speckle,0.005,0.9937014061700025,0.012677035155407511,41729.0,0.6804836921371153,86584.0,0.23948220064724918,309.0,0.0,384.0,0.21823974512146554,2511.0,0.16873748438207645,16.618478693747512,1.6842105263157894,19.0,0.1144578313253012,166.0,488.0,1.0,0.0,21.0,0.030987246767377557,1.7444749131823452,0.018894177874592844,2.43248817824949
fibrous|thick|2,fibrous,thick,8,2,blob,0.0,1.0,0.0,41729.0,0.0,86584.0,0.0,309.0,0.0,384.0,0.0,2511.0,0.0,16.618478693747512,0.0,19.0,0.0,166.0,0.0,1.0,0.0,21.0,0.0,1.7444749131823452,0.0,2.43248817824949
fibrous|thick|2,fibrous,thick,8,2,blob,0.1,0.9965491301180938,0.006925639243691438,41729.0,0.07374341679756075,86584.0,0.09061488673139159,309.0,0.0,384.0,0.013142174432497013,2511.0,0.0061358961710264335,16.618478693747512,0.0,19.0,0.04819277108433735,166.0,2.0,1.0,0.047619047619047616,21.0,0.007890678249935947,1.7444749131823452,0.009285471762081533,2.43248817824949
fibrous|thick|2,fibrous,thick,8,2,blob,0.25,0.9899179200075913,0.02036952718732776,41729.0,0.11415504019218331,86584.0,0.1941747572815534,309.0,0.0,384.0,0.01592990840302668,2511.0,0.004370005004852838,16.618478693747512,0.05263157894736842,19.0,0.10240963855421686,166.0,3.0,1.0,0.09523809523809523,21.0,0.008725927439236168,1.7444749131823452,0.020675883348548946,2.43248817824949
fibrous|thick|2,fibrous,thick,8,2,blob,0.5,0.9750221972989392,0.05123535191353735,41729.0,0.5139286704240968,86584.0,0.23948220064724918,309.0,0.0,384.0,0.03424930306650737,2511.0,0.016423553582938746,16.618478693747512,0.42105263157894735,19.0,0.14457831325301204,166.0,10.0,1.0,0.09523809523809523,21.0,0.02076760254930023,1.7444749131823452,0.06659758615554091,2.43248817824949
fibrous|thick|2,fibrous,thick,8,2,blob,0.75,0.9794160446885415,0.04203311845479163,41729.0,0.3089369860482306,86584.0,0.1423948220064725,309.0,0.0,384.0,0.04699322978892871,2511.0,0.004737481764936565,16.618478693747512,0.47368421052631576,19.0,0.3493975903614458,166.0,12.0,1.0,0.3333333333333333,21.0,0.009645122215855579,1.7444749131823452,0.046757463962210574,2.43248817824949
fibrous|thick|2,fibrous,thick,8,2,blob,1.0,0.9642415629729761,0.07416904311150518,41729.0,0.4548761895962303,86584.0,0.16828478964401294,309.0,0.0,384.0,0.08243727598566308,2511.0,0.00763853301950351,16.618478693747512,0.7894736842105263,19.0,0.42771084337349397,166.0,24.0,1.0,0.47619047619047616,21.0,0.022503105116633025,1.7444749131823452,0.08731127803424077,2.43248817824949
