mask,config,species,n_fg,degradation,target_dice_loss,reachable,severity,dice,err_pixel_area,base_pixel_area,err_convex_hull_area,base_convex_hull_area,err_bounding_depth,base_bounding_depth,err_bounding_width,base_bounding_width,err_total_length,base_total_length,err_mean_diameter,base_mean_diameter,err_n_tips,base_n_tips,err_n_branch_points,base_n_branch_points,err_n_components,base_n_components,err_n_holes,base_n_holes,err_fractal_dimension,base_fractal_dimension,err_lacunarity,base_lacunarity
test/masks_pixel_gt/Cotton_736x552_DPI150/GT_Cotton_T001_L025_2012.06.22_093345_AMC_DPI150.png,cotton_736x552_DPI150,cotton,5493,boundary_erode,0.01,True,-0.140625,0.9895182052225083,0.020746132848043677,5495.0,0.0009308510638297873,7520.0,0.0,110.0,0.0,399.0,0.04656862745098039,408.0,0.0643194899344306,13.468137254901961,0.75,4.0,3.0,4.0,0.0,1.0,0.0,0.0,0.0018778092248202625,1.350126547495514,0.003667671316726699,21.812286402570344
test/masks_pixel_gt/Cotton_736x552_DPI150/GT_Cotton_T001_L025_2012.06.22_093345_AMC_DPI150.png,cotton_736x552_DPI150,cotton,5493,boundary_erode,0.05,True,-0.65625,0.9490293583245673,0.09699727024567789,5495.0,0.00997340425531915,7520.0,0.0,110.0,0.007518796992481203,399.0,0.10294117647058823,408.0,0.18127752502274794,13.468137254901961,2.0,4.0,7.25,4.0,0.0,1.0,0.0,0.0,0.004078733774441484,1.350126547495514,0.02035264014417632,21.812286402570344
test/masks_pixel_gt/Cotton_736x552_DPI150/GT_Cotton_T001_L025_2012.06.22_093345_AMC_DPI150.png,cotton_736x552_DPI150,cotton,5493,boundary_dilate,0.01,True,0.140625,0.989644304367402,0.020928116469517744,5495.0,0.06662234042553192,7520.0,0.0,110.0,0.0,399.0,0.02696078431372549,408.0,0.0058742923160782475,13.468137254901961,0.5,4.0,2.5,4.0,0.0,1.0,0.0,0.0,0.005853427031176149,1.350126547495514,0.004340582723504088,21.812286402570344
test/masks_pixel_gt/Cotton_736x552_DPI150/GT_Cotton_T001_L025_2012.06.22_093345_AMC_DPI150.png,cotton_736x552_DPI150,cotton,5493,boundary_dilate,0.05,True,0.703125,0.950363196125908,0.10445859872611465,5495.0,0.10757978723404256,7520.0,0.01818181818181818,110.0,0.002506265664160401,399.0,0.022058823529411766,408.0,0.08062136278238545,13.468137254901961,0.25,4.0,1.75,4.0,0.0,1.0,0.0,0.0,0.015481535124499289,1.350126547495514,0.02188919168015974,21.812286402570344
test/masks_pixel_gt/Cotton_736x552_DPI150/GT_Cotton_T001_L025_2012.06.22_093345_AMC_DPI150.png,cotton_736x552_DPI150,cotton,5493,junction_break,0.01,False,,,,,,,,,,,,,,,,,,,,,,,,,,
test/masks_pixel_gt/Cotton_736x552_DPI150/GT_Cotton_T001_L025_2012.06.22_093345_AMC_DPI150.png,cotton_736x552_DPI150,cotton,5493,junction_break,0.05,False,,,,,,,,,,,,,,,,,,,,,,,,,,
test/masks_pixel_gt/Cotton_736x552_DPI150/GT_Cotton_T001_L025_2012.06.22_093345_AMC_DPI150.png,cotton_736x552_DPI150,cotton,5493,thin_dropout,0.01,True,0.4999999999996817,0.9960719831917421,0.007825295723384895,5495.0,0.008776595744680852,7520.0,0.01818181818181818,110.0,0.010025062656641603,399.0,0.01715686274509804,408.0,0.009494462206630793,13.468137254901961,0.25,4.0,0.75,4.0,0.0,1.0,0.0,0.0,0.002612826985016921,1.350126547495514,0.010460951895368659,21.812286402570344
test/masks_pixel_gt/Cotton_736x552_DPI150/GT_Cotton_T001_L025_2012.06.22_093345_AMC_DPI150.png,cotton_736x552_DPI150,cotton,5493,thin_dropout,0.05,False,,,,,,,,,,,,,,,,,,,,,,,,,,
test/masks_pixel_gt/Cotton_736x552_DPI150/GT_Cotton_T001_L025_2012.06.22_093345_AMC_DPI150.png,cotton_736x552_DPI150,cotton,5493,speckle,0.01,True,0.00029296875000000004,0.9894661024579094,0.021292083712465878,5495.0,48.236170212765956,7520.0,3.9545454545454546,110.0,0.8220551378446115,399.0,0.2818627450980392,408.0,0.20327500926446254,13.468137254901961,0.0,4.0,0.0,4.0,115.0,1.0,0.0,0.0,0.30743981941009313,1.350126547495514,0.03448691750083181,21.812286402570344
test/masks_pixel_gt/Cotton_736x552_DPI150/GT_Cotton_T001_L025_2012.06.22_093345_AMC_DPI150.png,cotton_736x552_DPI150,cotton,5493,speckle,0.05,True,0.00146484375,0.9492960179666581,0.10682438580527752,5495.0,50.758244680851064,7520.0,4.0,110.0,0.8370927318295739,399.0,1.4338235294117647,408.0,0.5452322765271368,13.468137254901961,2.0,4.0,0.0,4.0,581.0,1.0,0.0,0.0,0.20227247157085174,1.350126547495514,0.1627329715654525,21.812286402570344
test/masks_pixel_gt/Cotton_736x552_DPI150/GT_Cotton_T001_L025_2012.06.22_093345_AMC_DPI150.png,cotton_736x552_DPI150,cotton,5493,blob,0.01,True,0.037500000000818545,0.9854734576757532,0.029481346678798908,5495.0,7.274202127659574,7520.0,1.1818181818181819,110.0,0.3082706766917293,399.0,0.004901960784313725,408.0,0.02445948645109736,13.468137254901961,0.0,4.0,0.0,4.0,2.0,1.0,0.0,0.0,0.058631183731913304,1.350126547495514,0.05184221402439005,21.812286402570344
test/masks_pixel_gt/Cotton_736x552_DPI150/GT_Cotton_T001_L025_2012.06.22_093345_AMC_DPI150.png,cotton_736x552_DPI150,cotton,5493,blob,0.05,True,0.13749999999936335,0.957400470424253,0.08898999090081892,5495.0,17.103590425531916,7520.0,3.8,110.0,0.518796992481203,399.0,0.0196078431372549,408.0,0.06804787569118778,13.468137254901961,0.5,4.0,0.0,4.0,5.0,1.0,0.0,0.0,0.09325188239704932,1.350126547495514,0.10605633149037487,21.812286402570344
test/masks_pixel_gt/Cotton_736x552_DPI150/GT_Cotton_T001_L029_2012.06.22_093354_AMC_DPI150.png,cotton_736x552_DPI150,cotton,9590,boundary_erode,0.01,True,-0.1875,0.9913253772146575,0.017200041697070782,9593.0,0.0025252525252525255,15444.0,0.0,207.0,0.0,424.0,0.04904051172707889,469.0,0.06314394218684181,20.454157782515992,0.5714285714285714,7.0,0.6470588235294118,17.0,1.0,1.0,0.0,0.0,0.0014208591766733797,1.405566260109531,0.005777858302066828,18.000475736397973
test/masks_pixel_gt/Cotton_736x552_DPI150/GT_Cotton_T001_L029_2012.06.22_093354_AMC_DPI150.png,cotton_736x552_DPI150,cotton,9590,boundary_erode,0.05,True,-1.03125,0.9502653608360234,0.09475659334931721,9593.0,0.05853405853405853,15444.0,0.00966183574879227,207.0,0.007075471698113208,424.0,0.03411513859275053,469.0,0.06278331629322242,20.454157782515992,0.2857142857142857,7.0,0.4117647058823529,17.0,0.0,1.0,0.0,0.0,0.01700862100218436,1.405566260109531,0.030858963254330202,18.000475736397973
test/masks_pixel_gt/Cotton_736x552_DPI150/GT_Cotton_T001_L029_2012.06.22_093354_AMC_DPI150.png,cotton_736x552_DPI150,cotton,9590,boundary_dilate,0.01,True,0.1875,0.9914733088729265,0.017200041697070782,9593.0,0.04377104377104377,15444.0,0.004830917874396135,207.0,0.0023584905660377358,424.0,0.1535181236673774,469.0,0.1181759342774008,20.454157782515992,0.5714285714285714,7.0,1.2352941176470589,17.0,0.0,1.0,2.0,0.0,0.0033232434198618237,1.405566260109531,0.0052729209018143345,18.000475736397973
test/masks_pixel_gt/Cotton_736x552_DPI150/GT_Cotton_T001_L029_2012.06.22_093354_AMC_DPI150.png,cotton_736x552_DPI150,cotton,9590,boundary_dilate,0.05,True,1.125,0.9508846706646181,0.10330449285937662,9593.0,0.06915306915306915,15444.0,0.00966183574879227,207.0,0.0047169811320754715,424.0,0.01279317697228145,469.0,0.11760217527224102,20.454157782515992,0.42857142857142855,7.0,0.17647058823529413,17.0,0.0,1.0,1.0,0.0,0.018551426150342994,1.405566260109531,0.03171855529229127,18.000475736397973
test/masks_pixel_gt/Cotton_736x552_DPI150/GT_Cotton_T001_L029_2012.06.22_093354_AMC_DPI150.png,cotton_736x552_DPI150,cotton,9590,junction_break,0.01,True,0.5,0.9912723449001052,0.017304284374022726,9593.0,0.0,15444.0,0.0,207.0,0.0,424.0,0.2260127931769723,469.0,0.19846210325463765,20.454157782515992,0.14285714285714285,7.0,1.411764705882353,17.0,0.0,1.0,5.0,0.0,0.0008669994506566745,1.405566260109531,0.00044774771718679587,18.000475736397973
test/masks_pixel_gt/Cotton_736x552_DPI150/GT_Cotton_T001_L029_2012.06.22_093354_AMC_DPI150.png,cotton_736x552_DPI150,cotton,9590,junction_break,0.05,False,,,,,,,,,,,,,,,,,,,,,,,,,,
test/masks_pixel_gt/Cotton_736x552_DPI150/GT_Cotton_T001_L029_2012.06.22_093354_AMC_DPI150.png,cotton_736x552_DPI150,cotton,9590,thin_dropout,0.01,True,0.22727272727265702,0.9920142902175055,0.01584488689669551,9593.0,0.012173012173012173,15444.0,0.0,207.0,0.0,424.0,0.029850746268656716,469.0,0.014436808891098498,20.454157782515992,0.2857142857142857,7.0,0.4117647058823529,17.0,0.0,1.0,0.0,0.0,0.0029748580283985183,1.405566260109531,0.008076879599671903,18.000475736397973
test/masks_pixel_gt/Cotton_736x552_DPI150/GT_Cotton_T001_L029_2012.06.22_093354_AMC_DPI150.png,cotton_736x552_DPI150,cotton,9590,thin_dropout,0.05,True,0.4999999999996817,0.9696025778732545,0.05900135515480037,9593.0,0.019878269878269877,15444.0,0.0,207.0,0.01179245283018868,424.0,0.11300639658848614,469.0,0.06088549142403509,20.454157782515992,0.5714285714285714,7.0,0.8235294117647058,17.0,0.0,1.0,0.0,0.0,0.010574688428233649,1.405566260109531,0.023639068684920248,18.000475736397973
test/masks_pixel_gt/Cotton_736x552_DPI150/GT_Cotton_T001_L029_2012.06.22_093354_AMC_DPI150.png,cotton_736x552_DPI150,cotton,9590,speckle,0.01,True,0.00048828125,0.9899896800825594,0.02022307932867716,9593.0,23.057174307174307,15444.0,1.6521739130434783,207.0,0.7311320754716981,424.0,0.4349680170575693,469.0,0.2890273043014122,20.454157782515992,0.14285714285714285,7.0,0.23529411764705882,17.0,193.0,1.0,0.0,0.0,0.24594109417760815,1.405566260109531,0.03352409776775173,18.000475736397973
test/masks_pixel_gt/Cotton_736x552_DPI150/GT_Cotton_T001_L029_2012.06.22_093354_AMC_DPI150.png,cotton_736x552_DPI150,cotton,9590,speckle,0.05,True,0.0025390625000000005,0.9501312335958005,0.10497237569060773,9593.0,25.022597772597774,15444.0,1.6666666666666667,207.0,0.7358490566037735,424.0,2.138592750533049,469.0,0.6479401873648811,20.454157782515992,1.0,7.0,0.11764705882352941,17.0,1000.0,1.0,1.0,0.0,0.12180865981196365,1.405566260109531,0.15886360902001875,18.000475736397973
test/masks_pixel_gt/Cotton_736x552_DPI150/GT_Cotton_T001_L029_2012.06.22_093354_AMC_DPI150.png,cotton_736x552_DPI150,cotton,9590,blob,0.01,True,0.037500000000818545,0.9857172215371969,0.028979464192640466,9593.0,5.2600362600362605,15444.0,0.4975845410628019,207.0,0.4882075471698113,424.0,0.0042643923240938165,469.0,0.02461012464192864,20.454157782515992,0.0,7.0,0.0,17.0,2.0,1.0,0.0,0.0,0.05354654661124404,1.405566260109531,0.028608791506127575,18.000475736397973
test/masks_pixel_gt/Cotton_736x552_DPI150/GT_Cotton_T001_L029_2012.06.22_093354_AMC_DPI150.png,cotton_736x552_DPI150,cotton,9590,blob,0.05,True,0.23750000000063665,0.9460552268244576,0.11404148858542687,9593.0,16.27790727790728,15444.0,1.067632850241546,207.0,0.6108490566037735,424.0,0.02771855010660981,469.0,0.08399472644515606,20.454157782515992,0.2857142857142857,7.0,0.0,17.0,10.0,1.0,0.0,0.0,0.12276597810943474,1.405566260109531,0.17290499612237367,18.000475736397973
test/masks_pixel_gt/Cotton_736x552_DPI150/GT_Cotton_T001_L031_2012.07.16_111824_AMC_DPI150.png,cotton_736x552_DPI150,cotton,15633,boundary_erode,0.01,True,-0.1875,0.9907747887233082,0.018281769368447966,15644.0,0.0013003095975232198,80750.0,0.0,205.0,0.0,731.0,0.04463208685162847,829.0,0.060225850815754364,18.87092882991556,0.35714285714285715,14.0,0.1794871794871795,39.0,0.0,2.0,0.0,0.0,0.0015367530671532492,1.474739965333454,0.004775715854142766,12.05167003579791
test/masks_pixel_gt/Cotton_736x552_DPI150/GT_Cotton_T001_L031_2012.07.16_111824_AMC_DPI150.png,cotton_736x552_DPI150,cotton,15633,boundary_erode,0.05,True,-0.984375,0.9495383582340104,0.0960751725901304,15644.0,0.020904024767801857,80750.0,0.00975609756097561,205.0,0.004103967168262654,731.0,0.030156815440289506,829.0,0.06796805730997275,18.87092882991556,0.07142857142857142,14.0,0.10256410256410256,39.0,0.0,2.0,0.0,0.0,0.016142289901300146,1.474739965333454,0.02865755303162686,12.05167003579791
test/masks_pixel_gt/Cotton_736x552_DPI150/GT_Cotton_T001_L031_2012.07.16_111824_AMC_DPI150.png,cotton_736x552_DPI150,cotton,15633,boundary_dilate,0.01,True,0.1875,0.9910046876979602,0.018153924827409868,15644.0,0.0126687306501548,80750.0,0.004878048780487805,205.0,0.0,731.0,0.2376357056694813,829.0,0.17733956756147867,18.87092882991556,1.3571428571428572,14.0,1.0512820512820513,39.0,0.0,2.0,1.0,0.0,0.005230241347496469,1.474739965333454,0.005791353044344276,12.05167003579791
test/masks_pixel_gt/Cotton_736x552_DPI150/GT_Cotton_T001_L031_2012.07.16_111824_AMC_DPI150.png,cotton_736x552_DPI150,cotton,15633,boundary_dilate,0.05,True,1.078125,0.9504541450226313,0.10425722321656865,15644.0,0.020668730650154798,80750.0,0.004878048780487805,205.0,0.0027359781121751026,731.0,0.008443908323281062,829.0,0.09501105029489895,18.87092882991556,0.14285714285714285,14.0,0.07692307692307693,39.0,0.0,2.0,1.0,0.0,0.01745383613440215,1.474739965333454,0.02907851114617932,12.05167003579791
test/masks_pixel_gt/Cotton_736x552_DPI150/GT_Cotton_T001_L031_2012.07.16_111824_AMC_DPI150.png,cotton_736x552_DPI150,cotton,15633,junction_break,0.01,True,0.375,0.9908398916268869,0.018153924827409868,15644.0,0.0,80750.0,0.0,205.0,0.0,731.0,0.19903498190591074,829.0,0.181136422215214,18.87092882991556,0.07142857142857142,14.0,1.1025641025641026,39.0,0.0,2.0,8.0,0.0,0.0007137711046298097,1.474739965333454,0.0017115463896170194,12.05167003579791
test/masks_pixel_gt/Cotton_736x552_DPI150/GT_Cotton_T001_L031_2012.07.16_111824_AMC_DPI150.png,cotton_736x552_DPI150,cotton,15633,junction_break,0.05,False,,,,,,,,,,,,,,,,,,,,,,,,,,
test/masks_pixel_gt/Cotton_736x552_DPI150/GT_Cotton_T001_L031_2012.07.16_111824_AMC_DPI150.png,cotton_736x552_DPI150,cotton,15633,thin_dropout,0.01,True,0.225,0.990514293088985,0.01879314753260036,15644.0,0.016049535603715172,80750.0,0.0,205.0,0.0,731.0,0.05307599517490953,829.0,0.03620443400697374,18.87092882991556,0.2857142857142857,14.0,0.4358974358974359,39.0,0.0,2.0,0.0,0.0,0.003679710815898617,1.474739965333454,0.011107696216274178,12.05167003579791
test/masks_pixel_gt/Cotton_736x552_DPI150/GT_Cotton_T001_L031_2012.07.16_111824_AMC_DPI150.png,cotton_736x552_DPI150,cotton,15633,thin_dropout,0.05,True,0.5227272727270702,0.9583166866426954,0.08003068268984914,15644.0,0.05358513931888545,80750.0,0.0,205.0,0.0,731.0,0.13510253317249699,829.0,0.06367442684813826,18.87092882991556,0.5714285714285714,14.0,0.8205128205128205,39.0,0.0,2.0,0.0,0.0,0.014076248357944703,1.474739965333454,0.02364451864852201,12.05167003579791
test/masks_pixel_gt/Cotton_736x552_DPI150/GT_Cotton_T001_L031_2012.07.16_111824_AMC_DPI150.png,cotton_736x552_DPI150,cotton,15633,speckle,0.01,True,0.00078125,0.9903459627132593,0.019496292508309896,15644.0,3.8441114551083593,80750.0,1.6634146341463414,205.0,0.004103967168262654,731.0,0.36670687575392036,829.0,0.2540490498769736,18.87092882991556,0.0,14.0,0.02564102564102564,39.0,152.0,2.0,0.0,0.0,0.19415548021379017,1.474739965333454,0.0351676520998422,12.05167003579791
test/masks_pixel_gt/Cotton_736x552_DPI150/GT_Cotton_T001_L031_2012.07.16_111824_AMC_DPI150.png,cotton_736x552_DPI150,cotton,15633,speckle,0.05,True,0.004296875,0.9490990717709155,0.10726156993096395,15644.0,3.9854736842105263,80750.0,1.6926829268292682,205.0,0.006839945280437756,731.0,2.0422195416164053,829.0,0.6360349557998536,18.87092882991556,4.928571428571429,14.0,0.1794871794871795,39.0,815.0,2.0,0.0,0.0,0.06391561622581698,1.474739965333454,0.1726320249887489,12.05167003579791
test/masks_pixel_gt/Cotton_736x552_DPI150/GT_Cotton_T001_L031_2012.07.16_111824_AMC_DPI150.png,cotton_736x552_DPI150,cotton,15633,blob,0.01,True,0.09375,0.9886248736097067,0.02301201738685758,15644.0,1.5776965944272445,80750.0,1.224390243902439,205.0,0.005471956224350205,731.0,0.0048250904704463205,829.0,0.018099594734339718,18.87092882991556,0.0,14.0,0.0,39.0,2.0,2.0,0.0,0.0,0.05376029904534948,1.474739965333454,0.03430267618915355,12.05167003579791
test/masks_pixel_gt/Cotton_736x552_DPI150/GT_Cotton_T001_L031_2012.07.16_111824_AMC_DPI150.png,cotton_736x552_DPI150,cotton,15633,blob,0.05,True,0.375,0.9505985295011241,0.1039376118639734,15644.0,2.9199628482972138,80750.0,1.5658536585365854,205.0,0.006839945280437756,731.0,0.033775633293124246,829.0,0.06786963854753086,18.87092882991556,0.2857142857142857,14.0,0.0,39.0,7.5,2.0,0.0,0.0,0.09532353487446706,1.474739965333454,0.13817409381763893,12.05167003579791
test/masks_pixel_gt/Cotton_736x552_DPI150/GT_Cotton_T001_L046_2012.06.22_093429_AMC_DPI150.png,cotton_736x552_DPI150,cotton,7787,boundary_erode,0.01,True,-0.09375,0.9899617900395052,0.019876891510643754,7798.0,0.0,211127.0,0.0,474.0,0.0,719.0,0.020118343195266272,845.0,0.03920646557597919,9.228402366863905,0.4166666666666667,12.0,0.6111111111111112,18.0,0.25,4.0,0.0,0.0,0.0028313383420620728,1.2232383235491209,0.00222925822597868,10.208114687581485
test/masks_pixel_gt/Cotton_736x552_DPI150/GT_Cotton_T001_L046_2012.06.22_093429_AMC_DPI150.png,cotton_736x552_DPI150,cotton,7787,boundary_erode,0.05,True,-0.4453125,0.9503297886660385,0.09463965119261349,7798.0,0.004712803194285904,211127.0,0.0,474.0,0.0027816411682892906,719.0,0.11834319526627218,845.0,0.1904449791087391,9.228402366863905,2.5,12.0,4.555555555555555,18.0,2.0,4.0,0.0,0.0,0.012042515059897417,1.2232383235491209,0.017337654159277818,10.208114687581485
test/masks_pixel_gt/Cotton_736x552_DPI150/GT_Cotton_T001_L046_2012.06.22_093429_AMC_DPI150.png,cotton_736x552_DPI150,cotton,7787,boundary_dilate,0.01,True,0.09375,0.9899708010663958,0.02026160553988202,7798.0,0.002259303641883795,211127.0,0.0,474.0,0.0013908205841446453,719.0,0.1136094674556213,845.0,0.0838245943876724,9.228402366863905,1.75,12.0,2.888888888888889,18.0,0.0,4.0,0.0,0.0,0.005309037170576823,1.2232383235491209,0.0045148775716764514,10.208114687581485
test/masks_pixel_gt/Cotton_736x552_DPI150/GT_Cotton_T001_L046_2012.06.22_093429_AMC_DPI150.png,cotton_736x552_DPI150,cotton,7787,boundary_dilate,0.05,True,0.4921875,0.9495859717486606,0.10618107206976148,7798.0,0.005603262491296708,211127.0,0.004219409282700422,474.0,0.0013908205841446453,719.0,0.1455621301775148,845.0,0.034377060021747535,9.228402366863905,2.0833333333333335,12.0,4.388888888888889,18.0,0.25,4.0,2.0,0.0,0.020278544582067137,1.2232383235491209,0.018239061213592707,10.208114687581485
test/masks_pixel_gt/Cotton_736x552_DPI150/GT_Cotton_T001_L046_2012.06.22_093429_AMC_DPI150.png,cotton_736x552_DPI150,cotton,7787,junction_break,0.01,True,0.375,0.9898309476002332,0.02013336753013593,7798.0,0.0,211127.0,0.0,474.0,0.0,719.0,0.05325443786982249,845.0,0.06967718602580318,9.228402366863905,0.08333333333333333,12.0,0.2222222222222222,18.0,0.75,4.0,1.0,0.0,0.0008983305553088694,1.2232383235491209,0.0027503188468347415,10.208114687581485
test/masks_pixel_gt/Cotton_736x552_DPI150/GT_Cotton_T001_L046_2012.06.22_093429_AMC_DPI150.png,cotton_736x552_DPI150,cotton,7787,junction_break,0.05,False,,,,,,,,,,,,,,,,,,,,,,,,,,
test/masks_pixel_gt/Cotton_736x552_DPI150/GT_Cotton_T001_L046_2012.06.22_093429_AMC_DPI150.png,cotton_736x552_DPI150,cotton,7787,thin_dropout,0.01,True,0.5625,0.990615494142774,0.018594511413182867,7798.0,0.008596721404652176,211127.0,0.004219409282700422,474.0,0.006954102920723227,719.0,0.05088757396449704,845.0,0.034024486104564086,9.228402366863905,0.3333333333333333,12.0,1.0,18.0,0.0,4.0,0.0,0.0,0.0038595891670980195,1.2232383235491209,0.0017184596988233161,10.208114687581485
test/masks_pixel_gt/Cotton_736x552_DPI150/GT_Cotton_T001_L046_2012.06.22_093429_AMC_DPI150.png,cotton_736x552_DPI150,cotton,7787,thin_dropout,0.05,True,0.7187499999997726,0.9880612509732676,0.023595793793280327,7798.0,0.010131342746309094,211127.0,0.004219409282700422,474.0,0.008344923504867872,719.0,0.06390532544378698,845.0,0.04306138336874608,9.228402366863905,0.3333333333333333,12.0,1.0,18.0,0.0,4.0,0.0,0.0,0.005208834353845506,1.2232383235491209,0.003082219613268279,10.208114687581485
test/masks_pixel_gt/Cotton_736x552_DPI150/GT_Cotton_T001_L046_2012.06.22_093429_AMC_DPI150.png,cotton_736x552_DPI150,cotton,7787,speckle,0.01,True,0.000390625,0.9900964956830879,0.020005129520389842,7798.0,0.7472516542176036,211127.0,0.15611814345991562,474.0,0.02086230876216968,719.0,0.1834319526627219,845.0,0.1380956655552706,9.228402366863905,0.0,12.0,0.0,18.0,38.75,4.0,0.0,0.0,0.14419544442406854,1.2232383235491209,0.032659247135732164,10.208114687581485
test/masks_pixel_gt/Cotton_736x552_DPI150/GT_Cotton_T001_L046_2012.06.22_093429_AMC_DPI150.png,cotton_736x552_DPI150,cotton,7787,speckle,0.05,True,0.00205078125,0.9502223846950588,0.10477045396255451,7798.0,0.8855049330497757,211127.0,0.16455696202531644,474.0,0.022253129346314324,719.0,0.9692307692307692,845.0,0.4389837538471403,9.228402366863905,1.3333333333333333,12.0,0.1111111111111111,18.0,200.25,4.0,0.0,0.0,0.02083814615283545,1.2232383235491209,0.1589923458861168,10.208114687581485
test/masks_pixel_gt/Cotton_736x552_DPI150/GT_Cotton_T001_L046_2012.06.22_093429_AMC_DPI150.png,cotton_736x552_DPI150,cotton,7787,blob,0.01,True,0.046875,0.9891545633284708,0.021928699666581175,7798.0,0.0,211127.0,0.0,474.0,0.0,719.0,0.001183431952662722,845.0,0.02072074612087604,9.228402366863905,0.0,12.0,0.0,18.0,0.25,4.0,0.0,0.0,0.01624622658484128,1.2232383235491209,0.022495845856882867,10.208114687581485
test/masks_pixel_gt/Cotton_736x552_DPI150/GT_Cotton_T001_L046_2012.06.22_093429_AMC_DPI150.png,cotton_736x552_DPI150,cotton,7787,blob,0.05,True,0.1171875,0.9502223846950588,0.10477045396255451,7798.0,0.09706006337417762,211127.0,0.0,474.0,0.0,719.0,0.005917159763313609,845.0,0.09827180423336293,9.228402366863905,0.0,12.0,0.0,18.0,1.25,4.0,0.0,0.0,0.005063574020409956,1.2232383235491209,0.1252545833588453,10.208114687581485
test/masks_pixel_gt/Cotton_736x552_DPI150/GT_Cotton_T001_L075_2012.07.16_112107_AMC_DPI150.png,cotton_736x552_DPI150,cotton,17379,boundary_erode,0.01,True,-0.140625,0.9903104148534958,0.019193196184346627,17402.0,0.0033985207594613444,101809.0,0.0,276.0,0.0,732.0,0.02147239263803681,1304.0,0.039810756624915865,13.345092024539877,0.2,25.0,0.38333333333333336,60.0,0.0,2.0,0.0,0.0,0.0011132228704669714,1.4236527923038036,0.0071360207765605735,8.694536260241335
test/masks_pixel_gt/Cotton_736x552_DPI150/GT_Cotton_T001_L075_2012.07.16_112107_AMC_DPI150.png,cotton_736x552_DPI150,cotton,17379,boundary_erode,0.05,True,-0.703125,0.9496303002867059,0.09590851626249856,17402.0,0.013024388806490586,101809.0,0.0036231884057971015,276.0,0.00273224043715847,732.0,0.08665644171779141,1304.0,0.16800614340599726,13.345092024539877,1.12,25.0,1.3166666666666667,60.0,0.0,2.0,0.0,0.0,0.009235662668171787,1.4236527923038036,0.040329921454347994,8.694536260241335
test/masks_pixel_gt/Cotton_736x552_DPI150/GT_Cotton_T001_L075_2012.07.16_112107_AMC_DPI150.png,cotton_736x552_DPI150,cotton,17379,boundary_dilate,0.01,True,0.140625,0.9905228107123545,0.019135731525112058,17402.0,0.0049995579958549835,101809.0,0.0036231884057971015,276.0,0.0,732.0,0.1142638036809816,1304.0,0.08537302552735981,13.345092024539877,0.52,25.0,1.1,60.0,0.0,2.0,4.0,0.0,0.001201265363134249,1.4236527923038036,0.00791190816683352,8.694536260241335
test/masks_pixel_gt/Cotton_736x552_DPI150/GT_Cotton_T001_L075_2012.07.16_112107_AMC_DPI150.png,cotton_736x552_DPI150,cotton,17379,boundary_dilate,0.05,True,0.75,0.9514488791689448,0.10205723480059763,17402.0,0.014713826871887555,101809.0,0.007246376811594203,276.0,0.001366120218579235,732.0,0.06441717791411043,1304.0,0.035362128371743094,13.345092024539877,0.08,25.0,1.0333333333333334,60.0,0.5,2.0,8.0,0.0,0.011222252532741311,1.4236527923038036,0.035456184358842305,8.694536260241335
test/masks_pixel_gt/Cotton_736x552_DPI150/GT_Cotton_T001_L075_2012.07.16_112107_AMC_DPI150.png,cotton_736x552_DPI150,cotton,17379,junction_break,0.01,True,0.25,0.990427568602425,0.018963337547408345,17402.0,0.0,101809.0,0.0,276.0,0.0,732.0,0.147239263803681,1304.0,0.14487178620442542,13.345092024539877,0.04,25.0,0.9166666666666666,60.0,0.0,2.0,10.0,0.0,0.0008214923710223867,1.4236527923038036,0.006228875019263665,8.694536260241335
test/masks_pixel_gt/Cotton_736x552_DPI150/GT_Cotton_T001_L075_2012.07.16_112107_AMC_DPI150.png,cotton_736x552_DPI150,cotton,17379,junction_break,0.05,False,,,,,,,,,,,,,,,,,,,,,,,,,,
test/masks_pixel_gt/Cotton_736x552_DPI150/GT_Cotton_T001_L075_2012.07.16_112107_AMC_DPI150.png,cotton_736x552_DPI150,cotton,17379,thin_dropout,0.01,True,0.225,0.9910129297848901,0.01781404436271693,17402.0,0.02462454203459419,101809.0,0.014492753623188406,276.0,0.00273224043715847,732.0,0.04831288343558282,1304.0,0.03204712824417176,13.345092024539877,0.24,25.0,0.31666666666666665,60.0,0.5,2.0,0.0,0.0,0.0033235583457355707,1.4236527923038036,0.01687677281781381,8.694536260241335
test/masks_pixel_gt/Cotton_736x552_DPI150/GT_Cotton_T001_L075_2012.07.16_112107_AMC_DPI150.png,cotton_736x552_DPI150,cotton,17379,thin_dropout,0.05,True,0.3977272727272521,0.9697472026523001,0.058728881737731296,17402.0,0.027276566904694086,101809.0,0.021739130434782608,276.0,0.006830601092896175,732.0,0.09892638036809816,1304.0,0.0446106708204242,13.345092024539877,0.04,25.0,0.35,60.0,2.0,2.0,0.0,0.0,0.012306083635433637,1.4236527923038036,0.06432056917667003,8.694536260241335
test/masks_pixel_gt/Cotton_736x552_DPI150/GT_Cotton_T001_L075_2012.07.16_112107_AMC_DPI150.png,cotton_736x552_DPI150,cotton,17379,speckle,0.01,True,0.00078125,0.9913410048991683,0.017469256407309505,17402.0,2.866220078774961,101809.0,0.9963768115942029,276.0,0.00546448087431694,732.0,0.23236196319018404,1304.0,0.17437466686052785,13.345092024539877,0.0,25.0,0.0,60.0,150.5,2.0,0.0,0.0,0.14031673253171767,1.4236527923038036,0.027975539464032993,8.694536260241335
test/masks_pixel_gt/Cotton_736x552_DPI150/GT_Cotton_T001_L075_2012.07.16_112107_AMC_DPI150.png,cotton_736x552_DPI150,cotton,17379,speckle,0.05,True,0.004687500000000001,0.9502279738990362,0.10475807378462246,17402.0,2.9618992426995647,101809.0,1.0,276.0,0.004098360655737705,732.0,1.406441717791411,1304.0,0.540916339000909,13.345092024539877,1.92,25.0,0.35,60.0,894.0,2.0,1.0,0.0,0.006562379977273553,1.4236527923038036,0.15533507955062012,8.694536260241335
test/masks_pixel_gt/Cotton_736x552_DPI150/GT_Cotton_T001_L075_2012.07.16_112107_AMC_DPI150.png,cotton_736x552_DPI150,cotton,17379,blob,0.01,True,0.09375,0.9908330011956955,0.01850362027353178,17402.0,0.9137699024644187,101809.0,0.2898550724637681,276.0,0.00546448087431694,732.0,0.004601226993865031,1304.0,0.013838718195943109,13.345092024539877,0.08,25.0,0.0,60.0,2.0,2.0,0.0,0.0,0.02227251602757376,1.4236527923038036,0.025023358871945355,8.694536260241335
test/masks_pixel_gt/Cotton_736x552_DPI150/GT_Cotton_T001_L075_2012.07.16_112107_AMC_DPI150.png,cotton_736x552_DPI150,cotton,17379,blob,0.05,True,0.421875,0.9494503096270835,0.10648201356165958,17402.0,1.714926971092929,101809.0,0.7391304347826086,276.0,0.0,732.0,0.032208588957055216,1304.0,0.07195582888885899,13.345092024539877,0.4,25.0,0.08333333333333333,60.0,7.5,2.0,1.0,0.0,0.07655029686316488,1.4236527923038036,0.15779325459762364,8.694536260241335
test/masks_pixel_gt/Cotton_736x552_DPI150/GT_Cotton_T001_L078_2012.07.16_112113_AMC_DPI150.png,cotton_736x552_DPI150,cotton,4178,boundary_erode,0.01,True,-0.28125,0.9897231290049571,0.020344662517951174,4178.0,0.0013876040703052729,4324.0,0.0,76.0,0.0,134.0,0.28901734104046245,173.0,0.23999832563051812,24.15028901734104,1.25,4.0,1.0,7.0,0.0,1.0,0.0,0.0,0.0026595304845988326,1.5102093703382498,0.008334658873284361,56.70517095018354
test/masks_pixel_gt/Cotton_736x552_DPI150/GT_Cotton_T001_L078_2012.07.16_112113_AMC_DPI150.png,cotton_736x552_DPI150,cotton,4178,boundary_erode,0.05,True,-1.3125,0.950514945993469,0.09430349449497367,4178.0,0.07238667900092507,4324.0,0.02631578947368421,76.0,0.029850746268656716,134.0,0.023121387283236993,173.0,0.11477121213350533,24.15028901734104,0.25,4.0,0.2857142857142857,7.0,0.0,1.0,0.0,0.0,0.01363429379450938,1.5102093703382498,0.042489498050800455,56.70517095018354
test/masks_pixel_gt/Cotton_736x552_DPI150/GT_Cotton_T001_L078_2012.07.16_112113_AMC_DPI150.png,cotton_736x552_DPI150,cotton,4178,boundary_dilate,0.01,True,0.28125,0.9898128405591092,0.0205840114887506,4178.0,0.05851063829787234,4324.0,0.013157894736842105,76.0,0.007462686567164179,134.0,0.6589595375722543,173.0,0.3848047596252479,24.15028901734104,2.5,4.0,4.142857142857143,7.0,0.0,1.0,0.0,0.0,0.00381659940168505,1.5102093703382498,0.009851000822356985,56.70517095018354
test/masks_pixel_gt/Cotton_736x552_DPI150/GT_Cotton_T001_L078_2012.07.16_112113_AMC_DPI150.png,cotton_736x552_DPI150,cotton,4178,boundary_dilate,0.05,True,1.40625,0.9508420573509331,0.10339875538535184,4178.0,0.13876040703052728,4324.0,0.039473684210526314,76.0,0.022388059701492536,134.0,0.49710982658959535,173.0,0.2629807541248422,24.15028901734104,2.0,4.0,2.142857142857143,7.0,0.0,1.0,0.0,0.0,0.017059626672404314,1.5102093703382498,0.04502919667474033,56.70517095018354
test/masks_pixel_gt/Cotton_736x552_DPI150/GT_Cotton_T001_L078_2012.07.16_112113_AMC_DPI150.png,cotton_736x552_DPI150,cotton,4178,junction_break,0.01,True,0.75,0.9904554790382989,0.01890856869315462,4178.0,0.0,4324.0,0.0,76.0,0.0,134.0,0.3468208092485549,173.0,0.27155013898676283,24.15028901734104,0.0,4.0,1.8571428571428572,7.0,0.0,1.0,2.0,0.0,0.0010995342967631033,1.5102093703382498,0.0011797949280542342,56.70517095018354
test/masks_pixel_gt/Cotton_736x552_DPI150/GT_Cotton_T001_L078_2012.07.16_112113_AMC_DPI150.png,cotton_736x552_DPI150,cotton,4178,junction_break,0.05,False,,,,,,,,,,,,,,,,,,,,,,,,,,
test/masks_pixel_gt/Cotton_736x552_DPI150/GT_Cotton_T001_L078_2012.07.16_112113_AMC_DPI150.png,cotton_736x552_DPI150,cotton,4178,thin_dropout,0.01,True,0.09999999999977263,1.0,0.0,4178.0,0.0,4324.0,0.0,76.0,0.0,134.0,0.0,173.0,0.0,24.15028901734104,0.0,4.0,0.0,7.0,0.0,1.0,0.0,0.0,0.0,1.5102093703382498,0.0,56.70517095018354
test/masks_pixel_gt/Cotton_736x552_DPI150/GT_Cotton_T001_L078_2012.07.16_112113_AMC_DPI150.png,cotton_736x552_DPI150,cotton,4178,thin_dropout,0.05,True,0.30000000000013644,0.9220846233230134,0.14456677836285303,4178.0,0.09620721554116558,4324.0,0.21052631578947367,76.0,0.0,134.0,0.06358381502890173,173.0,0.08648180652329374,24.15028901734104,0.25,4.0,0.14285714285714285,7.0,0.0,1.0,0.0,0.0,0.012581658713621387,1.5102093703382498,0.08179549839897744,56.70517095018354
test/masks_pixel_gt/Cotton_736x552_DPI150/GT_Cotton_T001_L078_2012.07.16_112113_AMC_DPI150.png,cotton_736x552_DPI150,cotton,4178,speckle,0.01,True,0.0001953125,0.9906342620035566,0.01890856869315462,4178.0,77.16697502312674,4324.0,6.184210526315789,76.0,4.358208955223881,134.0,0.4682080924855491,173.0,0.3060189669924577,24.15028901734104,0.25,4.0,0.14285714285714285,7.0,78.0,1.0,0.0,0.0,0.4379849265157969,1.5102093703382498,0.03592394845178818,56.70517095018354
test/masks_pixel_gt/Cotton_736x552_DPI150/GT_Cotton_T001_L078_2012.07.16_112113_AMC_DPI150.png,cotton_736x552_DPI150,cotton,4178,speckle,0.05,True,0.00107421875,0.9508420573509331,0.10339875538535184,4178.0,90.8309435707678,4324.0,6.2368421052631575,76.0,4.470149253731344,134.0,2.4971098265895955,173.0,0.6844826699476597,24.15028901734104,0.0,4.0,0.0,7.0,432.0,1.0,0.0,0.0,0.3487070298349552,1.5102093703382498,0.17502117031106884,56.70517095018354
test/masks_pixel_gt/Cotton_736x552_DPI150/GT_Cotton_T001_L078_2012.07.16_112113_AMC_DPI150.png,cotton_736x552_DPI150,cotton,4178,blob,0.01,True,1.3642420526593924e-12,0.9824808935920047,0.03566299664911441,4178.0,4.046716003700277,4324.0,3.263157894736842,76.0,0.7611940298507462,134.0,0.005780346820809248,173.0,0.029710910461475764,24.15028901734104,0.0,4.0,0.0,7.0,1.0,1.0,0.0,0.0,0.07625324004675658,1.5102093703382498,0.06886405194075745,56.70517095018354
test/masks_pixel_gt/Cotton_736x552_DPI150/GT_Cotton_T001_L078_2012.07.16_112113_AMC_DPI150.png,cotton_736x552_DPI150,cotton,4178,blob,0.05,True,0.1640625,0.9492218561853913,0.10698898994734322,4178.0,37.83163737280296,4324.0,5.407894736842105,76.0,4.41044776119403,134.0,0.09248554913294797,173.0,0.013275636301007282,24.15028901734104,1.5,4.0,0.0,7.0,7.0,1.0,0.0,0.0,0.1978742967865435,1.5102093703382498,0.15098225133755513,56.70517095018354
test/masks_pixel_gt/Cotton_736x552_DPI150/GT_Cotton_T002_L024_2012.08.06_131832_AMC_DPI150.png,cotton_736x552_DPI150,cotton,6717,boundary_erode,0.01,True,-0.09375,0.9891214644759547,0.021522933056256494,6737.0,0.000517464424320828,65705.0,0.0,280.0,0.0014084507042253522,710.0,0.016476552598225603,789.0,0.03738353389200304,8.538656527249683,0.1,10.0,0.125,24.0,0.0,1.0,0.0,0.0,0.0012576192336593822,1.262448914712964,0.0104793746892612,14.314070251426182
test/masks_pixel_gt/Cotton_736x552_DPI150/GT_Cotton_T002_L024_2012.08.06_131832_AMC_DPI150.png,cotton_736x552_DPI150,cotton,6717,boundary_erode,0.05,True,-0.421875,0.949149898611761,0.09677898174261541,6737.0,0.00161327144052964,65705.0,0.0,280.0,0.0,710.0,0.07731305449936629,789.0,0.16159837246461595,8.538656527249683,1.1,10.0,1.7916666666666667,24.0,1.0,1.0,0.0,0.0,0.005451736393726467,1.262448914712964,0.04026978813620789,14.314070251426182
test/masks_pixel_gt/Cotton_736x552_DPI150/GT_Cotton_T002_L024_2012.08.06_131832_AMC_DPI150.png,cotton_736x552_DPI150,cotton,6717,boundary_dilate,0.01,True,0.09375,0.9894257600234984,0.02137449903517886,6737.0,0.007198843314816224,65705.0,0.0035714285714285713,280.0,0.0,710.0,0.053231939163498096,789.0,0.030247316800534278,8.538656527249683,1.4,10.0,2.0,24.0,0.0,1.0,1.0,0.0,0.005996045159063743,1.262448914712964,0.009351623203171523,14.314070251426182
test/masks_pixel_gt/Cotton_736x552_DPI150/GT_Cotton_T002_L024_2012.08.06_131832_AMC_DPI150.png,cotton_736x552_DPI150,cotton,6717,boundary_dilate,0.05,True,0.46875,0.949207467418105,0.10702092919697194,6737.0,0.01935925728635568,65705.0,0.007142857142857143,280.0,0.0,710.0,0.1444866920152091,789.0,0.03273586585115083,8.538656527249683,1.0,10.0,4.166666666666667,24.0,0.0,1.0,11.0,0.0,0.021454655476836653,1.262448914712964,0.040264494838340804,14.314070251426182
test/masks_pixel_gt/Cotton_736x552_DPI150/GT_Cotton_T002_L024_2012.08.06_131832_AMC_DPI150.png,cotton_736x552_DPI150,cotton,6717,junction_break,0.01,True,0.25,0.9913915712253911,0.017069912423927563,6737.0,0.006087816756715623,65705.0,0.007142857142857143,280.0,0.005633802816901409,710.0,0.057034220532319393,789.0,0.07010570851616169,8.538656527249683,0.1,10.0,0.5416666666666666,24.0,0.0,1.0,3.0,0.0,0.0011968400099481445,1.262448914712964,0.008562968303409586,14.314070251426182
test/masks_pixel_gt/Cotton_736x552_DPI150/GT_Cotton_T002_L024_2012.08.06_131832_AMC_DPI150.png,cotton_736x552_DPI150,cotton,6717,junction_break,0.05,False,,,,,,,,,,,,,,,,,,,,,,,,,,
test/masks_pixel_gt/Cotton_736x552_DPI150/GT_Cotton_T002_L024_2012.08.06_131832_AMC_DPI150.png,cotton_736x552_DPI150,cotton,6717,thin_dropout,0.01,True,0.1470588235294144,0.8171363357036256,0.3091880659047054,6737.0,0.010760216117494864,65705.0,0.007142857142857143,280.0,0.0014084507042253522,710.0,0.4816223067173637,789.0,0.3326420929124387,8.538656527249683,0.0,10.0,0.3333333333333333,24.0,1.0,1.0,0.0,0.0,0.04165625194312367,1.262448914712964,0.8215405246528724,14.314070251426182
test/masks_pixel_gt/Cotton_736x552_DPI150/GT_Cotton_T002_L024_2012.08.06_131832_AMC_DPI150.png,cotton_736x552_DPI150,cotton,6717,thin_dropout,0.05,True,0.1470588235294144,0.8171363357036256,0.3091880659047054,6737.0,0.010760216117494864,65705.0,0.007142857142857143,280.0,0.0014084507042253522,710.0,0.4816223067173637,789.0,0.3326420929124387,8.538656527249683,0.0,10.0,0.3333333333333333,24.0,1.0,1.0,0.0,0.0,0.04165625194312367,1.262448914712964,0.8215405246528724,14.314070251426182
test/masks_pixel_gt/Cotton_736x552_DPI150/GT_Cotton_T002_L024_2012.08.06_131832_AMC_DPI150.png,cotton_736x552_DPI150,cotton,6717,speckle,0.01,True,0.000390625,0.9885546588407924,0.023155707288110436,6737.0,4.824320827943079,65705.0,0.9714285714285714,280.0,0.035211267605633804,710.0,0.19771863117870722,789.0,0.14574618724833957,8.538656527249683,0.0,10.0,0.0,24.0,156.0,1.0,0.0,0.0,0.19358358063675338,1.262448914712964,0.0388056204521952,14.314070251426182
test/masks_pixel_gt/Cotton_736x552_DPI150/GT_Cotton_T002_L024_2012.08.06_131832_AMC_DPI150.png,cotton_736x552_DPI150,cotton,6717,speckle,0.05,True,0.0017578125,0.9504796839729119,0.10420068279649695,6737.0,5.074088729929229,65705.0,0.9714285714285714,280.0,0.035211267605633804,710.0,0.8910012674271229,789.0,0.41607618047826,8.538656527249683,1.7,10.0,0.125,24.0,691.0,1.0,0.0,0.0,0.0885507016697445,1.262448914712964,0.15861029611857339,14.314070251426182
test/masks_pixel_gt/Cotton_736x552_DPI150/GT_Cotton_T002_L024_2012.08.06_131832_AMC_DPI150.png,cotton_736x552_DPI150,cotton,6717,blob,0.01,True,0.037500000000818545,0.9809260337798485,0.03888971352233932,6737.0,0.27509321969408723,65705.0,0.0,280.0,0.0,710.0,0.0025348542458808617,789.0,0.03626293801406538,8.538656527249683,0.0,10.0,0.0,24.0,2.0,1.0,0.0,0.0,0.0016205492291737223,1.262448914712964,0.03732529398063528,14.314070251426182
test/masks_pixel_gt/Cotton_736x552_DPI150/GT_Cotton_T002_L024_2012.08.06_131832_AMC_DPI150.png,cotton_736x552_DPI150,cotton,6717,blob,0.05,True,0.1875,0.9500775631081653,0.10509128692296274,6737.0,2.5469142378814396,65705.0,0.7392857142857143,280.0,0.035211267605633804,710.0,0.025348542458808618,789.0,0.07777135399532455,8.538656527249683,0.6,10.0,0.0,24.0,8.0,1.0,0.0,0.0,0.06820070055211797,1.262448914712964,0.14199933346075427,14.314070251426182
test/masks_pixel_gt/Cotton_736x552_DPI150/GT_Cotton_T002_L043_2012.08.06_131914_AMC_DPI150.png,cotton_736x552_DPI150,cotton,19938,boundary_erode,0.01,True,-0.1171875,0.9893681652490887,0.021039975954313193,19962.0,0.07833946709848373,339650.0,0.016304347826086956,552.0,0.0013966480446927375,716.0,0.02209051724137931,1856.0,0.04219831068592795,10.755387931034482,0.48148148148148145,27.0,0.5769230769230769,52.0,0.3333333333333333,6.0,0.0,0.0,0.001348729613247534,1.3519977973905375,0.006623143608377747,5.634598725749901
test/masks_pixel_gt/Cotton_736x552_DPI150/GT_Cotton_T002_L043_2012.08.06_131914_AMC_DPI150.png,cotton_736x552_DPI150,cotton,19938,boundary_erode,0.05,True,-0.5390625,0.9492025056587883,0.09668369902815349,19962.0,0.08195200942146327,339650.0,0.016304347826086956,552.0,0.0013966480446927375,716.0,0.11853448275862069,1856.0,0.1924108600174628,10.755387931034482,2.111111111111111,27.0,3.1153846153846154,52.0,1.3333333333333333,6.0,0.0,0.0,0.007856595327488369,1.3519977973905375,0.03283310414531986,5.634598725749901
test/masks_pixel_gt/Cotton_736x552_DPI150/GT_Cotton_T002_L043_2012.08.06_131914_AMC_DPI150.png,cotton_736x552_DPI150,cotton,19938,boundary_dilate,0.01,True,0.1171875,0.9895404748921827,0.0211401663160004,19962.0,0.0010775798616222583,339650.0,0.0,552.0,0.0,716.0,0.08459051724137931,1856.0,0.058501664837309154,10.755387931034482,1.2592592592592593,27.0,1.6730769230769231,52.0,0.0,6.0,3.0,0.0,0.005924293939222865,1.3519977973905375,0.006656053966859076,5.634598725749901
test/masks_pixel_gt/Cotton_736x552_DPI150/GT_Cotton_T002_L043_2012.08.06_131914_AMC_DPI150.png,cotton_736x552_DPI150,cotton,19938,boundary_dilate,0.05,True,0.5859375,0.9498251373920491,0.1056507363991584,19962.0,0.0026056234358898867,339650.0,0.0,552.0,0.0013966480446927375,716.0,0.12661637931034483,1856.0,0.0186093894037121,10.755387931034482,1.3703703703703705,27.0,2.9615384615384617,52.0,0.0,6.0,7.0,0.0,0.017835514201469237,1.3519977973905375,0.03158089610637391,5.634598725749901
test/masks_pixel_gt/Cotton_736x552_DPI150/GT_Cotton_T002_L043_2012.08.06_131914_AMC_DPI150.png,cotton_736x552_DPI150,cotton,19938,junction_break,0.01,True,0.3125,0.990798786653185,0.018234645827071436,19962.0,0.0,339650.0,0.0,552.0,0.0,716.0,0.07435344827586207,1856.0,0.08618029220413471,10.755387931034482,0.0,27.0,0.7692307692307693,52.0,1.0,6.0,8.0,0.0,0.0008578411081859092,1.3519977973905375,0.00022533373053298575,5.634598725749901
test/masks_pixel_gt/Cotton_736x552_DPI150/GT_Cotton_T002_L043_2012.08.06_131914_AMC_DPI150.png,cotton_736x552_DPI150,cotton,19938,junction_break,0.05,False,,,,,,,,,,,,,,,,,,,,,,,,,,
test/masks_pixel_gt/Cotton_736x552_DPI150/GT_Cotton_T002_L043_2012.08.06_131914_AMC_DPI150.png,cotton_736x552_DPI150,cotton,19938,thin_dropout,0.01,True,0.3375,0.9900584351521591,0.019687406071535917,19962.0,0.08175180332695421,339650.0,0.014492753623188406,552.0,0.002793296089385475,716.0,0.05549568965517242,1856.0,0.037912250046337366,10.755387931034482,0.1111111111111111,27.0,0.4423076923076923,52.0,0.16666666666666666,6.0,0.0,0.0,0.004297411164363744,1.3519977973905375,0.014481322421135602,5.634598725749901
test/masks_pixel_gt/Cotton_736x552_DPI150/GT_Cotton_T002_L043_2012.08.06_131914_AMC_DPI150.png,cotton_736x552_DPI150,cotton,19938,thin_dropout,0.05,True,0.5568181818181528,0.963443763630699,0.07053401462779281,19962.0,0.0853849551008391,339650.0,0.019927536231884056,552.0,0.002793296089385475,716.0,0.12122844827586207,1856.0,0.05768784111024925,10.755387931034482,0.2222222222222222,27.0,0.75,52.0,0.3333333333333333,6.0,0.0,0.0,0.01302563310184708,1.3519977973905375,0.0745322062094593,5.634598725749901
test/masks_pixel_gt/Cotton_736x552_DPI150/GT_Cotton_T002_L043_2012.08.06_131914_AMC_DPI150.png,cotton_736x552_DPI150,cotton,19938,speckle,0.01,True,0.0011718750000000002,0.9887807415112564,0.02269311692215209,19962.0,0.16196084204327985,339650.0,0.0,552.0,0.023743016759776536,716.0,0.24515086206896552,1856.0,0.17865927087515612,10.755387931034482,0.25925925925925924,27.0,0.057692307692307696,52.0,74.5,6.0,0.0,0.0,0.039278968153312596,1.3519977973905375,0.035873795622665273,5.634598725749901
test/masks_pixel_gt/Cotton_736x552_DPI150/GT_Cotton_T002_L043_2012.08.06_131914_AMC_DPI150.png,cotton_736x552_DPI150,cotton,19938,speckle,0.05,True,0.0054687500000000005,0.9497347574755572,0.10585111712253281,19962.0,0.18455468865008096,339650.0,0.0,552.0,0.025139664804469275,716.0,1.1438577586206897,1856.0,0.4841770109626989,10.755387931034482,3.814814814814815,27.0,0.5,52.0,338.8333333333333,6.0,0.0,0.0,0.08216407079625655,1.3519977973905375,0.14692158550315926,5.634598725749901
test/masks_pixel_gt/Cotton_736x552_DPI150/GT_Cotton_T002_L043_2012.08.06_131914_AMC_DPI150.png,cotton_736x552_DPI150,cotton,19938,blob,0.01,True,0.1171875,0.9912356928271718,0.017683598837791803,19962.0,0.0,339650.0,0.0,552.0,0.0,716.0,0.004310344827586207,1856.0,0.013315858070247719,10.755387931034482,0.07407407407407407,27.0,0.0,52.0,0.8333333333333334,6.0,0.0,0.0,0.005019622099351996,1.3519977973905375,0.02315997413817764,5.634598725749901
test/masks_pixel_gt/Cotton_736x552_DPI150/GT_Cotton_T002_L043_2012.08.06_131914_AMC_DPI150.png,cotton_736x552_DPI150,cotton,19938,blob,0.05,True,0.4921875,0.9495088829167361,0.10635206893096884,19962.0,0.1455027233917268,339650.0,0.0,552.0,0.0013966480446927375,716.0,0.023168103448275863,1856.0,0.08130038964501231,10.755387931034482,0.37037037037037035,27.0,0.0,52.0,3.3333333333333335,6.0,0.0,0.0,0.011627624378272071,1.3519977973905375,0.12507438608226706,5.634598725749901
test/masks_pixel_gt/Cotton_736x552_DPI150/GT_Cotton_T002_L048_2012.08.06_131925_AMC_DPI150.png,cotton_736x552_DPI150,cotton,4481,boundary_erode,0.01,True,-0.1171875,0.9894096439837765,0.020958751393534,4485.0,6.572893387669252e-05,15214.0,0.0,287.0,0.0,151.0,0.03908045977011494,435.0,0.05778109923935229,10.310344827586206,0.3333333333333333,9.0,0.18181818181818182,22.0,0.0,1.0,0.0,0.0,0.0012888361801490808,1.3823629704433675,0.0026994332170227706,27.172530759082175
test/masks_pixel_gt/Cotton_736x552_DPI150/GT_Cotton_T002_L048_2012.08.06_131925_AMC_DPI150.png,cotton_736x552_DPI150,cotton,4481,boundary_erode,0.05,True,-0.515625,0.9514903565166569,0.09253065774804906,4485.0,0.012159852767188116,15214.0,0.003484320557491289,287.0,0.013245033112582781,151.0,0.12873563218390804,435.0,0.19603021613116356,10.310344827586206,1.4444444444444444,9.0,2.1818181818181817,22.0,0.0,1.0,0.0,0.0,0.011306518021658472,1.3823629704433675,0.013322733147506824,27.172530759082175
test/masks_pixel_gt/Cotton_736x552_DPI150/GT_Cotton_T002_L048_2012.08.06_131925_AMC_DPI150.png,cotton_736x552_DPI150,cotton,4481,boundary_dilate,0.01,True,0.1171875,0.9895201323772752,0.021181716833890748,4485.0,0.004469567503615091,15214.0,0.0,287.0,0.0,151.0,0.11724137931034483,435.0,0.08597932752522117,10.310344827586206,1.0,9.0,1.5,22.0,0.0,1.0,1.0,0.0,0.002930326876345397,1.3823629704433675,0.002665741483314369,27.172530759082175
test/masks_pixel_gt/Cotton_736x552_DPI150/GT_Cotton_T002_L048_2012.08.06_131925_AMC_DPI150.png,cotton_736x552_DPI150,cotton,4481,boundary_dilate,0.05,True,0.5859375,0.9499099862331886,0.10546265328874024,4485.0,0.036216642566057576,15214.0,0.006968641114982578,287.0,0.0,151.0,0.19540229885057472,435.0,0.07523797272961141,10.310344827586206,1.3333333333333333,9.0,2.5,22.0,0.0,1.0,4.0,0.0,0.01876604703042848,1.3823629704433675,0.014066297991151909,27.172530759082175
test/masks_pixel_gt/Cotton_736x552_DPI150/GT_Cotton_T002_L048_2012.08.06_131925_AMC_DPI150.png,cotton_736x552_DPI150,cotton,4481,junction_break,0.01,True,0.125,0.9902060114826072,0.01939799331103679,4485.0,0.0,15214.0,0.0,287.0,0.0,151.0,0.08275862068965517,435.0,0.09434846515987469,10.310344827586206,0.1111111111111111,9.0,0.5,22.0,0.0,1.0,2.0,0.0,0.0007346653129785477,1.3823629704433675,0.004606107476001344,27.172530759082175
test/masks_pixel_gt/Cotton_736x552_DPI150/GT_Cotton_T002_L048_2012.08.06_131925_AMC_DPI150.png,cotton_736x552_DPI150,cotton,4481,junction_break,0.05,False,,,,,,,,,,,,,,,,,,,,,,,,,,
test/masks_pixel_gt/Cotton_736x552_DPI150/GT_Cotton_T002_L048_2012.08.06_131925_AMC_DPI150.png,cotton_736x552_DPI150,cotton,4481,thin_dropout,0.01,True,0.30000000000013644,0.9836845683208701,0.032107023411371234,4485.0,0.015051925857762587,15214.0,0.017421602787456445,287.0,0.019867549668874173,151.0,0.06896551724137931,435.0,0.039588752632230925,10.310344827586206,0.4444444444444444,9.0,0.5454545454545454,22.0,0.0,1.0,0.0,0.0,0.0038047411182520053,1.3823629704433675,0.001028449621428083,27.172530759082175
test/masks_pixel_gt/Cotton_736x552_DPI150/GT_Cotton_T002_L048_2012.08.06_131925_AMC_DPI150.png,cotton_736x552_DPI150,cotton,4481,thin_dropout,0.05,True,0.36666666666665154,0.9836845683208701,0.032107023411371234,4485.0,0.015051925857762587,15214.0,0.017421602787456445,287.0,0.019867549668874173,151.0,0.06896551724137931,435.0,0.039588752632230925,10.310344827586206,0.4444444444444444,9.0,0.5454545454545454,22.0,0.0,1.0,0.0,0.0,0.0038047411182520053,1.3823629704433675,0.001028449621428083,27.172530759082175
test/masks_pixel_gt/Cotton_736x552_DPI150/GT_Cotton_T002_L048_2012.08.06_131925_AMC_DPI150.png,cotton_736x552_DPI150,cotton,4481,speckle,0.01,True,0.0001953125,0.9913793103448276,0.017391304347826087,4485.0,23.690679637176284,15214.0,0.9024390243902439,287.0,3.8609271523178808,151.0,0.1793103448275862,435.0,0.13729977116704795,10.310344827586206,0.0,9.0,0.0,22.0,78.0,1.0,0.0,0.0,0.3489590586004236,1.3823629704433675,0.03236241127763976,27.172530759082175
test/masks_pixel_gt/Cotton_736x552_DPI150/GT_Cotton_T002_L048_2012.08.06_131925_AMC_DPI150.png,cotton_736x552_DPI150,cotton,4481,speckle,0.05,True,0.0011718750000000002,0.9501112170320941,0.10501672240802676,4485.0,24.78677533850401,15214.0,0.9233449477351916,287.0,3.8675496688741724,151.0,1.0919540229885059,435.0,0.471777720607152,10.310344827586206,0.3333333333333333,9.0,0.13636363636363635,22.0,469.0,1.0,0.0,0.0,0.2572271378508061,1.3823629704433675,0.17849872236050965,27.172530759082175
test/masks_pixel_gt/Cotton_736x552_DPI150/GT_Cotton_T002_L048_2012.08.06_131925_AMC_DPI150.png,cotton_736x552_DPI150,cotton,4481,blob,0.01,True,1.3642420526593924e-12,0.9785098723682775,0.04392419175027871,4485.0,3.7337320888655188,15214.0,0.7560975609756098,287.0,1.4172185430463575,151.0,0.0022988505747126436,435.0,0.041529870209567096,10.310344827586206,0.0,9.0,0.0,22.0,1.0,1.0,0.0,0.0,0.051277014287304704,1.3823629704433675,0.0751055585030787,27.172530759082175
test/masks_pixel_gt/Cotton_736x552_DPI150/GT_Cotton_T002_L048_2012.08.06_131925_AMC_DPI150.png,cotton_736x552_DPI150,cotton,4481,blob,0.05,True,0.08750000000009095,0.9464021945558134,0.11326644370122631,4485.0,7.440055212304457,15214.0,0.10801393728222997,287.0,3.172185430463576,151.0,0.009195402298850575,435.0,0.10312278589984837,10.310344827586206,0.0,9.0,0.0,22.0,4.0,1.0,0.0,0.0,0.13283911022536998,1.3823629704433675,0.1848567894522137,27.172530759082175
test/masks_pixel_gt/Cotton_736x552_DPI150/GT_Cotton_T013_L038_2012.08.06_150430_AMC_DPI150.png,cotton_736x552_DPI150,cotton,39285,boundary_erode,0.01,True,-0.28125,0.9894038372511702,0.020970122665037918,39294.0,0.002303689279590589,266529.0,0.0,552.0,0.0,722.0,0.13633398564905413,1533.0,0.13843122735103514,25.632093933463796,1.5625,16.0,1.542857142857143,35.0,0.3333333333333333,3.0,0.0,0.0,0.00142403998578517,1.5708995465359685,0.019751494956376067,6.812908577267652
test/masks_pixel_gt/Cotton_736x552_DPI150/GT_Cotton_T013_L038_2012.08.06_150430_AMC_DPI150.png,cotton_736x552_DPI150,cotton,39285,boundary_erode,0.05,True,-1.3125,0.9488383291200193,0.09734310581768209,39294.0,0.017941762434856994,266529.0,0.0036231884057971015,552.0,0.004155124653739612,722.0,0.12198303979125896,1533.0,0.19548080303401552,25.632093933463796,2.1875,16.0,2.0285714285714285,35.0,3.0,3.0,0.0,0.0,0.010907332617051773,1.5708995465359685,0.09828855192308103,6.812908577267652
test/masks_pixel_gt/Cotton_736x552_DPI150/GT_Cotton_T013_L038_2012.08.06_150430_AMC_DPI150.png,cotton_736x552_DPI150,cotton,39285,boundary_dilate,0.01,True,0.28125,0.9903969754253308,0.019392273629561765,39294.0,0.004213425180749562,266529.0,0.0,552.0,0.0013850415512465374,722.0,0.33529028049575993,1533.0,0.23657627969022071,25.632093933463796,2.4375,16.0,3.8,35.0,0.0,3.0,3.0,0.0,0.000856647724708594,1.5708995465359685,0.018286727485343168,6.812908577267652
test/masks_pixel_gt/Cotton_736x552_DPI150/GT_Cotton_T013_L038_2012.08.06_150430_AMC_DPI150.png,cotton_736x552_DPI150,cotton,39285,boundary_dilate,0.05,True,1.5,0.9510025775379067,0.10304372168778948,39294.0,0.009027160271490156,266529.0,0.0,552.0,0.0013850415512465374,722.0,0.3476842791911285,1533.0,0.18152660922198388,25.632093933463796,2.6875,16.0,4.485714285714286,35.0,0.0,3.0,5.0,0.0,0.010910157455318181,1.5708995465359685,0.08520101168533833,6.812908577267652
test/masks_pixel_gt/Cotton_736x552_DPI150/GT_Cotton_T013_L038_2012.08.06_150430_AMC_DPI150.png,cotton_736x552_DPI150,cotton,39285,junction_break,0.01,False,,,,,,,,,,,,,,,,,,,,,,,,,,
test/masks_pixel_gt/Cotton_736x552_DPI150/GT_Cotton_T013_L038_2012.08.06_150430_AMC_DPI150.png,cotton_736x552_DPI150,cotton,39285,junction_break,0.05,False,,,,,,,,,,,,,,,,,,,,,,,,,,
test/masks_pixel_gt/Cotton_736x552_DPI150/GT_Cotton_T013_L038_2012.08.06_150430_AMC_DPI150.png,cotton_736x552_DPI150,cotton,39285,thin_dropout,0.01,True,0.30000000000013644,0.9749569572703083,0.048862421743777674,39294.0,0.016564801578815062,266529.0,0.0,552.0,0.002770083102493075,722.0,0.16307893020221786,1533.0,0.13647225835291407,25.632093933463796,0.0625,16.0,0.2571428571428571,35.0,0.0,3.0,0.0,0.0,0.017561387167836583,1.5708995465359685,0.09699086772031851,6.812908577267652
test/masks_pixel_gt/Cotton_736x552_DPI150/GT_Cotton_T013_L038_2012.08.06_150430_AMC_DPI150.png,cotton_736x552_DPI150,cotton,39285,thin_dropout,0.05,True,0.478125,0.9493301959945453,0.09645238458797781,39294.0,0.19203914020613141,266529.0,0.0,552.0,0.002770083102493075,722.0,0.2713633398564905,1533.0,0.24005236743655325,25.632093933463796,0.25,16.0,0.4857142857142857,35.0,0.0,3.0,0.0,0.0,0.023520020415657684,1.5708995465359685,0.1903193589535639,6.812908577267652
test/masks_pixel_gt/Cotton_736x552_DPI150/GT_Cotton_T013_L038_2012.08.06_150430_AMC_DPI150.png,cotton_736x552_DPI150,cotton,39285,speckle,0.01,True,0.0023437500000000003,0.9891753096364918,0.02188629307273375,39294.0,0.5083461837173441,266529.0,0.0,552.0,0.019390581717451522,722.0,0.5622961513372472,1533.0,0.34590743746116875,25.632093933463796,0.8125,16.0,0.02857142857142857,35.0,283.3333333333333,3.0,0.0,0.0,0.07061980932571564,1.5708995465359685,0.04029630246888491,6.812908577267652
test/masks_pixel_gt/Cotton_736x552_DPI150/GT_Cotton_T013_L038_2012.08.06_150430_AMC_DPI150.png,cotton_736x552_DPI150,cotton,39285,speckle,0.05,True,0.010937500000000001,0.9514055349749401,0.1021530004580852,39294.0,0.5197220565116741,266529.0,0.0,552.0,0.019390581717451522,722.0,2.690150032615786,1533.0,0.7013256938832871,25.632093933463796,20.5,16.0,1.4,35.0,1260.3333333333333,3.0,0.0,0.0,0.03628706980817547,1.5708995465359685,0.16815501429659052,6.812908577267652
test/masks_pixel_gt/Cotton_736x552_DPI150/GT_Cotton_T013_L038_2012.08.06_150430_AMC_DPI150.png,cotton_736x552_DPI150,cotton,39285,blob,0.01,True,0.1875,0.9913589746824265,0.01743268692421235,39294.0,0.3108104558978573,266529.0,0.0,552.0,0.019390581717451522,722.0,0.01761252446183953,1533.0,0.00017672496486048126,25.632093933463796,0.375,16.0,0.0,35.0,2.6666666666666665,3.0,0.0,0.0,0.044600630222401495,1.5708995465359685,0.026145675951172193,6.812908577267652
test/masks_pixel_gt/Cotton_736x552_DPI150/GT_Cotton_T013_L038_2012.08.06_150430_AMC_DPI150.png,cotton_736x552_DPI150,cotton,39285,blob,0.05,True,1.03125,0.9510025775379067,0.10304372168778948,39294.0,0.2889179038678718,266529.0,0.0,552.0,0.019390581717451522,722.0,0.04500978473581213,1533.0,0.05553434790722933,25.632093933463796,0.6875,16.0,0.08571428571428572,35.0,11.666666666666666,3.0,0.0,0.0,0.06335925127488198,1.5708995465359685,0.16690174989697457,6.812908577267652
test/masks_pixel_gt/Cotton_736x552_DPI150/GT_Cotton_T013_L039_2012.07.16_133118_AMC_DPI150.png,cotton_736x552_DPI150,cotton,4226,boundary_erode,0.01,True,-0.1171875,0.9900824471262994,0.019640321817321345,4226.0,0.00030890416248358944,12949.0,0.0,120.0,0.0,328.0,0.03361344537815126,357.0,0.05152193736797754,11.837535014005603,0.2857142857142857,7.0,0.8,10.0,0.0,1.0,0.0,0.0,0.0017321351986838008,1.3837733238806993,0.005037370620901313,27.265698893032862
test/masks_pixel_gt/Cotton_736x552_DPI150/GT_Cotton_T013_L039_2012.07.16_133118_AMC_DPI150.png,cotton_736x552_DPI150,cotton,4226,boundary_erode,0.05,True,-0.5625,0.9505835609634964,0.09417889256980597,4226.0,0.03073596416711715,12949.0,0.008333333333333333,120.0,0.006097560975609756,328.0,0.05042016806722689,357.0,0.1376583057264553,11.837535014005603,0.42857142857142855,7.0,1.5,10.0,0.0,1.0,0.0,0.0,0.010563738819933602,1.3837733238806993,0.02467444689876368,27.265698893032862
test/masks_pixel_gt/Cotton_736x552_DPI150/GT_Cotton_T013_L039_2012.07.16_133118_AMC_DPI150.png,cotton_736x552_DPI150,cotton,4226,boundary_dilate,0.01,True,0.1171875,0.9902753368482718,0.019640321817321345,4226.0,0.017375859139701907,12949.0,0.008333333333333333,120.0,0.003048780487804878,328.0,0.047619047619047616,357.0,0.026706965538011485,11.837535014005603,0.2857142857142857,7.0,1.2,10.0,0.0,1.0,2.0,0.0,0.002478817796808662,1.3837733238806993,0.005978589265023181,27.265698893032862
test/masks_pixel_gt/Cotton_736x552_DPI150/GT_Cotton_T013_L039_2012.07.16_133118_AMC_DPI150.png,cotton_736x552_DPI150,cotton,4226,boundary_dilate,0.05,True,0.6328125,0.9497696370378694,0.10577378135352579,4226.0,0.046567302494401115,12949.0,0.016666666666666666,120.0,0.0,328.0,0.1092436974789916,357.0,0.003128181961594249,11.837535014005603,0.42857142857142855,7.0,3.6,10.0,0.0,1.0,5.0,0.0,0.018583259641721587,1.3837733238806993,0.023121038077176463,27.265698893032862
test/masks_pixel_gt/Cotton_736x552_DPI150/GT_Cotton_T013_L039_2012.07.16_133118_AMC_DPI150.png,cotton_736x552_DPI150,cotton,4226,junction_break,0.01,True,0.375,0.9886322843125523,0.022479886417415995,4226.0,0.0,12949.0,0.0,120.0,0.0,328.0,0.08683473389355742,357.0,0.10058072023458123,11.837535014005603,0.14285714285714285,7.0,1.2,10.0,0.0,1.0,1.0,0.0,0.0011093000357316623,1.3837733238806993,0.00893149191633607,27.265698893032862
test/masks_pixel_gt/Cotton_736x552_DPI150/GT_Cotton_T013_L039_2012.07.16_133118_AMC_DPI150.png,cotton_736x552_DPI150,cotton,4226,junction_break,0.05,False,,,,,,,,,,,,,,,,,,,,,,,,,,
test/masks_pixel_gt/Cotton_736x552_DPI150/GT_Cotton_T013_L039_2012.07.16_133118_AMC_DPI150.png,cotton_736x552_DPI150,cotton,4226,thin_dropout,0.01,True,0.3375,0.989961759082218,0.019876952200662566,4226.0,0.0009267124874507684,12949.0,0.0,120.0,0.0,328.0,0.07282913165266107,357.0,0.05711156514913431,11.837535014005603,0.14285714285714285,7.0,0.8,10.0,1.0,1.0,0.0,0.0,0.002887591208056575,1.3837733238806993,0.015466460787761167,27.265698893032862
test/masks_pixel_gt/Cotton_736x552_DPI150/GT_Cotton_T013_L039_2012.07.16_133118_AMC_DPI150.png,cotton_736x552_DPI150,cotton,4226,thin_dropout,0.05,True,0.4999999999996817,0.9810729355033152,0.0371509701845717,4226.0,0.0016989728936597421,12949.0,0.0,120.0,0.0,328.0,0.09803921568627451,357.0,0.06750653305623563,11.837535014005603,0.2857142857142857,7.0,0.9,10.0,1.0,1.0,0.0,0.0,0.006116326842548329,1.3837733238806993,0.011251910260576899,27.265698893032862
test/masks_pixel_gt/Cotton_736x552_DPI150/GT_Cotton_T013_L039_2012.07.16_133118_AMC_DPI150.png,cotton_736x552_DPI150,cotton,4226,speckle,0.01,True,0.0001953125,0.9907396553745165,0.01869380028395646,4226.0,27.69626998223801,12949.0,3.6,120.0,1.204268292682927,328.0,0.22128851540616246,357.0,0.16588603967575122,11.837535014005603,0.0,7.0,0.0,10.0,79.0,1.0,0.0,0.0,0.3546858776735967,1.3837733238806993,0.030149516774731957,27.265698893032862
test/masks_pixel_gt/Cotton_736x552_DPI150/GT_Cotton_T013_L039_2012.07.16_133118_AMC_DPI150.png,cotton_736x552_DPI150,cotton,4226,speckle,0.05,True,0.00107421875,0.9513732552904097,0.10222432560340748,4226.0,29.089118850876517,12949.0,3.591666666666667,120.0,1.2439024390243902,328.0,1.2100840336134453,357.0,0.5012749249170895,11.837535014005603,0.8571428571428571,7.0,0.0,10.0,429.0,1.0,0.0,0.0,0.2778852073682595,1.3837733238806993,0.1651685092121807,27.265698893032862
test/masks_pixel_gt/Cotton_736x552_DPI150/GT_Cotton_T013_L039_2012.07.16_133118_AMC_DPI150.png,cotton_736x552_DPI150,cotton,4226,blob,0.01,True,0.037500000000818545,0.9771098265895953,0.04685281590156176,4226.0,4.477256931037146,12949.0,0.425,120.0,1.1646341463414633,328.0,0.0056022408963585435,357.0,0.04102076678790402,11.837535014005603,0.0,7.0,0.0,10.0,2.0,1.0,0.0,0.0,0.04887257621345266,1.3837733238806993,0.04274490405888871,27.265698893032862
test/masks_pixel_gt/Cotton_736x552_DPI150/GT_Cotton_T013_L039_2012.07.16_133118_AMC_DPI150.png,cotton_736x552_DPI150,cotton,4226,blob,0.05,True,0.08750000000009095,0.9433035714285715,0.12020823473734027,4226.0,5.85890802378562,12949.0,2.1083333333333334,120.0,0.2926829268292683,328.0,0.011204481792717087,357.0,0.10779595512806217,11.837535014005603,0.0,7.0,0.0,10.0,4.0,1.0,0.0,0.0,0.11343244803458281,1.3837733238806993,0.1796916723654257,27.265698893032862
test/masks_pixel_gt/Cotton_736x552_DPI150/GT_Cotton_T013_L046_2012.07.16_133136_AMC_DPI150.png,cotton_736x552_DPI150,cotton,8623,boundary_erode,0.01,True,-0.1171875,0.9894576549139041,0.02086472701982149,8627.0,7.63708568810142e-05,39282.0,0.0,356.0,0.0,394.0,0.030495552731893267,787.0,0.049840370116645445,10.961880559085133,1.0,6.0,1.3,10.0,1.0,1.0,0.0,0.0,0.0017884764680824925,1.309717657743978,0.006365816569457622,12.891439506464266
test/masks_pixel_gt/Cotton_736x552_DPI150/GT_Cotton_T013_L046_2012.07.16_133136_AMC_DPI150.png,cotton_736x552_DPI150,cotton,8623,boundary_erode,0.05,True,-0.5390625,0.9495281582952816,0.09609365944128898,8627.0,0.004454966651392495,39282.0,0.0,356.0,0.005076142131979695,394.0,0.24015247776365947,787.0,0.2711328995699737,10.961880559085133,7.333333333333333,6.0,11.0,10.0,6.0,1.0,0.0,0.0,0.012267357447420949,1.309717657743978,0.037223760482219696,12.891439506464266
test/masks_pixel_gt/Cotton_736x552_DPI150/GT_Cotton_T013_L046_2012.07.16_133136_AMC_DPI150.png,cotton_736x552_DPI150,cotton,8623,boundary_dilate,0.01,True,0.1171875,0.9896185833094351,0.02098064216993161,8627.0,0.014968687948678784,39282.0,0.0,356.0,0.0025380710659898475,394.0,0.16645489199491742,787.0,0.12471485251880587,10.961880559085133,4.0,6.0,6.4,10.0,0.0,1.0,1.0,0.0,0.005653784510013415,1.309717657743978,0.009266719117336697,12.891439506464266
test/masks_pixel_gt/Cotton_736x552_DPI150/GT_Cotton_T013_L046_2012.07.16_133136_AMC_DPI150.png,cotton_736x552_DPI150,cotton,8623,boundary_dilate,0.05,True,0.5859375,0.950162453879619,0.10490321084965805,8627.0,0.01779440965327631,39282.0,0.0028089887640449437,356.0,0.0025380710659898475,394.0,0.17662007623888182,787.0,0.060951590778962186,10.961880559085133,3.5,6.0,8.3,10.0,0.0,1.0,3.0,0.0,0.017390611953346135,1.309717657743978,0.03479088041241725,12.891439506464266
test/masks_pixel_gt/Cotton_736x552_DPI150/GT_Cotton_T013_L046_2012.07.16_133136_AMC_DPI150.png,cotton_736x552_DPI150,cotton,8623,junction_break,0.01,False,,,,,,,,,,,,,,,,,,,,,,,,,,
test/masks_pixel_gt/Cotton_736x552_DPI150/GT_Cotton_T013_L046_2012.07.16_133136_AMC_DPI150.png,cotton_736x552_DPI150,cotton,8623,junction_break,0.05,False,,,,,,,,,,,,,,,,,,,,,,,,,,
test/masks_pixel_gt/Cotton_736x552_DPI150/GT_Cotton_T013_L046_2012.07.16_133136_AMC_DPI150.png,cotton_736x552_DPI150,cotton,8623,thin_dropout,0.01,True,0.2777777777776918,0.9968021396592825,0.006375333256056567,8627.0,0.0005855099027544423,39282.0,0.0,356.0,0.0,394.0,0.010165184243964422,787.0,0.003828771152096932,10.961880559085133,0.3333333333333333,6.0,0.6,10.0,0.0,1.0,0.0,0.0,0.0009388544878118916,1.309717657743978,0.0021750376896187452,12.891439506464266
test/masks_pixel_gt/Cotton_736x552_DPI150/GT_Cotton_T013_L046_2012.07.16_133136_AMC_DPI150.png,cotton_736x552_DPI150,cotton,8623,thin_dropout,0.05,True,0.2777777777776918,0.9968021396592825,0.006375333256056567,8627.0,0.0005855099027544423,39282.0,0.0,356.0,0.0,394.0,0.010165184243964422,787.0,0.003828771152096932,10.961880559085133,0.3333333333333333,6.0,0.6,10.0,0.0,1.0,0.0,0.0,0.0009388544878118916,1.309717657743978,0.0021750376896187452,12.891439506464266
test/masks_pixel_gt/Cotton_736x552_DPI150/GT_Cotton_T013_L046_2012.07.16_133136_AMC_DPI150.png,cotton_736x552_DPI150,cotton,8623,speckle,0.01,True,0.000390625,0.9910965592509622,0.017966848267068507,8627.0,8.455093936153963,39282.0,0.5028089887640449,356.0,0.8324873096446701,394.0,0.19695044472681067,787.0,0.14953300468558073,10.961880559085133,0.0,6.0,0.0,10.0,155.0,1.0,0.0,0.0,0.19291427888864107,1.309717657743978,0.03219168085008051,12.891439506464266
test/masks_pixel_gt/Cotton_736x552_DPI150/GT_Cotton_T013_L046_2012.07.16_133136_AMC_DPI150.png,cotton_736x552_DPI150,cotton,8623,speckle,0.05,True,0.0023437500000000003,0.9487517870889696,0.10803291990263128,8627.0,9.187388625833716,39282.0,0.5449438202247191,356.0,0.8654822335025381,394.0,1.1855146124523508,787.0,0.4930105186259472,10.961880559085133,3.5,6.0,0.3,10.0,918.0,1.0,0.0,0.0,0.06547382191612461,1.309717657743978,0.16007400469646427,12.891439506464266
test/masks_pixel_gt/Cotton_736x552_DPI150/GT_Cotton_T013_L046_2012.07.16_133136_AMC_DPI150.png,cotton_736x552_DPI150,cotton,8623,blob,0.01,True,0.0234375,0.9887112486390465,0.02283528457169352,8627.0,2.014408634998218,39282.0,0.41853932584269665,356.0,0.0,394.0,0.0012706480304955528,787.0,0.021537270251171095,10.961880559085133,0.0,6.0,0.0,10.0,1.0,1.0,0.0,0.0,0.009769126971084275,1.309717657743978,0.013737701064256338,12.891439506464266
test/masks_pixel_gt/Cotton_736x552_DPI150/GT_Cotton_T013_L046_2012.07.16_133136_AMC_DPI150.png,cotton_736x552_DPI150,cotton,8623,blob,0.05,True,0.328125,0.9497440413937359,0.10583053205053901,8627.0,5.433888294893335,39282.0,0.33707865168539325,356.0,0.8654822335025381,394.0,0.043202033036848796,787.0,0.060034870552709146,10.961880559085133,2.0,6.0,0.0,10.0,12.0,1.0,0.0,0.0,0.096259968758849,1.309717657743978,0.1338740904921749,12.891439506464266
test/masks_pixel_gt/Papaya_736x552_DPI150/GT_Papaya_T095_L007_2013.07.19_134805_CRI_DPI150.png,papaya_736x552_DPI150,papaya,42675,boundary_erode,0.01,True,-0.28125,0.991017575335513,0.017804917994431575,42741.0,0.0009412650602409639,318720.0,0.0,552.0,0.0,736.0,0.19923857868020303,1576.0,0.18098441839112386,27.11992385786802,0.5641025641025641,39.0,1.15,60.0,0.25,8.0,0.0,0.0,0.0011694032610870197,1.5846863315655475,0.009107415041433871,7.516786145884691
test/masks_pixel_gt/Papaya_736x552_DPI150/GT_Papaya_T095_L007_2013.07.19_134805_CRI_DPI150.png,papaya_736x552_DPI150,papaya,42675,boundary_erode,0.05,True,-1.5,0.9512440496638367,0.09297863877775438,42741.0,0.07958082329317269,318720.0,0.0036231884057971015,552.0,0.002717391304347826,736.0,0.2296954314720812,1576.0,0.2624016174993503,27.11992385786802,1.8461538461538463,39.0,1.7666666666666666,60.0,3.25,8.0,0.0,0.0,7.092268440662637e-05,1.5846863315655475,0.05267850063534804,7.516786145884691
test/masks_pixel_gt/Papaya_736x552_DPI150/GT_Papaya_T095_L007_2013.07.19_134805_CRI_DPI150.png,papaya_736x552_DPI150,papaya,42675,boundary_dilate,0.01,True,0.375,0.990016677476142,0.020167988582391615,42741.0,0.0026888805220883533,318720.0,0.0,552.0,0.0,736.0,0.6351522842639594,1576.0,0.376102153664785,27.11992385786802,1.0256410256410255,39.0,4.35,60.0,0.125,8.0,24.0,0.0,0.0023939252564244874,1.5846863315655475,0.012500511146509123,7.516786145884691
test/masks_pixel_gt/Papaya_736x552_DPI150/GT_Papaya_T095_L007_2013.07.19_134805_CRI_DPI150.png,papaya_736x552_DPI150,papaya,42675,boundary_dilate,0.05,True,2.0625,0.9495362399333519,0.10629138298121242,42741.0,0.005955070281124498,318720.0,0.0,552.0,0.0,736.0,0.03426395939086294,1576.0,0.14554219420393608,27.11992385786802,0.23076923076923078,39.0,0.08333333333333333,60.0,0.375,8.0,1.0,0.0,0.010857505248791638,1.5846863315655475,0.062188072616251984,7.516786145884691
test/masks_pixel_gt/Papaya_736x552_DPI150/GT_Papaya_T095_L007_2013.07.19_134805_CRI_DPI150.png,papaya_736x552_DPI150,papaya,42675,junction_break,0.01,True,0.75,0.9912199957516108,0.01740717344002246,42741.0,0.0,318720.0,0.0,552.0,0.0,736.0,0.4276649746192893,1576.0,0.3117483134851002,27.11992385786802,0.02564102564102564,39.0,1.7833333333333334,60.0,0.25,8.0,19.0,0.0,0.0008053853853486958,1.5846863315655475,2.289847534818257e-05,7.516786145884691
test/masks_pixel_gt/Papaya_736x552_DPI150/GT_Papaya_T095_L007_2013.07.19_134805_CRI_DPI150.png,papaya_736x552_DPI150,papaya,42675,junction_break,0.05,False,,,,,,,,,,,,,,,,,,,,,,,,,,
test/masks_pixel_gt/Papaya_736x552_DPI150/GT_Papaya_T095_L007_2013.07.19_134805_CRI_DPI150.png,papaya_736x552_DPI150,papaya,42675,thin_dropout,0.01,True,0.16875,0.9891921294106518,0.021384618984113615,42741.0,0.13287838855421688,318720.0,0.005434782608695652,552.0,0.002717391304347826,736.0,0.12880710659898478,1576.0,0.12330505497526367,27.11992385786802,0.2564102564102564,39.0,0.16666666666666666,60.0,0.5,8.0,0.0,0.0,0.013610161419439293,1.5846863315655475,0.011878418551758035,7.516786145884691
test/masks_pixel_gt/Papaya_736x552_DPI150/GT_Papaya_T095_L007_2013.07.19_134805_CRI_DPI150.png,papaya_736x552_DPI150,papaya,42675,thin_dropout,0.05,True,0.405660377358572,0.9460719041278296,0.10233733417561591,42741.0,0.15445218373493977,318720.0,0.028985507246376812,552.0,0.002717391304347826,736.0,0.24809644670050762,1576.0,0.1938534694845817,27.11992385786802,0.358974358974359,39.0,0.3333333333333333,60.0,0.375,8.0,0.0,0.0,0.0028842716184377015,1.5846863315655475,0.08309290987475164,7.516786145884691
test/masks_pixel_gt/Papaya_736x552_DPI150/GT_Papaya_T095_L007_2013.07.19_134805_CRI_DPI150.png,papaya_736x552_DPI150,papaya,42675,speckle,0.01,True,0.0023437500000000003,0.990131350337063,0.019934021197445077,42741.0,0.26226154618473896,318720.0,0.0,552.0,0.0,736.0,0.5856598984771574,1576.0,0.35677630355855405,27.11992385786802,0.4358974358974359,39.0,0.21666666666666667,60.0,104.75,8.0,1.0,0.0,0.07357474136682533,1.5846863315655475,0.040451546505401455,7.516786145884691
test/masks_pixel_gt/Papaya_736x552_DPI150/GT_Papaya_T095_L007_2013.07.19_134805_CRI_DPI150.png,papaya_736x552_DPI150,papaya,42675,speckle,0.05,True,0.0125,0.9495256925776998,0.10631477971970707,42741.0,0.27220130522088354,318720.0,0.0,552.0,0.0,736.0,3.0621827411167515,1576.0,0.727655093277373,27.11992385786802,10.871794871794872,39.0,0.6166666666666667,60.0,534.75,8.0,1.0,0.0,0.04308125259721857,1.5846863315655475,0.19000163856447225,7.516786145884691
test/masks_pixel_gt/Papaya_736x552_DPI150/GT_Papaya_T095_L007_2013.07.19_134805_CRI_DPI150.png,papaya_736x552_DPI150,papaya,42675,blob,0.01,True,0.1875,0.9905673495874664,0.01904494513464823,42741.0,0.0,318720.0,0.0,552.0,0.0,736.0,0.006979695431472081,1576.0,0.011981621633399938,27.11992385786802,0.05128205128205128,39.0,0.08333333333333333,60.0,0.75,8.0,2.0,0.0,0.01043470881877401,1.5846863315655475,0.03930239731508277,7.516786145884691
test/masks_pixel_gt/Papaya_736x552_DPI150/GT_Papaya_T095_L007_2013.07.19_134805_CRI_DPI150.png,papaya_736x552_DPI150,papaya,42675,blob,0.05,True,1.40625,0.9507296022777827,0.10364755153131654,42741.0,0.22922000502008033,318720.0,0.0,552.0,0.0,736.0,0.0983502538071066,1576.0,0.004822958528801236,27.11992385786802,0.7692307692307693,39.0,0.08333333333333333,60.0,5.75,8.0,0.0,0.0,0.06659756692679192,1.5846863315655475,0.16692025926296494,7.516786145884691
test/masks_pixel_gt/Papaya_736x552_DPI150/GT_Papaya_T095_L007_2013.08.09_104153_CIV_DPI150.png,papaya_736x552_DPI150,papaya,103444,boundary_erode,0.01,True,-0.375,0.9893092225643227,0.02115538733380324,103567.0,0.0007486115866503403,344638.0,0.0,509.0,0.0,736.0,0.416304032492022,3447.0,0.30887394922974587,30.045546852335363,1.5555555555555556,63.0,1.6827586206896552,145.0,0.2857142857142857,7.0,0.0,1.0,0.0015601065828987374,1.685062832748001,0.010775564732510937,2.614442790597745
test/masks_pixel_gt/Papaya_736x552_DPI150/GT_Papaya_T095_L007_2013.08.09_104153_CIV_DPI150.png,papaya_736x552_DPI150,papaya,103444,boundary_erode,0.05,True,-1.6875,0.9503858763675428,0.09453783541089343,103567.0,0.011356843992827256,344638.0,0.003929273084479371,509.0,0.002717391304347826,736.0,0.4975340876124166,3447.0,0.39536457161203975,30.045546852335363,2.142857142857143,63.0,2.3655172413793104,145.0,0.42857142857142855,7.0,0.0,1.0,0.011034792819673164,1.685062832748001,0.05405871335870565,2.614442790597745
test/masks_pixel_gt/Papaya_736x552_DPI150/GT_Papaya_T095_L007_2013.08.09_104153_CIV_DPI150.png,papaya_736x552_DPI150,papaya,103444,boundary_dilate,0.01,True,0.375,0.9898876941457586,0.02043121843830564,103567.0,0.00300024953719555,344638.0,0.0019646365422396855,509.0,0.0,736.0,0.6759501015375688,3447.0,0.39113269690897695,30.045546852335363,1.8412698412698412,63.0,3.8344827586206898,145.0,0.14285714285714285,7.0,47.0,1.0,0.004562703355173935,1.685062832748001,0.01112891186438657,2.614442790597745
test/masks_pixel_gt/Papaya_736x552_DPI150/GT_Papaya_T095_L007_2013.08.09_104153_CIV_DPI150.png,papaya_736x552_DPI150,papaya,103444,boundary_dilate,0.05,True,1.96875,0.9504131852198531,0.1043479100485676,103567.0,0.007451296722938271,344638.0,0.003929273084479371,509.0,0.0,736.0,0.15578764142732812,3447.0,0.30813994705753006,30.045546852335363,0.5396825396825397,63.0,0.25517241379310346,145.0,0.14285714285714285,7.0,8.0,1.0,0.014158269783627598,1.685062832748001,0.05246550706184835,2.614442790597745
test/masks_pixel_gt/Papaya_736x552_DPI150/GT_Papaya_T095_L007_2013.08.09_104153_CIV_DPI150.png,papaya_736x552_DPI150,papaya,103444,junction_break,0.01,False,,,,,,,,,,,,,,,,,,,,,,,,,,
test/masks_pixel_gt/Papaya_736x552_DPI150/GT_Papaya_T095_L007_2013.08.09_104153_CIV_DPI150.png,papaya_736x552_DPI150,papaya,103444,junction_break,0.05,False,,,,,,,,,,,,,,,,,,,,,,,,,,
test/masks_pixel_gt/Papaya_736x552_DPI150/GT_Papaya_T095_L007_2013.08.09_104153_CIV_DPI150.png,papaya_736x552_DPI150,papaya,103444,thin_dropout,0.01,True,0.16875,0.9903634777268141,0.019089092085316752,103567.0,0.006873879258816497,344638.0,0.0,509.0,0.0,736.0,0.04699738903394256,3447.0,0.02928459652417457,30.045546852335363,0.12698412698412698,63.0,0.19310344827586207,145.0,0.14285714285714285,7.0,0.0,1.0,0.003120748510635051,1.685062832748001,0.013255846967880971,2.614442790597745
test/masks_pixel_gt/Papaya_736x552_DPI150/GT_Papaya_T095_L007_2013.08.09_104153_CIV_DPI150.png,papaya_736x552_DPI150,papaya,103444,thin_dropout,0.05,True,0.4078125,0.9489211845657337,0.0971931213610513,103567.0,0.014798136015181146,344638.0,0.0019646365422396855,509.0,0.0,736.0,0.13896141572381782,3447.0,0.048509201707700886,30.045546852335363,0.07936507936507936,63.0,0.2689655172413793,145.0,0.7142857142857143,7.0,0.0,1.0,0.015344418908878223,1.685062832748001,0.076726300984607,2.614442790597745
test/masks_pixel_gt/Papaya_736x552_DPI150/GT_Papaya_T095_L007_2013.08.09_104153_CIV_DPI150.png,papaya_736x552_DPI150,papaya,103444,speckle,0.01,True,0.00625,0.990948494445667,0.018268367337086137,103567.0,0.1743829757600729,344638.0,0.08447937131630648,509.0,0.0,736.0,0.6106759501015375,3447.0,0.36780060118679103,30.045546852335363,1.5714285714285714,63.0,0.21379310344827587,145.0,258.42857142857144,7.0,0.0,1.0,0.025481275844206532,1.685062832748001,0.0284444652553625,2.614442790597745
test/masks_pixel_gt/Papaya_736x552_DPI150/GT_Papaya_T095_L007_2013.08.09_104153_CIV_DPI150.png,papaya_736x552_DPI150,papaya,103444,speckle,0.05,True,0.035937500000000004,0.9501036640184944,0.10503345660297199,103567.0,0.1780186746673321,344638.0,0.08447937131630648,509.0,0.0,736.0,3.5082680591818973,3447.0,0.7548873664793794,30.045546852335363,39.285714285714285,63.0,2.1241379310344826,145.0,1309.0,7.0,7.0,1.0,0.10503450381645008,1.685062832748001,0.14059340407578805,2.614442790597745
test/masks_pixel_gt/Papaya_736x552_DPI150/GT_Papaya_T095_L007_2013.08.09_104153_CIV_DPI150.png,papaya_736x552_DPI150,papaya,103444,blob,0.01,True,0.75,0.9889283037244633,0.02239130224878581,103567.0,0.08740185353907579,344638.0,0.07662082514734773,509.0,0.0,736.0,0.02117783579924572,3447.0,0.0011883008101036627,30.045546852335363,0.31746031746031744,63.0,0.041379310344827586,145.0,3.5714285714285716,7.0,1.0,1.0,0.00671644680679354,1.685062832748001,0.03315649484740522,2.614442790597745
test/masks_pixel_gt/Papaya_736x552_DPI150/GT_Papaya_T095_L007_2013.08.09_104153_CIV_DPI150.png,papaya_736x552_DPI150,papaya,103444,blob,0.05,False,,,,,,,,,,,,,,,,,,,,,,,,,,
test/masks_pixel_gt/Papaya_736x552_DPI150/GT_Papaya_T095_L007_2013.08.16_133223_CIV_DPI150.png,papaya_736x552_DPI150,papaya,104721,boundary_erode,0.01,True,-0.28125,0.9911295717840486,0.017584871095166307,104806.0,0.0010878138460230287,341051.0,0.0,530.0,0.001358695652173913,736.0,0.2374704801889268,3811.0,0.2061102510058691,27.500918394122277,1.1076923076923078,65.0,1.3443708609271523,151.0,0.3333333333333333,6.0,0.0,1.0,0.001191022625516893,1.6862469182168922,0.007977571971302552,2.390335210815007
test/masks_pixel_gt/Papaya_736x552_DPI150/GT_Papaya_T095_L007_2013.08.16_133223_CIV_DPI150.png,papaya_736x552_DPI150,papaya,104721,boundary_erode,0.05,True,-1.5,0.9510221443763293,0.09338205827910616,104806.0,0.009661311651336603,341051.0,0.005660377358490566,530.0,0.004076086956521739,736.0,0.3744424035686172,3811.0,0.3403740023103614,27.500918394122277,1.9384615384615385,65.0,2.1258278145695364,151.0,0.3333333333333333,6.0,1.0,1.0,0.013097826297945887,1.6862469182168922,0.04654355416700662,2.390335210815007
test/masks_pixel_gt/Papaya_736x552_DPI150/GT_Papaya_T095_L007_2013.08.16_133223_CIV_DPI150.png,papaya_736x552_DPI150,papaya,104721,boundary_dilate,0.01,True,0.375,0.9885819660147241,0.02309982252924451,104806.0,0.003040600965837954,341051.0,0.0018867924528301887,530.0,0.0,736.0,0.5305694043558121,3811.0,0.33155607343409044,27.500918394122277,1.9230769230769231,65.0,3.3046357615894038,151.0,0.0,6.0,34.0,1.0,0.005210261573465674,1.6862469182168922,0.011173872896482914,2.390335210815007
test/masks_pixel_gt/Papaya_736x552_DPI150/GT_Papaya_T095_L007_2013.08.16_133223_CIV_DPI150.png,papaya_736x552_DPI150,papaya,104721,boundary_dilate,0.05,True,1.6875,0.9512252677436921,0.10255138064614622,104806.0,0.009022111062568354,341051.0,0.0037735849056603774,530.0,0.0,736.0,0.19837313041196536,3811.0,0.07995986169422738,27.500918394122277,0.7230769230769231,65.0,1.3642384105960266,151.0,0.0,6.0,22.0,1.0,0.014871995675248583,1.6862469182168922,0.045885640803997256,2.390335210815007
test/masks_pixel_gt/Papaya_736x552_DPI150/GT_Papaya_T095_L007_2013.08.16_133223_CIV_DPI150.png,papaya_736x552_DPI150,papaya,104721,junction_break,0.01,True,0.75,0.9912412412412412,0.01736541801041925,104806.0,0.0,341051.0,0.0,530.0,0.0,736.0,0.3395434269220677,3811.0,0.2664406675881895,27.500918394122277,0.0,65.0,1.7748344370860927,151.0,0.0,6.0,47.0,1.0,0.0007060968857470129,1.6862469182168922,0.0011887599754888745,2.390335210815007
test/masks_pixel_gt/Papaya_736x552_DPI150/GT_Papaya_T095_L007_2013.08.16_133223_CIV_DPI150.png,papaya_736x552_DPI150,papaya,104721,junction_break,0.05,False,,,,,,,,,,,,,,,,,,,,,,,,,,
test/masks_pixel_gt/Papaya_736x552_DPI150/GT_Papaya_T095_L007_2013.08.16_133223_CIV_DPI150.png,papaya_736x552_DPI150,papaya,104721,thin_dropout,0.01,True,0.140625,0.9890957844428047,0.021573192374482377,104806.0,0.0,341051.0,0.0,530.0,0.0,736.0,0.045919706113880875,3811.0,0.02551830689242237,27.500918394122277,0.18461538461538463,65.0,0.2251655629139073,151.0,0.0,6.0,0.0,1.0,0.003237100019991086,1.6862469182168922,0.014414092965637094,2.390335210815007
test/masks_pixel_gt/Papaya_736x552_DPI150/GT_Papaya_T095_L007_2013.08.16_133223_CIV_DPI150.png,papaya_736x552_DPI150,papaya,104721,thin_dropout,0.05,True,0.421875,0.9510536403260755,0.09332480964830257,104806.0,0.010024893637608452,341051.0,0.0,530.0,0.0,736.0,0.16819732353712935,3811.0,0.09001235029347608,27.500918394122277,0.15384615384615385,65.0,0.5165562913907285,151.0,1.3333333333333333,6.0,1.0,1.0,0.015219493361828958,1.6862469182168922,0.07403359480439464,2.390335210815007
test/masks_pixel_gt/Papaya_736x552_DPI150/GT_Papaya_T095_L007_2013.08.16_133223_CIV_DPI150.png,papaya_736x552_DPI150,papaya,104721,speckle,0.01,True,0.00625,0.9910920301093165,0.017976070072324105,104806.0,0.18613638429443105,341051.0,0.04150943396226415,530.0,0.0,736.0,0.5366045657307793,3811.0,0.3375159147804598,27.500918394122277,1.2307692307692308,65.0,0.2980132450331126,151.0,300.3333333333333,6.0,1.0,1.0,0.027636122763405734,1.6862469182168922,0.026059000676304907,2.390335210815007
test/masks_pixel_gt/Papaya_736x552_DPI150/GT_Papaya_T095_L007_2013.08.16_133223_CIV_DPI150.png,papaya_736x552_DPI150,papaya,104721,speckle,0.05,True,0.037500000000000006,0.9488269350027386,0.10786596187241189,104806.0,0.19078378307056715,341051.0,0.04150943396226415,530.0,0.0,736.0,3.2631855156127,3811.0,0.7401318901522889,27.500918394122277,40.15384615384615,65.0,2.0596026490066226,151.0,1578.1666666666667,6.0,6.0,1.0,0.10762119320338684,1.6862469182168922,0.13481112506301646,2.390335210815007
test/masks_pixel_gt/Papaya_736x552_DPI150/GT_Papaya_T095_L007_2013.08.16_133223_CIV_DPI150.png,papaya_736x552_DPI150,papaya,104721,blob,0.01,True,0.75,0.9893145047103022,0.021601816689884167,104806.0,0.08184699649026099,341051.0,0.020754716981132074,530.0,0.0,736.0,0.0241406454998688,3811.0,0.002478984523405433,27.500918394122277,0.13846153846153847,65.0,0.06622516556291391,151.0,2.6666666666666665,6.0,0.0,1.0,0.002492384435800984,1.6862469182168922,0.029206303099768984,2.390335210815007
test/masks_pixel_gt/Papaya_736x552_DPI150/GT_Papaya_T095_L007_2013.08.16_133223_CIV_DPI150.png,papaya_736x552_DPI150,papaya,104721,blob,0.05,False,,,,,,,,,,,,,,,,,,,,,,,,,,
test/masks_pixel_gt/Papaya_736x552_DPI150/GT_Papaya_T095_L008_2013.08.09_104209_CIV_DPI150.png,papaya_736x552_DPI150,papaya,52804,boundary_erode,0.01,True,-0.1875,0.9910718548579613,0.017698277493848193,52830.0,0.0006701494128577303,393942.0,0.0,552.0,0.0,736.0,0.05325443786982249,2873.0,0.06736521851944012,18.38844413505047,0.2,80.0,0.23195876288659795,194.0,0.18181818181818182,11.0,0.0,0.0,0.0011990897541749904,1.55747813431515,0.00707215898336292,4.463601768142558
test/masks_pixel_gt/Papaya_736x552_DPI150/GT_Papaya_T095_L008_2013.08.09_104209_CIV_DPI150.png,papaya_736x552_DPI150,papaya,52804,boundary_erode,0.05,True,-1.03125,0.9488763541946459,0.09727427597955707,52830.0,0.0077346411400663045,393942.0,0.0036231884057971015,552.0,0.002717391304347826,736.0,0.028193525931082493,2873.0,0.07108488355632783,18.38844413505047,0.0875,80.0,0.15463917525773196,194.0,0.0,11.0,0.0,0.0,0.014531520452611033,1.55747813431515,0.04348540394697549,4.463601768142558
test/masks_pixel_gt/Papaya_736x552_DPI150/GT_Papaya_T095_L008_2013.08.09_104209_CIV_DPI150.png,papaya_736x552_DPI150,papaya,52804,boundary_dilate,0.01,True,0.1875,0.9914889224619253,0.01716827560098429,52830.0,0.0010331470114890008,393942.0,0.0,552.0,0.0,736.0,0.23564218586843022,2873.0,0.1768100124502457,18.38844413505047,0.7875,80.0,1.2628865979381443,194.0,0.0,11.0,12.0,0.0,0.0037250155668972496,1.55747813431515,0.0077902739492767235,4.463601768142558
test/masks_pixel_gt/Papaya_736x552_DPI150/GT_Papaya_T095_L008_2013.08.09_104209_CIV_DPI150.png,papaya_736x552_DPI150,papaya,52804,boundary_dilate,0.05,True,1.125,0.9511207129354577,0.10278250993753549,52830.0,0.0027186743226160198,393942.0,0.0,552.0,0.0,736.0,0.11764705882352941,2873.0,0.013299859529573453,18.38844413505047,0.275,80.0,0.6134020618556701,194.0,0.18181818181818182,11.0,11.0,0.0,0.014948852472296452,1.55747813431515,0.0404785248988597,4.463601768142558
test/masks_pixel_gt/Papaya_736x552_DPI150/GT_Papaya_T095_L008_2013.08.09_104209_CIV_DPI150.png,papaya_736x552_DPI150,papaya,52804,junction_break,0.01,True,0.25,0.9892960656584497,0.02118114707552527,52830.0,0.0,393942.0,0.0,552.0,0.0,736.0,0.26801253045596934,2873.0,0.22806846981827725,18.38844413505047,0.125,80.0,0.8298969072164949,194.0,0.0,11.0,34.0,0.0,0.0009291353580977619,1.55747813431515,0.0003159539886878984,4.463601768142558
test/masks_pixel_gt/Papaya_736x552_DPI150/GT_Papaya_T095_L008_2013.08.09_104209_CIV_DPI150.png,papaya_736x552_DPI150,papaya,52804,junction_break,0.05,False,,,,,,,,,,,,,,,,,,,,,,,,,,
test/masks_pixel_gt/Papaya_736x552_DPI150/GT_Papaya_T095_L008_2013.08.09_104209_CIV_DPI150.png,papaya_736x552_DPI150,papaya,52804,thin_dropout,0.01,True,0.13359375,0.9900689154185106,0.019666855953056974,52830.0,0.04640784684039782,393942.0,0.0,552.0,0.0,736.0,0.04698920988513749,2873.0,0.028669511631434306,18.38844413505047,0.1625,80.0,0.1958762886597938,194.0,0.09090909090909091,11.0,0.0,0.0,0.0033472479065150672,1.55747813431515,0.013050875481424829,4.463601768142558
test/masks_pixel_gt/Papaya_736x552_DPI150/GT_Papaya_T095_L008_2013.08.09_104209_CIV_DPI150.png,papaya_736x552_DPI150,papaya,52804,thin_dropout,0.05,True,0.421875,0.9495556041596246,0.09604391444255159,52830.0,0.05647278025699214,393942.0,0.0,552.0,0.0,736.0,0.1709014966933519,2873.0,0.09028792351240528,18.38844413505047,0.3125,80.0,0.5567010309278351,194.0,0.2727272727272727,11.0,0.0,0.0,0.009078405054354718,1.55747813431515,0.06307512711720263,4.463601768142558
test/masks_pixel_gt/Papaya_736x552_DPI150/GT_Papaya_T095_L008_2013.08.09_104209_CIV_DPI150.png,papaya_736x552_DPI150,papaya,52804,speckle,0.01,True,0.003125,0.9896501662529855,0.02091614612909332,52830.0,0.023632920582217685,393942.0,0.0,552.0,0.0,736.0,0.38774799860772713,2873.0,0.26433607027115996,18.38844413505047,0.2875,80.0,0.07731958762886598,194.0,97.9090909090909,11.0,0.0,0.0,0.0034459804185770384,1.55747813431515,0.03829805061147114,4.463601768142558
test/masks_pixel_gt/Papaya_736x552_DPI150/GT_Papaya_T095_L008_2013.08.09_104209_CIV_DPI150.png,papaya_736x552_DPI150,papaya,52804,speckle,0.05,True,0.015625,0.9503251396346564,0.10454287336740488,52830.0,0.029055038558975687,393942.0,0.0,552.0,0.0,736.0,1.9770274973894884,2873.0,0.6289779404671397,18.38844413505047,7.375,80.0,0.38144329896907214,194.0,465.09090909090907,11.0,0.0,0.0,0.09910671831911717,1.55747813431515,0.16881560131292747,4.463601768142558
test/masks_pixel_gt/Papaya_736x552_DPI150/GT_Papaya_T095_L008_2013.08.09_104209_CIV_DPI150.png,papaya_736x552_DPI150,papaya,52804,blob,0.01,True,0.375,0.989835589488969,0.020537573348476244,52830.0,0.009696858928471703,393942.0,0.0,552.0,0.0,736.0,0.012530455969369997,2873.0,0.007908026204940596,18.38844413505047,0.1375,80.0,0.020618556701030927,194.0,1.0909090909090908,11.0,0.0,0.0,0.01105050981437715,1.55747813431515,0.02951062806196964,4.463601768142558
test/masks_pixel_gt/Papaya_736x552_DPI150/GT_Papaya_T095_L008_2013.08.09_104209_CIV_DPI150.png,papaya_736x552_DPI150,papaya,52804,blob,0.05,True,1.59375,0.94897656748188,0.10753359833427976,52830.0,0.010169009651166924,393942.0,0.0,552.0,0.0,736.0,0.03898364079359554,2873.0,0.06597789883228997,18.38844413505047,0.275,80.0,0.03608247422680412,194.0,4.909090909090909,11.0,1.0,0.0,0.01721843044974018,1.55747813431515,0.1703653165146581,4.463601768142558
test/masks_pixel_gt/Papaya_736x552_DPI150/GT_Papaya_T095_L009_2013.09.06_110116_CIV_DPI150.png,papaya_736x552_DPI150,papaya,7745,boundary_erode,0.01,True,-0.28125,0.9902407286922577,0.019329896907216496,7760.0,0.004955305091333074,10292.0,0.004405286343612335,227.0,0.005988023952095809,167.0,0.4484848484848485,330.0,0.32296833886899884,23.515151515151516,1.75,8.0,2.5625,16.0,0.0,1.0,0.0,0.0,0.0012718887987009041,1.5599535534568425,0.00839625816959667,29.90338664906529
test/masks_pixel_gt/Papaya_736x552_DPI150/GT_Papaya_T095_L009_2013.09.06_110116_CIV_DPI150.png,papaya_736x552_DPI150,papaya,7745,boundary_erode,0.05,True,-1.40625,0.9495769881556684,0.09600515463917526,7760.0,0.06451612903225806,10292.0,0.013215859030837005,227.0,0.017964071856287425,167.0,0.2606060606060606,330.0,0.2828887044012688,23.515151515151516,1.125,8.0,1.5,16.0,0.0,1.0,0.0,0.0,0.0132341787844186,1.5599535534568425,0.03967908911197888,29.90338664906529
test/masks_pixel_gt/Papaya_736x552_DPI150/GT_Papaya_T095_L009_2013.09.06_110116_CIV_DPI150.png,papaya_736x552_DPI150,papaya,7745,boundary_dilate,0.01,True,0.28125,0.9905539954046464,0.01907216494845361,7760.0,0.028371550719005052,10292.0,0.0,227.0,0.0,167.0,0.7878787878787878,330.0,0.43001048401188185,23.515151515151516,2.375,8.0,5.3125,16.0,0.0,1.0,6.0,0.0,0.00278414576352696,1.5599535534568425,0.007832704642720349,29.90338664906529
test/masks_pixel_gt/Papaya_736x552_DPI150/GT_Papaya_T095_L009_2013.09.06_110116_CIV_DPI150.png,papaya_736x552_DPI150,papaya,7745,boundary_dilate,0.05,True,1.59375,0.9495839451786589,0.10618556701030928,7760.0,0.08705790905557714,10292.0,0.01762114537444934,227.0,0.005988023952095809,167.0,0.25757575757575757,330.0,0.12038256117252513,23.515151515151516,1.375,8.0,3.6875,16.0,0.0,1.0,6.0,0.0,0.01719867698201652,1.5599535534568425,0.04404648662883145,29.90338664906529
test/masks_pixel_gt/Papaya_736x552_DPI150/GT_Papaya_T095_L009_2013.09.06_110116_CIV_DPI150.png,papaya_736x552_DPI150,papaya,7745,junction_break,0.01,True,0.5,0.9907660293926388,0.01829896907216495,7760.0,0.0,10292.0,0.0,227.0,0.0,167.0,0.3575757575757576,330.0,0.2768720084683358,23.515151515151516,0.0,8.0,1.5625,16.0,0.0,1.0,4.0,0.0,0.0008643093506752833,1.5599535534568425,0.002237378858647401,29.90338664906529
test/masks_pixel_gt/Papaya_736x552_DPI150/GT_Papaya_T095_L009_2013.09.06_110116_CIV_DPI150.png,papaya_736x552_DPI150,papaya,7745,junction_break,0.05,False,,,,,,,,,,,,,,,,,,,,,,,,,,
test/masks_pixel_gt/Papaya_736x552_DPI150/GT_Papaya_T095_L009_2013.09.06_110116_CIV_DPI150.png,papaya_736x552_DPI150,papaya,7745,thin_dropout,0.01,True,0.03846153846138804,1.0,0.0,7760.0,0.0,10292.0,0.0,227.0,0.0,167.0,0.0,330.0,0.0,23.515151515151516,0.0,8.0,0.0,16.0,0.0,1.0,0.0,0.0,0.0,1.5599535534568425,0.0,29.90338664906529
test/masks_pixel_gt/Papaya_736x552_DPI150/GT_Papaya_T095_L009_2013.09.06_110116_CIV_DPI150.png,papaya_736x552_DPI150,papaya,7745,thin_dropout,0.05,True,0.1923076923077588,0.9440021773150983,0.10605670103092783,7760.0,0.0388651379712398,10292.0,0.03524229074889868,227.0,0.029940119760479042,167.0,0.10606060606060606,330.0,4.368338284130674e-06,23.515151515151516,0.25,8.0,0.375,16.0,0.0,1.0,0.0,0.0,0.019420693731179318,1.5599535534568425,0.023332178758338134,29.90338664906529
test/masks_pixel_gt/Papaya_736x552_DPI150/GT_Papaya_T095_L009_2013.09.06_110116_CIV_DPI150.png,papaya_736x552_DPI150,papaya,7745,speckle,0.01,True,0.000390625,0.9900484817555499,0.020103092783505156,7760.0,35.66517683637777,10292.0,1.4273127753303965,227.0,3.37125748502994,167.0,0.4727272727272727,330.0,0.307337406134657,23.515151515151516,0.25,8.0,0.0,16.0,155.0,1.0,0.0,0.0,0.35543551938602197,1.5599535534568425,0.03867687008894967,29.90338664906529
test/masks_pixel_gt/Papaya_736x552_DPI150/GT_Papaya_T095_L009_2013.09.06_110116_CIV_DPI150.png,papaya_736x552_DPI150,papaya,7745,speckle,0.05,True,0.00205078125,0.9499908183877089,0.10528350515463918,7760.0,37.77944034201322,10292.0,1.4317180616740088,227.0,3.407185628742515,167.0,2.587878787878788,330.0,0.6919395635971022,23.515151515151516,4.375,8.0,0.3125,16.0,797.0,1.0,0.0,0.0,0.25188560718698466,1.5599535534568425,0.17176546626398076,29.90338664906529
test/masks_pixel_gt/Papaya_736x552_DPI150/GT_Papaya_T095_L009_2013.09.06_110116_CIV_DPI150.png,papaya_736x552_DPI150,papaya,7745,blob,0.01,True,0.037500000000818545,0.9804169298799748,0.03994845360824742,7760.0,5.409444228527011,10292.0,0.5066079295154186,227.0,1.7365269461077844,167.0,0.006060606060606061,330.0,0.03368370388771584,23.515151515151516,0.0,8.0,0.0,16.0,2.0,1.0,0.0,0.0,0.07900535749847686,1.5599535534568425,0.07457262845317296,29.90338664906529
test/masks_pixel_gt/Papaya_736x552_DPI150/GT_Papaya_T095_L009_2013.09.06_110116_CIV_DPI150.png,papaya_736x552_DPI150,papaya,7745,blob,0.05,True,0.234375,0.9513884631888678,0.10219072164948453,7760.0,23.04382044306257,10292.0,0.9779735682819384,227.0,3.3892215568862274,167.0,0.03333333333333333,330.0,0.06663618224143662,23.515151515151516,0.25,8.0,0.0,16.0,9.0,1.0,0.0,0.0,0.196544839860341,1.5599535534568425,0.1539513886476763,29.90338664906529
test/masks_pixel_gt/Papaya_736x552_DPI150/GT_Papaya_T095_L012_2013.09.20_120413_CIV_DPI150.png,papaya_736x552_DPI150,papaya,76217,boundary_erode,0.01,True,-0.28125,0.9891073589809726,0.02155053974484789,76425.0,7.156165419875227e-05,391271.0,0.0,552.0,0.0,736.0,0.14034229828850855,4090.0,0.14196863369563203,18.685819070904646,0.5267857142857143,112.0,0.4791666666666667,336.0,0.3,10.0,0.0,7.0,0.0015481027631907192,1.6641056878135296,0.007480248580685548,3.4203293651527042
test/masks_pixel_gt/Papaya_736x552_DPI150/GT_Papaya_T095_L012_2013.09.20_120413_CIV_DPI150.png,papaya_736x552_DPI150,papaya,76217,boundary_erode,0.05,True,-1.21875,0.9511929022828794,0.09307163886162904,76425.0,0.008020016816988737,391271.0,0.0036231884057971015,552.0,0.002717391304347826,736.0,0.05281173594132029,4090.0,0.13856549069764576,18.685819070904646,0.2857142857142857,112.0,0.2916666666666667,336.0,0.1,10.0,0.0,7.0,0.012495703408814847,1.6641056878135296,0.036068941218238025,3.4203293651527042
test/masks_pixel_gt/Papaya_736x552_DPI150/GT_Papaya_T095_L012_2013.09.20_120413_CIV_DPI150.png,papaya_736x552_DPI150,papaya,76217,boundary_dilate,0.01,True,0.28125,0.9898072838418899,0.020595354923127248,76425.0,0.0012983328690345055,391271.0,0.0,552.0,0.0,736.0,0.41907090464547675,4090.0,0.2808003098491402,18.685819070904646,0.7410714285714286,112.0,1.9375,336.0,0.0,10.0,10.0,7.0,0.003550322066158036,1.6641056878135296,0.007969386899411941,3.4203293651527042
test/masks_pixel_gt/Papaya_736x552_DPI150/GT_Papaya_T095_L012_2013.09.20_120413_CIV_DPI150.png,papaya_736x552_DPI150,papaya,76217,boundary_dilate,0.05,True,1.5,0.9494378532828126,0.1065096499836441,76425.0,0.004004896861765886,391271.0,0.0,552.0,0.0,736.0,0.2374083129584352,4090.0,0.10578453498654328,18.685819070904646,0.375,112.0,1.369047619047619,336.0,0.1,10.0,9.142857142857142,7.0,0.01291025655142698,1.6641056878135296,0.03998077261888028,3.4203293651527042
test/masks_pixel_gt/Papaya_736x552_DPI150/GT_Papaya_T095_L012_2013.09.20_120413_CIV_DPI150.png,papaya_736x552_DPI150,papaya,76217,junction_break,0.01,True,0.1875,0.9899824229849208,0.01983644095518482,76425.0,0.0,391271.0,0.0,552.0,0.0,736.0,0.26894865525672373,4090.0,0.22757823574310326,18.685819070904646,0.03571428571428571,112.0,0.7648809523809523,336.0,0.0,10.0,6.571428571428571,7.0,0.0007928603950047888,1.6641056878135296,0.0018359972583660428,3.4203293651527042
test/masks_pixel_gt/Papaya_736x552_DPI150/GT_Papaya_T095_L012_2013.09.20_120413_CIV_DPI150.png,papaya_736x552_DPI150,papaya,76217,junction_break,0.05,False,,,,,,,,,,,,,,,,,,,,,,,,,,
test/masks_pixel_gt/Papaya_736x552_DPI150/GT_Papaya_T095_L012_2013.09.20_120413_CIV_DPI150.png,papaya_736x552_DPI150,papaya,76217,thin_dropout,0.01,True,0.084375,0.9900891972249752,0.019627085377821395,76425.0,0.0052009987962307455,391271.0,0.0,552.0,0.0,736.0,0.0488997555012225,4090.0,0.030777691723575903,18.685819070904646,0.125,112.0,0.10714285714285714,336.0,0.2,10.0,0.0,7.0,0.0002843743101716035,1.6641056878135296,0.012959082894360716,3.4203293651527042
test/masks_pixel_gt/Papaya_736x552_DPI150/GT_Papaya_T095_L012_2013.09.20_120413_CIV_DPI150.png,papaya_736x552_DPI150,papaya,76217,thin_dropout,0.05,True,0.26015625,0.9495639504917154,0.09602878639188747,76425.0,0.011224956615747142,391271.0,0.0,552.0,0.0,736.0,0.14400977995110023,4090.0,0.056053202986912305,18.685819070904646,0.32142857142857145,112.0,0.3630952380952381,336.0,0.1,10.0,0.0,7.0,0.011458600599783365,1.6641056878135296,0.05034153752126709,3.4203293651527042
test/masks_pixel_gt/Papaya_736x552_DPI150/GT_Papaya_T095_L012_2013.09.20_120413_CIV_DPI150.png,papaya_736x552_DPI150,papaya,76217,speckle,0.01,True,0.004687500000000001,0.9899867872224669,0.02022898266274125,76425.0,0.03490419683544142,391271.0,0.0,552.0,0.0,736.0,0.4102689486552567,4090.0,0.2765713351091173,18.685819070904646,0.625,112.0,0.11904761904761904,336.0,147.8,10.0,0.2857142857142857,7.0,0.0073578237210093255,1.6641056878135296,0.03389070548421559,3.4203293651527042
test/masks_pixel_gt/Papaya_736x552_DPI150/GT_Papaya_T095_L012_2013.09.20_120413_CIV_DPI150.png,papaya_736x552_DPI150,papaya,76217,speckle,0.05,True,0.025,0.9488131300590952,0.1078966306836768,76425.0,0.03792256517861022,391271.0,0.0,552.0,0.0,736.0,2.1657701711491444,4090.0,0.6500388307463517,18.685819070904646,12.696428571428571,112.0,0.7232142857142857,336.0,723.1,10.0,1.5714285714285714,7.0,0.08194891950857712,1.6641056878135296,0.15955641140326893,3.4203293651527042
test/masks_pixel_gt/Papaya_736x552_DPI150/GT_Papaya_T095_L012_2013.09.20_120413_CIV_DPI150.png,papaya_736x552_DPI150,papaya,76217,blob,0.01,True,0.375,0.9908082039048928,0.018554138043833823,76425.0,0.0,391271.0,0.0,552.0,0.0,736.0,0.006356968215158924,4090.0,0.012120122594577315,18.685819070904646,0.008928571428571428,112.0,0.011904761904761904,336.0,1.1,10.0,0.0,7.0,0.02455611230285904,1.6641056878135296,0.03519418944951834,3.4203293651527042
test/masks_pixel_gt/Papaya_736x552_DPI150/GT_Papaya_T095_L012_2013.09.20_120413_CIV_DPI150.png,papaya_736x552_DPI150,papaya,76217,blob,0.05,True,2.25,0.9507607329908065,0.1035786719005561,76425.0,0.005085988994839893,391271.0,0.0,552.0,0.0,736.0,0.06308068459657702,4090.0,0.0380949328595388,18.685819070904646,0.2857142857142857,112.0,0.15773809523809523,336.0,6.7,10.0,0.8571428571428571,7.0,0.025141942536568394,1.6641056878135296,0.1531606263994757,3.4203293651527042
test/masks_pixel_gt/Papaya_736x552_DPI150/GT_Papaya_T095_L015_2013.07.26_134522_CIV_DPI150.png,papaya_736x552_DPI150,papaya,83282,boundary_erode,0.01,True,-0.375,0.9914487529935412,0.016957486358457757,83385.0,0.001361752295392054,268037.0,0.0,552.0,0.0,704.0,0.11666666666666667,2820.0,0.11966342061951436,29.569148936170212,0.6851851851851852,54.0,0.6666666666666666,153.0,0.8,5.0,0.0,2.0,0.0013657154000619497,1.6993833921463124,0.009249587338934415,3.578229373529597
test/masks_pixel_gt/Papaya_736x552_DPI150/GT_Papaya_T095_L015_2013.07.26_134522_CIV_DPI150.png,papaya_736x552_DPI150,papaya,83282,boundary_erode,0.05,True,-2.0625,0.9514881738277566,0.0925346285303112,83385.0,0.019806966948592918,268037.0,0.007246376811594203,552.0,0.008522727272727272,704.0,0.05390070921985816,2820.0,0.04083495219470676,29.569148936170212,0.018518518518518517,54.0,0.0196078431372549,153.0,0.0,5.0,0.0,2.0,0.013052378944525623,1.6993833921463124,0.05530834432165994,3.578229373529597
test/masks_pixel_gt/Papaya_736x552_DPI150/GT_Papaya_T095_L015_2013.07.26_134522_CIV_DPI150.png,papaya_736x552_DPI150,papaya,83282,boundary_dilate,0.01,True,0.46875,0.9897858045830341,0.0206392036937099,83385.0,0.0021116487649093223,268037.0,0.0,552.0,0.0,704.0,0.26773049645390073,2820.0,0.19490837638705955,29.569148936170212,0.46296296296296297,54.0,2.0392156862745097,153.0,0.0,5.0,19.0,2.0,0.0029480871707592104,1.6993833921463124,0.011515472925720315,3.578229373529597
test/masks_pixel_gt/Papaya_736x552_DPI150/GT_Papaya_T095_L015_2013.07.26_134522_CIV_DPI150.png,papaya_736x552_DPI150,papaya,83282,boundary_dilate,0.05,True,2.4375,0.9510150547445255,0.10301612999940037,83385.0,0.014001798259195558,268037.0,0.0,552.0,0.008522727272727272,704.0,0.029432624113475178,2820.0,0.07147967158054055,29.569148936170212,0.018518518518518517,54.0,0.9281045751633987,153.0,0.0,5.0,14.5,2.0,0.01024383729007222,1.6993833921463124,0.05472020164682266,3.578229373529597
test/masks_pixel_gt/Papaya_736x552_DPI150/GT_Papaya_T095_L015_2013.07.26_134522_CIV_DPI150.png,papaya_736x552_DPI150,papaya,83282,junction_break,0.01,True,0.5,0.9910948710813198,0.017653055105834384,83385.0,0.0,268037.0,0.0,552.0,0.0,704.0,0.5468085106382978,2820.0,0.3649201319116123,29.569148936170212,0.09259259259259259,54.0,1.673202614379085,153.0,0.0,5.0,21.0,2.0,0.0007723245740874033,1.6993833921463124,0.0013942866789327976,3.578229373529597
test/masks_pixel_gt/Papaya_736x552_DPI150/GT_Papaya_T095_L015_2013.07.26_134522_CIV_DPI150.png,papaya_736x552_DPI150,papaya,83282,junction_break,0.05,False,,,,,,,,,,,,,,,,,,,,,,,,,,
test/masks_pixel_gt/Papaya_736x552_DPI150/GT_Papaya_T095_L015_2013.07.26_134522_CIV_DPI150.png,papaya_736x552_DPI150,papaya,83282,thin_dropout,0.01,True,0.1125,0.991387756583165,0.017077412004557174,83385.0,0.014844965433876667,268037.0,0.0,552.0,0.0,704.0,0.032624113475177303,2820.0,0.016071003719629304,29.569148936170212,0.09259259259259259,54.0,0.08496732026143791,153.0,0.2,5.0,0.0,2.0,0.00281302929492965,1.6993833921463124,0.011570907677729149,3.578229373529597
test/masks_pixel_gt/Papaya_736x552_DPI150/GT_Papaya_T095_L015_2013.07.26_134522_CIV_DPI150.png,papaya_736x552_DPI150,papaya,83282,thin_dropout,0.05,True,0.28125,0.9486922480473552,0.0976074833603166,83385.0,0.06137585482601283,268037.0,0.0,552.0,0.045454545454545456,704.0,0.10460992907801418,2820.0,0.007820553237190988,29.569148936170212,0.05555555555555555,54.0,0.22875816993464052,153.0,0.6,5.0,0.0,2.0,0.014418535471804078,1.6993833921463124,0.07430400332156012,3.578229373529597
test/masks_pixel_gt/Papaya_736x552_DPI150/GT_Papaya_T095_L015_2013.07.26_134522_CIV_DPI150.png,papaya_736x552_DPI150,papaya,83282,speckle,0.01,True,0.004687500000000001,0.99100330393858,0.01815674281945194,83385.0,0.5070046299578044,268037.0,0.0,552.0,0.045454545454545456,704.0,0.5726950354609929,2820.0,0.352603829819424,29.569148936170212,1.0740740740740742,54.0,0.16993464052287582,153.0,293.8,5.0,0.0,2.0,0.022201214687567566,1.6993833921463124,0.030557092595402,3.578229373529597
test/masks_pixel_gt/Papaya_736x552_DPI150/GT_Papaya_T095_L015_2013.07.26_134522_CIV_DPI150.png,papaya_736x552_DPI150,papaya,83282,speckle,0.05,True,0.026562500000000003,0.951085561771801,0.10286022665947113,83385.0,0.5147237135171637,268037.0,0.0,552.0,0.045454545454545456,704.0,3.318439716312057,2820.0,0.7446160421103869,29.569148936170212,27.574074074074073,54.0,1.2418300653594772,153.0,1514.0,5.0,3.0,2.0,0.06649447908030462,1.6993833921463124,0.15187218066292643,3.578229373529597
test/masks_pixel_gt/Papaya_736x552_DPI150/GT_Papaya_T095_L015_2013.07.26_134522_CIV_DPI150.png,papaya_736x552_DPI150,papaya,83282,blob,0.01,True,0.5625,0.9905088852988692,0.019164118246687054,83385.0,0.3049765517447218,268037.0,0.0,552.0,0.03125,704.0,0.012411347517730497,2820.0,0.006669987199880103,29.569148936170212,0.018518518518518517,54.0,0.026143790849673203,153.0,2.6,5.0,0.5,2.0,0.02981125080982276,1.6993833921463124,0.0306308620343118,3.578229373529597
test/masks_pixel_gt/Papaya_736x552_DPI150/GT_Papaya_T095_L015_2013.07.26_134522_CIV_DPI150.png,papaya_736x552_DPI150,papaya,83282,blob,0.05,True,2.8125,0.9502509957208221,0.10470708160940218,83385.0,0.4173341740132892,268037.0,0.0,552.0,0.019886363636363636,704.0,0.07801418439716312,2820.0,0.02476117438766913,29.569148936170212,0.7592592592592593,54.0,0.1111111111111111,153.0,15.8,5.0,0.5,2.0,0.03796551191210874,1.6993833921463124,0.15753780938690712,3.578229373529597
test/masks_pixel_gt/Papaya_736x552_DPI150/GT_Papaya_T095_L018_2013.07.26_134528_CIV_DPI150.png,papaya_736x552_DPI150,papaya,113423,boundary_erode,0.01,True,-0.28125,0.9903730766153764,0.0190702588483888,113580.0,0.00025570815176278804,375428.0,0.0,552.0,0.0,733.0,0.09884201819685691,4836.0,0.10730594124779981,23.4863523573201,0.4878048780487805,82.0,0.5487804878048781,246.0,1.0,5.0,0.3333333333333333,6.0,0.0009074007475289679,1.7204419448978965,0.006408565925366305,2.424792412234922
test/masks_pixel_gt/Papaya_736x552_DPI150/GT_Papaya_T095_L018_2013.07.26_134528_CIV_DPI150.png,papaya_736x552_DPI150,papaya,113423,boundary_erode,0.05,True,-1.40625,0.9502433073158558,0.09479661912308505,113580.0,0.016328030940686362,375428.0,0.007246376811594203,552.0,0.004092769440654843,733.0,0.09449958643507031,4836.0,0.17295228605313429,23.4863523573201,0.7682926829268293,82.0,0.6341463414634146,246.0,0.8,5.0,0.6666666666666666,6.0,0.01136503649388673,1.7204419448978965,0.03529185897533974,2.424792412234922
test/masks_pixel_gt/Papaya_736x552_DPI150/GT_Papaya_T095_L018_2013.07.26_134528_CIV_DPI150.png,papaya_736x552_DPI150,papaya,113423,boundary_dilate,0.01,True,0.28125,0.9908055201772598,0.018559605564359923,113580.0,0.0029166711060443014,375428.0,0.0,552.0,0.001364256480218281,733.0,0.3854425144747725,4836.0,0.26481279813294856,23.4863523573201,0.6585365853658537,82.0,2.7357723577235773,246.0,0.2,5.0,13.333333333333334,6.0,0.0023517259101169495,1.7204419448978965,0.006520925351983308,2.424792412234922
test/masks_pixel_gt/Papaya_736x552_DPI150/GT_Papaya_T095_L018_2013.07.26_134528_CIV_DPI150.png,papaya_736x552_DPI150,papaya,113423,boundary_dilate,0.05,True,1.6875,0.9490545384660377,0.10736045078358866,113580.0,0.0076099811415238075,375428.0,0.0,552.0,0.001364256480218281,733.0,0.2803970223325062,4836.0,0.13514290374847635,23.4863523573201,0.08536585365853659,82.0,2.402439024390244,246.0,0.2,5.0,15.666666666666666,6.0,0.011651989412953805,1.7204419448978965,0.03554622829534301,2.424792412234922
test/masks_pixel_gt/Papaya_736x552_DPI150/GT_Papaya_T095_L018_2013.07.26_134528_CIV_DPI150.png,papaya_736x552_DPI150,papaya,113423,junction_break,0.01,True,0.5,0.9898163383288122,0.020162000352174678,113580.0,0.0,375428.0,0.0,552.0,0.0,733.0,0.3674524400330852,4836.0,0.28345734669637346,23.4863523573201,0.036585365853658534,82.0,1.6016260162601625,246.0,0.0,5.0,10.666666666666666,6.0,0.0008782665376622775,1.7204419448978965,2.1337029746007682e-05,2.424792412234922
test/masks_pixel_gt/Papaya_736x552_DPI150/GT_Papaya_T095_L018_2013.07.26_134528_CIV_DPI150.png,papaya_736x552_DPI150,papaya,113423,junction_break,0.05,False,,,,,,,,,,,,,,,,,,,,,,,,,,
test/masks_pixel_gt/Papaya_736x552_DPI150/GT_Papaya_T095_L018_2013.07.26_134528_CIV_DPI150.png,papaya_736x552_DPI150,papaya,113423,thin_dropout,0.01,True,0.1125,0.9909381663113006,0.017960908610670893,113580.0,0.012068892037887425,375428.0,0.0036231884057971015,552.0,0.0,733.0,0.030810587262200165,4836.0,0.013258170676081838,23.4863523573201,0.04878048780487805,82.0,0.0975609756097561,246.0,0.2,5.0,0.16666666666666666,6.0,0.002743858777785048,1.7204419448978965,0.0077971157386472695,2.424792412234922
test/masks_pixel_gt/Papaya_736x552_DPI150/GT_Papaya_T095_L018_2013.07.26_134528_CIV_DPI150.png,papaya_736x552_DPI150,papaya,113423,thin_dropout,0.05,True,0.33046875000000003,0.9497822448658795,0.0956330339848565,113580.0,0.024638545872976977,375428.0,0.0036231884057971015,552.0,0.002728512960436562,733.0,0.14267990074441686,4836.0,0.05487666368770707,23.4863523573201,0.07317073170731707,82.0,0.3333333333333333,246.0,1.2,5.0,0.6666666666666666,6.0,0.015019469913529761,1.7204419448978965,0.05547624986419794,2.424792412234922
test/masks_pixel_gt/Papaya_736x552_DPI150/GT_Papaya_T095_L018_2013.07.26_134528_CIV_DPI150.png,papaya_736x552_DPI150,papaya,113423,speckle,0.01,True,0.0078125,0.9900325565381112,0.020135587251276635,113580.0,0.07790042298390104,375428.0,0.0,552.0,0.004092769440654843,733.0,0.5049627791563276,4836.0,0.3221522808536447,23.4863523573201,1.670731707317073,82.0,0.25203252032520324,246.0,429.0,5.0,0.6666666666666666,6.0,0.02325598406048772,1.7204419448978965,0.02992682903161663,2.424792412234922
test/masks_pixel_gt/Papaya_736x552_DPI150/GT_Papaya_T095_L018_2013.07.26_134528_CIV_DPI150.png,papaya_736x552_DPI150,papaya,113423,speckle,0.05,True,0.04062500000000001,0.9502574764380822,0.10469272759288607,113580.0,0.08174936339324718,375428.0,0.0,552.0,0.004092769440654843,733.0,2.629652605459057,4836.0,0.6956478077457302,23.4863523573201,35.47560975609756,82.0,1.4593495934959348,246.0,1942.8,5.0,1.6666666666666667,6.0,0.09307609324644227,1.7204419448978965,0.13683061449147807,2.424792412234922
test/masks_pixel_gt/Papaya_736x552_DPI150/GT_Papaya_T095_L018_2013.07.26_134528_CIV_DPI150.png,papaya_736x552_DPI150,papaya,113423,blob,0.01,True,0.75,0.9907795912314523,0.018612431766156012,113580.0,0.001467658246055169,375428.0,0.0,552.0,0.004092769440654843,733.0,0.028535980148883373,4836.0,0.009648226775004005,23.4863523573201,0.15853658536585366,82.0,0.17479674796747968,246.0,3.0,5.0,0.5,6.0,0.003760458565072279,1.7204419448978965,0.023841452794265985,2.424792412234922
test/masks_pixel_gt/Papaya_736x552_DPI150/GT_Papaya_T095_L018_2013.07.26_134528_CIV_DPI150.png,papaya_736x552_DPI150,papaya,113423,blob,0.05,False,,,,,,,,,,,,,,,,,,,,,,,,,,
test/masks_pixel_gt/Papaya_736x552_DPI150/GT_Papaya_T095_L018_2013.09.20_120427_CIV_DPI150.png,papaya_736x552_DPI150,papaya,172056,boundary_erode,0.01,True,-0.375,0.9895364552946592,0.02071038536752375,172329.0,0.0009471620688254175,393808.0,0.0,552.0,0.0,736.0,0.15695006747638326,7410.0,0.15355930894358472,23.256275303643726,0.696551724137931,145.0,0.5442307692307692,520.0,1.0,6.0,0.10526315789473684,19.0,0.0015557402670153455,1.8076716995892177,0.008408653652966462,1.6674072364310315
test/masks_pixel_gt/Papaya_736x552_DPI150/GT_Papaya_T095_L018_2013.09.20_120427_CIV_DPI150.png,papaya_736x552_DPI150,papaya,172056,boundary_erode,0.05,True,-1.6875,0.9513299377475948,0.09282245008094982,172329.0,0.009050095477999431,393808.0,0.0036231884057971015,552.0,0.002717391304347826,736.0,0.17759784075573548,7410.0,0.22963721694932832,23.256275303643726,1.0,145.0,0.7288461538461538,520.0,1.1666666666666667,6.0,0.15789473684210525,19.0,0.010917434694330107,1.8076716995892177,0.042220406550941045,1.6674072364310315
test/masks_pixel_gt/Papaya_736x552_DPI150/GT_Papaya_T095_L018_2013.09.20_120427_CIV_DPI150.png,papaya_736x552_DPI150,papaya,172056,boundary_dilate,0.01,True,0.375,0.9901859949321121,0.01982254872946515,172329.0,0.0006043554219314996,393808.0,0.0,552.0,0.0,736.0,0.4836707152496626,7410.0,0.3126355206398639,23.256275303643726,0.8827586206896552,145.0,2.3653846153846154,520.0,0.0,6.0,7.947368421052632,19.0,0.002854594321029344,1.8076716995892177,0.008451460293779491,1.6674072364310315
test/masks_pixel_gt/Papaya_736x552_DPI150/GT_Papaya_T095_L018_2013.09.20_120427_CIV_DPI150.png,papaya_736x552_DPI150,papaya,172056,boundary_dilate,0.05,True,2.0625,0.9514105890796666,0.10214183335364332,172329.0,0.004260959655466624,393808.0,0.0,552.0,0.0,736.0,0.10458839406207827,7410.0,0.23087731501891426,23.256275303643726,0.3103448275862069,145.0,0.021153846153846155,520.0,0.0,6.0,1.3157894736842106,19.0,0.012099007388710958,1.8076716995892177,0.04295600342568619,1.6674072364310315
test/masks_pixel_gt/Papaya_736x552_DPI150/GT_Papaya_T095_L018_2013.09.20_120427_CIV_DPI150.png,papaya_736x552_DPI150,papaya,172056,junction_break,0.01,True,0.25,0.9911986208148081,0.017449181507465373,172329.0,0.0,393808.0,0.0,552.0,0.0,736.0,0.3496626180836707,7410.0,0.2720026432327086,23.256275303643726,0.06896551724137931,145.0,1.073076923076923,520.0,0.0,6.0,4.894736842105263,19.0,0.0006418449877789986,1.8076716995892177,0.0006937985197809373,1.6674072364310315
test/masks_pixel_gt/Papaya_736x552_DPI150/GT_Papaya_T095_L018_2013.09.20_120427_CIV_DPI150.png,papaya_736x552_DPI150,papaya,172056,junction_break,0.05,False,,,,,,,,,,,,,,,,,,,,,,,,,,
test/masks_pixel_gt/Papaya_736x552_DPI150/GT_Papaya_T095_L018_2013.09.20_120427_CIV_DPI150.png,papaya_736x552_DPI150,papaya,172056,thin_dropout,0.01,True,0.09843750000000001,0.990214404162687,0.01938153183735761,172329.0,0.0007490960061755982,393808.0,0.0,552.0,0.0,736.0,0.046423751686909584,7410.0,0.02835873890251625,23.256275303643726,0.13793103448275862,145.0,0.125,520.0,0.16666666666666666,6.0,0.0,19.0,0.002804509701422788,1.8076716995892177,0.011999122043870793,1.6674072364310315
test/masks_pixel_gt/Papaya_736x552_DPI150/GT_Papaya_T095_L018_2013.09.20_120427_CIV_DPI150.png,papaya_736x552_DPI150,papaya,172056,thin_dropout,0.05,True,0.2953125,0.949770548550464,0.0956542427565877,172329.0,0.01041116483159306,393808.0,0.0,552.0,0.0,736.0,0.1543859649122807,7410.0,0.0694545262007157,23.256275303643726,0.22758620689655173,145.0,0.3,520.0,1.6666666666666667,6.0,0.05263157894736842,19.0,0.014170234268590515,1.8076716995892177,0.06684096456803361,1.6674072364310315
test/masks_pixel_gt/Papaya_736x552_DPI150/GT_Papaya_T095_L018_2013.09.20_120427_CIV_DPI150.png,papaya_736x552_DPI150,papaya,172056,speckle,0.01,True,0.015625,0.9895065644980233,0.02120943079806649,172329.0,0.029841953439239427,393808.0,0.0,552.0,0.0,736.0,0.5862348178137652,7410.0,0.3562053869139295,23.256275303643726,2.8275862068965516,145.0,0.3903846153846154,520.0,543.5,6.0,0.42105263157894735,19.0,0.03661616938866892,1.8076716995892177,0.02684770127380659,1.6674072364310315
test/masks_pixel_gt/Papaya_736x552_DPI150/GT_Papaya_T095_L018_2013.09.20_120427_CIV_DPI150.png,papaya_736x552_DPI150,papaya,172056,speckle,0.05,False,,,,,,,,,,,,,,,,,,,,,,,,,,
test/masks_pixel_gt/Papaya_736x552_DPI150/GT_Papaya_T095_L018_2013.09.20_120427_CIV_DPI150.png,papaya_736x552_DPI150,papaya,172056,blob,0.01,True,1.5,0.9906527550228508,0.01887088069912783,172329.0,0.0006373664323731361,393808.0,0.0,552.0,0.0,736.0,0.017948717948717947,7410.0,0.0009059029538031594,23.256275303643726,0.0896551724137931,145.0,0.06346153846153846,520.0,4.333333333333333,6.0,0.2631578947368421,19.0,0.0018462600395285336,1.8076716995892177,0.024073643897820445,1.6674072364310315
test/masks_pixel_gt/Papaya_736x552_DPI150/GT_Papaya_T095_L018_2013.09.20_120427_CIV_DPI150.png,papaya_736x552_DPI150,papaya,172056,blob,0.05,False,,,,,,,,,,,,,,,,,,,,,,,,,,
test/masks_pixel_gt/Papaya_736x552_DPI150/GT_Papaya_T095_L019_2013.09.20_120429_CIV_DPI150.png,papaya_736x552_DPI150,papaya,100883,boundary_erode,0.01,True,-0.375,0.9892394583210353,0.021291970224897053,101024.0,0.0013640996790887452,330621.0,0.0,552.0,0.0,710.0,0.16584887144259078,4076.0,0.16051895425856066,24.785083415112855,0.7564102564102564,78.0,0.6008064516129032,248.0,1.0,2.0,0.0,4.0,0.001077876957717949,1.733500200836005,0.009092550505548583,2.8153603994496126
test/masks_pixel_gt/Papaya_736x552_DPI150/GT_Papaya_T095_L019_2013.09.20_120429_CIV_DPI150.png,papaya_736x552_DPI150,papaya,100883,boundary_erode,0.05,True,-1.6875,0.9500291011889914,0.09518530250237567,101024.0,0.010434908853339624,330621.0,0.0036231884057971015,552.0,0.005633802816901409,710.0,0.21221786064769382,4076.0,0.2535873897995716,24.785083415112855,1.1153846153846154,78.0,1.0161290322580645,248.0,1.5,2.0,0.0,4.0,0.007579584369090066,1.733500200836005,0.044139583745936344,2.8153603994496126
test/masks_pixel_gt/Papaya_736x552_DPI150/GT_Papaya_T095_L019_2013.09.20_120429_CIV_DPI150.png,papaya_736x552_DPI150,papaya,100883,boundary_dilate,0.01,True,0.375,0.9898394097647485,0.020529775102945836,101024.0,0.003187940269976801,330621.0,0.0,552.0,0.0014084507042253522,710.0,0.6025515210991168,4076.0,0.3631844208022646,24.785083415112855,0.9487179487179487,78.0,3.1975806451612905,248.0,0.0,2.0,23.5,4.0,0.004437615615086899,1.733500200836005,0.009454796536159212,2.8153603994496126
test/masks_pixel_gt/Papaya_736x552_DPI150/GT_Papaya_T095_L019_2013.09.20_120429_CIV_DPI150.png,papaya_736x552_DPI150,papaya,100883,boundary_dilate,0.05,True,2.0625,0.9500138706689424,0.10523242001900539,101024.0,0.009521476252264677,330621.0,0.0,552.0,0.005633802816901409,710.0,0.1197252208047105,4076.0,0.2555538862869193,24.785083415112855,0.15384615384615385,78.0,0.08064516129032258,248.0,0.0,2.0,1.75,4.0,0.012890021425147315,1.733500200836005,0.046655401306815864,2.8153603994496126
test/masks_pixel_gt/Papaya_736x552_DPI150/GT_Papaya_T095_L019_2013.09.20_120429_CIV_DPI150.png,papaya_736x552_DPI150,papaya,100883,junction_break,0.01,True,0.375,0.9902043101035545,0.019401330376940133,101024.0,0.0,330621.0,0.0,552.0,0.0,710.0,0.42860647693817466,4076.0,0.31359777135778943,24.785083415112855,0.01282051282051282,78.0,1.375,248.0,0.0,2.0,14.5,4.0,0.0007474050400813978,1.733500200836005,0.0004856869363452515,2.8153603994496126
test/masks_pixel_gt/Papaya_736x552_DPI150/GT_Papaya_T095_L019_2013.09.20_120429_CIV_DPI150.png,papaya_736x552_DPI150,papaya,100883,junction_break,0.05,False,,,,,,,,,,,,,,,,,,,,,,,,,,
test/masks_pixel_gt/Papaya_736x552_DPI150/GT_Papaya_T095_L019_2013.09.20_120429_CIV_DPI150.png,papaya_736x552_DPI150,papaya,100883,thin_dropout,0.01,True,0.0703125,0.9908700429527519,0.0180947101678809,101024.0,0.0,330621.0,0.0,552.0,0.0,710.0,0.029440628066732092,4076.0,0.01169008123248673,24.785083415112855,0.1282051282051282,78.0,0.0967741935483871,248.0,0.0,2.0,0.0,4.0,0.002469117626485139,1.733500200836005,0.012166561770040598,2.8153603994496126
test/masks_pixel_gt/Papaya_736x552_DPI150/GT_Papaya_T095_L019_2013.09.20_120429_CIV_DPI150.png,papaya_736x552_DPI150,papaya,100883,thin_dropout,0.05,True,0.2671875,0.9489367014857047,0.09716503009185937,101024.0,0.006763030781468812,330621.0,0.0,552.0,0.008450704225352112,710.0,0.14425907752698724,4076.0,0.055033066899536014,24.785083415112855,0.23076923076923078,78.0,0.34274193548387094,248.0,2.5,2.0,0.0,4.0,0.01383129856707176,1.733500200836005,0.08334814949915388,2.8153603994496126
test/masks_pixel_gt/Papaya_736x552_DPI150/GT_Papaya_T095_L019_2013.09.20_120429_CIV_DPI150.png,papaya_736x552_DPI150,papaya,100883,speckle,0.01,True,0.00625,0.9906450410872933,0.018886601203674375,101024.0,0.2241146206683786,330621.0,0.0,552.0,0.036619718309859155,710.0,0.4985279685966634,4076.0,0.32007501858117593,24.785083415112855,1.3846153846153846,78.0,0.13306451612903225,248.0,908.5,2.0,0.25,4.0,0.007868834672174923,1.733500200836005,0.029508217080930987,2.8153603994496126
test/masks_pixel_gt/Papaya_736x552_DPI150/GT_Papaya_T095_L019_2013.09.20_120429_CIV_DPI150.png,papaya_736x552_DPI150,papaya,100883,speckle,0.05,True,0.034375,0.9506307018410566,0.10386640798226164,101024.0,0.2281313044240989,330621.0,0.0,552.0,0.036619718309859155,710.0,2.742639842983317,4076.0,0.7050567368773715,24.785083415112855,28.987179487179485,78.0,0.9596774193548387,248.0,4468.5,2.0,2.25,4.0,0.07032506895061363,1.733500200836005,0.14381203975796525,2.8153603994496126
test/masks_pixel_gt/Papaya_736x552_DPI150/GT_Papaya_T095_L019_2013.09.20_120429_CIV_DPI150.png,papaya_736x552_DPI150,papaya,100883,blob,0.01,True,0.75,0.9891125558079423,0.0220145707950586,101024.0,0.11720368639620593,330621.0,0.0,552.0,0.0028169014084507044,710.0,0.03140333660451423,4076.0,0.00910290424342083,24.785083415112855,0.20512820512820512,78.0,0.10483870967741936,248.0,9.5,2.0,0.5,4.0,0.01982057711797005,1.733500200836005,0.031634195394360805,2.8153603994496126
test/masks_pixel_gt/Papaya_736x552_DPI150/GT_Papaya_T095_L019_2013.09.20_120429_CIV_DPI150.png,papaya_736x552_DPI150,papaya,100883,blob,0.05,False,,,,,,,,,,,,,,,,,,,,,,,,,,
test/masks_pixel_gt/Papaya_736x552_DPI150/GT_Papaya_T095_L020_2013.07.19_134839_CRI_DPI150.png,papaya_736x552_DPI150,papaya,54198,boundary_erode,0.01,True,-0.28125,0.9913384509581606,0.017174341680947905,54267.0,1.0179412138948976e-05,196475.0,0.0,552.0,0.0,574.0,0.08663251047973917,2147.0,0.09553078079253982,25.275733581741967,0.4634146341463415,41.0,0.34146341463414637,123.0,0.5,2.0,0.0,0.0,0.0010987812071254863,1.6194193416698475,0.007178654276024031,4.799193883962538
test/masks_pixel_gt/Papaya_736x552_DPI150/GT_Papaya_T095_L020_2013.07.19_134839_CRI_DPI150.png,papaya_736x552_DPI150,papaya,54198,boundary_erode,0.05,True,-1.59375,0.9491896287977073,0.09670702268413585,54267.0,0.01830258302583026,196475.0,0.0036231884057971015,552.0,0.006968641114982578,574.0,0.11644154634373545,2147.0,0.1909178046319732,25.275733581741967,0.926829268292683,41.0,0.9349593495934959,123.0,1.5,2.0,0.0,0.0,0.006290502176572002,1.6194193416698475,0.045371696880440925,4.799193883962538
test/masks_pixel_gt/Papaya_736x552_DPI150/GT_Papaya_T095_L020_2013.07.19_134839_CRI_DPI150.png,papaya_736x552_DPI150,papaya,54198,boundary_dilate,0.01,True,0.375,0.9888842320097673,0.022481434389223655,54267.0,0.004234635449802774,196475.0,0.0,552.0,0.0017421602787456446,574.0,0.3497904052165813,2147.0,0.24248873718645172,25.275733581741967,0.7560975609756098,41.0,2.4715447154471546,123.0,0.0,2.0,36.0,0.0,0.0030099659899476424,1.6194193416698475,0.010750158836833928,4.799193883962538
test/masks_pixel_gt/Papaya_736x552_DPI150/GT_Papaya_T095_L020_2013.07.19_134839_CRI_DPI150.png,papaya_736x552_DPI150,papaya,54198,boundary_dilate,0.05,True,1.78125,0.9505933873439895,0.1039489929423038,54267.0,0.012958391652882047,196475.0,0.0,552.0,0.003484320557491289,574.0,0.0069864927806241265,2147.0,0.11171598867125987,25.275733581741967,0.2926829268292683,41.0,0.6422764227642277,123.0,0.0,2.0,18.0,0.0,0.011972404301374164,1.6194193416698475,0.045937985587126653,4.799193883962538
test/masks_pixel_gt/Papaya_736x552_DPI150/GT_Papaya_T095_L020_2013.07.19_134839_CRI_DPI150.png,papaya_736x552_DPI150,papaya,54198,junction_break,0.01,True,0.5,0.9900337790681444,0.019735751008900435,54267.0,8.65250031810663e-05,196475.0,0.0,552.0,0.0,574.0,0.41406613879832327,2147.0,0.3067762376205894,25.275733581741967,0.024390243902439025,41.0,1.3252032520325203,123.0,0.0,2.0,28.0,0.0,0.0009781033841288929,1.6194193416698475,0.0025708924053430525,4.799193883962538
test/masks_pixel_gt/Papaya_736x552_DPI150/GT_Papaya_T095_L020_2013.07.19_134839_CRI_DPI150.png,papaya_736x552_DPI150,papaya,54198,junction_break,0.05,False,,,,,,,,,,,,,,,,,,,,,,,,,,
test/masks_pixel_gt/Papaya_736x552_DPI150/GT_Papaya_T095_L020_2013.07.19_134839_CRI_DPI150.png,papaya_736x552_DPI150,papaya,54198,thin_dropout,0.01,True,0.140625,0.9897705589426165,0.020251718355538358,54267.0,0.02309199643720575,196475.0,0.0,552.0,0.0017421602787456446,574.0,0.03912435957149511,2147.0,0.019641086132166276,25.275733581741967,0.14634146341463414,41.0,0.17073170731707318,123.0,0.0,2.0,0.0,0.0,0.0025372625122688803,1.6194193416698475,0.01613086269272129,4.799193883962538
test/masks_pixel_gt/Papaya_736x552_DPI150/GT_Papaya_T095_L020_2013.07.19_134839_CRI_DPI150.png,papaya_736x552_DPI150,papaya,54198,thin_dropout,0.05,True,0.3375,0.9503481624758221,0.09460629848711002,54267.0,0.04858633413920346,196475.0,0.0,552.0,0.0017421602787456446,574.0,0.14438751746623196,2147.0,0.058181969051809786,25.275733581741967,0.21951219512195122,41.0,0.35772357723577236,123.0,2.0,2.0,0.0,0.0,0.014986158837687205,1.6194193416698475,0.07022643261217576,4.799193883962538
test/masks_pixel_gt/Papaya_736x552_DPI150/GT_Papaya_T095_L020_2013.07.19_134839_CRI_DPI150.png,papaya_736x552_DPI150,papaya,54198,speckle,0.01,True,0.003125,0.9899666161957057,0.020270145760775425,54267.0,1.0520982313271408,196475.0,0.0,552.0,0.2804878048780488,574.0,0.5142058686539357,2147.0,0.3262011679642003,25.275733581741967,1.0,41.0,0.024390243902439025,123.0,536.0,2.0,0.0,0.0,0.04581516506874945,1.6194193416698475,0.03340392642457815,4.799193883962538
test/masks_pixel_gt/Papaya_736x552_DPI150/GT_Papaya_T095_L020_2013.07.19_134839_CRI_DPI150.png,papaya_736x552_DPI150,papaya,54198,speckle,0.05,True,0.01640625,0.9494790436448574,0.10641826524407098,54267.0,1.0640743097086143,196475.0,0.0,552.0,0.28222996515679444,574.0,2.792734047508151,2147.0,0.7082795019674543,25.275733581741967,17.097560975609756,41.0,0.6016260162601627,123.0,2669.5,2.0,3.0,0.0,0.0590455922475525,1.6194193416698475,0.15607880699158888,4.799193883962538
test/masks_pixel_gt/Papaya_736x552_DPI150/GT_Papaya_T095_L020_2013.07.19_134839_CRI_DPI150.png,papaya_736x552_DPI150,papaya,54198,blob,0.01,True,0.375,0.9898672990104428,0.02047284721838318,54267.0,0.4525308563430462,196475.0,0.0,552.0,0.2073170731707317,574.0,0.019562179785747556,2147.0,0.0008931945993004149,25.275733581741967,0.12195121951219512,41.0,0.04065040650406504,123.0,6.5,2.0,0.0,0.0,0.030633709163220946,1.6194193416698475,0.03461230546602537,4.799193883962538
test/masks_pixel_gt/Papaya_736x552_DPI150/GT_Papaya_T095_L020_2013.07.19_134839_CRI_DPI150.png,papaya_736x552_DPI150,papaya,54198,blob,0.05,True,1.875,0.9501523269250972,0.10492564541986843,54267.0,0.8943936887644739,196475.0,0.0,552.0,0.27177700348432055,574.0,0.06986492780624126,2147.0,0.03277116269763049,25.275733581741967,0.6097560975609756,41.0,0.12195121951219512,123.0,26.0,2.0,1.0,0.0,0.05421143313658758,1.6194193416698475,0.14607566896214275,4.799193883962538
test/masks_pixel_gt/Papaya_736x552_DPI150/GT_Papaya_T095_L020_2013.09.06_110147_CIV_DPI150.png,papaya_736x552_DPI150,papaya,112614,boundary_erode,0.01,True,-0.375,0.990242372653555,0.01932667222744778,112694.0,0.0014023896314297286,395040.0,0.0,552.0,0.0,736.0,0.27060478199718707,3555.0,0.22818382106897875,31.70014064697609,0.8985507246376812,69.0,0.9720670391061452,179.0,0.1111111111111111,9.0,0.0,0.0,0.001208317563862847,1.7404411528769108,0.009230632970618054,2.7667766349554084
test/masks_pixel_gt/Papaya_736x552_DPI150/GT_Papaya_T095_L020_2013.09.06_110147_CIV_DPI150.png,papaya_736x552_DPI150,papaya,112614,boundary_erode,0.05,True,-1.875,0.9498667461840953,0.0954797948426713,112694.0,0.009938234102875658,395040.0,0.0036231884057971015,552.0,0.002717391304347826,736.0,0.10942334739803095,3555.0,0.1846933749152375,31.70014064697609,0.4927536231884058,69.0,0.5642458100558659,179.0,0.3333333333333333,9.0,0.0,0.0,0.012078212874820226,1.7404411528769108,0.05069428246001631,2.7667766349554084
test/masks_pixel_gt/Papaya_736x552_DPI150/GT_Papaya_T095_L020_2013.09.06_110147_CIV_DPI150.png,papaya_736x552_DPI150,papaya,112614,boundary_dilate,0.01,True,0.375,0.9911608721272834,0.0178359096313912,112694.0,0.002025111381125962,395040.0,0.0,552.0,0.0,736.0,0.6483825597749648,3555.0,0.38252446096593934,31.70014064697609,0.9710144927536232,69.0,3.3240223463687153,179.0,0.1111111111111111,9.0,73.0,0.0,0.0014558582734068798,1.7404411528769108,0.00953604302512338,2.7667766349554084
test/masks_pixel_gt/Papaya_736x552_DPI150/GT_Papaya_T095_L020_2013.09.06_110147_CIV_DPI150.png,papaya_736x552_DPI150,papaya,112614,boundary_dilate,0.05,True,2.4375,0.9485827318448686,0.1084086109287096,112694.0,0.004814702308626974,395040.0,0.0,552.0,0.0,736.0,0.32742616033755273,3555.0,0.1649941487917859,31.70014064697609,0.4492753623188406,69.0,1.3687150837988826,179.0,0.2222222222222222,9.0,27.0,0.0,0.008182737159134474,1.7404411528769108,0.0554298334565086,2.7667766349554084
test/masks_pixel_gt/Papaya_736x552_DPI150/GT_Papaya_T095_L020_2013.09.06_110147_CIV_DPI150.png,papaya_736x552_DPI150,papaya,112614,junction_break,0.01,True,0.75,0.9906538707842777,0.018519175821250466,112694.0,0.0,395040.0,0.0,552.0,0.0,736.0,0.5676511954992968,3555.0,0.37391632335269076,31.70014064697609,0.08695652173913043,69.0,1.6536312849162011,179.0,0.2222222222222222,9.0,51.0,0.0,0.0008370616646325582,1.7404411528769108,0.0006749559360107629,2.7667766349554084
test/masks_pixel_gt/Papaya_736x552_DPI150/GT_Papaya_T095_L020_2013.09.06_110147_CIV_DPI150.png,papaya_736x552_DPI150,papaya,112614,junction_break,0.05,False,,,,,,,,,,,,,,,,,,,,,,,,,,
test/masks_pixel_gt/Papaya_736x552_DPI150/GT_Papaya_T095_L020_2013.09.06_110147_CIV_DPI150.png,papaya_736x552_DPI150,papaya,112614,thin_dropout,0.01,True,0.1125,0.9901790354665855,0.019450902443785827,112694.0,0.010360976103685703,395040.0,0.0,552.0,0.006793478260869565,736.0,0.05907172995780591,3555.0,0.0421082337256625,31.70014064697609,0.07246376811594203,69.0,0.10614525139664804,179.0,0.1111111111111111,9.0,0.0,0.0,0.0001749313885203105,1.7404411528769108,0.012730949141906896,2.7667766349554084
test/masks_pixel_gt/Papaya_736x552_DPI150/GT_Papaya_T095_L020_2013.09.06_110147_CIV_DPI150.png,papaya_736x552_DPI150,papaya,112614,thin_dropout,0.05,True,0.309375,0.9493282614978696,0.09645588939961311,112694.0,0.022055994329688133,395040.0,0.0,552.0,0.006793478260869565,736.0,0.12517580872011252,3555.0,0.032829361152532176,31.70014064697609,0.028985507246376812,69.0,0.17318435754189945,179.0,0.1111111111111111,9.0,0.0,0.0,0.013653168597113186,1.7404411528769108,0.08270174071896678,2.7667766349554084
test/masks_pixel_gt/Papaya_736x552_DPI150/GT_Papaya_T095_L020_2013.09.06_110147_CIV_DPI150.png,papaya_736x552_DPI150,papaya,112614,speckle,0.01,True,0.0078125,0.9899245438813784,0.020356008305677322,112694.0,0.025759416767922236,395040.0,0.0,552.0,0.0,736.0,0.7440225035161744,3555.0,0.4149410307215028,31.70014064697609,2.101449275362319,69.0,0.39106145251396646,179.0,241.22222222222223,9.0,2.0,0.0,0.00786675030310006,1.7404411528769108,0.034267848812155145,2.7667766349554084
test/masks_pixel_gt/Papaya_736x552_DPI150/GT_Papaya_T095_L020_2013.09.06_110147_CIV_DPI150.png,papaya_736x552_DPI150,papaya,112614,speckle,0.05,True,0.04062500000000001,0.9497419042201294,0.10583527073313574,112694.0,0.02815157958687728,395040.0,0.0,552.0,0.0,736.0,3.728270042194093,3555.0,0.7661226493273664,31.70014064697609,42.869565217391305,69.0,1.8826815642458101,179.0,1086.5555555555557,9.0,15.0,0.0,0.07899545377703276,1.7404411528769108,0.15580249944848637,2.7667766349554084
test/masks_pixel_gt/Papaya_736x552_DPI150/GT_Papaya_T095_L020_2013.09.06_110147_CIV_DPI150.png,papaya_736x552_DPI150,papaya,112614,blob,0.01,True,0.75,0.9894508562673678,0.021323229275737838,112694.0,0.00158971243418388,395040.0,0.0,552.0,0.0,736.0,0.021940928270042195,3555.0,0.0006044370836091375,31.70014064697609,0.10144927536231885,69.0,0.08379888268156424,179.0,2.4444444444444446,9.0,2.0,0.0,0.01699654823465504,1.7404411528769108,0.03146323469342645,2.7667766349554084
test/masks_pixel_gt/Papaya_736x552_DPI150/GT_Papaya_T095_L020_2013.09.06_110147_CIV_DPI150.png,papaya_736x552_DPI150,papaya,112614,blob,0.05,False,,,,,,,,,,,,,,,,,,,,,,,,,,
test/masks_pixel_gt/Peanut_640x480_DPI120/GT_Peanut_T009_L054_2017.06.15_090946_EED_DPI120.png,peanut_640x480_DPI120,peanut,4361,boundary_erode,0.01,True,-0.140625,0.9899965505346672,0.01980874316939891,4392.0,0.005821132474863292,5669.0,0.0,178.0,0.0,284.0,0.02556818181818182,352.0,0.0442456443092199,12.477272727272727,0.16666666666666666,12.0,0.15151515151515152,33.0,0.0,1.0,0.0,0.0,0.0026638760747849017,1.3095982300538196,0.002879405490802185,22.08951652124099
test/masks_pixel_gt/Peanut_640x480_DPI120/GT_Peanut_T009_L054_2017.06.15_090946_EED_DPI120.png,peanut_640x480_DPI120,peanut,4361,boundary_erode,0.05,True,-0.65625,0.9514145875611795,0.09266848816029144,4392.0,0.03721996824836832,5669.0,0.011235955056179775,178.0,0.0035211267605633804,284.0,0.019886363636363636,352.0,0.11036018894825227,12.477272727272727,0.08333333333333333,12.0,0.06060606060606061,33.0,1.0,1.0,0.0,0.0,0.014794624753026698,1.3095982300538196,0.016675417044993195,22.08951652124099
test/masks_pixel_gt/Peanut_640x480_DPI120/GT_Peanut_T009_L054_2017.06.15_090946_EED_DPI120.png,peanut_640x480_DPI120,peanut,4361,boundary_dilate,0.01,True,0.140625,0.9901927629354075,0.01980874316939891,4392.0,0.053624977950255774,5669.0,0.0056179775280898875,178.0,0.0,284.0,0.02556818181818182,352.0,0.005615851535655317,12.477272727272727,0.4166666666666667,12.0,0.18181818181818182,33.0,0.0,1.0,4.0,0.0,0.005070766976163597,1.3095982300538196,0.00503731052630957,22.08951652124099
test/masks_pixel_gt/Peanut_640x480_DPI120/GT_Peanut_T009_L054_2017.06.15_090946_EED_DPI120.png,peanut_640x480_DPI120,peanut,4361,boundary_dilate,0.05,True,0.75,0.9497242945183263,0.10587431693989072,4392.0,0.10019403774916211,5669.0,0.0056179775280898875,178.0,0.0035211267605633804,284.0,0.0,352.0,0.1058743169398908,12.477272727272727,0.5833333333333334,12.0,0.6666666666666666,33.0,0.0,1.0,8.0,0.0,0.007067691433369825,1.3095982300538196,0.019173728919301986,22.08951652124099
test/masks_pixel_gt/Peanut_640x480_DPI120/GT_Peanut_T009_L054_2017.06.15_090946_EED_DPI120.png,peanut_640x480_DPI120,peanut,4361,junction_break,0.01,True,0.125,0.988950276243094,0.02185792349726776,4392.0,0.0,5669.0,0.0,178.0,0.0,284.0,0.125,352.0,0.1305403764420158,12.477272727272727,0.16666666666666666,12.0,0.42424242424242425,33.0,0.0,1.0,3.0,0.0,0.0011630581714876418,1.3095982300538196,0.0020025115400657185,22.08951652124099
test/masks_pixel_gt/Peanut_640x480_DPI120/GT_Peanut_T009_L054_2017.06.15_090946_EED_DPI120.png,peanut_640x480_DPI120,peanut,4361,junction_break,0.05,False,,,,,,,,,,,,,,,,,,,,,,,,,,
test/masks_pixel_gt/Peanut_640x480_DPI120/GT_Peanut_T009_L054_2017.06.15_090946_EED_DPI120.png,peanut_640x480_DPI120,peanut,4361,thin_dropout,0.01,True,0.16875,0.989066635976522,0.02163023679417122,4392.0,0.008114305874051861,5669.0,0.02247191011235955,178.0,0.0,284.0,0.036931818181818184,352.0,0.015888367694547902,12.477272727272727,0.16666666666666666,12.0,0.12121212121212122,33.0,0.0,1.0,0.0,0.0,0.004410238580895191,1.3095982300538196,0.012333236086738067,22.08951652124099
test/masks_pixel_gt/Peanut_640x480_DPI120/GT_Peanut_T009_L054_2017.06.15_090946_EED_DPI120.png,peanut_640x480_DPI120,peanut,4361,thin_dropout,0.05,True,0.5625,0.9499103407053198,0.09540072859744991,4392.0,0.09684247662727112,5669.0,0.0449438202247191,178.0,0.045774647887323945,284.0,0.20170454545454544,352.0,0.13316350011992045,12.477272727272727,0.75,12.0,0.9090909090909091,33.0,0.0,1.0,0.0,0.0,0.014170139834181295,1.3095982300538196,0.052097622813971275,22.08951652124099
test/masks_pixel_gt/Peanut_640x480_DPI120/GT_Peanut_T009_L054_2017.06.15_090946_EED_DPI120.png,peanut_640x480_DPI120,peanut,4361,speckle,0.01,True,0.00029296875000000004,0.9899695706074608,0.020264116575591986,4392.0,45.58599400246957,5669.0,1.6910112359550562,178.0,1.2183098591549295,284.0,0.25,352.0,0.1837887067395264,12.477272727272727,0.0,12.0,0.0,33.0,88.0,1.0,0.0,0.0,0.2810881820661028,1.3095982300538196,0.03314368890893721,22.08951652124099
test/masks_pixel_gt/Peanut_640x480_DPI120/GT_Peanut_T009_L054_2017.06.15_090946_EED_DPI120.png,peanut_640x480_DPI120,peanut,4361,speckle,0.05,True,0.0015625,0.9489035324619207,0.10769581056466303,4392.0,52.31575233727289,5669.0,1.696629213483146,178.0,1.2535211267605635,284.0,1.34375,352.0,0.5273831208257438,12.477272727272727,0.3333333333333333,12.0,0.0,33.0,471.0,1.0,0.0,0.0,0.18673946590964685,1.3095982300538196,0.15670132505897097,22.08951652124099
test/masks_pixel_gt/Peanut_640x480_DPI120/GT_Peanut_T009_L054_2017.06.15_090946_EED_DPI120.png,peanut_640x480_DPI120,peanut,4361,blob,0.01,True,0.0234375,0.9908629441624366,0.018442622950819672,4392.0,8.50573293349797,5669.0,0.07303370786516854,178.0,0.8908450704225352,284.0,0.002840909090909091,352.0,0.01555751637022257,12.477272727272727,0.0,12.0,0.0,33.0,1.0,1.0,0.0,0.0,0.03186649965699347,1.3095982300538196,0.032629704765112,22.08951652124099
test/masks_pixel_gt/Peanut_640x480_DPI120/GT_Peanut_T009_L054_2017.06.15_090946_EED_DPI120.png,peanut_640x480_DPI120,peanut,4361,blob,0.05,True,0.13749999999936335,0.9550940524083941,0.09403460837887068,4392.0,19.421414711589346,5669.0,0.48314606741573035,178.0,1.1161971830985915,284.0,0.022727272727272728,352.0,0.06972272819267354,12.477272727272727,0.16666666666666666,12.0,0.0,33.0,5.0,1.0,0.0,0.0,0.07874843005077993,1.3095982300538196,0.09483408288928372,22.08951652124099
test/masks_pixel_gt/Peanut_640x480_DPI120/GT_Peanut_T019_L063_2017.06.29_110210_EED_DPI120.png,peanut_640x480_DPI120,peanut,5586,boundary_erode,0.01,True,-0.140625,0.9886833123765044,0.022380106571936058,5630.0,9.880202544152155e-05,40485.0,0.0,345.0,0.0,515.0,0.15333333333333332,450.0,0.15235269355948208,12.511111111111111,0.3157894736842105,19.0,0.45,40.0,0.0,3.0,0.0,0.0,0.002787043822950886,1.320816281625698,0.0045505715556198555,16.564201859846328
test/masks_pixel_gt/Peanut_640x480_DPI120/GT_Peanut_T019_L063_2017.06.29_110210_EED_DPI120.png,peanut_640x480_DPI120,peanut,5586,boundary_erode,0.05,True,-0.609375,0.9488424197162061,0.09733570159857904,5630.0,0.003754476966777819,40485.0,0.005797101449275362,345.0,0.003883495145631068,515.0,0.16666666666666666,450.0,0.22628774422735348,12.511111111111111,0.47368421052631576,19.0,0.9,40.0,0.0,3.0,0.0,0.0,0.014318181715024176,1.320816281625698,0.01861153596030781,16.564201859846328
test/masks_pixel_gt/Peanut_640x480_DPI120/GT_Peanut_T019_L063_2017.06.29_110210_EED_DPI120.png,peanut_640x480_DPI120,peanut,5586,boundary_dilate,0.01,True,0.140625,0.9888469307104593,0.022557726465364122,5630.0,0.00963319748054835,40485.0,0.002898550724637681,345.0,0.0,515.0,0.20222222222222222,450.0,0.14944366560182287,12.511111111111111,0.05263157894736842,19.0,1.05,40.0,0.0,3.0,7.0,0.0,0.00045159554444052234,1.320816281625698,0.00340520050311014,16.564201859846328
test/masks_pixel_gt/Peanut_640x480_DPI120/GT_Peanut_T019_L063_2017.06.29_110210_EED_DPI120.png,peanut_640x480_DPI120,peanut,5586,boundary_dilate,0.05,True,0.65625,0.9498903323772566,0.10550621669626999,5630.0,0.02309497344695566,40485.0,0.005797101449275362,345.0,0.001941747572815534,515.0,0.2577777777777778,450.0,0.12106396199059807,12.511111111111111,0.05263157894736842,19.0,1.675,40.0,0.0,3.0,13.0,0.0,0.014158312438331598,1.320816281625698,0.019674301112985192,16.564201859846328
test/masks_pixel_gt/Peanut_640x480_DPI120/GT_Peanut_T019_L063_2017.06.29_110210_EED_DPI120.png,peanut_640x480_DPI120,peanut,5586,junction_break,0.01,True,0.09375,0.9895908111988514,0.020603907637655416,5630.0,0.0,40485.0,0.0,345.0,0.0,515.0,0.12,450.0,0.12553920324790668,12.511111111111111,0.3157894736842105,19.0,0.275,40.0,0.0,3.0,4.0,0.0,0.0010412981052057826,1.320816281625698,0.00677594806391312,16.564201859846328
test/masks_pixel_gt/Peanut_640x480_DPI120/GT_Peanut_T019_L063_2017.06.29_110210_EED_DPI120.png,peanut_640x480_DPI120,peanut,5586,junction_break,0.05,False,,,,,,,,,,,,,,,,,,,,,,,,,,
test/masks_pixel_gt/Peanut_640x480_DPI120/GT_Peanut_T019_L063_2017.06.29_110210_EED_DPI120.png,peanut_640x480_DPI120,peanut,5586,thin_dropout,0.01,True,0.16875,0.9894094417519297,0.020959147424511545,5630.0,0.006323329628257379,40485.0,0.008695652173913044,345.0,0.0,515.0,0.06888888888888889,450.0,0.0514758559879948,12.511111111111111,0.2631578947368421,19.0,0.325,40.0,0.0,3.0,0.0,0.0,0.0034939737004305465,1.320816281625698,0.010802936536946089,16.564201859846328
test/masks_pixel_gt/Peanut_640x480_DPI120/GT_Peanut_T019_L063_2017.06.29_110210_EED_DPI120.png,peanut_640x480_DPI120,peanut,5586,thin_dropout,0.05,True,0.5892857142857337,0.9392369288742346,0.11456483126110124,5630.0,0.01279486229467704,40485.0,0.014492753623188406,345.0,0.009708737864077669,515.0,0.22444444444444445,450.0,0.14167858433382355,12.511111111111111,0.3157894736842105,19.0,0.925,40.0,1.0,3.0,0.0,0.0,0.007866874058882322,1.320816281625698,0.10876694472877664,16.564201859846328
test/masks_pixel_gt/Peanut_640x480_DPI120/GT_Peanut_T019_L063_2017.06.29_110210_EED_DPI120.png,peanut_640x480_DPI120,peanut,5586,speckle,0.01,True,0.000390625,0.9896291088064686,0.020959147424511545,5630.0,5.926367790539706,40485.0,0.37971014492753624,345.0,0.2407766990291262,515.0,0.27111111111111114,450.0,0.19679787352966754,12.511111111111111,0.05263157894736842,19.0,0.075,40.0,39.0,3.0,0.0,0.0,0.23339859047983075,1.320816281625698,0.03790750773364552,16.564201859846328
test/masks_pixel_gt/Peanut_640x480_DPI120/GT_Peanut_T019_L063_2017.06.29_110210_EED_DPI120.png,peanut_640x480_DPI120,peanut,5586,speckle,0.05,True,0.001953125,0.9502911638112921,0.10461811722912966,5630.0,6.449055205631716,40485.0,0.391304347826087,345.0,0.24271844660194175,515.0,1.32,450.0,0.5238715011943407,12.511111111111111,0.47368421052631576,19.0,0.1,40.0,194.66666666666666,3.0,0.0,0.0,0.13684978645072954,1.320816281625698,0.16556963458952406,16.564201859846328
test/masks_pixel_gt/Peanut_640x480_DPI120/GT_Peanut_T019_L063_2017.06.29_110210_EED_DPI120.png,peanut_640x480_DPI120,peanut,5586,blob,0.01,True,0.0703125,0.9885864793678666,0.023090586145648313,5630.0,1.765518093120909,40485.0,0.005797101449275362,345.0,0.0,515.0,0.0044444444444444444,450.0,0.018563636649428655,12.511111111111111,0.0,19.0,0.0,40.0,0.6666666666666666,3.0,0.0,0.0,0.02656893732659553,1.320816281625698,0.030664877260189655,16.564201859846328
test/masks_pixel_gt/Peanut_640x480_DPI120/GT_Peanut_T019_L063_2017.06.29_110210_EED_DPI120.png,peanut_640x480_DPI120,peanut,5586,blob,0.05,True,0.16249999999899956,0.9531064838327408,0.09840142095914742,5630.0,3.407336050389033,40485.0,0.22608695652173913,345.0,0.1941747572815534,515.0,0.02,450.0,0.07686413819524263,12.511111111111111,0.10526315789473684,19.0,0.0,40.0,2.0,3.0,0.0,0.0,0.08632844140229996,1.320816281625698,0.15563492294782338,16.564201859846328
test/masks_pixel_gt/Peanut_640x480_DPI120/GT_Peanut_T019_L064_2017.06.29_110214_EED_DPI120.png,peanut_640x480_DPI120,peanut,11157,boundary_erode,0.01,True,-0.1875,0.9890090008593785,0.02174302075876879,11176.0,0.0006338151856009408,130953.0,0.0,479.0,0.002061855670103093,485.0,0.04538799414348463,683.0,0.06421636299473261,16.363103953147878,0.2857142857142857,14.0,0.45161290322580644,31.0,0.0,2.0,0.0,0.0,0.0028263882757874857,1.4378121704829745,0.0035008474875759346,10.722270088620444
test/masks_pixel_gt/Peanut_640x480_DPI120/GT_Peanut_T019_L064_2017.06.29_110214_EED_DPI120.png,peanut_640x480_DPI120,peanut,11157,boundary_erode,0.05,True,-0.84375,0.9485864810198034,0.09779885468861847,11176.0,0.008254870067886952,130953.0,0.0041753653444676405,479.0,0.004123711340206186,485.0,0.22840409956076135,683.0,0.26555019994317813,16.363103953147878,1.7857142857142858,14.0,2.2903225806451615,31.0,0.5,2.0,0.0,0.0,0.013505555082774817,1.4378121704829745,0.017735015963161196,10.722270088620444
test/masks_pixel_gt/Peanut_640x480_DPI120/GT_Peanut_T019_L064_2017.06.29_110214_EED_DPI120.png,peanut_640x480_DPI120,peanut,11157,boundary_dilate,0.01,True,0.1875,0.989201628606833,0.021832498210450968,11176.0,0.0030392583598695716,130953.0,0.0,479.0,0.002061855670103093,485.0,0.25329428989751096,683.0,0.18468271462881075,16.363103953147878,1.5,14.0,1.7096774193548387,31.0,0.0,2.0,2.0,0.0,0.004726083161215903,1.4378121704829745,0.0048412847870334275,10.722270088620444
test/masks_pixel_gt/Peanut_640x480_DPI120/GT_Peanut_T019_L064_2017.06.29_110214_EED_DPI120.png,peanut_640x480_DPI120,peanut,11157,boundary_dilate,0.05,True,0.890625,0.950784805819048,0.10352541159627773,11176.0,0.009293410612968012,130953.0,0.0020876826722338203,479.0,0.004123711340206186,485.0,0.005856515373352855,683.0,0.09710022724928331,16.363103953147878,0.07142857142857142,14.0,0.03225806451612903,31.0,0.0,2.0,0.0,0.0,0.019571675056780438,1.4378121704829745,0.019332916636959553,10.722270088620444
test/masks_pixel_gt/Peanut_640x480_DPI120/GT_Peanut_T019_L064_2017.06.29_110214_EED_DPI120.png,peanut_640x480_DPI120,peanut,11157,junction_break,0.01,True,0.25,0.9905157619004606,0.01879026485325698,11176.0,0.0,130953.0,0.0,479.0,0.0,485.0,0.17130307467057102,683.0,0.1622921886184682,16.363103953147878,0.42857142857142855,14.0,0.6129032258064516,31.0,0.0,2.0,7.0,0.0,0.0010120149151487605,1.4378121704829745,0.0013701420050838892,10.722270088620444
test/masks_pixel_gt/Peanut_640x480_DPI120/GT_Peanut_T019_L064_2017.06.29_110214_EED_DPI120.png,peanut_640x480_DPI120,peanut,11157,junction_break,0.05,False,,,,,,,,,,,,,,,,,,,,,,,,,,
test/masks_pixel_gt/Peanut_640x480_DPI120/GT_Peanut_T019_L064_2017.06.29_110214_EED_DPI120.png,peanut_640x480_DPI120,peanut,11157,thin_dropout,0.01,True,0.225,0.9906980944640116,0.018432355046528275,11176.0,0.012294487335150778,130953.0,0.0,479.0,0.012371134020618556,485.0,0.04538799414348463,683.0,0.0282372722442042,16.363103953147878,0.2857142857142857,14.0,0.41935483870967744,31.0,0.0,2.0,0.0,0.0,0.002971361746487376,1.4378121704829745,0.010400695783041421,10.722270088620444
test/masks_pixel_gt/Peanut_640x480_DPI120/GT_Peanut_T019_L064_2017.06.29_110214_EED_DPI120.png,peanut_640x480_DPI120,peanut,11157,thin_dropout,0.05,True,0.7045454545453593,0.9626398106464937,0.07202934860415175,11176.0,0.06527532778935954,130953.0,0.027139874739039668,479.0,0.024742268041237112,485.0,0.14348462664714495,683.0,0.08342556393737498,16.363103953147878,0.2857142857142857,14.0,0.8064516129032258,31.0,1.0,2.0,0.0,0.0,0.013167923216508264,1.4378121704829745,0.022080482544307032,10.722270088620444
test/masks_pixel_gt/Peanut_640x480_DPI120/GT_Peanut_T019_L064_2017.06.29_110214_EED_DPI120.png,peanut_640x480_DPI120,peanut,11157,speckle,0.01,True,0.00078125,0.9897710667316123,0.02066929133858268,11176.0,1.2419494016937374,130953.0,0.0020876826722338203,479.0,0.30927835051546393,485.0,0.3367496339677892,683.0,0.23645440746522237,16.363103953147878,0.0,14.0,0.0,31.0,115.0,2.0,0.0,0.0,0.17937645386038545,1.4378121704829745,0.036178257353309755,10.722270088620444
test/masks_pixel_gt/Peanut_640x480_DPI120/GT_Peanut_T019_L064_2017.06.29_110214_EED_DPI120.png,peanut_640x480_DPI120,peanut,11157,speckle,0.05,True,0.00390625,0.9508252509783903,0.10343593414459556,11176.0,1.321619206891022,130953.0,0.0020876826722338203,479.0,0.31958762886597936,485.0,1.7013177159590045,683.0,0.5915193804765535,16.363103953147878,2.857142857142857,14.0,0.1935483870967742,31.0,564.5,2.0,0.0,0.0,0.07193196176460617,1.4378121704829745,0.1614074555076597,10.722270088620444
test/masks_pixel_gt/Peanut_640x480_DPI120/GT_Peanut_T019_L064_2017.06.29_110214_EED_DPI120.png,peanut_640x480_DPI120,peanut,11157,blob,0.01,True,0.08750000000009095,0.9877154220061864,0.024874731567644952,11176.0,0.17960642367872443,130953.0,0.0,479.0,0.0,485.0,0.020497803806734993,683.0,0.004289012425683625,16.363103953147878,0.21428571428571427,14.0,0.03225806451612903,31.0,1.5,2.0,0.0,0.0,0.048837283194245865,1.4378121704829745,0.04360016784730046,10.722270088620444
test/masks_pixel_gt/Peanut_640x480_DPI120/GT_Peanut_T019_L064_2017.06.29_110214_EED_DPI120.png,peanut_640x480_DPI120,peanut,11157,blob,0.05,True,0.36249999999881766,0.9518780342389915,0.10110952040085898,11176.0,1.0453826945545348,130953.0,0.0,479.0,0.2639175257731959,485.0,0.0424597364568082,683.0,0.05626095847441956,16.363103953147878,0.7142857142857143,14.0,0.0,31.0,7.0,2.0,0.0,0.0,0.09865615024132036,1.4378121704829745,0.1505811635176937,10.722270088620444
test/masks_pixel_gt/Peanut_640x480_DPI120/GT_Peanut_T019_L099_2017.07.27_102606_EED_DPI120.png,peanut_640x480_DPI120,peanut,18239,boundary_erode,0.01,True,-0.1875,0.990529309440318,0.0187636761487965,18280.0,0.00041201896785502925,133489.0,0.0,467.0,0.0,590.0,0.15072765072765074,962.0,0.14729056590347092,19.002079002079004,1.2,15.0,1.6764705882352942,34.0,0.0,2.0,0.0,0.0,0.0015495471807033183,1.4766123209171598,0.00601989938117099,7.484309496528714
test/masks_pixel_gt/Peanut_640x480_DPI120/GT_Peanut_T019_L099_2017.07.27_102606_EED_DPI120.png,peanut_640x480_DPI120,peanut,18239,boundary_erode,0.05,True,-0.9375,0.9507820347252116,0.0938183807439825,18280.0,0.009124347324498648,133489.0,0.004282655246252677,467.0,0.005084745762711864,590.0,0.158004158004158,962.0,0.21746255141446247,19.002079002079004,1.4,15.0,1.6470588235294117,34.0,0.0,2.0,0.0,0.0,0.016422881891083718,1.4766123209171598,0.03174843410770721,7.484309496528714
test/masks_pixel_gt/Peanut_640x480_DPI120/GT_Peanut_T019_L099_2017.07.27_102606_EED_DPI120.png,peanut_640x480_DPI120,peanut,18239,boundary_dilate,0.01,True,0.1875,0.990705362707639,0.0187636761487965,18280.0,0.006449969660421458,133489.0,0.0,467.0,0.0,590.0,0.5155925155925156,962.0,0.3278116210870081,19.002079002079004,3.6,15.0,4.970588235294118,34.0,0.0,2.0,4.0,0.0,0.004976910827924529,1.4766123209171598,0.006683583233723854,7.484309496528714
test/masks_pixel_gt/Peanut_640x480_DPI120/GT_Peanut_T019_L099_2017.07.27_102606_EED_DPI120.png,peanut_640x480_DPI120,peanut,18239,boundary_dilate,0.05,True,1.03125,0.9509194475511743,0.10322757111597375,18280.0,0.013289484526814943,133489.0,0.004282655246252677,467.0,0.003389830508474576,590.0,0.057172557172557176,962.0,0.04356432980685019,19.002079002079004,0.2,15.0,0.7058823529411765,34.0,0.0,2.0,3.0,0.0,0.017764189161817694,1.4766123209171598,0.032067811378933976,7.484309496528714
test/masks_pixel_gt/Peanut_640x480_DPI120/GT_Peanut_T019_L099_2017.07.27_102606_EED_DPI120.png,peanut_640x480_DPI120,peanut,18239,junction_break,0.01,True,0.5,0.9913648026043534,0.01712253829321663,18280.0,0.0,133489.0,0.0,467.0,0.0,590.0,0.16216216216216217,962.0,0.15426823062439585,19.002079002079004,0.26666666666666666,15.0,1.3529411764705883,34.0,0.0,2.0,9.0,0.0,0.0008501367324568467,1.4766123209171598,0.008094544107598812,7.484309496528714
test/masks_pixel_gt/Peanut_640x480_DPI120/GT_Peanut_T019_L099_2017.07.27_102606_EED_DPI120.png,peanut_640x480_DPI120,peanut,18239,junction_break,0.05,False,,,,,,,,,,,,,,,,,,,,,,,,,,
test/masks_pixel_gt/Peanut_640x480_DPI120/GT_Peanut_T019_L099_2017.07.27_102606_EED_DPI120.png,peanut_640x480_DPI120,peanut,18239,thin_dropout,0.01,True,0.253125,0.9891057899684786,0.021553610503282274,18280.0,0.0,133489.0,0.0,467.0,0.0,590.0,0.058212058212058215,962.0,0.03892431202631609,19.002079002079004,0.13333333333333333,15.0,0.4117647058823529,34.0,0.5,2.0,0.0,0.0,0.0035541127841560104,1.4766123209171598,0.01437010858184002,7.484309496528714
test/masks_pixel_gt/Peanut_640x480_DPI120/GT_Peanut_T019_L099_2017.07.27_102606_EED_DPI120.png,peanut_640x480_DPI120,peanut,18239,thin_dropout,0.05,True,0.7312500000000001,0.9509927694249971,0.09343544857768052,18280.0,0.04153151195978695,133489.0,0.057815845824411134,467.0,0.010169491525423728,590.0,0.20270270270270271,962.0,0.1370470644957905,19.002079002079004,0.13333333333333333,15.0,0.9117647058823529,34.0,2.0,2.0,0.0,0.0,0.019199416234231232,1.4766123209171598,0.058292908622462544,7.484309496528714
test/masks_pixel_gt/Peanut_640x480_DPI120/GT_Peanut_T019_L099_2017.07.27_102606_EED_DPI120.png,peanut_640x480_DPI120,peanut,18239,speckle,0.01,True,0.0011718750000000002,0.9908127591533646,0.018544857768052515,18280.0,1.2183775442171265,133489.0,0.02569593147751606,467.0,0.07966101694915254,590.0,0.36382536382536385,962.0,0.25317061495970544,19.002079002079004,0.9333333333333333,15.0,0.14705882352941177,34.0,164.0,2.0,0.0,0.0,0.1168480896183771,1.4766123209171598,0.02978678966572014,7.484309496528714
test/masks_pixel_gt/Peanut_640x480_DPI120/GT_Peanut_T019_L099_2017.07.27_102606_EED_DPI120.png,peanut_640x480_DPI120,peanut,18239,speckle,0.05,True,0.006640625000000001,0.9501286415967151,0.10497811816192561,18280.0,1.2841357714867891,133489.0,0.027837259100642397,467.0,0.0847457627118644,590.0,2.0218295218295217,962.0,0.6343347266350973,19.002079002079004,5.8,15.0,0.5294117647058824,34.0,930.5,2.0,0.0,0.0,0.0001398824921049856,1.4766123209171598,0.1545618256401616,7.484309496528714
test/masks_pixel_gt/Peanut_640x480_DPI120/GT_Peanut_T019_L099_2017.07.27_102606_EED_DPI120.png,peanut_640x480_DPI120,peanut,18239,blob,0.01,True,0.09375,0.9899274342034008,0.02035010940919037,18280.0,0.12742622987661906,133489.0,0.0,467.0,0.0,590.0,0.007276507276507277,962.0,0.012979159186420113,19.002079002079004,0.13333333333333333,15.0,0.0,34.0,2.0,2.0,0.0,0.0,0.040421543629230165,1.4766123209171598,0.03697558017925815,7.484309496528714
test/masks_pixel_gt/Peanut_640x480_DPI120/GT_Peanut_T019_L099_2017.07.27_102606_EED_DPI120.png,peanut_640x480_DPI120,peanut,18239,blob,0.05,True,0.46875,0.949931145581625,0.10541575492341357,18280.0,0.733213972686888,133489.0,0.008565310492505354,467.0,0.03898305084745763,590.0,0.013513513513513514,962.0,0.09067687819110122,19.002079002079004,0.26666666666666666,15.0,0.17647058823529413,34.0,9.0,2.0,0.0,0.0,0.06619882920395055,1.4766123209171598,0.15485903408999124,7.484309496528714
test/masks_pixel_gt/Peanut_640x480_DPI120/GT_Peanut_T025_L054_2017.06.29_131612_EED_DPI120.png,peanut_640x480_DPI120,peanut,25984,boundary_erode,0.01,True,-0.140625,0.9890586572164449,0.021645850892651905,26102.0,0.0013663969995806574,212237.0,0.0,480.0,0.0,600.0,0.03461005999077065,2167.0,0.054374022695975334,12.045223811721273,0.43137254901960786,51.0,0.1952662721893491,169.0,0.5,4.0,0.7142857142857143,7.0,0.0008896912891943808,1.491513227222619,0.0030175872639801723,5.130340446928157
test/masks_pixel_gt/Peanut_640x480_DPI120/GT_Peanut_T025_L054_2017.06.29_131612_EED_DPI120.png,peanut_640x480_DPI120,peanut,25984,boundary_erode,0.05,True,-0.609375,0.9507577280218676,0.09386253926902154,26102.0,0.0025773074440366196,212237.0,0.0,480.0,0.0016666666666666668,600.0,0.11305952930318412,2167.0,0.18590386508953963,12.045223811721273,1.2352941176470589,51.0,0.7869822485207101,169.0,2.75,4.0,0.7142857142857143,7.0,0.008014323961803665,1.491513227222619,0.014857643255984142,5.130340446928157
test/masks_pixel_gt/Peanut_640x480_DPI120/GT_Peanut_T025_L054_2017.06.29_131612_EED_DPI120.png,peanut_640x480_DPI120,peanut,25984,boundary_dilate,0.01,True,0.140625,0.9898369359120213,0.020534824917630833,26102.0,0.0019129557994129204,212237.0,0.0,480.0,0.0,600.0,0.26303645592985697,2167.0,0.19199891647917203,12.045223811721273,0.39215686274509803,51.0,1.9349112426035502,169.0,0.0,4.0,6.285714285714286,7.0,0.004572706795399798,1.491513227222619,0.004363825203581867,5.130340446928157
test/masks_pixel_gt/Peanut_640x480_DPI120/GT_Peanut_T025_L054_2017.06.29_131612_EED_DPI120.png,peanut_640x480_DPI120,peanut,25984,boundary_dilate,0.05,True,0.703125,0.9511350799839667,0.1027507470691901,26102.0,0.005121632891531637,212237.0,0.0,480.0,0.0,600.0,0.23027226580526072,2167.0,0.1036530874347581,12.045223811721273,0.09803921568627451,51.0,2.5502958579881656,169.0,0.0,4.0,11.857142857142858,7.0,0.015066442078400666,1.491513227222619,0.020717894995230322,5.130340446928157
test/masks_pixel_gt/Peanut_640x480_DPI120/GT_Peanut_T025_L054_2017.06.29_131612_EED_DPI120.png,peanut_640x480_DPI120,peanut,25984,junction_break,0.01,True,0.125,0.9897238403034466,0.020343268715040993,26102.0,0.0,212237.0,0.0,480.0,0.0,600.0,0.127365020766036,2167.0,0.13102082001862203,12.045223811721273,0.09803921568627451,51.0,0.47337278106508873,169.0,0.0,4.0,2.4285714285714284,7.0,0.001016760204723272,1.491513227222619,0.000582073281416795,5.130340446928157
test/masks_pixel_gt/Peanut_640x480_DPI120/GT_Peanut_T025_L054_2017.06.29_131612_EED_DPI120.png,peanut_640x480_DPI120,peanut,25984,junction_break,0.05,False,,,,,,,,,,,,,,,,,,,,,,,,,,
test/masks_pixel_gt/Peanut_640x480_DPI120/GT_Peanut_T025_L054_2017.06.29_131612_EED_DPI120.png,peanut_640x480_DPI120,peanut,25984,thin_dropout,0.01,True,0.140625,0.9901537866331367,0.0195004214236457,26102.0,0.009263229314398526,212237.0,0.008333333333333333,480.0,0.0,600.0,0.043839409321642826,2167.0,0.02545491639718135,12.045223811721273,0.2549019607843137,51.0,0.24260355029585798,169.0,0.25,4.0,0.0,7.0,0.00406691976926602,1.491513227222619,0.015704550649796378,5.130340446928157
test/masks_pixel_gt/Peanut_640x480_DPI120/GT_Peanut_T025_L054_2017.06.29_131612_EED_DPI120.png,peanut_640x480_DPI120,peanut,25984,thin_dropout,0.05,True,0.3515625,0.9493640315569152,0.09639108114320742,26102.0,0.011397635662019347,212237.0,0.008333333333333333,480.0,0.008333333333333333,600.0,0.1435163820950623,2167.0,0.05502183575574864,12.045223811721273,0.35294117647058826,51.0,0.6449704142011834,169.0,0.5,4.0,0.7142857142857143,7.0,0.01602189204698447,1.491513227222619,0.01435439137282638,5.130340446928157
test/masks_pixel_gt/Peanut_640x480_DPI120/GT_Peanut_T025_L054_2017.06.29_131612_EED_DPI120.png,peanut_640x480_DPI120,peanut,25984,speckle,0.01,True,0.001953125,0.9895930089284022,0.021032871044364417,26102.0,0.4209586452880506,212237.0,0.0,480.0,0.06666666666666667,600.0,0.25888324873096447,2167.0,0.18893759840427501,12.045223811721273,0.1568627450980392,51.0,0.07692307692307693,169.0,133.75,4.0,0.0,7.0,0.04589882123252419,1.491513227222619,0.033307579246010965,5.130340446928157
test/masks_pixel_gt/Peanut_640x480_DPI120/GT_Peanut_T025_L054_2017.06.29_131612_EED_DPI120.png,peanut_640x480_DPI120,peanut,25984,speckle,0.05,True,0.009765625000000002,0.9500445867986679,0.10516435522182209,26102.0,0.43104171280219755,212237.0,0.0,480.0,0.06666666666666667,600.0,1.2856483617904937,2167.0,0.5164766489469638,12.045223811721273,4.921568627450981,51.0,0.25443786982248523,169.0,643.5,4.0,0.14285714285714285,7.0,0.061071902511322454,1.491513227222619,0.15193822219152456,5.130340446928157
test/masks_pixel_gt/Peanut_640x480_DPI120/GT_Peanut_T025_L054_2017.06.29_131612_EED_DPI120.png,peanut_640x480_DPI120,peanut,25984,blob,0.01,True,0.1875,0.9894804677874866,0.021262738487472226,26102.0,0.07499634842181147,212237.0,0.0,480.0,0.0,600.0,0.005999077065066913,2167.0,0.015172639588235087,12.045223811721273,0.0392156862745098,51.0,0.0,169.0,1.75,4.0,0.0,7.0,0.013597045766491804,1.491513227222619,0.03524474079517615,5.130340446928157
test/masks_pixel_gt/Peanut_640x480_DPI120/GT_Peanut_T025_L054_2017.06.29_131612_EED_DPI120.png,peanut_640x480_DPI120,peanut,25984,blob,0.05,True,0.6328125,0.9512910691182098,0.1024059459045284,26102.0,0.222972431762605,212237.0,0.0,480.0,0.035,600.0,0.03414859252422704,2167.0,0.06600342917229503,12.045223811721273,0.1568627450980392,51.0,0.05917159763313609,169.0,5.0,4.0,0.2857142857142857,7.0,0.01955820966115122,1.491513227222619,0.11686993955398894,5.130340446928157
test/masks_pixel_gt/Peanut_640x480_DPI120/GT_Peanut_T025_L102_2017.07.27_124954_EED_DPI120.png,peanut_640x480_DPI120,peanut,41813,boundary_erode,0.01,True,-0.1875,0.9903207165559087,0.01917298612104736,41934.0,0.00010241554375338337,205047.0,0.0,480.0,0.0016501650165016502,606.0,0.09523809523809523,2352.0,0.1044622916757389,17.82908163265306,0.5925925925925926,54.0,0.5121951219512195,123.0,0.16666666666666666,6.0,0.0,0.0,0.001486553219776711,1.617376881590139,0.0034829897637066406,3.6758893880335033
test/masks_pixel_gt/Peanut_640x480_DPI120/GT_Peanut_T025_L102_2017.07.27_124954_EED_DPI120.png,peanut_640x480_DPI120,peanut,41813,boundary_erode,0.05,True,-0.9375,0.949667497401345,0.0958410836075738,41934.0,0.009700215072641882,205047.0,0.0020833333333333333,480.0,0.0016501650165016502,606.0,0.1377551020408163,2352.0,0.20531323940396617,17.82908163265306,1.0,54.0,1.016260162601626,123.0,0.16666666666666666,6.0,0.0,0.0,0.012306598610233184,1.617376881590139,0.02035489097746793,3.6758893880335033
test/masks_pixel_gt/Peanut_640x480_DPI120/GT_Peanut_T025_L102_2017.07.27_124954_EED_DPI120.png,peanut_640x480_DPI120,peanut,41813,boundary_dilate,0.01,True,0.1875,0.9905981290749315,0.018982210139743407,41934.0,0.0017508181051173633,205047.0,0.0,480.0,0.0,606.0,0.35586734693877553,2352.0,0.24846467286024573,17.82908163265306,1.7222222222222223,54.0,2.5284552845528454,123.0,0.16666666666666666,6.0,12.0,0.0,0.003881502618607197,1.617376881590139,0.004434422644750652,3.6758893880335033
test/masks_pixel_gt/Peanut_640x480_DPI120/GT_Peanut_T025_L102_2017.07.27_124954_EED_DPI120.png,peanut_640x480_DPI120,peanut,41813,boundary_dilate,0.05,True,1.03125,0.9504209965662999,0.10433061477559975,41934.0,0.007803089047876828,205047.0,0.0,480.0,0.0016501650165016502,606.0,0.004251700680272109,2352.0,0.10904594617942391,17.82908163265306,0.14814814814814814,54.0,0.07317073170731707,123.0,0.3333333333333333,6.0,8.0,0.0,0.014601421383406749,1.617376881590139,0.020534227054457836,3.6758893880335033
test/masks_pixel_gt/Peanut_640x480_DPI120/GT_Peanut_T025_L102_2017.07.27_124954_EED_DPI120.png,peanut_640x480_DPI120,peanut,41813,junction_break,0.01,True,0.25,0.9911951501154734,0.017456002289311774,41934.0,0.0,205047.0,0.0,480.0,0.0,606.0,0.18877551020408162,2352.0,0.17348230235495754,17.82908163265306,0.037037037037037035,54.0,0.7398373983739838,123.0,0.6666666666666666,6.0,21.0,0.0,0.000798759667164979,1.617376881590139,0.00048436955587066044,3.6758893880335033
test/masks_pixel_gt/Peanut_640x480_DPI120/GT_Peanut_T025_L102_2017.07.27_124954_EED_DPI120.png,peanut_640x480_DPI120,peanut,41813,junction_break,0.05,False,,,,,,,,,,,,,,,,,,,,,,,,,,
test/masks_pixel_gt/Peanut_640x480_DPI120/GT_Peanut_T025_L102_2017.07.27_124954_EED_DPI120.png,peanut_640x480_DPI120,peanut,41813,thin_dropout,0.01,True,0.225,0.9901991475425627,0.0194114560976773,41934.0,0.005774285895428853,205047.0,0.0020833333333333333,480.0,0.0,606.0,0.04251700680272109,2352.0,0.024131552068500508,17.82908163265306,0.16666666666666666,54.0,0.3008130081300813,123.0,0.3333333333333333,6.0,0.0,0.0,0.002640396073844422,1.617376881590139,0.005038202282790545,3.6758893880335033
test/masks_pixel_gt/Peanut_640x480_DPI120/GT_Peanut_T025_L102_2017.07.27_124954_EED_DPI120.png,peanut_640x480_DPI120,peanut,41813,thin_dropout,0.05,True,0.5203125,0.9507187629020756,0.09393332379453427,41934.0,0.0319731573736753,205047.0,0.0020833333333333333,480.0,0.0033003300330033004,606.0,0.1475340136054422,2352.0,0.06287721817219727,17.82908163265306,0.48148148148148145,54.0,0.7560975609756098,123.0,0.3333333333333333,6.0,0.0,0.0,0.01591642329686349,1.617376881590139,0.04294132485079822,3.6758893880335033
test/masks_pixel_gt/Peanut_640x480_DPI120/GT_Peanut_T025_L102_2017.07.27_124954_EED_DPI120.png,peanut_640x480_DPI120,peanut,41813,speckle,0.01,True,0.003125,0.9902121680815141,0.019769161062622217,41934.0,0.4896926070608202,205047.0,0.0,480.0,0.056105610561056105,606.0,0.37755102040816324,2352.0,0.2597231275249113,17.82908163265306,0.4074074074074074,54.0,0.1951219512195122,123.0,133.66666666666666,6.0,1.0,0.0,0.03657911022333326,1.617376881590139,0.02984593153238821,3.6758893880335033
test/masks_pixel_gt/Peanut_640x480_DPI120/GT_Peanut_T025_L102_2017.07.27_124954_EED_DPI120.png,peanut_640x480_DPI120,peanut,41813,speckle,0.05,True,0.01640625,0.9506687825889821,0.10378213382935088,41934.0,0.49563270859851644,205047.0,0.0,480.0,0.056105610561056105,606.0,1.9532312925170068,2352.0,0.6262459575631107,17.82908163265306,9.537037037037036,54.0,0.926829268292683,123.0,662.5,6.0,2.0,0.0,0.05568289829146427,1.617376881590139,0.14224091826469934,3.6758893880335033
test/masks_pixel_gt/Peanut_640x480_DPI120/GT_Peanut_T025_L102_2017.07.27_124954_EED_DPI120.png,peanut_640x480_DPI120,peanut,41813,blob,0.01,True,0.1875,0.9902706276862041,0.019649926074307246,41934.0,0.04320472867196301,205047.0,0.0,480.0,0.0,606.0,0.011479591836734694,2352.0,0.008077606610664517,17.82908163265306,0.05555555555555555,54.0,0.07317073170731707,123.0,1.0,6.0,1.0,0.0,0.0038695292419870485,1.617376881590139,0.026080745465578696,3.6758893880335033
test/masks_pixel_gt/Peanut_640x480_DPI120/GT_Peanut_T025_L102_2017.07.27_124954_EED_DPI120.png,peanut_640x480_DPI120,peanut,41813,blob,0.05,True,1.21875,0.9505502601126589,0.10404445080364381,41934.0,0.3316264076041103,205047.0,0.0,480.0,0.0462046204620462,606.0,0.03826530612244898,2352.0,0.06335485187967668,17.82908163265306,0.3333333333333333,54.0,0.06504065040650407,123.0,6.666666666666667,6.0,0.0,0.0,0.03586862090739099,1.617376881590139,0.13887176444915242,3.6758893880335033
test/masks_pixel_gt/Peanut_640x480_DPI120/GT_Peanut_T026_L041_2017.07.13_113628_EED_DPI120.png,peanut_640x480_DPI120,peanut,56989,boundary_erode,0.01,True,-0.1875,0.9889793030249425,0.021801130299371863,57153.0,0.0004557485670213325,285245.0,0.0,480.0,0.0016260162601626016,615.0,0.061187451387088414,3857.0,0.07820350832266733,14.817993259009594,0.4492753623188406,69.0,0.4369369369369369,222.0,0.2,5.0,0.0,8.0,0.0019098431632859256,1.630621256090948,0.007145266600156475,2.557563258126729
test/masks_pixel_gt/Peanut_640x480_DPI120/GT_Peanut_T026_L041_2017.07.13_113628_EED_DPI120.png,peanut_640x480_DPI120,peanut,56989,boundary_erode,0.05,True,-0.796875,0.9514173011650308,0.09266355221948104,57153.0,0.020897824677032027,285245.0,0.0,480.0,0.0032520325203252032,615.0,0.13144931293751622,3857.0,0.19807592138188324,14.817993259009594,1.5797101449275361,69.0,1.2117117117117118,222.0,1.2,5.0,0.125,8.0,0.011671357863573878,1.630621256090948,0.03245093477941876,2.557563258126729
test/masks_pixel_gt/Peanut_640x480_DPI120/GT_Peanut_T026_L041_2017.07.13_113628_EED_DPI120.png,peanut_640x480_DPI120,peanut,56989,boundary_dilate,0.01,True,0.1875,0.9893368415586214,0.0215561737791542,57153.0,0.00024189731634209188,285245.0,0.0,480.0,0.0,615.0,0.2177858439201452,3857.0,0.16113643554051574,14.817993259009594,1.318840579710145,69.0,2.009009009009009,222.0,0.0,5.0,4.625,8.0,0.0042932198712614,1.630621256090948,0.007042701816954609,2.557563258126729
test/masks_pixel_gt/Peanut_640x480_DPI120/GT_Peanut_T026_L041_2017.07.13_113628_EED_DPI120.png,peanut_640x480_DPI120,peanut,56989,boundary_dilate,0.05,True,0.9375,0.9488809934918316,0.10774587510716847,57153.0,0.0033935739452049993,285245.0,0.0,480.0,0.0032520325203252032,615.0,0.018408089188488463,3857.0,0.1285197676408738,14.817993259009594,0.4057971014492754,69.0,0.4009009009009009,222.0,0.0,5.0,4.25,8.0,0.014893311859998483,1.630621256090948,0.0318519847498985,2.557563258126729
test/masks_pixel_gt/Peanut_640x480_DPI120/GT_Peanut_T026_L041_2017.07.13_113628_EED_DPI120.png,peanut_640x480_DPI120,peanut,56989,junction_break,0.01,True,0.1875,0.9911298223316652,0.017584378772767834,57153.0,0.0,285245.0,0.0,480.0,0.0,615.0,0.16722841586725434,3857.0,0.15833472877089425,14.817993259009594,0.07246376811594203,69.0,0.8018018018018018,222.0,0.2,5.0,3.875,8.0,0.0008032343339865387,1.630621256090948,0.005036036560977006,2.557563258126729
test/masks_pixel_gt/Peanut_640x480_DPI120/GT_Peanut_T026_L041_2017.07.13_113628_EED_DPI120.png,peanut_640x480_DPI120,peanut,56989,junction_break,0.05,False,,,,,,,,,,,,,,,,,,,,,,,,,,
test/masks_pixel_gt/Peanut_640x480_DPI120/GT_Peanut_T026_L041_2017.07.13_113628_EED_DPI120.png,peanut_640x480_DPI120,peanut,56989,thin_dropout,0.01,True,0.225,0.9886483282163807,0.02244851538851854,57153.0,0.021932023348349663,285245.0,0.0,480.0,0.0,615.0,0.047186932849364795,3857.0,0.025963558135097684,14.817993259009594,0.2898550724637681,69.0,0.28378378378378377,222.0,0.2,5.0,0.0,8.0,0.0033294509871891137,1.630621256090948,0.009597580779107518,2.557563258126729
test/masks_pixel_gt/Peanut_640x480_DPI120/GT_Peanut_T026_L041_2017.07.13_113628_EED_DPI120.png,peanut_640x480_DPI120,peanut,56989,thin_dropout,0.05,True,0.36896551724107657,0.9515808010859695,0.0923661050163596,57153.0,0.028221353573244054,285245.0,0.0,480.0,0.0016260162601626016,615.0,0.15167228415867254,3857.0,0.06990951496084985,14.817993259009594,0.3333333333333333,69.0,0.49099099099099097,222.0,0.6,5.0,0.5,8.0,0.015611678570383649,1.630621256090948,0.04863094939284273,2.557563258126729
test/masks_pixel_gt/Peanut_640x480_DPI120/GT_Peanut_T026_L041_2017.07.13_113628_EED_DPI120.png,peanut_640x480_DPI120,peanut,56989,speckle,0.01,True,0.004687500000000001,0.9898508806872305,0.02050636012107851,57153.0,0.0600220862767095,285245.0,0.0,480.0,0.03739837398373984,615.0,0.3240860772621208,3857.0,0.22927491071333478,14.817993259009594,0.9130434782608695,69.0,0.25675675675675674,222.0,221.6,5.0,0.125,8.0,0.015980569445439494,1.630621256090948,0.028448860746583177,2.557563258126729
test/masks_pixel_gt/Peanut_640x480_DPI120/GT_Peanut_T026_L041_2017.07.13_113628_EED_DPI120.png,peanut_640x480_DPI120,peanut,56989,speckle,0.05,True,0.0234375,0.9512341261255264,0.10253180060539255,57153.0,0.07524759417342985,285245.0,0.0,480.0,0.04065040650406504,615.0,1.6313196785066113,3857.0,0.580996634650212,14.817993259009594,14.014492753623188,69.0,1.3243243243243243,222.0,1023.6,5.0,0.875,8.0,0.0953238698387686,1.630621256090948,0.12355822668602919,2.557563258126729
test/masks_pixel_gt/Peanut_640x480_DPI120/GT_Peanut_T026_L041_2017.07.13_113628_EED_DPI120.png,peanut_640x480_DPI120,peanut,56989,blob,0.01,True,0.375,0.9887121467680411,0.02283344706314629,57153.0,0.010019456958053603,285245.0,0.0,480.0,0.0016260162601626016,615.0,0.0064817215452424165,3857.0,0.01624642074254376,14.817993259009594,0.014492753623188406,69.0,0.013513513513513514,222.0,2.4,5.0,0.0,8.0,0.0008639555404423477,1.630621256090948,0.03332743254235669,2.557563258126729
test/masks_pixel_gt/Peanut_640x480_DPI120/GT_Peanut_T026_L041_2017.07.13_113628_EED_DPI120.png,peanut_640x480_DPI120,peanut,56989,blob,0.05,True,1.875,0.9504827001272232,0.10419400556401238,57153.0,0.04194639695700188,285245.0,0.0,480.0,0.03902439024390244,615.0,0.05574280528908478,3857.0,0.04589299593821104,14.817993259009594,0.30434782608695654,69.0,0.2972972972972973,222.0,8.2,5.0,0.75,8.0,0.007328375863224177,1.630621256090948,0.11429090793924254,2.557563258126729
test/masks_pixel_gt/Peanut_640x480_DPI120/GT_Peanut_T026_L071_2017.07.13_113819_EED_DPI120.png,peanut_640x480_DPI120,peanut,20734,boundary_erode,0.01,True,-0.140625,0.9895659331348198,0.020652642675739134,20869.0,0.002571880770245318,106148.0,0.0,321.0,0.0016806722689075631,595.0,0.020118343195266272,1690.0,0.039966917704175764,12.348520710059171,0.21212121212121213,33.0,0.17204301075268819,93.0,0.0,2.0,0.0,2.0,0.0008971419362307638,1.5123972819614213,0.004875183611281463,5.758466020444616
test/masks_pixel_gt/Peanut_640x480_DPI120/GT_Peanut_T026_L071_2017.07.13_113819_EED_DPI120.png,peanut_640x480_DPI120,peanut,20734,boundary_erode,0.05,True,-0.65625,0.9494324045407637,0.0962671905697446,20869.0,0.005586539548554848,106148.0,0.0,321.0,0.0033613445378151263,595.0,0.09881656804733728,1690.0,0.17753987725517945,12.348520710059171,1.0303030303030303,33.0,0.8279569892473119,93.0,2.0,2.0,0.0,2.0,0.006235607690762419,1.5123972819614213,0.02299846274514827,5.758466020444616
test/masks_pixel_gt/Peanut_640x480_DPI120/GT_Peanut_T026_L071_2017.07.13_113819_EED_DPI120.png,peanut_640x480_DPI120,peanut,20734,boundary_dilate,0.01,True,0.140625,0.9899905123339658,0.0202213809957353,20869.0,0.007046764894298526,106148.0,0.003115264797507788,321.0,0.0,595.0,0.2029585798816568,1690.0,0.15190647620128245,12.348520710059171,0.9696969696969697,33.0,2.021505376344086,93.0,0.0,2.0,8.5,2.0,0.006727440054452635,1.5123972819614213,0.004672003174205953,5.758466020444616
test/masks_pixel_gt/Peanut_640x480_DPI120/GT_Peanut_T026_L071_2017.07.13_113819_EED_DPI120.png,peanut_640x480_DPI120,peanut,20734,boundary_dilate,0.05,True,0.75,0.9488712574169641,0.10776750203651349,20869.0,0.012708670912311112,106148.0,0.006230529595015576,321.0,0.0033613445378151263,595.0,0.1136094674556213,1690.0,0.005245973197817277,12.348520710059171,0.030303030303030304,33.0,1.6774193548387097,93.0,0.0,2.0,14.5,2.0,0.0124881513354598,1.5123972819614213,0.026422708705250722,5.758466020444616
test/masks_pixel_gt/Peanut_640x480_DPI120/GT_Peanut_T026_L071_2017.07.13_113819_EED_DPI120.png,peanut_640x480_DPI120,peanut,20734,junction_break,0.01,True,0.1875,0.9896637699402097,0.020460970817959653,20869.0,0.0,106148.0,0.0,321.0,0.0,595.0,0.13609467455621302,1690.0,0.13780158368872492,12.348520710059171,0.18181818181818182,33.0,0.7204301075268817,93.0,0.0,2.0,7.0,2.0,0.0009283084077898858,1.5123972819614213,0.005269582919474918,5.758466020444616
test/masks_pixel_gt/Peanut_640x480_DPI120/GT_Peanut_T026_L071_2017.07.13_113819_EED_DPI120.png,peanut_640x480_DPI120,peanut,20734,junction_break,0.05,False,,,,,,,,,,,,,,,,,,,,,,,,,,
test/masks_pixel_gt/Peanut_640x480_DPI120/GT_Peanut_T026_L071_2017.07.13_113819_EED_DPI120.png,peanut_640x480_DPI120,peanut,20734,thin_dropout,0.01,True,0.16875,0.9914947083554825,0.016867123484594373,20869.0,0.005379281757546068,106148.0,0.003115264797507788,321.0,0.0,595.0,0.04082840236686391,1690.0,0.024981222277011415,12.348520710059171,0.24242424242424243,33.0,0.23655913978494625,93.0,0.0,2.0,0.0,2.0,0.0030090682550016072,1.5123972819614213,0.0054085968807783494,5.758466020444616
test/masks_pixel_gt/Peanut_640x480_DPI120/GT_Peanut_T026_L071_2017.07.13_113819_EED_DPI120.png,peanut_640x480_DPI120,peanut,20734,thin_dropout,0.05,True,0.5227272727270702,0.9519385295299317,0.09171498394748191,20869.0,0.0429588875909108,106148.0,0.01557632398753894,321.0,0.011764705882352941,595.0,0.17041420118343195,1690.0,0.09486567555546055,12.348520710059171,0.36363636363636365,33.0,0.6236559139784946,93.0,2.5,2.0,0.0,2.0,0.014580985201413866,1.5123972819614213,0.03427582866668989,5.758466020444616
test/masks_pixel_gt/Peanut_640x480_DPI120/GT_Peanut_T026_L071_2017.07.13_113819_EED_DPI120.png,peanut_640x480_DPI120,peanut,20734,speckle,0.01,True,0.0015625,0.9894038165224606,0.02141933010685706,20869.0,1.7668067226890756,106148.0,0.48598130841121495,321.0,0.06722689075630252,595.0,0.2692307692307692,1690.0,0.19524537627944588,12.348520710059171,0.24242424242424243,33.0,0.053763440860215055,93.0,220.0,2.0,0.0,2.0,0.10335379660220308,1.5123972819614213,0.034096533153177615,5.758466020444616
test/masks_pixel_gt/Peanut_640x480_DPI120/GT_Peanut_T026_L071_2017.07.13_113819_EED_DPI120.png,peanut_640x480_DPI120,peanut,20734,speckle,0.05,True,0.0078125,0.9491301876065946,0.10719248646317504,20869.0,1.870831292158119,106148.0,0.4953271028037383,321.0,0.07563025210084033,595.0,1.329585798816568,1690.0,0.524725602712023,12.348520710059171,3.5454545454545454,33.0,0.17204301075268819,93.0,1072.0,2.0,0.5,2.0,0.005711648987666865,1.5123972819614213,0.1501219368571378,5.758466020444616
test/masks_pixel_gt/Peanut_640x480_DPI120/GT_Peanut_T026_L071_2017.07.13_113819_EED_DPI120.png,peanut_640x480_DPI120,peanut,20734,blob,0.01,True,0.1171875,0.9907895361534445,0.01859217020460971,20869.0,0.642254211101481,106148.0,0.32710280373831774,321.0,0.03529411764705882,595.0,0.010650887573964497,1690.0,0.007857592298472106,12.348520710059171,0.09090909090909091,33.0,0.08602150537634409,93.0,2.0,2.0,0.5,2.0,0.022413470583350237,1.5123972819614213,0.022617538950293697,5.758466020444616
test/masks_pixel_gt/Peanut_640x480_DPI120/GT_Peanut_T026_L071_2017.07.13_113819_EED_DPI120.png,peanut_640x480_DPI120,peanut,20734,blob,0.05,True,0.609375,0.9502322192878608,0.10474867027648666,20869.0,0.9585107585635151,106148.0,0.4236760124610592,321.0,0.0016806722689075631,595.0,0.02603550295857988,1690.0,0.07671583204571081,12.348520710059171,0.3333333333333333,33.0,0.03225806451612903,93.0,11.5,2.0,0.0,2.0,0.07032744174241429,1.5123972819614213,0.1419640328301457,5.758466020444616
test/masks_pixel_gt/Peanut_640x480_DPI120/GT_Peanut_T028_L047_2017.07.27_122110_EED_DPI120.png,peanut_640x480_DPI120,peanut,27650,boundary_erode,0.01,True,-0.140625,0.9889211338042307,0.021914939706838037,27698.0,0.0,220998.0,0.0,480.0,0.0,585.0,0.02774221084080239,2343.0,0.04831673743069836,11.821596244131456,0.36363636363636365,33.0,0.3548387096774194,93.0,0.25,4.0,0.0,3.0,0.0015972340911969629,1.5059348285286982,0.00516278067932479,4.6222250563185
test/masks_pixel_gt/Peanut_640x480_DPI120/GT_Peanut_T028_L047_2017.07.27_122110_EED_DPI120.png,peanut_640x480_DPI120,peanut,27650,boundary_erode,0.05,True,-0.609375,0.9501771940796331,0.0949166004765687,27698.0,0.004606376528294374,220998.0,0.0,480.0,0.0017094017094017094,585.0,0.13871105420401195,2343.0,0.20516851383680687,11.821596244131456,2.121212121212121,33.0,2.225806451612903,93.0,0.5,4.0,0.0,3.0,0.009482405705387987,1.5059348285286982,0.0284902896563788,4.6222250563185
test/masks_pixel_gt/Peanut_640x480_DPI120/GT_Peanut_T028_L047_2017.07.27_122110_EED_DPI120.png,peanut_640x480_DPI120,peanut,27650,boundary_dilate,0.01,True,0.140625,0.9893026163050272,0.02162611018846126,27698.0,0.00011312319568502883,220998.0,0.0,480.0,0.0,585.0,0.08877507469056765,2343.0,0.06167386273164856,11.821596244131456,0.9090909090909091,33.0,1.4838709677419355,93.0,0.0,4.0,2.3333333333333335,3.0,0.004307871740137165,1.5059348285286982,0.006532526969647389,4.6222250563185
test/masks_pixel_gt/Peanut_640x480_DPI120/GT_Peanut_T028_L047_2017.07.27_122110_EED_DPI120.png,peanut_640x480_DPI120,peanut,27650,boundary_dilate,0.05,True,0.703125,0.9486916015892588,0.1081666546321034,27698.0,0.003515868921890696,220998.0,0.0,480.0,0.0017094017094017094,585.0,0.13273580879214683,2343.0,0.021690101053874096,11.821596244131456,0.7575757575757576,33.0,2.3870967741935485,93.0,0.0,4.0,7.666666666666667,3.0,0.015555810191203386,1.5059348285286982,0.02825969794130849,4.6222250563185
test/masks_pixel_gt/Peanut_640x480_DPI120/GT_Peanut_T028_L047_2017.07.27_122110_EED_DPI120.png,peanut_640x480_DPI120,peanut,27650,junction_break,0.01,True,0.25,0.9906160602029846,0.01859340024550509,27698.0,0.0,220998.0,0.0,480.0,0.0,585.0,0.11822449850618864,2343.0,0.12235280029588491,11.821596244131456,0.2727272727272727,33.0,0.978494623655914,93.0,0.0,4.0,5.333333333333333,3.0,0.0009239615205389785,1.5059348285286982,0.004740214856553512,4.6222250563185
test/masks_pixel_gt/Peanut_640x480_DPI120/GT_Peanut_T028_L047_2017.07.27_122110_EED_DPI120.png,peanut_640x480_DPI120,peanut,27650,junction_break,0.05,False,,,,,,,,,,,,,,,,,,,,,,,,,,
test/masks_pixel_gt/Peanut_640x480_DPI120/GT_Peanut_T028_L047_2017.07.27_122110_EED_DPI120.png,peanut_640x480_DPI120,peanut,27650,thin_dropout,0.01,True,0.28125,0.9902296755377324,0.019351577731244133,27698.0,0.007800975574439588,220998.0,0.016666666666666666,480.0,0.0,585.0,0.03969270166453265,2343.0,0.02118189038919766,11.821596244131456,0.3939393939393939,33.0,0.3655913978494624,93.0,0.25,4.0,0.0,3.0,0.0015577519471467896,1.5059348285286982,0.007469691244045511,4.6222250563185
test/masks_pixel_gt/Peanut_640x480_DPI120/GT_Peanut_T028_L047_2017.07.27_122110_EED_DPI120.png,peanut_640x480_DPI120,peanut,27650,thin_dropout,0.05,True,0.40163934426232123,0.9161840663640632,0.15466820709076468,27698.0,0.08213196499515833,220998.0,0.016666666666666666,480.0,0.0,585.0,0.22364489970123774,2343.0,0.08884683385725023,11.821596244131456,0.5151515151515151,33.0,0.4838709677419355,93.0,0.25,4.0,0.3333333333333333,3.0,0.025595371409043523,1.5059348285286982,0.10191281830303207,4.6222250563185
test/masks_pixel_gt/Peanut_640x480_DPI120/GT_Peanut_T028_L047_2017.07.27_122110_EED_DPI120.png,peanut_640x480_DPI120,peanut,27650,speckle,0.01,True,0.001953125,0.9902398913160059,0.019712614629215107,27698.0,0.3622521470782541,220998.0,0.0,480.0,0.09401709401709402,585.0,0.23943661971830985,2343.0,0.17727732228779236,11.821596244131456,0.36363636363636365,33.0,0.11827956989247312,93.0,133.25,4.0,0.3333333333333333,3.0,0.04075073168334976,1.5059348285286982,0.03106818880983973,4.6222250563185
test/masks_pixel_gt/Peanut_640x480_DPI120/GT_Peanut_T028_L047_2017.07.27_122110_EED_DPI120.png,peanut_640x480_DPI120,peanut,27650,speckle,0.05,True,0.010156250000000002,0.9512492487335794,0.10249837533395913,27698.0,0.3856867482963647,220998.0,0.0,480.0,0.09401709401709402,585.0,1.2279129321382842,2343.0,0.5051429706115965,11.821596244131456,7.2727272727272725,33.0,0.6666666666666666,93.0,660.5,4.0,0.6666666666666666,3.0,0.059997572361785344,1.5059348285286982,0.1453751525405828,4.6222250563185
test/masks_pixel_gt/Peanut_640x480_DPI120/GT_Peanut_T028_L047_2017.07.27_122110_EED_DPI120.png,peanut_640x480_DPI120,peanut,27650,blob,0.01,True,0.140625,0.9896030583443496,0.021012347461910608,27698.0,0.26237341514402845,220998.0,0.0,480.0,0.09401709401709402,585.0,0.012804097311139564,2343.0,0.008104479605249253,11.821596244131456,0.18181818181818182,33.0,0.0,93.0,1.25,4.0,0.0,3.0,0.019603202845789328,1.5059348285286982,0.015279536293207021,4.6222250563185
test/masks_pixel_gt/Peanut_640x480_DPI120/GT_Peanut_T028_L047_2017.07.27_122110_EED_DPI120.png,peanut_640x480_DPI120,peanut,27650,blob,0.05,True,0.890625,0.9506289362140271,0.10387031554624883,27698.0,0.2841473678494828,220998.0,0.0,480.0,0.06666666666666667,585.0,0.03627827571489543,2343.0,0.0652257616659229,11.821596244131456,0.42424242424242425,33.0,0.22580645161290322,93.0,6.25,4.0,0.3333333333333333,3.0,0.024287072902042958,1.5059348285286982,0.1278498621713211,4.6222250563185
test/masks_pixel_gt/Peanut_640x480_DPI120/GT_Peanut_T028_L070_2017.07.13_112831_EED_DPI120.png,peanut_640x480_DPI120,peanut,5698,boundary_erode,0.01,True,-0.140625,0.9900814736096352,0.019642230796211857,5702.0,0.002120665889089174,9431.0,0.0,224.0,0.0025380710659898475,394.0,0.0024691358024691358,405.0,0.01721560265461835,14.079012345679013,0.0,4.0,0.0,7.0,0.0,1.0,0.0,0.0,0.0021189486628013935,1.301732988859162,0.0023114585535522784,16.308165446539057
test/masks_pixel_gt/Peanut_640x480_DPI120/GT_Peanut_T028_L070_2017.07.13_112831_EED_DPI120.png,peanut_640x480_DPI120,peanut,5698,boundary_erode,0.05,True,-0.6796875,0.9501012704842571,0.09505436688881094,5702.0,0.008588696850811154,9431.0,0.0,224.0,0.0025380710659898475,394.0,0.014814814814814815,405.0,0.10826525204371887,14.079012345679013,0.25,4.0,0.2857142857142857,7.0,0.0,1.0,0.0,0.0,0.014329329796827234,1.301732988859162,0.011752916232816407,16.308165446539057
test/masks_pixel_gt/Peanut_640x480_DPI120/GT_Peanut_T028_L070_2017.07.13_112831_EED_DPI120.png,peanut_640x480_DPI120,peanut,5698,boundary_dilate,0.01,True,0.140625,0.9901884171225146,0.01981760785689232,5702.0,0.050895981338140175,9431.0,0.004464285714285714,224.0,0.0025380710659898475,394.0,0.03209876543209877,405.0,0.011899207698465678,14.079012345679013,0.25,4.0,0.42857142857142855,7.0,0.0,1.0,0.0,0.0,0.003589900346015391,1.301732988859162,0.003597262962767014,16.308165446539057
test/masks_pixel_gt/Peanut_640x480_DPI120/GT_Peanut_T028_L070_2017.07.13_112831_EED_DPI120.png,peanut_640x480_DPI120,peanut,5698,boundary_dilate,0.05,True,0.75,0.9498584041312677,0.10557699052963872,5702.0,0.08493266885802142,9431.0,0.008928571428571428,224.0,0.005076142131979695,394.0,0.05432098765432099,405.0,0.04861517837120298,14.079012345679013,0.75,4.0,1.5714285714285714,7.0,0.0,1.0,0.0,0.0,0.016169487673235897,1.301732988859162,0.01645691495522749,16.308165446539057
test/masks_pixel_gt/Peanut_640x480_DPI120/GT_Peanut_T028_L070_2017.07.13_112831_EED_DPI120.png,peanut_640x480_DPI120,peanut,5698,junction_break,0.01,False,,,,,,,,,,,,,,,,,,,,,,,,,,
test/masks_pixel_gt/Peanut_640x480_DPI120/GT_Peanut_T028_L070_2017.07.13_112831_EED_DPI120.png,peanut_640x480_DPI120,peanut,5698,junction_break,0.05,False,,,,,,,,,,,,,,,,,,,,,,,,,,
test/masks_pixel_gt/Peanut_640x480_DPI120/GT_Peanut_T028_L070_2017.07.13_112831_EED_DPI120.png,peanut_640x480_DPI120,peanut,5698,thin_dropout,0.01,True,0.4999999999996817,0.9925795053003533,0.014731673097158891,5702.0,0.016753260523804474,9431.0,0.017857142857142856,224.0,0.007614213197969543,394.0,0.03209876543209877,405.0,0.017943041825639303,14.079012345679013,0.25,4.0,0.5714285714285714,7.0,0.0,1.0,0.0,0.0,0.003108058198305777,1.301732988859162,0.012858469290452488,16.308165446539057
test/masks_pixel_gt/Peanut_640x480_DPI120/GT_Peanut_T028_L070_2017.07.13_112831_EED_DPI120.png,peanut_640x480_DPI120,peanut,5698,thin_dropout,0.05,False,,,,,,,,,,,,,,,,,,,,,,,,,,
test/masks_pixel_gt/Peanut_640x480_DPI120/GT_Peanut_T028_L070_2017.07.13_112831_EED_DPI120.png,peanut_640x480_DPI120,peanut,5698,speckle,0.01,True,0.000390625,0.9897587224440202,0.020694493160294633,5702.0,28.066164775739583,9431.0,1.0535714285714286,224.0,0.6065989847715736,394.0,0.291358024691358,405.0,0.2095960425814162,14.079012345679013,0.0,4.0,0.0,7.0,118.0,1.0,0.0,0.0,0.2284124984643334,1.301732988859162,0.03439765965522885,16.308165446539057
test/masks_pixel_gt/Peanut_640x480_DPI120/GT_Peanut_T028_L070_2017.07.13_112831_EED_DPI120.png,peanut_640x480_DPI120,peanut,5698,speckle,0.05,True,0.001953125,0.9508880180105062,0.1032970887407927,5702.0,31.054395080055137,9431.0,1.1383928571428572,224.0,0.6218274111675127,394.0,1.4592592592592593,405.0,0.5513701596987741,14.079012345679013,3.25,4.0,0.42857142857142855,7.0,578.0,1.0,0.0,0.0,0.1281658125180888,1.301732988859162,0.15197409061962497,16.308165446539057
test/masks_pixel_gt/Peanut_640x480_DPI120/GT_Peanut_T028_L070_2017.07.13_112831_EED_DPI120.png,peanut_640x480_DPI120,peanut,5698,blob,0.01,True,1.3642420526593924e-12,0.9871029169912576,0.026131182041388985,5702.0,5.842858657618492,9431.0,0.48660714285714285,224.0,0.0,394.0,0.0024691358024691358,405.0,0.023603765336853485,14.079012345679013,0.0,4.0,0.0,7.0,1.0,1.0,0.0,0.0,0.02001233142266959,1.301732988859162,0.04218616716548769,16.308165446539057
test/masks_pixel_gt/Peanut_640x480_DPI120/GT_Peanut_T028_L070_2017.07.13_112831_EED_DPI120.png,peanut_640x480_DPI120,peanut,5698,blob,0.05,True,0.21250000000100044,0.9399159317563669,0.12784987723605754,5702.0,16.419891846039658,9431.0,0.78125,224.0,0.3197969543147208,394.0,0.02962962962962963,405.0,0.09539376566091906,14.079012345679013,0.5,4.0,0.0,7.0,9.0,1.0,0.0,0.0,0.08764667644151641,1.301732988859162,0.1740760755861131,16.308165446539057
test/masks_pixel_gt/Peanut_640x480_DPI120/GT_Peanut_T032_L087_2017.07.13_105406_EED_DPI120.png,peanut_640x480_DPI120,peanut,12140,boundary_erode,0.01,True,-0.140625,0.9889544057802508,0.021849843929686218,12174.0,0.001727486646995107,107092.0,0.0,480.0,0.0,304.0,0.029069767441860465,1032.0,0.049481204270655596,11.796511627906977,0.12,25.0,0.16129032258064516,62.0,0.0,2.0,0.0,0.0,0.0006160550425737944,1.499212556666705,0.0050604503422732785,9.682824494262812
test/masks_pixel_gt/Peanut_640x480_DPI120/GT_Peanut_T032_L087_2017.07.13_105406_EED_DPI120.png,peanut_640x480_DPI120,peanut,12140,boundary_erode,0.05,True,-0.609375,0.9502457532120376,0.09479218005585674,12174.0,0.0023717924774959848,107092.0,0.0,480.0,0.003289473684210526,304.0,0.11337209302325581,1032.0,0.18696738887523429,11.796511627906977,0.96,25.0,1.1935483870967742,62.0,1.5,2.0,0.0,0.0,0.007039005049522475,1.499212556666705,0.021532587310942593,9.682824494262812
test/masks_pixel_gt/Peanut_640x480_DPI120/GT_Peanut_T032_L087_2017.07.13_105406_EED_DPI120.png,peanut_640x480_DPI120,peanut,12140,boundary_dilate,0.01,True,0.140625,0.9893941241009386,0.021439132577624444,12174.0,0.0027266275725544393,107092.0,0.0,480.0,0.003289473684210526,304.0,0.09108527131782945,1032.0,0.06383198506207062,11.796511627906977,0.32,25.0,0.6774193548387096,62.0,0.0,2.0,3.0,0.0,0.008301419293544594,1.499212556666705,0.005818073512854179,9.682824494262812
test/masks_pixel_gt/Peanut_640x480_DPI120/GT_Peanut_T032_L087_2017.07.13_105406_EED_DPI120.png,peanut_640x480_DPI120,peanut,12140,boundary_dilate,0.05,True,0.703125,0.9490547651529916,0.10735994742894693,12174.0,0.008488028984424608,107092.0,0.0,480.0,0.006578947368421052,304.0,0.04844961240310078,1032.0,0.0561880459765927,11.796511627906977,0.04,25.0,0.7096774193548387,62.0,0.0,2.0,8.0,0.0,0.021686930141694063,1.499212556666705,0.024739186236006648,9.682824494262812
test/masks_pixel_gt/Peanut_640x480_DPI120/GT_Peanut_T032_L087_2017.07.13_105406_EED_DPI120.png,peanut_640x480_DPI120,peanut,12140,junction_break,0.01,True,0.15625,0.9907983088783885,0.018235584031542632,12174.0,0.0,107092.0,0.0,480.0,0.0,304.0,0.09011627906976744,1032.0,0.09939477575160173,11.796511627906977,0.08,25.0,0.45161290322580644,62.0,0.0,2.0,6.0,0.0,0.0008994854374365666,1.499212556666705,0.0008827491382325041,9.682824494262812
test/masks_pixel_gt/Peanut_640x480_DPI120/GT_Peanut_T032_L087_2017.07.13_105406_EED_DPI120.png,peanut_640x480_DPI120,peanut,12140,junction_break,0.05,False,,,,,,,,,,,,,,,,,,,,,,,,,,
test/masks_pixel_gt/Peanut_640x480_DPI120/GT_Peanut_T032_L087_2017.07.13_105406_EED_DPI120.png,peanut_640x480_DPI120,peanut,12140,thin_dropout,0.01,True,0.225,0.9899191039203484,0.01996057171020207,12174.0,0.0013353004892989206,107092.0,0.0,480.0,0.0,304.0,0.0436046511627907,1032.0,0.024722076996019693,11.796511627906977,0.28,25.0,0.24193548387096775,62.0,0.0,2.0,0.0,0.0,0.0031932911908908114,1.499212556666705,0.007867802304914384,9.682824494262812
test/masks_pixel_gt/Peanut_640x480_DPI120/GT_Peanut_T032_L087_2017.07.13_105406_EED_DPI120.png,peanut_640x480_DPI120,peanut,12140,thin_dropout,0.05,True,0.5203125,0.9506981554904327,0.0939707573517332,12174.0,0.028909722481604602,107092.0,0.0,480.0,0.01644736842105263,304.0,0.15988372093023256,1032.0,0.0784569531868643,11.796511627906977,0.32,25.0,0.5967741935483871,62.0,1.5,2.0,0.0,0.0,0.015817896181782518,1.499212556666705,0.04716065403441023,9.682824494262812
test/masks_pixel_gt/Peanut_640x480_DPI120/GT_Peanut_T032_L087_2017.07.13_105406_EED_DPI120.png,peanut_640x480_DPI120,peanut,12140,speckle,0.01,True,0.00078125,0.9906420375945968,0.018892722194841467,12174.0,1.7618776379187988,107092.0,0.0,480.0,1.0855263157894737,304.0,0.22189922480620156,1032.0,0.1661401353647292,11.796511627906977,0.08,25.0,0.0,62.0,113.5,2.0,0.0,0.0,0.2014562959775324,1.499212556666705,0.034120309080949575,9.682824494262812
test/masks_pixel_gt/Peanut_640x480_DPI120/GT_Peanut_T032_L087_2017.07.13_105406_EED_DPI120.png,peanut_640x480_DPI120,peanut,12140,speckle,0.05,True,0.004296875,0.9504996876951906,0.10415639888286513,12174.0,1.8490643558809248,107092.0,0.0,480.0,1.105263157894737,304.0,1.2335271317829457,1032.0,0.5056445103483225,11.796511627906977,2.12,25.0,0.016129032258064516,62.0,618.5,2.0,0.0,0.0,0.09326728738004804,1.499212556666705,0.1643167905853304,9.682824494262812
test/masks_pixel_gt/Peanut_640x480_DPI120/GT_Peanut_T032_L087_2017.07.13_105406_EED_DPI120.png,peanut_640x480_DPI120,peanut,12140,blob,0.01,True,0.06250000000045475,0.988309790550414,0.02365697387875801,12174.0,0.5058361035371456,107092.0,0.0,480.0,0.7927631578947368,304.0,0.009689922480620155,1032.0,0.013833010597771915,11.796511627906977,0.08,25.0,0.0,62.0,1.0,2.0,0.0,0.0,0.020201934783080834,1.499212556666705,0.019466236903508405,9.682824494262812
test/masks_pixel_gt/Peanut_640x480_DPI120/GT_Peanut_T032_L087_2017.07.13_105406_EED_DPI120.png,peanut_640x480_DPI120,peanut,12140,blob,0.05,True,0.421875,0.9510565993515878,0.10292426482667981,12174.0,1.3592145071527284,107092.0,0.0,480.0,1.0888157894736843,304.0,0.0436046511627907,1032.0,0.05684107827403304,11.796511627906977,0.48,25.0,0.0967741935483871,62.0,7.0,2.0,0.0,0.0,0.09750645390115696,1.499212556666705,0.14225832881256087,9.682824494262812
test/masks_pixel_gt/Peanut_640x480_DPI120/GT_Peanut_T032_L098_2017.07.13_105442_EED_DPI120.png,peanut_640x480_DPI120,peanut,14006,boundary_erode,0.01,True,-0.1171875,0.9898626788410382,0.0200711743772242,14050.0,0.0005184294467925778,138881.0,0.0,480.0,0.0,475.0,0.003108003108003108,1287.0,0.023107359739339816,10.916860916860918,0.05714285714285714,35.0,0.0958904109589041,73.0,0.0,5.0,0.0,0.0,0.0009455766684414149,1.4816983171723483,0.005350496011849978,8.621636448417345
test/masks_pixel_gt/Peanut_640x480_DPI120/GT_Peanut_T032_L098_2017.07.13_105442_EED_DPI120.png,peanut_640x480_DPI120,peanut,14006,boundary_erode,0.05,True,-0.5625,0.9493756075674867,0.09637010676156584,14050.0,0.0020233149242876993,138881.0,0.0,480.0,0.0,475.0,0.11188811188811189,1287.0,0.18730141677298073,10.916860916860918,1.0857142857142856,35.0,1.4657534246575343,73.0,1.2,5.0,0.0,0.0,0.009556903996539221,1.4816983171723483,0.023573480853444354,8.621636448417345
test/masks_pixel_gt/Peanut_640x480_DPI120/GT_Peanut_T032_L098_2017.07.13_105442_EED_DPI120.png,peanut_640x480_DPI120,peanut,14006,boundary_dilate,0.01,True,0.1171875,0.9901687867789563,0.0198576512455516,14050.0,0.0021673231039523043,138881.0,0.0,480.0,0.002105263157894737,475.0,0.1282051282051282,1287.0,0.09603526366871569,10.916860916860918,0.7428571428571429,35.0,1.2465753424657535,73.0,0.0,5.0,4.0,0.0,0.0030639001919231133,1.4816983171723483,0.0048056183522963095,8.621636448417345
test/masks_pixel_gt/Peanut_640x480_DPI120/GT_Peanut_T032_L098_2017.07.13_105442_EED_DPI120.png,peanut_640x480_DPI120,peanut,14006,boundary_dilate,0.05,True,0.609375,0.9508340946773594,0.10341637010676157,14050.0,0.0075100265695091485,138881.0,0.0,480.0,0.0,475.0,0.14840714840714841,1287.0,0.039176679074829544,10.916860916860918,0.8285714285714286,35.0,1.821917808219178,73.0,0.0,5.0,8.0,0.0,0.017696851472534848,1.4816983171723483,0.02406308163056367,8.621636448417345
test/masks_pixel_gt/Peanut_640x480_DPI120/GT_Peanut_T032_L098_2017.07.13_105442_EED_DPI120.png,peanut_640x480_DPI120,peanut,14006,junction_break,0.01,True,0.125,0.9914578996482665,0.01693950177935943,14050.0,0.0,138881.0,0.0,480.0,0.0,475.0,0.0707070707070707,1287.0,0.08185859128449618,10.916860916860918,0.05714285714285714,35.0,0.3561643835616438,73.0,0.4,5.0,4.0,0.0,0.0007984724870972166,1.4816983171723483,0.005101191343362853,8.621636448417345
test/masks_pixel_gt/Peanut_640x480_DPI120/GT_Peanut_T032_L098_2017.07.13_105442_EED_DPI120.png,peanut_640x480_DPI120,peanut,14006,junction_break,0.05,False,,,,,,,,,,,,,,,,,,,,,,,,,,
test/masks_pixel_gt/Peanut_640x480_DPI120/GT_Peanut_T032_L098_2017.07.13_105442_EED_DPI120.png,peanut_640x480_DPI120,peanut,14006,thin_dropout,0.01,True,0.28125,0.9905158787182067,0.018790035587188614,14050.0,0.09311568897113356,138881.0,0.18125,480.0,0.00631578947368421,475.0,0.05516705516705517,1287.0,0.038501006742835645,10.916860916860918,0.4,35.0,0.4383561643835616,73.0,0.2,5.0,0.0,0.0,0.002245772336395022,1.4816983171723483,0.0076267780457978185,8.621636448417345
test/masks_pixel_gt/Peanut_640x480_DPI120/GT_Peanut_T032_L098_2017.07.13_105442_EED_DPI120.png,peanut_640x480_DPI120,peanut,14006,thin_dropout,0.05,True,0.6759259259261399,0.9402624830291145,0.11274021352313167,14050.0,0.10807093842930278,138881.0,0.18958333333333333,480.0,0.00631578947368421,475.0,0.2222222222222222,1287.0,0.1407625826131163,10.916860916860918,0.34285714285714286,35.0,0.7397260273972602,73.0,1.0,5.0,0.0,0.0,0.02194275308157159,1.4816983171723483,0.058764629039174836,8.621636448417345
test/masks_pixel_gt/Peanut_640x480_DPI120/GT_Peanut_T032_L098_2017.07.13_105442_EED_DPI120.png,peanut_640x480_DPI120,peanut,14006,speckle,0.01,True,0.0009765625,0.9899246107235962,0.020355871886120997,14050.0,1.0882050100445706,138881.0,0.0,480.0,0.3473684210526316,475.0,0.2222222222222222,1287.0,0.16516337754771918,10.916860916860918,0.14285714285714285,35.0,0.0410958904109589,73.0,56.4,5.0,0.0,0.0,0.15389643632659178,1.4816983171723483,0.03815486135712256,8.621636448417345
test/masks_pixel_gt/Peanut_640x480_DPI120/GT_Peanut_T032_L098_2017.07.13_105442_EED_DPI120.png,peanut_640x480_DPI120,peanut,14006,speckle,0.05,True,0.005078125000000001,0.9496772449220995,0.10597864768683274,14050.0,1.2010138175848388,138881.0,0.0,480.0,0.3473684210526316,475.0,1.1763791763791764,1287.0,0.4918263050435724,10.916860916860918,1.6857142857142857,35.0,0.273972602739726,73.0,287.8,5.0,2.0,0.0,0.05018087104361904,1.4816983171723483,0.17089882122703362,8.621636448417345
test/masks_pixel_gt/Peanut_640x480_DPI120/GT_Peanut_T032_L098_2017.07.13_105442_EED_DPI120.png,peanut_640x480_DPI120,peanut,14006,blob,0.01,True,0.046875,0.9913215268468214,0.017508896797153024,14050.0,0.34994707699397326,138881.0,0.0,480.0,0.24,475.0,0.001554001554001554,1287.0,0.015930139781175953,10.916860916860918,0.0,35.0,0.0,73.0,0.4,5.0,0.0,0.0,0.023910806277089122,1.4816983171723483,0.033340389299007685,8.621636448417345
test/masks_pixel_gt/Peanut_640x480_DPI120/GT_Peanut_T032_L098_2017.07.13_105442_EED_DPI120.png,peanut_640x480_DPI120,peanut,14006,blob,0.05,True,0.421875,0.9491639925688228,0.10711743772241993,14050.0,0.8039760658405397,138881.0,0.0,480.0,0.32421052631578945,475.0,0.017871017871017872,1287.0,0.08767949797614837,10.916860916860918,0.11428571428571428,35.0,0.0,73.0,3.4,5.0,0.0,0.0,0.07790291729552475,1.4816983171723483,0.17008958486935585,8.621636448417345
test/masks_pixel_gt/Peanut_736x552_DPI150/GT_Peanut_T015_L048_2016.06.13_120921_BAZ_DPI150.png,peanut_736x552_DPI150,peanut,25994,boundary_erode,0.01,True,-0.140625,0.9897026943326107,0.020384703808720976,26098.0,0.0006050547422432996,295841.0,0.0,552.0,0.0,730.0,0.05561122244488978,1996.0,0.07199234399725057,13.075150300601202,0.4857142857142857,35.0,0.8227848101265823,79.0,0.2,5.0,0.0,0.0,0.0015872113118194288,1.449412688847949,0.01281339927552667,6.422384647119477
test/masks_pixel_gt/Peanut_736x552_DPI150/GT_Peanut_T015_L048_2016.06.13_120921_BAZ_DPI150.png,peanut_736x552_DPI150,peanut,25994,boundary_erode,0.05,True,-0.65625,0.950032185387834,0.09517970725726109,26098.0,0.00360328690073384,295841.0,0.0018115942028985507,552.0,0.0,730.0,0.16082164328657314,1996.0,0.22053461186253473,13.075150300601202,1.1714285714285715,35.0,1.2658227848101267,79.0,0.4,5.0,0.0,0.0,0.010864186359017916,1.449412688847949,0.07093399777277704,6.422384647119477
test/masks_pixel_gt/Peanut_736x552_DPI150/GT_Peanut_T015_L048_2016.06.13_120921_BAZ_DPI150.png,peanut_736x552_DPI150,peanut,25994,boundary_dilate,0.01,True,0.140625,0.9899668089141773,0.02026975247145375,26098.0,0.0006997001767841509,295841.0,0.0,552.0,0.0,730.0,0.1347695390781563,1996.0,0.10090135720396391,13.075150300601202,0.8857142857142857,35.0,1.3417721518987342,79.0,0.0,5.0,4.0,0.0,0.004351631394319852,1.449412688847949,0.014060609300600458,6.422384647119477
test/masks_pixel_gt/Peanut_736x552_DPI150/GT_Peanut_T015_L048_2016.06.13_120921_BAZ_DPI150.png,peanut_736x552_DPI150,peanut,25994,boundary_dilate,0.05,True,0.75,0.9487076956632375,0.10813089125603495,26098.0,0.004985786283848419,295841.0,0.0,552.0,0.0013698630136986301,730.0,0.10771543086172344,1996.0,0.00037506058211030855,13.075150300601202,0.2857142857142857,35.0,1.3291139240506329,79.0,0.0,5.0,14.0,0.0,0.017512653609191017,1.449412688847949,0.061220492493576494,6.422384647119477
test/masks_pixel_gt/Peanut_736x552_DPI150/GT_Peanut_T015_L048_2016.06.13_120921_BAZ_DPI150.png,peanut_736x552_DPI150,peanut,25994,junction_break,0.01,True,0.375,0.9890569619027328,0.021649168518660434,26098.0,3.3801940907446904e-06,295841.0,0.0,552.0,0.0,730.0,0.12725450901803606,1996.0,0.13209410682810932,13.075150300601202,0.05714285714285714,35.0,0.7848101265822784,79.0,1.4,5.0,11.0,0.0,0.0011329938212353678,1.449412688847949,0.0019113067471745492,6.422384647119477
test/masks_pixel_gt/Peanut_736x552_DPI150/GT_Peanut_T015_L048_2016.06.13_120921_BAZ_DPI150.png,peanut_736x552_DPI150,peanut,25994,junction_break,0.05,False,,,,,,,,,,,,,,,,,,,,,,,,,,
test/masks_pixel_gt/Peanut_736x552_DPI150/GT_Peanut_T015_L048_2016.06.13_120921_BAZ_DPI150.png,peanut_736x552_DPI150,peanut,25994,thin_dropout,0.01,True,0.2953125,0.9888807097749022,0.021994022530462103,26098.0,0.18722557049225766,295841.0,0.0018115942028985507,552.0,0.26575342465753427,730.0,0.05460921843687375,1996.0,0.03449916853693573,13.075150300601202,0.3142857142857143,35.0,0.43037974683544306,79.0,0.0,5.0,0.0,0.0,0.01093651824892422,1.449412688847949,0.01911179555262393,6.422384647119477
test/masks_pixel_gt/Peanut_736x552_DPI150/GT_Peanut_T015_L048_2016.06.13_120921_BAZ_DPI150.png,peanut_736x552_DPI150,peanut,25994,thin_dropout,0.05,True,0.4722222222220353,0.9705743136636162,0.057169131734232506,26098.0,0.18722557049225766,295841.0,0.0018115942028985507,552.0,0.26575342465753427,730.0,0.11372745490981964,1996.0,0.06381594859156141,13.075150300601202,0.3142857142857143,35.0,0.6329113924050633,79.0,0.6,5.0,0.0,0.0,0.003740970366846775,1.449412688847949,0.05646233390507979,6.422384647119477
test/masks_pixel_gt/Peanut_736x552_DPI150/GT_Peanut_T015_L048_2016.06.13_120921_BAZ_DPI150.png,peanut_736x552_DPI150,peanut,25994,speckle,0.01,True,0.0015625,0.9887478689145671,0.02276036477891026,26098.0,0.3425928116792466,295841.0,0.0,552.0,0.0013698630136986301,730.0,0.3091182364729459,1996.0,0.2187410301956736,13.075150300601202,0.45714285714285713,35.0,0.21518987341772153,79.0,115.8,5.0,0.0,0.0,0.055762244458815016,1.449412688847949,0.038048129739617215,6.422384647119477
test/masks_pixel_gt/Peanut_736x552_DPI150/GT_Peanut_T015_L048_2016.06.13_120921_BAZ_DPI150.png,peanut_736x552_DPI150,peanut,25994,speckle,0.05,True,0.00703125,0.9512839672674916,0.10242164150509618,26098.0,0.36536179907450284,295841.0,0.0,552.0,0.00821917808219178,730.0,1.3687374749498997,1996.0,0.5345952630194222,13.075150300601202,4.0,35.0,0.5569620253164557,79.0,512.8,5.0,0.0,0.0,0.055970729598685105,1.449412688847949,0.15735797554745784,6.422384647119477
test/masks_pixel_gt/Peanut_736x552_DPI150/GT_Peanut_T015_L048_2016.06.13_120921_BAZ_DPI150.png,peanut_736x552_DPI150,peanut,25994,blob,0.01,True,0.1640625,0.9897040141072072,0.02080619204536746,26098.0,0.1482519326259714,295841.0,0.0,552.0,0.0,730.0,0.011022044088176353,1996.0,0.00967748232039326,13.075150300601202,0.14285714285714285,35.0,0.11392405063291139,79.0,1.2,5.0,1.0,0.0,0.024046467767979432,1.449412688847949,0.031157702330294666,6.422384647119477
test/masks_pixel_gt/Peanut_736x552_DPI150/GT_Peanut_T015_L048_2016.06.13_120921_BAZ_DPI150.png,peanut_736x552_DPI150,peanut,25994,blob,0.05,True,0.703125,0.950660231308624,0.10380105755230286,26098.0,0.3055222230860496,295841.0,0.0,552.0,0.0,730.0,0.026052104208416832,1996.0,0.075774858825389,13.075150300601202,0.3142857142857143,35.0,0.11392405063291139,79.0,4.6,5.0,0.0,0.0,0.029209651120550142,1.449412688847949,0.12176206516906869,6.422384647119477
test/masks_pixel_gt/Peanut_736x552_DPI150/GT_Peanut_T017_L084_2015.07.22_124020_BAZ_DPI150.png,peanut_736x552_DPI150,peanut,8020,boundary_erode,0.01,True,-0.140625,0.9885245901639345,0.022690437601296597,8021.0,0.001229646536897433,124426.0,0.0,487.0,0.0022727272727272726,440.0,0.05454545454545454,660.0,0.07324093220812608,12.153030303030302,0.35714285714285715,14.0,0.2777777777777778,36.0,0.0,2.0,0.0,0.0,0.001317408091028702,1.3315094080054026,0.0020679443862511118,15.612755047185882
test/masks_pixel_gt/Peanut_736x552_DPI150/GT_Peanut_T017_L084_2015.07.22_124020_BAZ_DPI150.png,peanut_736x552_DPI150,peanut,8020,boundary_erode,0.05,True,-0.5859375,0.9503369757246614,0.09462660516145119,8021.0,0.003206725282497227,124426.0,0.0,487.0,0.0022727272727272726,440.0,0.2196969696969697,660.0,0.2577062849770904,12.153030303030302,1.7857142857142858,14.0,1.8611111111111112,36.0,0.5,2.0,0.0,0.0,0.00756318715613616,1.3315094080054026,0.011108548050058235,15.612755047185882
test/masks_pixel_gt/Peanut_736x552_DPI150/GT_Peanut_T017_L084_2015.07.22_124020_BAZ_DPI150.png,peanut_736x552_DPI150,peanut,8020,boundary_dilate,0.01,True,0.140625,0.9887211093990755,0.022815110335369655,8021.0,0.0030781347949785415,124426.0,0.002053388090349076,487.0,0.0,440.0,0.15303030303030302,660.0,0.11293301863161098,12.153030303030302,0.9285714285714286,14.0,1.5,36.0,0.0,2.0,4.0,0.0,0.008354113011789694,1.3315094080054026,0.0035811085344588803,15.612755047185882
test/masks_pixel_gt/Peanut_736x552_DPI150/GT_Peanut_T017_L084_2015.07.22_124020_BAZ_DPI150.png,peanut_736x552_DPI150,peanut,8020,boundary_dilate,0.05,True,0.65625,0.9495678939268379,0.10622116943024561,8021.0,0.008631636474691784,124426.0,0.004106776180698152,487.0,0.0022727272727272726,440.0,0.18787878787878787,660.0,0.06874238287759926,12.153030303030302,0.7857142857142857,14.0,1.75,36.0,0.0,2.0,6.0,0.0,0.021562270692267592,1.3315094080054026,0.013877405685240823,15.612755047185882
test/masks_pixel_gt/Peanut_736x552_DPI150/GT_Peanut_T017_L084_2015.07.22_124020_BAZ_DPI150.png,peanut_736x552_DPI150,peanut,8020,junction_break,0.01,True,0.15625,0.9903071500503524,0.019199601047250967,8021.0,0.0,124426.0,0.0,487.0,0.0,440.0,0.10757575757575757,660.0,0.1144620200973811,12.153030303030302,0.21428571428571427,14.0,0.5277777777777778,36.0,0.0,2.0,5.0,0.0,0.0010291481886244797,1.3315094080054026,6.980878335563015e-05,15.612755047185882
test/masks_pixel_gt/Peanut_736x552_DPI150/GT_Peanut_T017_L084_2015.07.22_124020_BAZ_DPI150.png,peanut_736x552_DPI150,peanut,8020,junction_break,0.05,False,,,,,,,,,,,,,,,,,,,,,,,,,,
test/masks_pixel_gt/Peanut_736x552_DPI150/GT_Peanut_T017_L084_2015.07.22_124020_BAZ_DPI150.png,peanut_736x552_DPI150,peanut,8020,thin_dropout,0.01,True,0.225,0.9893529893529893,0.02106969205834684,8021.0,0.0021940751932875767,124426.0,0.0,487.0,0.004545454545454545,440.0,0.04242424242424243,660.0,0.022300638040334015,12.153030303030302,0.35714285714285715,14.0,0.5555555555555556,36.0,0.0,2.0,0.0,0.0,0.0034498805803031755,1.3315094080054026,0.001982960813810478,15.612755047185882
test/masks_pixel_gt/Peanut_736x552_DPI150/GT_Peanut_T017_L084_2015.07.22_124020_BAZ_DPI150.png,peanut_736x552_DPI150,peanut,8020,thin_dropout,0.05,True,0.6136363636366242,0.9129226807616724,0.16020446328387983,8021.0,0.03166540755147638,124426.0,0.014373716632443531,487.0,0.013636363636363636,440.0,0.2287878787878788,660.0,0.08892937963190442,12.153030303030302,0.42857142857142855,14.0,1.0,36.0,1.0,2.0,0.0,0.0,0.030663793258701305,1.3315094080054026,0.13323382865311492,15.612755047185882
test/masks_pixel_gt/Peanut_736x552_DPI150/GT_Peanut_T017_L084_2015.07.22_124020_BAZ_DPI150.png,peanut_736x552_DPI150,peanut,8020,speckle,0.01,True,0.000390625,0.9903691813804173,0.019448946515397084,8021.0,1.959702955973832,124426.0,0.12320328542094455,487.0,0.6386363636363637,440.0,0.23636363636363636,660.0,0.1754457050243111,12.153030303030302,0.0,14.0,0.0,36.0,78.0,2.0,0.0,0.0,0.227118268630511,1.3315094080054026,0.038819025385549405,15.612755047185882
test/masks_pixel_gt/Peanut_736x552_DPI150/GT_Peanut_T017_L084_2015.07.22_124020_BAZ_DPI150.png,peanut_736x552_DPI150,peanut,8020,speckle,0.05,True,0.0021484375,0.9493431175287016,0.10671986036653784,8021.0,2.210566923311848,124426.0,0.13347022587268995,487.0,0.6681818181818182,440.0,1.3257575757575757,660.0,0.524146509549241,12.153030303030302,0.8571428571428571,14.0,0.3611111111111111,36.0,423.0,2.0,0.0,0.0,0.10412606336334787,1.3315094080054026,0.17988730950630766,15.612755047185882
test/masks_pixel_gt/Peanut_736x552_DPI150/GT_Peanut_T017_L084_2015.07.22_124020_BAZ_DPI150.png,peanut_736x552_DPI150,peanut,8020,blob,0.01,True,0.046875,0.9890258939580765,0.022191746665004362,8021.0,0.7952437593429026,124426.0,0.0,487.0,0.47045454545454546,440.0,0.007575757575757576,660.0,0.0145060944344405,12.153030303030302,0.14285714285714285,14.0,0.0,36.0,1.0,2.0,0.0,0.0,0.04665338465402283,1.3315094080054026,0.04332878203529081,15.612755047185882
test/masks_pixel_gt/Peanut_736x552_DPI150/GT_Peanut_T017_L084_2015.07.22_124020_BAZ_DPI150.png,peanut_736x552_DPI150,peanut,8020,blob,0.05,True,0.1875,0.9509187907528156,0.1032290238124922,8021.0,1.2492726600549724,124426.0,0.0,487.0,0.6545454545454545,440.0,0.016666666666666666,660.0,0.08514330211064806,12.153030303030302,0.14285714285714285,14.0,0.0,36.0,4.0,2.0,0.0,0.0,0.10827391253370566,1.3315094080054026,0.15620506634102935,15.612755047185882
test/masks_pixel_gt/Peanut_736x552_DPI150/GT_Peanut_T018_L023_2016.07.12_163541_BAZ_DPI150.png,peanut_736x552_DPI150,peanut,17848,boundary_erode,0.01,True,-0.1875,0.9886698391117154,0.02240645305848084,17852.0,0.00019208496935114829,354010.0,0.0,549.0,0.0,733.0,0.04114490161001789,1118.0,0.06103987501665079,15.967799642218246,0.3333333333333333,18.0,0.38636363636363635,44.0,0.3333333333333333,3.0,0.0,1.0,0.0010715262284503103,1.4722419968922933,0.003912829271803797,9.705713854847005
test/masks_pixel_gt/Peanut_736x552_DPI150/GT_Peanut_T018_L023_2016.07.12_163541_BAZ_DPI150.png,peanut_736x552_DPI150,peanut,17848,boundary_erode,0.05,True,-0.796875,0.9499750022056878,0.09528344163118978,17852.0,0.0025451258439027147,354010.0,0.0,549.0,0.002728512960436562,733.0,0.005366726296958855,1118.0,0.09040187746732921,15.967799642218246,0.4444444444444444,18.0,0.20454545454545456,44.0,1.0,3.0,1.0,1.0,0.010139716255941972,1.4722419968922933,0.01814265622133696,9.705713854847005
test/masks_pixel_gt/Peanut_736x552_DPI150/GT_Peanut_T018_L023_2016.07.12_163541_BAZ_DPI150.png,peanut_736x552_DPI150,peanut,17848,boundary_dilate,0.01,True,0.1875,0.9889756800177275,0.022294420793188437,17852.0,0.0036326657439055394,354010.0,0.0018214936247723133,549.0,0.0,733.0,0.10822898032200358,1118.0,0.0775422417701495,15.967799642218246,0.4444444444444444,18.0,1.2272727272727273,44.0,0.0,3.0,4.0,1.0,0.006142667287260109,1.4722419968922933,0.00426999668915783,9.705713854847005
test/masks_pixel_gt/Peanut_736x552_DPI150/GT_Peanut_T018_L023_2016.07.12_163541_BAZ_DPI150.png,peanut_736x552_DPI150,peanut,17848,boundary_dilate,0.05,True,0.890625,0.949726020109592,0.10587049070132198,17852.0,0.004610039264427559,354010.0,0.0018214936247723133,549.0,0.001364256480218281,733.0,0.01520572450805009,1118.0,0.12294569355502095,15.967799642218246,0.16666666666666666,18.0,0.3181818181818182,44.0,0.0,3.0,4.0,1.0,0.01573143524612552,1.4722419968922933,0.02051565010387827,9.705713854847005
test/masks_pixel_gt/Peanut_736x552_DPI150/GT_Peanut_T018_L023_2016.07.12_163541_BAZ_DPI150.png,peanut_736x552_DPI150,peanut,17848,junction_break,0.01,True,0.375,0.9897572293588365,0.020277840017925163,17852.0,0.0,354010.0,0.0,549.0,0.0,733.0,0.19051878354203935,1118.0,0.17706282880543978,15.967799642218246,0.16666666666666666,18.0,1.0909090909090908,44.0,0.0,3.0,11.0,1.0,0.0009790426819117728,1.4722419968922933,0.0019159981938360554,9.705713854847005
test/masks_pixel_gt/Peanut_736x552_DPI150/GT_Peanut_T018_L023_2016.07.12_163541_BAZ_DPI150.png,peanut_736x552_DPI150,peanut,17848,junction_break,0.05,False,,,,,,,,,,,,,,,,,,,,,,,,,,
test/masks_pixel_gt/Peanut_736x552_DPI150/GT_Peanut_T018_L023_2016.07.12_163541_BAZ_DPI150.png,peanut_736x552_DPI150,peanut,17848,thin_dropout,0.01,True,0.1125,0.989842976375725,0.020109791619986557,17852.0,0.000350272591169741,354010.0,0.0,549.0,0.0,733.0,0.0518783542039356,1118.0,0.033506842423448126,15.967799642218246,0.05555555555555555,18.0,0.1590909090909091,44.0,0.3333333333333333,3.0,1.0,1.0,0.0033744460819310268,1.4722419968922933,0.00852309805691637,9.705713854847005
test/masks_pixel_gt/Peanut_736x552_DPI150/GT_Peanut_T018_L023_2016.07.12_163541_BAZ_DPI150.png,peanut_736x552_DPI150,peanut,17848,thin_dropout,0.05,True,0.534375,0.948614505727495,0.09774815146762268,17852.0,0.016087116183158667,354010.0,0.0,549.0,0.01227830832196453,733.0,0.1815742397137746,1118.0,0.10242357011934194,15.967799642218246,0.16666666666666666,18.0,0.6590909090909091,44.0,0.6666666666666666,3.0,1.0,1.0,0.016775475171332734,1.4722419968922933,0.03808541558407144,9.705713854847005
test/masks_pixel_gt/Peanut_736x552_DPI150/GT_Peanut_T018_L023_2016.07.12_163541_BAZ_DPI150.png,peanut_736x552_DPI150,peanut,17848,speckle,0.01,True,0.0009765625,0.989496438766178,0.021230114272910598,17852.0,0.10268918957091608,354010.0,0.0018214936247723133,549.0,0.002728512960436562,733.0,0.3372093023255814,1118.0,0.2362974797611277,15.967799642218246,0.1111111111111111,18.0,0.0,44.0,125.33333333333333,3.0,0.0,1.0,0.15965005746993277,1.4722419968922933,0.03944936677643789,9.705713854847005
test/masks_pixel_gt/Peanut_736x552_DPI150/GT_Peanut_T018_L023_2016.07.12_163541_BAZ_DPI150.png,peanut_736x552_DPI150,peanut,17848,speckle,0.05,True,0.004687500000000001,0.9514723517654897,0.10200537754873404,17852.0,0.13812886641620292,354010.0,0.00546448087431694,549.0,0.004092769440654843,733.0,1.6305903398926656,1118.0,0.5810805807210184,15.967799642218246,3.7777777777777777,18.0,0.1590909090909091,44.0,591.6666666666666,3.0,0.0,1.0,0.04053614344460846,1.4722419968922933,0.16506066352737805,9.705713854847005
test/masks_pixel_gt/Peanut_736x552_DPI150/GT_Peanut_T018_L023_2016.07.12_163541_BAZ_DPI150.png,peanut_736x552_DPI150,peanut,17848,blob,0.01,True,0.0703125,0.9909244816963171,0.018317275375308088,17852.0,0.0,354010.0,0.0,549.0,0.0,733.0,0.0026833631484794273,1118.0,0.015592073032644444,15.967799642218246,0.0,18.0,0.0,44.0,1.0,3.0,0.0,1.0,0.04142268236016232,1.4722419968922933,0.03607993677906224,9.705713854847005
test/masks_pixel_gt/Peanut_736x552_DPI150/GT_Peanut_T018_L023_2016.07.12_163541_BAZ_DPI150.png,peanut_736x552_DPI150,peanut,17848,blob,0.05,True,0.515625,0.949473460270184,0.106430652027784,17852.0,0.02648512753877009,354010.0,0.0,549.0,0.0,733.0,0.022361359570661897,1118.0,0.08223050653286315,15.967799642218246,0.2222222222222222,18.0,0.0,44.0,6.0,3.0,0.0,1.0,0.10041229811793957,1.4722419968922933,0.16757008315871777,9.705713854847005
test/masks_pixel_gt/Peanut_736x552_DPI150/GT_Peanut_T018_L035_2015.06.11_134420_BAZ_DPI150.png,peanut_736x552_DPI150,peanut,2930,boundary_erode,0.01,True,-0.140625,0.9891435464414958,0.021479713603818614,2933.0,0.0,4459.0,0.0,80.0,0.0,218.0,0.0043859649122807015,228.0,0.025752727954893608,12.864035087719298,0.0,4.0,0.25,4.0,0.0,1.0,0.0,0.0,0.0018113411879889638,1.3033341544728851,0.004848994479108326,38.69710425040661
test/masks_pixel_gt/Peanut_736x552_DPI150/GT_Peanut_T018_L035_2015.06.11_134420_BAZ_DPI150.png,peanut_736x552_DPI150,peanut,2930,boundary_erode,0.05,True,-0.609375,0.9513764747944226,0.09273781111489943,2933.0,0.01098901098901099,4459.0,0.0125,80.0,0.0045871559633027525,218.0,0.10964912280701754,228.0,0.18238822503635202,12.864035087719298,1.25,4.0,5.0,4.0,0.0,1.0,0.0,0.0,0.013819328635235092,1.3033341544728851,0.022200464269007243,38.69710425040661
test/masks_pixel_gt/Peanut_736x552_DPI150/GT_Peanut_T018_L035_2015.06.11_134420_BAZ_DPI150.png,peanut_736x552_DPI150,peanut,2930,boundary_dilate,0.01,True,0.140625,0.9893742621015348,0.021479713603818614,2933.0,0.07535321821036106,4459.0,0.0125,80.0,0.0,218.0,0.03508771929824561,228.0,0.013146717365802267,12.864035087719298,0.5,4.0,2.5,4.0,0.0,1.0,0.0,0.0,0.00637212759371781,1.3033341544728851,0.0069126366137713426,38.69710425040661
test/masks_pixel_gt/Peanut_736x552_DPI150/GT_Peanut_T018_L035_2015.06.11_134420_BAZ_DPI150.png,peanut_736x552_DPI150,peanut,2930,boundary_dilate,0.05,True,0.703125,0.948883856357166,0.10773951585407433,2933.0,0.0836510428347163,4459.0,0.0125,80.0,0.009174311926605505,218.0,0.05701754385964912,228.0,0.04798593201132346,12.864035087719298,0.5,4.0,2.5,4.0,0.0,1.0,0.0,0.0,0.01884044456421894,1.3033341544728851,0.025018029195888847,38.69710425040661
test/masks_pixel_gt/Peanut_736x552_DPI150/GT_Peanut_T018_L035_2015.06.11_134420_BAZ_DPI150.png,peanut_736x552_DPI150,peanut,2930,junction_break,0.01,True,0.5,0.9900137741046832,0.019774974428912375,2933.0,0.0,4459.0,0.0,80.0,0.0,218.0,0.11842105263157894,228.0,0.12356350654820393,12.864035087719298,0.5,4.0,2.75,4.0,1.0,1.0,1.0,0.0,0.0007587376986002534,1.3033341544728851,0.016838474488485747,38.69710425040661
test/masks_pixel_gt/Peanut_736x552_DPI150/GT_Peanut_T018_L035_2015.06.11_134420_BAZ_DPI150.png,peanut_736x552_DPI150,peanut,2930,junction_break,0.05,False,,,,,,,,,,,,,,,,,,,,,,,,,,
test/masks_pixel_gt/Peanut_736x552_DPI150/GT_Peanut_T018_L035_2015.06.11_134420_BAZ_DPI150.png,peanut_736x552_DPI150,peanut,2930,thin_dropout,0.01,True,0.4999999999996817,0.994687232219366,0.010569382884418685,2933.0,0.026911863646557524,4459.0,0.0125,80.0,0.013761467889908258,218.0,0.039473684210526314,228.0,0.030092149325810662,12.864035087719298,0.25,4.0,0.25,4.0,0.0,1.0,0.0,0.0,0.0031397677000982336,1.3033341544728851,0.014413534791525295,38.69710425040661
test/masks_pixel_gt/Peanut_736x552_DPI150/GT_Peanut_T018_L035_2015.06.11_134420_BAZ_DPI150.png,peanut_736x552_DPI150,peanut,2930,thin_dropout,0.05,False,,,,,,,,,,,,,,,,,,,,,,,,,,
test/masks_pixel_gt/Peanut_736x552_DPI150/GT_Peanut_T018_L035_2015.06.11_134420_BAZ_DPI150.png,peanut_736x552_DPI150,peanut,2930,speckle,0.01,True,0.00014648437500000002,0.990042194092827,0.020115922263893624,2933.0,70.24310383494057,4459.0,5.5875,80.0,2.36697247706422,218.0,0.25877192982456143,228.0,0.18959431959523435,12.864035087719298,0.0,4.0,0.0,4.0,59.0,1.0,0.0,0.0,0.3820542642870855,1.3033341544728851,0.033839693862527415,38.69710425040661
test/masks_pixel_gt/Peanut_736x552_DPI150/GT_Peanut_T018_L035_2015.06.11_134420_BAZ_DPI150.png,peanut_736x552_DPI150,peanut,2930,speckle,0.05,True,0.00078125,0.9490373725934315,0.10739856801909307,2933.0,87.41511549674814,4459.0,5.825,80.0,2.371559633027523,218.0,1.381578947368421,228.0,0.5350149659146349,12.864035087719298,2.0,4.0,0.0,4.0,311.0,1.0,0.0,0.0,0.30989201520252346,1.3033341544728851,0.1625107985710563,38.69710425040661
test/masks_pixel_gt/Peanut_736x552_DPI150/GT_Peanut_T018_L035_2015.06.11_134420_BAZ_DPI150.png,peanut_736x552_DPI150,peanut,2930,blob,0.01,True,1.3642420526593924e-12,0.9811005184813514,0.03852710535288101,2933.0,10.575689616505944,4459.0,4.6125,80.0,0.0,218.0,0.0043859649122807015,228.0,0.03399205249107807,12.864035087719298,0.0,4.0,0.0,4.0,1.0,1.0,0.0,0.0,0.051901746483821454,1.3033341544728851,0.06471759946232938,38.69710425040661
test/masks_pixel_gt/Peanut_736x552_DPI150/GT_Peanut_T018_L035_2015.06.11_134420_BAZ_DPI150.png,peanut_736x552_DPI150,peanut,2930,blob,0.05,True,0.06250000000045475,0.9393114491593275,0.12921922945789294,2933.0,14.611796366898409,4459.0,3.4,80.0,1.114678899082569,218.0,0.013157894736842105,228.0,0.11455404465973847,12.864035087719298,0.0,4.0,0.0,4.0,3.0,1.0,0.0,0.0,0.1338283915948217,1.3033341544728851,0.189052423284175,38.69710425040661
test/masks_pixel_gt/Peanut_736x552_DPI150/GT_Peanut_T018_L065_2016.07.05_164210_BAZ_DPI150.png,peanut_736x552_DPI150,peanut,14673,boundary_erode,0.01,True,-0.140625,0.9903746992093503,0.01906707524685053,14685.0,0.0015359208389118069,147143.0,0.002336448598130841,428.0,0.0,733.0,0.008823529411764706,1020.0,0.027646663509997574,14.397058823529411,0.4,10.0,0.47058823529411764,17.0,0.0,2.0,0.0,0.0,0.0021429960712371888,1.3411690317491798,0.0018348270391615523,8.258156543383706
test/masks_pixel_gt/Peanut_736x552_DPI150/GT_Peanut_T018_L065_2016.07.05_164210_BAZ_DPI150.png,peanut_736x552_DPI150,peanut,14673,boundary_erode,0.05,True,-0.703125,0.9499839119087626,0.09526727953694246,14685.0,0.0052533929578709145,147143.0,0.007009345794392523,428.0,0.002728512960436562,733.0,0.32254901960784316,1020.0,0.3159174389382366,14.397058823529411,7.0,10.0,9.176470588235293,17.0,1.0,2.0,0.0,0.0,0.01424447645292821,1.3411690317491798,0.009859750762680395,8.258156543383706
test/masks_pixel_gt/Peanut_736x552_DPI150/GT_Peanut_T018_L065_2016.07.05_164210_BAZ_DPI150.png,peanut_736x552_DPI150,peanut,14673,boundary_dilate,0.01,True,0.140625,0.9905230852247816,0.019135171944160707,14685.0,0.0046213547365488,147143.0,0.0,428.0,0.0,733.0,0.23333333333333334,1020.0,0.1736741849101399,14.397058823529411,4.0,10.0,5.294117647058823,17.0,0.0,2.0,0.0,0.0,0.003239332383661304,1.3411690317491798,0.002625577865276229,8.258156543383706
test/masks_pixel_gt/Peanut_736x552_DPI150/GT_Peanut_T018_L065_2016.07.05_164210_BAZ_DPI150.png,peanut_736x552_DPI150,peanut,14673,boundary_dilate,0.05,True,0.796875,0.9486434108527132,0.10827374872318693,14685.0,0.010166980420407359,147143.0,0.002336448598130841,428.0,0.001364256480218281,733.0,0.0803921568627451,1020.0,0.02580691805594432,14.397058823529411,1.4,10.0,2.0588235294117645,17.0,0.0,2.0,0.0,0.0,0.015303921685451482,1.3411690317491798,0.012796585217908994,8.258156543383706
test/masks_pixel_gt/Peanut_736x552_DPI150/GT_Peanut_T018_L065_2016.07.05_164210_BAZ_DPI150.png,peanut_736x552_DPI150,peanut,14673,junction_break,0.01,False,,,,,,,,,,,,,,,,,,,,,,,,,,
test/masks_pixel_gt/Peanut_736x552_DPI150/GT_Peanut_T018_L065_2016.07.05_164210_BAZ_DPI150.png,peanut_736x552_DPI150,peanut,14673,junction_break,0.05,False,,,,,,,,,,,,,,,,,,,,,,,,,,
test/masks_pixel_gt/Peanut_736x552_DPI150/GT_Peanut_T018_L065_2016.07.05_164210_BAZ_DPI150.png,peanut_736x552_DPI150,peanut,14673,thin_dropout,0.01,True,0.50625,0.9902705676075223,0.019271365338781068,14685.0,0.013938821418619981,147143.0,0.011682242990654205,428.0,0.017735334242837655,733.0,0.045098039215686274,1020.0,0.027046414121605137,14.397058823529411,0.4,10.0,0.7647058823529411,17.0,0.0,2.0,0.0,0.0,0.004499871656373066,1.3411690317491798,0.004726158786796264,8.258156543383706
test/masks_pixel_gt/Peanut_736x552_DPI150/GT_Peanut_T018_L065_2016.07.05_164210_BAZ_DPI150.png,peanut_736x552_DPI150,peanut,14673,thin_dropout,0.05,True,0.821428571428487,0.9820463052821294,0.03527408920667348,14685.0,0.02941356367615177,147143.0,0.02570093457943925,428.0,0.017735334242837655,733.0,0.0784313725490196,1020.0,0.04683024362680119,14.397058823529411,0.4,10.0,1.0,17.0,0.5,2.0,0.0,0.0,0.008037147046593605,1.3411690317491798,0.01216861599073808,8.258156543383706
test/masks_pixel_gt/Peanut_736x552_DPI150/GT_Peanut_T018_L065_2016.07.05_164210_BAZ_DPI150.png,peanut_736x552_DPI150,peanut,14673,speckle,0.01,True,0.00078125,0.9896886372826527,0.020837589376915218,14685.0,1.631582881958367,147143.0,0.2827102803738318,428.0,0.004092769440654843,733.0,0.3137254901960784,1020.0,0.22294452151906455,14.397058823529411,0.3,10.0,0.29411764705882354,17.0,150.5,2.0,0.0,0.0,0.1056450972772746,1.3411690317491798,0.03357933250782916,8.258156543383706
test/masks_pixel_gt/Peanut_736x552_DPI150/GT_Peanut_T018_L065_2016.07.05_164210_BAZ_DPI150.png,peanut_736x552_DPI150,peanut,14673,speckle,0.05,True,0.00390625,0.9504854368932039,0.1041879468845761,14685.0,1.73206336692877,147143.0,0.2897196261682243,428.0,0.002728512960436562,733.0,1.522549019607843,1020.0,0.5622729476011397,14.397058823529411,4.6,10.0,0.8235294117647058,17.0,746.5,2.0,0.0,0.0,0.019030078736561765,1.3411690317491798,0.1543063386145057,8.258156543383706
test/masks_pixel_gt/Peanut_736x552_DPI150/GT_Peanut_T018_L065_2016.07.05_164210_BAZ_DPI150.png,peanut_736x552_DPI150,peanut,14673,blob,0.01,True,0.037500000000818545,0.9883564409745592,0.023561457269322437,14685.0,0.8769768184691082,147143.0,0.1985981308411215,428.0,0.0,733.0,0.00196078431372549,1020.0,0.021558401579949985,14.397058823529411,0.0,10.0,0.0,17.0,1.0,2.0,0.0,0.0,0.010474178460950364,1.3411690317491798,0.03077642515129834,8.258156543383706
test/masks_pixel_gt/Peanut_736x552_DPI150/GT_Peanut_T018_L065_2016.07.05_164210_BAZ_DPI150.png,peanut_736x552_DPI150,peanut,14673,blob,0.05,True,0.375,0.9491339193381593,0.10718420156622403,14685.0,1.0652562473240317,147143.0,0.2803738317757009,428.0,0.0,733.0,0.03235294117647059,1020.0,0.07248612117525974,14.397058823529411,0.3,10.0,0.47058823529411764,17.0,6.5,2.0,1.0,0.0,0.03687136866743752,1.3411690317491798,0.1452092245521031,8.258156543383706
test/masks_pixel_gt/Peanut_736x552_DPI150/GT_Peanut_T019_L035_2016.06.13_130035_BAZ_DPI150.png,peanut_736x552_DPI150,peanut,6915,boundary_erode,0.01,True,-0.09375,0.9905164867230815,0.018788842318254083,6919.0,0.0014567734610152427,186714.0,0.0,552.0,0.002347417840375587,426.0,0.036231884057971016,690.0,0.05309692475467883,10.027536231884058,0.5384615384615384,13.0,1.0555555555555556,18.0,0.0,3.0,0.0,0.0,0.0026670654697910283,1.2808273899655729,0.0020322858537839246,14.531455108511894
test/masks_pixel_gt/Peanut_736x552_DPI150/GT_Peanut_T019_L035_2016.06.13_130035_BAZ_DPI150.png,peanut_736x552_DPI150,peanut,6915,boundary_erode,0.05,True,-0.46875,0.950633199363009,0.09408874114756467,6919.0,0.6004477436078709,186714.0,0.007246376811594203,552.0,0.002347417840375587,426.0,0.17391304347826086,690.0,0.22829781653311063,10.027536231884058,1.7692307692307692,13.0,3.7222222222222223,18.0,0.3333333333333333,3.0,0.0,0.0,0.001982600933190053,1.2808273899655729,0.010607540773620477,14.531455108511894
test/masks_pixel_gt/Peanut_736x552_DPI150/GT_Peanut_T019_L035_2016.06.13_130035_BAZ_DPI150.png,peanut_736x552_DPI150,peanut,6915,boundary_dilate,0.01,True,0.09375,0.9906220917746439,0.018933371874548344,6919.0,0.0011032916653277204,186714.0,0.0,552.0,0.0,426.0,0.13478260869565217,690.0,0.10208936578104932,10.027536231884058,1.5384615384615385,13.0,2.888888888888889,18.0,0.0,3.0,0.0,0.0,0.004832599622291841,1.2808273899655729,0.002575209964105446,14.531455108511894
test/masks_pixel_gt/Peanut_736x552_DPI150/GT_Peanut_T019_L035_2016.06.13_130035_BAZ_DPI150.png,peanut_736x552_DPI150,peanut,6915,boundary_dilate,0.05,True,0.515625,0.9506079549357698,0.1039167509755745,6919.0,0.0048951872917938665,186714.0,0.0,552.0,0.002347417840375587,426.0,0.23478260869565218,690.0,0.10598291294231646,10.027536231884058,2.0,13.0,5.388888888888889,18.0,0.0,3.0,6.0,0.0,0.021348426583096557,1.2808273899655729,0.012904141327389868,14.531455108511894
test/masks_pixel_gt/Peanut_736x552_DPI150/GT_Peanut_T019_L035_2016.06.13_130035_BAZ_DPI150.png,peanut_736x552_DPI150,peanut,6915,junction_break,0.01,True,0.4375,0.9886720748373895,0.02240208122561064,6919.0,0.0,186714.0,0.0,552.0,0.0,426.0,0.02318840579710145,690.0,0.04455727485222579,10.027536231884058,0.7692307692307693,13.0,0.05555555555555555,18.0,2.0,3.0,0.0,0.0,0.0017531425286845715,1.2808273899655729,0.007637194188813298,14.531455108511894
test/masks_pixel_gt/Peanut_736x552_DPI150/GT_Peanut_T019_L035_2016.06.13_130035_BAZ_DPI150.png,peanut_736x552_DPI150,peanut,6915,junction_break,0.05,False,,,,,,,,,,,,,,,,,,,,,,,,,,
test/masks_pixel_gt/Peanut_736x552_DPI150/GT_Peanut_T019_L035_2016.06.13_130035_BAZ_DPI150.png,peanut_736x552_DPI150,peanut,6915,thin_dropout,0.01,True,0.675,0.9897795298583735,0.020234137881196705,6919.0,0.6056642779866533,186714.0,0.016304347826086956,552.0,0.0,426.0,0.05652173913043478,690.0,0.03846151284481448,10.027536231884058,0.38461538461538464,13.0,1.0,18.0,0.3333333333333333,3.0,0.0,0.0,0.008459358060502565,1.2808273899655729,0.0059999375200109955,14.531455108511894
test/masks_pixel_gt/Peanut_736x552_DPI150/GT_Peanut_T019_L035_2016.06.13_130035_BAZ_DPI150.png,peanut_736x552_DPI150,peanut,6915,thin_dropout,0.05,True,0.7941176470585107,0.9673134328358209,0.06330394565688684,6919.0,0.6406268410510192,186714.0,0.016304347826086956,552.0,0.011737089201877934,426.0,0.11304347826086956,690.0,0.056078884798608016,10.027536231884058,0.23076923076923078,13.0,1.0,18.0,0.6666666666666666,3.0,0.0,0.0,0.0025567739966083323,1.2808273899655729,0.02751417850018439,14.531455108511894
test/masks_pixel_gt/Peanut_736x552_DPI150/GT_Peanut_T019_L035_2016.06.13_130035_BAZ_DPI150.png,peanut_736x552_DPI150,peanut,6915,speckle,0.01,True,0.000390625,0.988852365299414,0.0225466107819049,6919.0,1.0447797165718693,186714.0,0.0,552.0,0.7136150234741784,426.0,0.22608695652173913,690.0,0.1660080834048294,10.027536231884058,0.15384615384615385,13.0,0.0,18.0,51.666666666666664,3.0,0.0,0.0,0.20836692558885683,1.2808273899655729,0.0399498310715218,14.531455108511894
test/masks_pixel_gt/Peanut_736x552_DPI150/GT_Peanut_T019_L035_2016.06.13_130035_BAZ_DPI150.png,peanut_736x552_DPI150,peanut,6915,speckle,0.05,True,0.00185546875,0.9491734686878387,0.10709640121404827,6919.0,1.1454631147101986,186714.0,0.0,552.0,0.7253521126760564,426.0,1.0797101449275361,690.0,0.46766793251728694,10.027536231884058,1.0769230769230769,13.0,0.3888888888888889,18.0,243.66666666666666,3.0,0.0,0.0,0.09574131440985015,1.2808273899655729,0.17290397349715406,14.531455108511894
test/masks_pixel_gt/Peanut_736x552_DPI150/GT_Peanut_T019_L035_2016.06.13_130035_BAZ_DPI150.png,peanut_736x552_DPI150,peanut,6915,blob,0.01,True,1.3642420526593924e-12,0.9859636622728892,0.028472322589969647,6919.0,0.12491832428205706,186714.0,0.0,552.0,0.19718309859154928,426.0,0.0014492753623188406,690.0,0.026983940068131693,10.027536231884058,0.0,13.0,0.0,18.0,0.3333333333333333,3.0,0.0,0.0,0.02489111575171762,1.2808273899655729,0.046849464008061704,14.531455108511894
test/masks_pixel_gt/Peanut_736x552_DPI150/GT_Peanut_T019_L035_2016.06.13_130035_BAZ_DPI150.png,peanut_736x552_DPI150,peanut,6915,blob,0.05,True,0.16249999999899956,0.9561912658927584,0.09163173869056222,6919.0,0.43339010465203465,186714.0,0.0,552.0,0.49765258215962443,426.0,0.013043478260869565,690.0,0.0775763944155765,10.027536231884058,0.15384615384615385,13.0,0.0,18.0,2.0,3.0,0.0,0.0,0.08989958952668557,1.2808273899655729,0.13694408728482796,14.531455108511894
test/masks_pixel_gt/Peanut_736x552_DPI150/GT_Peanut_T019_L059_2015.06.04_104635_BAZ_DPI150.png,peanut_736x552_DPI150,peanut,10301,boundary_erode,0.01,True,-0.1171875,0.9903949818680781,0.019027278904960684,10301.0,0.004303599374021909,15336.0,0.0,76.0,0.001443001443001443,693.0,0.009535160905840286,839.0,0.009583498196464587,12.2777115613826,2.1666666666666665,6.0,0.2608695652173913,46.0,1.0,1.0,0.625,8.0,0.00044752712616904805,1.4304033014848503,0.002259926550150792,12.646254667014764
test/masks_pixel_gt/Peanut_736x552_DPI150/GT_Peanut_T019_L059_2015.06.04_104635_BAZ_DPI150.png,peanut_736x552_DPI150,peanut,10301,boundary_erode,0.05,True,-0.5859375,0.9500560595250229,0.09513639452480342,10301.0,0.004694835680751174,15336.0,0.0,76.0,0.001443001443001443,693.0,0.015494636471990465,839.0,0.10894299883369736,12.2777115613826,6.0,6.0,0.32608695652173914,46.0,10.0,1.0,1.0,8.0,0.0033815260394011617,1.4304033014848503,0.012780881153676597,12.646254667014764
test/masks_pixel_gt/Peanut_736x552_DPI150/GT_Peanut_T019_L059_2015.06.04_104635_BAZ_DPI150.png,peanut_736x552_DPI150,peanut,10301,boundary_dilate,0.01,True,0.140625,0.9893867358209671,0.021454227744879137,10301.0,0.06761867501304121,15336.0,0.02631578947368421,76.0,0.001443001443001443,693.0,0.16448152562574495,839.0,0.12282487504815397,12.2777115613826,0.8333333333333334,6.0,2.0,46.0,0.0,1.0,1.5,8.0,0.006278703216447481,1.4304033014848503,0.003713669264879156,12.646254667014764
test/masks_pixel_gt/Peanut_736x552_DPI150/GT_Peanut_T019_L059_2015.06.04_104635_BAZ_DPI150.png,peanut_736x552_DPI150,peanut,10301,boundary_dilate,0.05,True,0.703125,0.9490947620583222,0.10727113872439568,10301.0,0.08783255086071988,15336.0,0.02631578947368421,76.0,0.001443001443001443,693.0,0.18116805721096543,839.0,0.06256257781052683,12.2777115613826,1.3333333333333333,6.0,3.782608695652174,46.0,0.0,1.0,3.125,8.0,0.019533140681191104,1.4304033014848503,0.016661020599743857,12.646254667014764
test/masks_pixel_gt/Peanut_736x552_DPI150/GT_Peanut_T019_L059_2015.06.04_104635_BAZ_DPI150.png,peanut_736x552_DPI150,peanut,10301,junction_break,0.01,True,0.125,0.9914822792245936,0.016891563925832444,10301.0,0.0,15336.0,0.0,76.0,0.0,693.0,0.12753277711561384,839.0,0.12808881832322777,12.2777115613826,0.16666666666666666,6.0,0.6086956521739131,46.0,0.0,1.0,0.75,8.0,0.0007292108900120366,1.4304033014848503,0.00043614796390632234,12.646254667014764
test/masks_pixel_gt/Peanut_736x552_DPI150/GT_Peanut_T019_L059_2015.06.04_104635_BAZ_DPI150.png,peanut_736x552_DPI150,peanut,10301,junction_break,0.05,False,,,,,,,,,,,,,,,,,,,,,,,,,,
test/masks_pixel_gt/Peanut_736x552_DPI150/GT_Peanut_T019_L059_2015.06.04_104635_BAZ_DPI150.png,peanut_736x552_DPI150,peanut,10301,thin_dropout,0.01,True,0.05625,0.9897018438603374,0.020386370255315017,10301.0,0.0,15336.0,0.0,76.0,0.0,693.0,0.025029797377830752,839.0,0.004762634909279463,12.2777115613826,0.3333333333333333,6.0,0.043478260869565216,46.0,0.0,1.0,0.25,8.0,0.0031725781693326626,1.4304033014848503,0.006355242244116822,12.646254667014764
test/masks_pixel_gt/Peanut_736x552_DPI150/GT_Peanut_T019_L059_2015.06.04_104635_BAZ_DPI150.png,peanut_736x552_DPI150,peanut,10301,thin_dropout,0.05,True,0.2878787878790262,0.9468357018709743,0.10096107174060771,10301.0,0.003847157016171101,15336.0,0.0,76.0,0.0,693.0,0.22288438617401668,839.0,0.15689211780618112,12.2777115613826,2.5,6.0,0.15217391304347827,46.0,5.0,1.0,0.625,8.0,0.01729462880113558,1.4304033014848503,0.044564956528627964,12.646254667014764
test/masks_pixel_gt/Peanut_736x552_DPI150/GT_Peanut_T019_L059_2015.06.04_104635_BAZ_DPI150.png,peanut_736x552_DPI150,peanut,10301,speckle,0.01,True,0.0005859375000000001,0.9888643563405971,0.022522085234443257,10301.0,23.189358372456965,15336.0,6.144736842105263,76.0,0.05627705627705628,693.0,0.2896305125148987,839.0,0.20712012059917015,12.2777115613826,0.3333333333333333,6.0,0.10869565217391304,46.0,230.0,1.0,0.125,8.0,0.23874635463877428,1.4304033014848503,0.037118851187163814,12.646254667014764
test/masks_pixel_gt/Peanut_736x552_DPI150/GT_Peanut_T019_L059_2015.06.04_104635_BAZ_DPI150.png,peanut_736x552_DPI150,peanut,10301,speckle,0.05,True,0.0027343750000000003,0.9500576435323956,0.10513542374526745,10301.0,25.081833594157537,15336.0,6.25,76.0,0.06204906204906205,693.0,1.2860548271752086,839.0,0.5165752760572058,12.2777115613826,5.333333333333333,6.0,0.0,46.0,1062.0,1.0,0.0,8.0,0.1202728910081886,1.4304033014848503,0.1588809486158015,12.646254667014764
test/masks_pixel_gt/Peanut_736x552_DPI150/GT_Peanut_T019_L059_2015.06.04_104635_BAZ_DPI150.png,peanut_736x552_DPI150,peanut,10301,blob,0.01,True,0.046875,0.9891492222008834,0.02193961751286283,10301.0,0.8804121022430882,15336.0,0.5789473684210527,76.0,0.002886002886002886,693.0,0.0059594755661501785,839.0,0.015885472859350578,12.2777115613826,0.3333333333333333,6.0,0.0,46.0,2.0,1.0,0.0,8.0,0.0061404790471437576,1.4304033014848503,0.016227833400311396,12.646254667014764
test/masks_pixel_gt/Peanut_736x552_DPI150/GT_Peanut_T019_L059_2015.06.04_104635_BAZ_DPI150.png,peanut_736x552_DPI150,peanut,10301,blob,0.05,True,0.23750000000063665,0.9471748425359754,0.11154256868265217,10301.0,15.972809076682315,15336.0,5.0131578947368425,76.0,0.049062049062049064,693.0,0.02026221692491061,839.0,0.0894675410335808,12.2777115613826,0.5,6.0,0.06521739130434782,46.0,9.0,1.0,0.0,8.0,0.12526899788343684,1.4304033014848503,0.154772127601575,12.646254667014764
test/masks_pixel_gt/Peanut_736x552_DPI150/GT_Peanut_T019_L061_2016.07.18_151852_BAZ_DPI150.png,peanut_736x552_DPI150,peanut,46077,boundary_erode,0.01,True,-0.375,0.9908515900286708,0.01813095057364072,46109.0,0.00019029093369418132,283776.0,0.0,552.0,0.0,736.0,0.37610619469026546,1356.0,0.2864874431821312,34.00368731563422,1.28,25.0,2.061224489795918,49.0,0.0,3.0,0.0,0.0,0.000781606222061031,1.6187927915371785,0.014558977822273764,6.373787152361496
test/masks_pixel_gt/Peanut_736x552_DPI150/GT_Peanut_T019_L061_2016.07.18_151852_BAZ_DPI150.png,peanut_736x552_DPI150,peanut,46077,boundary_erode,0.05,True,-1.96875,0.9505536399121459,0.09423322995510638,46109.0,0.025703371673432566,283776.0,0.007246376811594203,552.0,0.002717391304347826,736.0,0.06415929203539823,1356.0,0.14884286889752202,34.00368731563422,0.12,25.0,0.4489795918367347,49.0,0.0,3.0,0.0,0.0,0.011717790277751019,1.6187927915371785,0.08719917700750951,6.373787152361496
test/masks_pixel_gt/Peanut_736x552_DPI150/GT_Peanut_T019_L061_2016.07.18_151852_BAZ_DPI150.png,peanut_736x552_DPI150,peanut,46077,boundary_dilate,0.01,True,0.46875,0.9896440337829862,0.02092866902340107,46109.0,0.0030305593143888135,283776.0,0.0,552.0,0.0,736.0,0.6039823008849557,1356.0,0.3635037815192037,34.00368731563422,1.52,25.0,3.142857142857143,49.0,0.0,3.0,10.0,0.0,0.0031925584056275787,1.6187927915371785,0.01799998221994801,6.373787152361496
test/masks_pixel_gt/Peanut_736x552_DPI150/GT_Peanut_T019_L061_2016.07.18_151852_BAZ_DPI150.png,peanut_736x552_DPI150,peanut,46077,boundary_dilate,0.05,True,2.4375,0.94934063558406,0.10672536814938516,46109.0,0.011213069463238612,283776.0,0.0,552.0,0.0,736.0,0.5530973451327433,1356.0,0.2874075977157805,34.00368731563422,1.44,25.0,2.4693877551020407,49.0,0.0,3.0,3.0,0.0,0.016214350903025802,1.6187927915371785,0.08062363879692665,6.373787152361496
test/masks_pixel_gt/Peanut_736x552_DPI150/GT_Peanut_T019_L061_2016.07.18_151852_BAZ_DPI150.png,peanut_736x552_DPI150,peanut,46077,junction_break,0.01,False,,,,,,,,,,,,,,,,,,,,,,,,,,
test/masks_pixel_gt/Peanut_736x552_DPI150/GT_Peanut_T019_L061_2016.07.18_151852_BAZ_DPI150.png,peanut_736x552_DPI150,peanut,46077,junction_break,0.05,False,,,,,,,,,,,,,,,,,,,,,,,,,,
test/masks_pixel_gt/Peanut_736x552_DPI150/GT_Peanut_T019_L061_2016.07.18_151852_BAZ_DPI150.png,peanut_736x552_DPI150,peanut,46077,thin_dropout,0.01,True,0.28125,0.9899784234910134,0.019844282027369927,46109.0,0.007579922192151556,283776.0,0.007246376811594203,552.0,0.0,736.0,0.0471976401179941,1356.0,0.028708323197280557,34.00368731563422,0.28,25.0,0.3469387755102041,49.0,0.0,3.0,0.0,0.0,0.0017824810245899584,1.6187927915371785,0.016514216554196593,6.373787152361496
test/masks_pixel_gt/Peanut_736x552_DPI150/GT_Peanut_T019_L061_2016.07.18_151852_BAZ_DPI150.png,peanut_736x552_DPI150,peanut,46077,thin_dropout,0.05,True,0.5625,0.9501354766729662,0.09499230085232818,46109.0,0.055529713576905726,283776.0,0.007246376811594203,552.0,0.0,736.0,0.22566371681415928,1356.0,0.16875280004213628,34.00368731563422,0.12,25.0,0.4897959183673469,49.0,2.0,3.0,0.0,0.0,0.009154592006535962,1.6187927915371785,0.13758803539662764,6.373787152361496
test/masks_pixel_gt/Peanut_736x552_DPI150/GT_Peanut_T019_L061_2016.07.18_151852_BAZ_DPI150.png,peanut_736x552_DPI150,peanut,46077,speckle,0.01,True,0.0023437500000000003,0.9909307773312416,0.018304452493005705,46109.0,0.41468270748759584,283776.0,0.0,552.0,0.0,736.0,0.6504424778761062,1356.0,0.38301124326161046,34.00368731563422,0.64,25.0,0.08163265306122448,49.0,277.3333333333333,3.0,0.0,0.0,0.08165115067529924,1.6187927915371785,0.03228382650242838,6.373787152361496
test/masks_pixel_gt/Peanut_736x552_DPI150/GT_Peanut_T019_L061_2016.07.18_151852_BAZ_DPI150.png,peanut_736x552_DPI150,peanut,46077,speckle,0.05,True,0.013281250000000001,0.9506912299873197,0.1037324600403392,46109.0,0.42832374830852504,283776.0,0.0,552.0,0.0,736.0,3.683628318584071,1356.0,0.7643424317722091,34.00368731563422,18.56,25.0,0.9387755102040817,49.0,1494.6666666666667,3.0,0.0,0.0,0.030910280814189974,1.6187927915371785,0.16292901760052209,6.373787152361496
test/masks_pixel_gt/Peanut_736x552_DPI150/GT_Peanut_T019_L061_2016.07.18_151852_BAZ_DPI150.png,peanut_736x552_DPI150,peanut,46077,blob,0.01,True,0.1875,0.9898777385386589,0.02045153874514737,46109.0,0.025382696211096074,283776.0,0.0,552.0,0.0,736.0,0.014749262536873156,1356.0,0.0056193942866423156,34.00368731563422,0.04,25.0,0.08163265306122448,49.0,2.3333333333333335,3.0,0.0,0.0,0.05098253266539247,1.6187927915371785,0.0377948348200697,6.373787152361496
test/masks_pixel_gt/Peanut_736x552_DPI150/GT_Peanut_T019_L061_2016.07.18_151852_BAZ_DPI150.png,peanut_736x552_DPI150,peanut,46077,blob,0.05,True,1.125,0.9510834252947061,0.10286495044351428,46109.0,0.28575002819124945,283776.0,0.0,552.0,0.0,736.0,0.10914454277286136,1356.0,0.0056616537224697654,34.00368731563422,0.84,25.0,0.3469387755102041,49.0,13.333333333333334,3.0,2.0,0.0,0.07921371685727766,1.6187927915371785,0.16416341241539192,6.373787152361496
test/masks_pixel_gt/Peanut_736x552_DPI150/GT_Peanut_T022_L053_2015.06.04_110707_BAZ_DPI150.png,peanut_736x552_DPI150,peanut,10560,boundary_erode,0.01,True,-0.05859375,0.9902236635032667,0.01936337017096439,10587.0,0.0012696096315213425,205575.0,0.0,552.0,0.0,585.0,0.0017123287671232876,1752.0,0.02103967210229607,6.042808219178082,0.030303030303030304,33.0,0.0625,64.0,0.0,7.0,0.0,0.0,0.001402658656819415,1.3380701703039042,0.0027646566122489346,6.5083731599965375
test/masks_pixel_gt/Peanut_736x552_DPI150/GT_Peanut_T022_L053_2015.06.04_110707_BAZ_DPI150.png,peanut_736x552_DPI150,peanut,10560,boundary_erode,0.05,True,-0.28125,0.9513149423010252,0.09284972135638046,10587.0,0.003405083302930804,205575.0,0.005434782608695652,552.0,0.0,585.0,0.03881278538812785,1752.0,0.12674324825075742,6.042808219178082,0.5151515151515151,33.0,1.03125,64.0,0.0,7.0,0.0,0.0,0.005052962156886372,1.3380701703039042,0.012669702454219813,6.5083731599965375
test/masks_pixel_gt/Peanut_736x552_DPI150/GT_Peanut_T022_L053_2015.06.04_110707_BAZ_DPI150.png,peanut_736x552_DPI150,peanut,10560,boundary_dilate,0.01,True,0.05859375,0.9903648269410664,0.019457825635213,10587.0,0.0014009485589201022,205575.0,0.0,552.0,0.0017094017094017094,585.0,0.04052511415525114,1752.0,0.020246785237030565,6.042808219178082,0.6363636363636364,33.0,0.96875,64.0,0.0,7.0,0.0,0.0,0.004379273470715184,1.3380701703039042,0.0026422147729238898,6.5083731599965375
test/masks_pixel_gt/Peanut_736x552_DPI150/GT_Peanut_T022_L053_2015.06.04_110707_BAZ_DPI150.png,peanut_736x552_DPI150,peanut,10560,boundary_dilate,0.05,True,0.31640625,0.9501032038050794,0.10503447624445074,10587.0,0.004543354007053387,205575.0,0.0,552.0,0.0017094017094017094,585.0,0.15011415525114155,1752.0,0.039195830084229354,6.042808219178082,1.8181818181818181,33.0,3.90625,64.0,0.14285714285714285,7.0,11.0,0.0,0.018455465517581655,1.3380701703039042,0.01388560692162343,6.5083731599965375
test/masks_pixel_gt/Peanut_736x552_DPI150/GT_Peanut_T022_L053_2015.06.04_110707_BAZ_DPI150.png,peanut_736x552_DPI150,peanut,10560,junction_break,0.01,True,0.125,0.9908492993994853,0.018135449135732503,10587.0,0.0035023713973002554,205575.0,0.0,552.0,0.0017094017094017094,585.0,0.0017123287671232876,1752.0,0.016451290386394042,6.042808219178082,0.24242424242424243,33.0,0.09375,64.0,1.0,7.0,1.0,0.0,0.0017928751086807285,1.3380701703039042,0.0013069584685254394,6.5083731599965375
test/masks_pixel_gt/Peanut_736x552_DPI150/GT_Peanut_T022_L053_2015.06.04_110707_BAZ_DPI150.png,peanut_736x552_DPI150,peanut,10560,junction_break,0.05,False,,,,,,,,,,,,,,,,,,,,,,,,,,
test/masks_pixel_gt/Peanut_736x552_DPI150/GT_Peanut_T022_L053_2015.06.04_110707_BAZ_DPI150.png,peanut_736x552_DPI150,peanut,10560,thin_dropout,0.01,True,0.3854166666663787,0.9948732554827684,0.010201190138849533,10587.0,0.008376504925209777,205575.0,0.0036231884057971015,552.0,0.0017094017094017094,585.0,0.02511415525114155,1752.0,0.015297139857573545,6.042808219178082,0.42424242424242425,33.0,0.625,64.0,0.14285714285714285,7.0,0.0,0.0,0.0020560483309540792,1.3380701703039042,0.0017121404152075997,6.5083731599965375
test/masks_pixel_gt/Peanut_736x552_DPI150/GT_Peanut_T022_L053_2015.06.04_110707_BAZ_DPI150.png,peanut_736x552_DPI150,peanut,10560,thin_dropout,0.05,True,0.4895833333331666,0.9534918202935798,0.08888259185793898,10587.0,0.06242004134744011,205575.0,0.0036231884057971015,552.0,0.010256410256410256,585.0,0.14897260273972604,1752.0,0.07060878542246204,6.042808219178082,0.36363636363636365,33.0,0.65625,64.0,0.0,7.0,0.0,0.0,0.009463325338110652,1.3380701703039042,0.10865946113399122,6.5083731599965375
test/masks_pixel_gt/Peanut_736x552_DPI150/GT_Peanut_T022_L053_2015.06.04_110707_BAZ_DPI150.png,peanut_736x552_DPI150,peanut,10560,speckle,0.01,True,0.0005859375000000001,0.9891619172194712,0.021913667705676772,10587.0,0.9238380153228749,205575.0,0.0,552.0,0.2512820512820513,585.0,0.1358447488584475,1752.0,0.1003051528540976,6.042808219178082,0.0,33.0,0.09375,64.0,32.857142857142854,7.0,1.0,0.0,0.12808967402866084,1.3380701703039042,0.034835512030166826,6.5083731599965375
test/masks_pixel_gt/Peanut_736x552_DPI150/GT_Peanut_T022_L053_2015.06.04_110707_BAZ_DPI150.png,peanut_736x552_DPI150,peanut,10560,speckle,0.05,True,0.0027343750000000003,0.9513838964773544,0.10220081231699253,10587.0,0.9527812233977867,205575.0,0.0,552.0,0.25811965811965815,585.0,0.6158675799086758,1752.0,0.3178891475876471,6.042808219178082,0.7575757575757576,33.0,0.171875,64.0,150.85714285714286,7.0,0.0,0.0,0.029641549501606645,1.3380701703039042,0.14946453024881384,6.5083731599965375
test/masks_pixel_gt/Peanut_736x552_DPI150/GT_Peanut_T022_L053_2015.06.04_110707_BAZ_DPI150.png,peanut_736x552_DPI150,peanut,10560,blob,0.01,True,0.046875,0.9892543449822463,0.021724756777179558,10587.0,0.0,205575.0,0.0,552.0,0.0,585.0,0.001141552511415525,1752.0,0.020559734249497513,6.042808219178082,0.0,33.0,0.0,64.0,0.2857142857142857,7.0,0.0,0.0,0.0018188533430536548,1.3380701703039042,0.0357801181305903,6.5083731599965375
test/masks_pixel_gt/Peanut_736x552_DPI150/GT_Peanut_T022_L053_2015.06.04_110707_BAZ_DPI150.png,peanut_736x552_DPI150,peanut,10560,blob,0.05,True,0.3515625,0.9493790073084338,0.10664021913667705,10587.0,0.31410434148121125,205575.0,0.0,552.0,0.0,585.0,0.01769406392694064,1752.0,0.08739969934237707,6.042808219178082,0.18181818181818182,33.0,0.078125,64.0,1.5714285714285714,7.0,0.0,0.0,0.05691328316067129,1.3380701703039042,0.13221126236377176,6.5083731599965375
test/masks_pixel_gt/Peanut_736x552_DPI150/GT_Peanut_T022_L064_2016.07.12_170615_BAZ_DPI150.png,peanut_736x552_DPI150,peanut,7281,boundary_erode,0.01,True,-0.0703125,0.9899101589495508,0.019978106185002738,7308.0,0.0,222556.0,0.0,545.0,0.0,733.0,0.021611001964636542,1018.0,0.04070933855416612,7.178781925343811,0.2222222222222222,18.0,0.5652173913043478,23.0,0.0,5.0,0.0,0.0,0.0008215899543284707,1.3087989599189462,0.00369257314772962,10.807109431292421
test/masks_pixel_gt/Peanut_736x552_DPI150/GT_Peanut_T022_L064_2016.07.12_170615_BAZ_DPI150.png,peanut_736x552_DPI150,peanut,7281,boundary_erode,0.05,True,-0.328125,0.9510549734462466,0.09332238642583471,7308.0,0.0026105789104764643,222556.0,0.0,545.0,0.001364256480218281,733.0,0.06974459724950884,1018.0,0.15243543561202913,7.178781925343811,1.0555555555555556,18.0,2.608695652173913,23.0,0.4,5.0,0.0,0.0,0.001440813729190563,1.3087989599189462,0.017019031529697252,10.807109431292421
test/masks_pixel_gt/Peanut_736x552_DPI150/GT_Peanut_T022_L064_2016.07.12_170615_BAZ_DPI150.png,peanut_736x552_DPI150,peanut,7281,boundary_dilate,0.01,True,0.0703125,0.990109741227476,0.019978106185002738,7308.0,0.0010019950035047359,222556.0,0.001834862385321101,545.0,0.0,733.0,0.04223968565815324,1018.0,0.021359366544455458,7.178781925343811,0.6666666666666666,18.0,1.7826086956521738,23.0,0.0,5.0,0.0,0.0,0.0074523141534573725,1.3087989599189462,0.004087247479634204,10.807109431292421
test/masks_pixel_gt/Peanut_736x552_DPI150/GT_Peanut_T022_L064_2016.07.12_170615_BAZ_DPI150.png,peanut_736x552_DPI150,peanut,7281,boundary_dilate,0.05,True,0.375,0.9494608288943744,0.10645867542419267,7308.0,0.0030958500332500583,222556.0,0.001834862385321101,545.0,0.0,733.0,0.14341846758349705,1018.0,0.03232394194001014,7.178781925343811,1.3333333333333333,18.0,5.608695652173913,23.0,0.0,5.0,7.0,0.0,0.025987641368558783,1.3087989599189462,0.01844046203646595,10.807109431292421
test/masks_pixel_gt/Peanut_736x552_DPI150/GT_Peanut_T022_L064_2016.07.12_170615_BAZ_DPI150.png,peanut_736x552_DPI150,peanut,7281,junction_break,0.01,True,0.21875,0.9903288201160542,0.019157088122605363,7308.0,0.0,222556.0,0.0,545.0,0.0,733.0,0.04518664047151277,1018.0,0.06156195085414689,7.178781925343811,0.1111111111111111,18.0,0.6956521739130435,23.0,0.4,5.0,2.0,0.0,0.0011315336173910152,1.3087989599189462,0.001162711591842612,10.807109431292421
test/masks_pixel_gt/Peanut_736x552_DPI150/GT_Peanut_T022_L064_2016.07.12_170615_BAZ_DPI150.png,peanut_736x552_DPI150,peanut,7281,junction_break,0.05,False,,,,,,,,,,,,,,,,,,,,,,,,,,
test/masks_pixel_gt/Peanut_736x552_DPI150/GT_Peanut_T022_L064_2016.07.12_170615_BAZ_DPI150.png,peanut_736x552_DPI150,peanut,7281,thin_dropout,0.01,True,0.45238095238132703,0.988021879110988,0.023672687465790914,7308.0,0.012549650425061558,222556.0,0.0,545.0,0.002728512960436562,733.0,0.03929273084479371,1018.0,0.01625889995892114,7.178781925343811,0.3888888888888889,18.0,0.8695652173913043,23.0,0.0,5.0,0.0,0.0,0.0038642539328114086,1.3087989599189462,0.0037222013130922544,10.807109431292421
test/masks_pixel_gt/Peanut_736x552_DPI150/GT_Peanut_T022_L064_2016.07.12_170615_BAZ_DPI150.png,peanut_736x552_DPI150,peanut,7281,thin_dropout,0.05,True,0.5476190476188549,0.9717903622933521,0.05487137383689108,7308.0,0.012549650425061558,222556.0,0.0,545.0,0.002728512960436562,733.0,0.07858546168958742,1018.0,0.025736611336934886,7.178781925343811,0.2777777777777778,18.0,0.8695652173913043,23.0,0.2,5.0,0.0,0.0,0.011878146323480488,1.3087989599189462,0.043298929883290434,10.807109431292421
test/masks_pixel_gt/Peanut_736x552_DPI150/GT_Peanut_T022_L064_2016.07.12_170615_BAZ_DPI150.png,peanut_736x552_DPI150,peanut,7281,speckle,0.01,True,0.000390625,0.9894394800974817,0.021346469622331693,7308.0,0.7065188087492587,222556.0,0.003669724770642202,545.0,0.0,733.0,0.15225933202357564,1018.0,0.11361406131668053,7.178781925343811,0.1111111111111111,18.0,0.0,23.0,30.8,5.0,0.0,0.0,0.20811304686927665,1.3087989599189462,0.04314571767956488,10.807109431292421
test/masks_pixel_gt/Peanut_736x552_DPI150/GT_Peanut_T022_L064_2016.07.12_170615_BAZ_DPI150.png,peanut_736x552_DPI150,peanut,7281,speckle,0.05,True,0.001953125,0.9493991555699902,0.10659551176792556,7308.0,0.8044087780154209,222556.0,0.011009174311926606,545.0,0.002728512960436562,733.0,0.7632612966601179,1018.0,0.37241547020626836,7.178781925343811,1.1111111111111112,18.0,0.0,23.0,153.4,5.0,0.0,0.0,0.09857537579495625,1.3087989599189462,0.18216041050638468,10.807109431292421
test/masks_pixel_gt/Peanut_736x552_DPI150/GT_Peanut_T022_L064_2016.07.12_170615_BAZ_DPI150.png,peanut_736x552_DPI150,peanut,7281,blob,0.01,True,0.046875,0.9890377588306942,0.022167487684729065,7308.0,0.0,222556.0,0.0,545.0,0.0,733.0,0.0019646365422396855,1018.0,0.020163237708876645,7.178781925343811,0.0,18.0,0.0,23.0,0.4,5.0,0.0,0.0,0.02423334217663476,1.3087989599189462,0.035026600593228666,10.807109431292421
test/masks_pixel_gt/Peanut_736x552_DPI150/GT_Peanut_T022_L064_2016.07.12_170615_BAZ_DPI150.png,peanut_736x552_DPI150,peanut,7281,blob,0.05,True,0.1875,0.9505723204994797,0.10399562123700054,7308.0,0.2536889591833067,222556.0,0.0,545.0,0.0,733.0,0.0137524557956778,1018.0,0.08901893645277766,7.178781925343811,0.2222222222222222,18.0,0.0,23.0,1.6,5.0,0.0,0.0,0.10671060711666373,1.3087989599189462,0.17157172575577195,10.807109431292421
test/masks_pixel_gt/Peanut_736x552_DPI150/GT_Peanut_T024_L057_2015.06.04_111900_BAZ_DPI150.png,peanut_736x552_DPI150,peanut,19332,boundary_erode,0.01,True,-0.140625,0.9910196006976079,0.017800939064031785,19381.0,0.0003582908502753721,195372.0,0.0,444.0,0.001488095238095238,672.0,0.035685963521015066,1261.0,0.051643938866572814,15.369547977795401,0.47368421052631576,19.0,0.7272727272727273,33.0,0.0,4.0,0.0,0.0,0.001104994804147612,1.4402327005846445,0.007534536043353401,8.257399434836508
test/masks_pixel_gt/Peanut_736x552_DPI150/GT_Peanut_T024_L057_2015.06.04_111900_BAZ_DPI150.png,peanut_736x552_DPI150,peanut,19332,boundary_erode,0.05,True,-0.75,0.9501652131520503,0.09493834167483618,19381.0,0.005563745060704707,195372.0,0.0,444.0,0.004464285714285714,672.0,0.2006344171292625,1261.0,0.24618048140816942,15.369547977795401,2.526315789473684,19.0,3.515151515151515,33.0,0.0,4.0,0.0,0.0,0.012379569975744013,1.4402327005846445,0.044498738438362585,8.257399434836508
test/masks_pixel_gt/Peanut_736x552_DPI150/GT_Peanut_T024_L057_2015.06.04_111900_BAZ_DPI150.png,peanut_736x552_DPI150,peanut,19332,boundary_dilate,0.01,True,0.140625,0.9911273619882891,0.017904132913678344,19381.0,0.001463874045410806,195372.0,0.0,444.0,0.0,672.0,0.21252973830293417,1261.0,0.16051202641978526,15.369547977795401,1.7894736842105263,19.0,2.515151515151515,33.0,0.0,4.0,0.0,0.0,0.0048297676059804165,1.4402327005846445,0.0074160082577207995,8.257399434836508
test/masks_pixel_gt/Peanut_736x552_DPI150/GT_Peanut_T024_L057_2015.06.04_111900_BAZ_DPI150.png,peanut_736x552_DPI150,peanut,19332,boundary_dilate,0.05,True,0.84375,0.9490255606698659,0.10742479748207007,19381.0,0.007728845484511598,195372.0,0.0045045045045045045,444.0,0.002976190476190476,672.0,0.04916732751784298,1261.0,0.055527339096666996,15.369547977795401,0.3157894736842105,19.0,0.8787878787878788,33.0,0.0,4.0,2.0,0.0,0.014626382765761267,1.4402327005846445,0.0418535218010517,8.257399434836508
test/masks_pixel_gt/Peanut_736x552_DPI150/GT_Peanut_T024_L057_2015.06.04_111900_BAZ_DPI150.png,peanut_736x552_DPI150,peanut,19332,junction_break,0.01,True,0.75,0.9893359059265247,0.021103142252721738,19381.0,0.0,195372.0,0.0,444.0,0.0,672.0,0.14274385408406026,1261.0,0.14338033475411674,15.369547977795401,0.10526315789473684,19.0,1.6363636363636365,33.0,0.5,4.0,9.0,0.0,0.0012742982984626345,1.4402327005846445,0.006787764578324619,8.257399434836508
test/masks_pixel_gt/Peanut_736x552_DPI150/GT_Peanut_T024_L057_2015.06.04_111900_BAZ_DPI150.png,peanut_736x552_DPI150,peanut,19332,junction_break,0.05,False,,,,,,,,,,,,,,,,,,,,,,,,,,
test/masks_pixel_gt/Peanut_736x552_DPI150/GT_Peanut_T024_L057_2015.06.04_111900_BAZ_DPI150.png,peanut_736x552_DPI150,peanut,19332,thin_dropout,0.01,True,0.50625,0.9908357198646186,0.018162117537794748,19381.0,0.015872284667198984,195372.0,0.0045045045045045045,444.0,0.010416666666666666,672.0,0.05392545598731166,1261.0,0.03780181876348771,15.369547977795401,0.42105263157894735,19.0,0.696969696969697,33.0,0.0,4.0,0.0,0.0,0.004027909658281477,1.4402327005846445,0.013275570588138505,8.257399434836508
test/masks_pixel_gt/Peanut_736x552_DPI150/GT_Peanut_T024_L057_2015.06.04_111900_BAZ_DPI150.png,peanut_736x552_DPI150,peanut,19332,thin_dropout,0.05,True,0.6730769230765419,0.9601352076403048,0.07667303028739487,19381.0,0.016650287656368366,195372.0,0.0045045045045045045,444.0,0.010416666666666666,672.0,0.14512291831879462,1261.0,0.08006985974730516,15.369547977795401,0.2631578947368421,19.0,0.8181818181818182,33.0,0.5,4.0,0.0,0.0,0.016154025321468955,1.4402327005846445,0.06682197635816375,8.257399434836508
test/masks_pixel_gt/Peanut_736x552_DPI150/GT_Peanut_T024_L057_2015.06.04_111900_BAZ_DPI150.png,peanut_736x552_DPI150,peanut,19332,speckle,0.01,True,0.0009765625,0.9903423607562596,0.01950363758320004,19381.0,1.0087934811539012,195372.0,0.24324324324324326,444.0,0.08779761904761904,672.0,0.29817605075337034,1261.0,0.21466457728013735,15.369547977795401,0.21052631578947367,19.0,0.0,33.0,93.5,4.0,0.0,0.0,0.12289922624963613,1.4402327005846445,0.032664688548418676,8.257399434836508
test/masks_pixel_gt/Peanut_736x552_DPI150/GT_Peanut_T024_L057_2015.06.04_111900_BAZ_DPI150.png,peanut_736x552_DPI150,peanut,19332,speckle,0.05,True,0.0052734375,0.9500024508602519,0.10525772663949229,19381.0,1.0682799991810494,195372.0,0.24324324324324326,444.0,0.09523809523809523,672.0,1.648691514670896,1261.0,0.5827155708705389,15.369547977795401,4.0,19.0,0.36363636363636365,33.0,497.75,4.0,0.0,0.0,0.004560700120147038,1.4402327005846445,0.15910104720990148,8.257399434836508
test/masks_pixel_gt/Peanut_736x552_DPI150/GT_Peanut_T024_L057_2015.06.04_111900_BAZ_DPI150.png,peanut_736x552_DPI150,peanut,19332,blob,0.01,True,0.11249999999972715,0.9922182972405672,0.01568546514627728,19381.0,0.05672256003930962,195372.0,0.0,444.0,0.0,672.0,0.007930214115781126,1261.0,0.007694234106574075,15.369547977795401,0.21052631578947367,19.0,0.0,33.0,1.0,4.0,0.0,0.0,0.030143014061378662,1.4402327005846445,0.02639979311455818,8.257399434836508
test/masks_pixel_gt/Peanut_736x552_DPI150/GT_Peanut_T024_L057_2015.06.04_111900_BAZ_DPI150.png,peanut_736x552_DPI150,peanut,19332,blob,0.05,True,0.5859375,0.9505382672453959,0.10407099736855684,19381.0,0.8062465450525153,195372.0,0.23873873873873874,444.0,0.06845238095238096,672.0,0.0190325138778747,1261.0,0.08345021609474726,15.369547977795401,0.10526315789473684,19.0,0.0,33.0,5.25,4.0,0.0,0.0,0.07686540029265716,1.4402327005846445,0.15005270109834548,8.257399434836508
test/masks_pixel_gt/Peanut_736x552_DPI150/GT_Peanut_T024_L070_2015.07.22_131135_BAZ_DPI150.png,peanut_736x552_DPI150,peanut,13249,boundary_erode,0.01,True,-0.09375,0.9910938570449874,0.01765504753282028,13254.0,3.325377060810062e-05,270646.0,0.0,549.0,0.0,727.0,0.002336448598130841,1284.0,0.019944895906869507,10.322429906542055,0.08,25.0,0.12962962962962962,54.0,0.25,4.0,0.0,0.0,0.0013567058218148104,1.3117897945197865,0.004871745182011913,8.439282633961046
test/masks_pixel_gt/Peanut_736x552_DPI150/GT_Peanut_T024_L070_2015.07.22_131135_BAZ_DPI150.png,peanut_736x552_DPI150,peanut,13249,boundary_erode,0.05,True,-0.515625,0.9488877433680954,0.0972536592726724,13254.0,0.0021688848163283403,270646.0,0.0018214936247723133,549.0,0.0,727.0,0.11682242990654206,1284.0,0.19168319282155594,10.322429906542055,1.16,25.0,1.3703703703703705,54.0,0.75,4.0,0.0,0.0,0.010116837534202783,1.3117897945197865,0.027863452544932846,8.439282633961046
test/masks_pixel_gt/Peanut_736x552_DPI150/GT_Peanut_T024_L070_2015.07.22_131135_BAZ_DPI150.png,peanut_736x552_DPI150,peanut,13249,boundary_dilate,0.01,True,0.09375,0.9911755907867185,0.017805945374981137,13254.0,0.0016774679840086313,270646.0,0.0,549.0,0.0,727.0,0.08722741433021806,1284.0,0.06385183820811176,10.322429906542055,0.76,25.0,1.037037037037037,54.0,0.0,4.0,2.0,0.0,0.005330687783188955,1.3117897945197865,0.004067981614613085,8.439282633961046
test/masks_pixel_gt/Peanut_736x552_DPI150/GT_Peanut_T024_L070_2015.07.22_131135_BAZ_DPI150.png,peanut_736x552_DPI150,peanut,13249,boundary_dilate,0.05,True,0.5625,0.9493929300526486,0.10660932548664553,13254.0,0.0058785276708320094,270646.0,0.0018214936247723133,549.0,0.002751031636863824,727.0,0.12694704049844235,1284.0,0.018046735366376576,10.322429906542055,0.96,25.0,1.5555555555555556,54.0,0.0,4.0,2.0,0.0,0.017251878448059085,1.3117897945197865,0.02724748190338888,8.439282633961046
test/masks_pixel_gt/Peanut_736x552_DPI150/GT_Peanut_T024_L070_2015.07.22_131135_BAZ_DPI150.png,peanut_736x552_DPI150,peanut,13249,junction_break,0.01,True,0.1875,0.9909402360106585,0.017956843217141995,13254.0,0.0,270646.0,0.0,549.0,0.0,727.0,0.03348909657320872,1284.0,0.049778889744393505,10.322429906542055,0.28,25.0,0.07407407407407407,54.0,2.25,4.0,2.0,0.0,0.001054417851957875,1.3117897945197865,0.00835133700381356,8.439282633961046
test/masks_pixel_gt/Peanut_736x552_DPI150/GT_Peanut_T024_L070_2015.07.22_131135_BAZ_DPI150.png,peanut_736x552_DPI150,peanut,13249,junction_break,0.05,False,,,,,,,,,,,,,,,,,,,,,,,,,,
test/masks_pixel_gt/Peanut_736x552_DPI150/GT_Peanut_T024_L070_2015.07.22_131135_BAZ_DPI150.png,peanut_736x552_DPI150,peanut,13249,thin_dropout,0.01,True,0.5625,0.9905944175773962,0.01863588350686585,13254.0,0.0023536279863733437,270646.0,0.0,549.0,0.001375515818431912,727.0,0.05996884735202492,1284.0,0.043969780925587655,10.322429906542055,0.4,25.0,0.7962962962962963,54.0,0.5,4.0,0.0,0.0,0.0028181461803243424,1.3117897945197865,0.013422118853439559,8.439282633961046
test/masks_pixel_gt/Peanut_736x552_DPI150/GT_Peanut_T024_L070_2015.07.22_131135_BAZ_DPI150.png,peanut_736x552_DPI150,peanut,13249,thin_dropout,0.05,True,0.6973684210527153,0.9258884071477774,0.1379960766561038,13254.0,0.007881143634119847,270646.0,0.009107468123861567,549.0,0.001375515818431912,727.0,0.2266355140186916,1284.0,0.11461534498848218,10.322429906542055,0.2,25.0,0.8703703703703703,54.0,1.5,4.0,0.0,0.0,0.02736610941350683,1.3117897945197865,0.20291986803173262,8.439282633961046
test/masks_pixel_gt/Peanut_736x552_DPI150/GT_Peanut_T024_L070_2015.07.22_131135_BAZ_DPI150.png,peanut_736x552_DPI150,peanut,13249,speckle,0.01,True,0.00078125,0.9885511840387843,0.023162818771691566,13254.0,0.45060706605676787,270646.0,0.0018214936247723133,549.0,0.009628610729023384,727.0,0.24221183800623053,1284.0,0.17633789385401116,10.322429906542055,0.12,25.0,0.018518518518518517,54.0,76.25,4.0,0.0,0.0,0.09272589725732543,1.3117897945197865,0.04197040185617769,8.439282633961046
test/masks_pixel_gt/Peanut_736x552_DPI150/GT_Peanut_T024_L070_2015.07.22_131135_BAZ_DPI150.png,peanut_736x552_DPI150,peanut,13249,speckle,0.05,True,0.003515625,0.9504481893151667,0.10427040893315226,13254.0,0.4832918277011299,270646.0,0.00546448087431694,549.0,0.011004126547455296,727.0,1.087227414330218,1284.0,0.47093910258575833,10.322429906542055,1.24,25.0,0.2962962962962963,54.0,339.25,4.0,0.0,0.0,0.02739306230123736,1.3117897945197865,0.16859539117767341,8.439282633961046
test/masks_pixel_gt/Peanut_736x552_DPI150/GT_Peanut_T024_L070_2015.07.22_131135_BAZ_DPI150.png,peanut_736x552_DPI150,peanut,13249,blob,0.01,True,0.0703125,0.9897322928723444,0.02074845329711785,13254.0,0.01129889227995241,270646.0,0.0,549.0,0.0,727.0,0.004672897196261682,1284.0,0.016000786072480205,10.322429906542055,0.08,25.0,0.0,54.0,0.75,4.0,0.0,0.0,0.011304322061836113,1.3117897945197865,0.03567625893101994,8.439282633961046
test/masks_pixel_gt/Peanut_736x552_DPI150/GT_Peanut_T024_L070_2015.07.22_131135_BAZ_DPI150.png,peanut_736x552_DPI150,peanut,13249,blob,0.05,True,0.28749999999990905,0.9528739350803408,0.09891353553644183,13254.0,0.13381317292699688,270646.0,0.0,549.0,0.0,727.0,0.010903426791277258,1284.0,0.087060847171642,10.322429906542055,0.08,25.0,0.0,54.0,2.75,4.0,0.0,0.0,0.033184519283433814,1.3117897945197865,0.16092044080340967,8.439282633961046
test/masks_pixel_gt/Sesame_640x480_DPI120/GT_Sesame_T001_L016_2020.07.13_081650_RMG_DPI120.png,sesame_640x480_DPI120,sesame,6831,boundary_erode,0.01,True,-0.1171875,0.9898350029463759,0.020125419279568325,6857.0,2.8126230522585363e-05,71108.0,0.0,250.0,0.0,506.0,0.029619181946403384,709.0,0.048313592149608134,9.671368124118477,0.027777777777777776,36.0,0.04,100.0,0.0,2.0,0.0,0.0,0.0021520875488911925,1.3242170436737404,0.0038273696692551684,14.758295013429647
test/masks_pixel_gt/Sesame_640x480_DPI120/GT_Sesame_T001_L016_2020.07.13_081650_RMG_DPI120.png,sesame_640x480_DPI120,sesame,6831,boundary_erode,0.05,True,-0.5625,0.9491187739463601,0.09683535073647367,6857.0,0.00812848062102717,71108.0,0.004,250.0,0.001976284584980237,506.0,0.08744710860366714,709.0,0.1694633770066924,9.671368124118477,0.3333333333333333,36.0,0.26,100.0,0.5,2.0,0.0,0.0,0.007233176495623477,1.3242170436737404,0.02304561001300041,14.758295013429647
test/masks_pixel_gt/Sesame_640x480_DPI120/GT_Sesame_T001_L016_2020.07.13_081650_RMG_DPI120.png,sesame_640x480_DPI120,sesame,6831,boundary_dilate,0.01,True,0.1171875,0.9901805054151624,0.019833746536386174,6857.0,0.004598638690442707,71108.0,0.0,250.0,0.0,506.0,0.09167842031029619,709.0,0.06581120633811662,9.671368124118477,0.027777777777777776,36.0,0.31,100.0,0.0,2.0,6.0,0.0,0.005164412667682277,1.3242170436737404,0.006901595880564929,14.758295013429647
test/masks_pixel_gt/Sesame_640x480_DPI120/GT_Sesame_T001_L016_2020.07.13_081650_RMG_DPI120.png,sesame_640x480_DPI120,sesame,6831,boundary_dilate,0.05,True,0.609375,0.9509742736287359,0.10310631471488989,6857.0,0.01373966361028295,71108.0,0.004,250.0,0.003952569169960474,506.0,0.23272214386459802,709.0,0.10514602158712026,9.671368124118477,0.1388888888888889,36.0,1.5,100.0,0.0,2.0,30.0,0.0,0.020153811335119304,1.3242170436737404,0.024425876341674604,14.758295013429647
test/masks_pixel_gt/Sesame_640x480_DPI120/GT_Sesame_T001_L016_2020.07.13_081650_RMG_DPI120.png,sesame_640x480_DPI120,sesame,6831,junction_break,0.01,True,0.046875,0.9893138772201341,0.02114627388070585,6857.0,0.0,71108.0,0.0,250.0,0.0,506.0,0.11706629055007052,709.0,0.12372816689573295,9.671368124118477,0.05555555555555555,36.0,0.22,100.0,0.0,2.0,5.0,0.0,0.0010848710891748472,1.3242170436737404,0.007972768889794554,14.758295013429647
test/masks_pixel_gt/Sesame_640x480_DPI120/GT_Sesame_T001_L016_2020.07.13_081650_RMG_DPI120.png,sesame_640x480_DPI120,sesame,6831,junction_break,0.05,True,0.328125,0.9486353879178167,0.09771036896602013,6857.0,0.0,71108.0,0.0,250.0,0.0,506.0,0.3921015514809591,709.0,0.3518507108377997,9.671368124118477,0.08333333333333333,36.0,0.78,100.0,0.5,2.0,16.0,0.0,0.005701379240123102,1.3242170436737404,0.02046218129125602,14.758295013429647
test/masks_pixel_gt/Sesame_640x480_DPI120/GT_Sesame_T001_L016_2020.07.13_081650_RMG_DPI120.png,sesame_640x480_DPI120,sesame,6831,thin_dropout,0.01,True,0.1125,0.9902812546016787,0.019250401050021876,6857.0,0.006019013331833268,71108.0,0.0,250.0,0.003952569169960474,506.0,0.045133991537376586,709.0,0.0271070393730199,9.671368124118477,0.19444444444444445,36.0,0.18,100.0,0.0,2.0,0.0,0.0,0.002981440504419454,1.3242170436737404,0.018511958750461004,14.758295013429647
test/masks_pixel_gt/Sesame_640x480_DPI120/GT_Sesame_T001_L016_2020.07.13_081650_RMG_DPI120.png,sesame_640x480_DPI120,sesame,6831,thin_dropout,0.05,True,0.3046874999998636,0.9541676199191642,0.08764765932623596,6857.0,0.02385104348315239,71108.0,0.008,250.0,0.009881422924901186,506.0,0.11847672778561354,709.0,0.034972495260318016,9.671368124118477,0.16666666666666666,36.0,0.33,100.0,1.5,2.0,0.0,0.0,0.016121107882675192,1.3242170436737404,0.048533808009903756,14.758295013429647
test/masks_pixel_gt/Sesame_640x480_DPI120/GT_Sesame_T001_L016_2020.07.13_081650_RMG_DPI120.png,sesame_640x480_DPI120,sesame,6831,speckle,0.01,True,0.00048828125,0.98939470456677,0.021437946623887996,6857.0,2.918124542948754,71108.0,0.896,250.0,0.25296442687747034,506.0,0.22284908321579688,709.0,0.16470645426028077,9.671368124118477,0.08333333333333333,36.0,0.06,100.0,69.5,2.0,0.0,0.0,0.2051895690523099,1.3242170436737404,0.035392622025952225,14.758295013429647
test/masks_pixel_gt/Sesame_640x480_DPI120/GT_Sesame_T001_L016_2020.07.13_081650_RMG_DPI120.png,sesame_640x480_DPI120,sesame,6831,speckle,0.05,True,0.0023437500000000003,0.9511721459287003,0.10266880560011667,6857.0,3.26534285875007,71108.0,0.92,250.0,0.2648221343873518,506.0,0.9915373765867419,709.0,0.4463228164514995,9.671368124118477,0.5,36.0,0.0,100.0,347.0,2.0,0.0,0.0,0.10100891745452299,1.3242170436737404,0.15366512253649878,14.758295013429647
test/masks_pixel_gt/Sesame_640x480_DPI120/GT_Sesame_T001_L016_2020.07.13_081650_RMG_DPI120.png,sesame_640x480_DPI120,sesame,6831,blob,0.01,True,0.0234375,0.9892519656639976,0.021729619367070147,6857.0,0.07655959948247736,71108.0,0.02,250.0,0.0,506.0,0.0014104372355430183,709.0,0.020290563565144776,9.671368124118477,0.0,36.0,0.0,100.0,0.5,2.0,0.0,0.0,0.009619783338115489,1.3242170436737404,0.036163401337340105,14.758295013429647
test/masks_pixel_gt/Sesame_640x480_DPI120/GT_Sesame_T001_L016_2020.07.13_081650_RMG_DPI120.png,sesame_640x480_DPI120,sesame,6831,blob,0.05,True,0.1875,0.9493285338502008,0.10675222400466676,6857.0,0.9872869438037915,71108.0,0.676,250.0,0.07905138339920949,506.0,0.019746121297602257,709.0,0.08532133723279219,9.671368124118477,0.1111111111111111,36.0,0.0,100.0,4.0,2.0,0.0,0.0,0.07674137743426022,1.3242170436737404,0.13338811919284765,14.758295013429647
test/masks_pixel_gt/Sesame_640x480_DPI120/GT_Sesame_T001_L022_2020.08.03_083033_RMG_DPI120.png,sesame_640x480_DPI120,sesame,12148,boundary_erode,0.01,True,-0.09375,0.9897376479351154,0.020316212009502746,12207.0,0.0002517794025081102,206530.0,0.0020876826722338203,479.0,0.0,608.0,0.026098026734563972,1571.0,0.005936752243837337,7.7702100572883515,1.6216216216216217,37.0,0.03278688524590164,61.0,3.7777777777777777,9.0,0.0,0.0,0.002137829143719638,1.360537621287626,0.013631937559176145,7.7309867267079255
test/masks_pixel_gt/Sesame_640x480_DPI120/GT_Sesame_T001_L022_2020.08.03_083033_RMG_DPI120.png,sesame_640x480_DPI120,sesame,12148,boundary_erode,0.05,True,-0.4453125,0.9492123611948007,0.09666584746456951,12207.0,0.0019028712535709097,206530.0,0.0020876826722338203,479.0,0.001644736842105263,608.0,0.06810948440483769,1571.0,0.03064347429428878,7.7702100572883515,3.7837837837837838,37.0,0.6885245901639344,61.0,11.555555555555555,9.0,0.0,0.0,0.012485645550544662,1.360537621287626,0.06488027263067246,7.7309867267079255
test/masks_pixel_gt/Sesame_640x480_DPI120/GT_Sesame_T001_L022_2020.08.03_083033_RMG_DPI120.png,sesame_640x480_DPI120,sesame,12148,boundary_dilate,0.01,True,0.0703125,0.9912302070645554,0.017694765298599164,12207.0,0.0008860698203650801,206530.0,0.0,479.0,0.0,608.0,0.03946530872056015,1571.0,0.020943982679669737,7.7702100572883515,0.2702702702702703,37.0,0.5737704918032787,61.0,0.0,9.0,1.0,0.0,0.004330213747609269,1.360537621287626,0.01327815713159011,7.7309867267079255
test/masks_pixel_gt/Sesame_640x480_DPI120/GT_Sesame_T001_L022_2020.08.03_083033_RMG_DPI120.png,sesame_640x480_DPI120,sesame,12148,boundary_dilate,0.05,True,0.421875,0.9495546653183462,0.10625051200131072,12207.0,0.004798334382414177,206530.0,0.0,479.0,0.0,608.0,0.07956715467854869,1571.0,0.02471671836913858,7.7702100572883515,0.35135135135135137,37.0,1.6721311475409837,61.0,0.3333333333333333,9.0,4.0,0.0,0.020298296227531556,1.360537621287626,0.06956306440879444,7.7309867267079255
test/masks_pixel_gt/Sesame_640x480_DPI120/GT_Sesame_T001_L022_2020.08.03_083033_RMG_DPI120.png,sesame_640x480_DPI120,sesame,12148,junction_break,0.01,True,0.1875,0.9890683229813665,0.021626935364954535,12207.0,0.0,206530.0,0.0,479.0,0.0,608.0,0.06047103755569701,1571.0,0.07741651588135864,7.7702100572883515,0.0,37.0,0.36065573770491804,61.0,0.2222222222222222,9.0,5.0,0.0,0.0014659799458651124,1.360537621287626,0.00449355456282339,7.7309867267079255
test/masks_pixel_gt/Sesame_640x480_DPI120/GT_Sesame_T001_L022_2020.08.03_083033_RMG_DPI120.png,sesame_640x480_DPI120,sesame,12148,junction_break,0.05,False,,,,,,,,,,,,,,,,,,,,,,,,,,
test/masks_pixel_gt/Sesame_640x480_DPI120/GT_Sesame_T001_L022_2020.08.03_083033_RMG_DPI120.png,sesame_640x480_DPI120,sesame,12148,thin_dropout,0.01,True,0.07608695652193091,0.988314271506713,0.0231014991398378,12207.0,0.12273277489953033,206530.0,0.0,479.0,0.05263157894736842,608.0,0.14767663908338638,1571.0,0.1461594808448953,7.7702100572883515,0.1891891891891892,37.0,0.04918032786885246,61.0,0.3333333333333333,9.0,0.0,0.0,0.0008141570186434193,1.360537621287626,0.046155521628811445,7.7309867267079255
test/masks_pixel_gt/Sesame_640x480_DPI120/GT_Sesame_T001_L022_2020.08.03_083033_RMG_DPI120.png,sesame_640x480_DPI120,sesame,12148,thin_dropout,0.05,True,0.45,0.9503869303525365,0.09453592201196034,12207.0,0.14566406817411515,206530.0,0.0,479.0,0.05263157894736842,608.0,0.3901973265436028,1571.0,0.4848476686004282,7.7702100572883515,0.5135135135135135,37.0,0.6885245901639344,61.0,0.3333333333333333,9.0,0.0,0.0,0.009366129279277548,1.360537621287626,0.17805062547540212,7.7309867267079255
test/masks_pixel_gt/Sesame_640x480_DPI120/GT_Sesame_T001_L022_2020.08.03_083033_RMG_DPI120.png,sesame_640x480_DPI120,sesame,12148,speckle,0.01,True,0.00078125,0.990667099496835,0.01884164823461948,12207.0,0.4318065172129957,206530.0,0.0020876826722338203,479.0,0.05098684210526316,608.0,0.1464035646085296,1571.0,0.11127138846386052,7.7702100572883515,0.05405405405405406,37.0,0.0,61.0,25.444444444444443,9.0,0.0,0.0,0.08869365010614508,1.360537621287626,0.032306254320287345,7.7309867267079255
test/masks_pixel_gt/Sesame_640x480_DPI120/GT_Sesame_T001_L022_2020.08.03_083033_RMG_DPI120.png,sesame_640x480_DPI120,sesame,12148,speckle,0.05,True,0.004296875,0.9506268982166498,0.10387482591955435,12207.0,0.4667844865152762,206530.0,0.0020876826722338203,479.0,0.05263157894736842,608.0,0.8166772756206238,1571.0,0.3923660296006938,7.7702100572883515,1.4324324324324325,37.0,0.26229508196721313,61.0,135.88888888888889,9.0,1.0,0.0,0.016226768823726045,1.360537621287626,0.15580259908556468,7.7309867267079255
test/masks_pixel_gt/Sesame_640x480_DPI120/GT_Sesame_T001_L022_2020.08.03_083033_RMG_DPI120.png,sesame_640x480_DPI120,sesame,12148,blob,0.01,True,0.0703125,0.9901447864703735,0.01990661096092406,12207.0,0.04958601655933763,206530.0,0.0,479.0,0.008223684210526315,608.0,0.0019096117122851686,1571.0,0.01796269747116373,7.7702100572883515,0.0,37.0,0.0,61.0,0.3333333333333333,9.0,0.0,0.0,0.0009924746793732776,1.360537621287626,0.02557177044718956,7.7309867267079255
test/masks_pixel_gt/Sesame_640x480_DPI120/GT_Sesame_T001_L022_2020.08.03_083033_RMG_DPI120.png,sesame_640x480_DPI120,sesame,12148,blob,0.05,True,0.2578125,0.9509971953879713,0.10305562382239698,12207.0,0.12567665714424053,206530.0,0.0,479.0,0.027960526315789474,608.0,0.008274984086569064,1571.0,0.09400276832385458,7.7702100572883515,0.05405405405405406,37.0,0.0,61.0,1.1111111111111112,9.0,0.0,0.0,0.007303804230833528,1.360537621287626,0.13924305855752925,7.7309867267079255
test/masks_pixel_gt/Sesame_640x480_DPI120/GT_Sesame_T001_L038_2020.07.13_081925_RMG_DPI120.png,sesame_640x480_DPI120,sesame,8742,boundary_erode,0.01,True,-0.1171875,0.9899769585253456,0.01984715410060454,8767.0,0.0,157840.0,0.0,476.0,0.0,640.0,0.02406417112299465,748.0,0.0428794664063344,11.720588235294118,0.3333333333333333,12.0,0.76,25.0,0.0,3.0,0.0,0.0,0.0013015373997159816,1.4205282629205787,0.0022856981865231408,11.06676976056134
test/masks_pixel_gt/Sesame_640x480_DPI120/GT_Sesame_T001_L038_2020.07.13_081925_RMG_DPI120.png,sesame_640x480_DPI120,sesame,8742,boundary_erode,0.05,True,-0.5625,0.9501227471408897,0.09501539865404357,8767.0,0.6622529143436391,157840.0,0.0,476.0,0.66875,640.0,0.05080213903743316,748.0,0.13876783485143085,11.720588235294118,0.5,12.0,1.08,25.0,0.3333333333333333,3.0,0.0,0.0,0.0029521631101547727,1.4205282629205787,0.012313934163828507,11.06676976056134
test/masks_pixel_gt/Sesame_640x480_DPI120/GT_Sesame_T001_L038_2020.07.13_081925_RMG_DPI120.png,sesame_640x480_DPI120,sesame,8742,boundary_dilate,0.01,True,0.1171875,0.9902857788320344,0.019619025892551614,8767.0,0.0010960466294982262,157840.0,0.0,476.0,0.0,640.0,0.09893048128342247,748.0,0.07217149468658315,11.720588235294118,0.4166666666666667,12.0,1.76,25.0,0.0,3.0,3.0,0.0,0.005276037979243564,1.4205282629205787,0.003172155169738956,11.06676976056134
test/masks_pixel_gt/Sesame_640x480_DPI120/GT_Sesame_T001_L038_2020.07.13_081925_RMG_DPI120.png,sesame_640x480_DPI120,sesame,8742,boundary_dilate,0.05,True,0.609375,0.9513319950084097,0.1023155013117372,8767.0,0.005714647744551445,157840.0,0.0,476.0,0.0,640.0,0.06684491978609626,748.0,0.03324811401150297,11.720588235294118,0.16666666666666666,12.0,1.52,25.0,0.0,3.0,6.0,0.0,0.019796056662968273,1.4205282629205787,0.014924248007115773,11.06676976056134
test/masks_pixel_gt/Sesame_640x480_DPI120/GT_Sesame_T001_L038_2020.07.13_081925_RMG_DPI120.png,sesame_640x480_DPI120,sesame,8742,junction_break,0.01,True,0.25,0.9912553215970544,0.01733774381202236,8767.0,0.0,157840.0,0.0,476.0,0.0,640.0,0.10026737967914438,748.0,0.1068877671584358,11.720588235294118,0.0,12.0,1.12,25.0,0.0,3.0,5.0,0.0,0.000883579456131394,1.4205282629205787,0.0012378956329639292,11.06676976056134
test/masks_pixel_gt/Sesame_640x480_DPI120/GT_Sesame_T001_L038_2020.07.13_081925_RMG_DPI120.png,sesame_640x480_DPI120,sesame,8742,junction_break,0.05,False,,,,,,,,,,,,,,,,,,,,,,,,,,
test/masks_pixel_gt/Sesame_640x480_DPI120/GT_Sesame_T001_L038_2020.07.13_081925_RMG_DPI120.png,sesame_640x480_DPI120,sesame,8742,thin_dropout,0.01,True,0.3375,0.9892200380469245,0.02132998745294856,8767.0,0.66772681196148,157840.0,0.01050420168067227,476.0,0.6703125,640.0,0.0481283422459893,748.0,0.028153327788194543,11.720588235294118,0.3333333333333333,12.0,0.52,25.0,0.3333333333333333,3.0,0.0,0.0,0.010052468143346706,1.4205282629205787,0.002974632891951843,11.06676976056134
test/masks_pixel_gt/Sesame_640x480_DPI120/GT_Sesame_T001_L038_2020.07.13_081925_RMG_DPI120.png,sesame_640x480_DPI120,sesame,8742,thin_dropout,0.05,True,0.657894736841945,0.9734192037470726,0.05178510322801414,8767.0,0.6753737962493664,157840.0,0.01050420168067227,476.0,0.6765625,640.0,0.08689839572192513,748.0,0.038454967475029814,11.720588235294118,0.5833333333333334,12.0,0.96,25.0,0.3333333333333333,3.0,0.0,0.0,0.005152669244090017,1.4205282629205787,0.006360358753093441,11.06676976056134
test/masks_pixel_gt/Sesame_640x480_DPI120/GT_Sesame_T001_L038_2020.07.13_081925_RMG_DPI120.png,sesame_640x480_DPI120,sesame,8742,speckle,0.01,True,0.0005859375000000001,0.9901180190863402,0.019961218204631002,8767.0,0.8627787633046122,157840.0,0.0063025210084033615,476.0,0.0,640.0,0.24732620320855614,748.0,0.1822818958016463,11.720588235294118,0.16666666666666666,12.0,0.24,25.0,57.666666666666664,3.0,0.0,0.0,0.21251554356539998,1.4205282629205787,0.03493644110308707,11.06676976056134
test/masks_pixel_gt/Sesame_640x480_DPI120/GT_Sesame_T001_L038_2020.07.13_081925_RMG_DPI120.png,sesame_640x480_DPI120,sesame,8742,speckle,0.05,True,0.003125,0.9494774462554828,0.10642180905668985,8767.0,0.9150848960973137,157840.0,0.008403361344537815,476.0,0.0,640.0,1.2486631016042782,748.0,0.5079646176133151,11.720588235294118,1.75,12.0,0.12,25.0,305.6666666666667,3.0,0.0,0.0,0.10657543932209336,1.4205282629205787,0.16800675754615535,11.06676976056134
test/masks_pixel_gt/Sesame_640x480_DPI120/GT_Sesame_T001_L038_2020.07.13_081925_RMG_DPI120.png,sesame_640x480_DPI120,sesame,8742,blob,0.01,True,0.037500000000818545,0.9870524656608872,0.02623474392608646,8767.0,0.05157754688291941,157840.0,0.0,476.0,0.0,640.0,0.00267379679144385,748.0,0.02349811794228359,11.720588235294118,0.0,12.0,0.0,25.0,0.6666666666666666,3.0,0.0,0.0,0.03878652762091534,1.4205282629205787,0.047109399973860155,11.06676976056134
test/masks_pixel_gt/Sesame_640x480_DPI120/GT_Sesame_T001_L038_2020.07.13_081925_RMG_DPI120.png,sesame_640x480_DPI120,sesame,8742,blob,0.05,True,0.328125,0.9488095238095238,0.10790464240903387,8767.0,0.5385136847440446,157840.0,0.0,476.0,0.0,640.0,0.03074866310160428,748.0,0.0748543093670004,11.720588235294118,0.5,12.0,0.0,25.0,3.6666666666666665,3.0,0.0,0.0,0.12062163869226858,1.4205282629205787,0.1709024329212262,11.06676976056134
test/masks_pixel_gt/Sesame_640x480_DPI120/GT_Sesame_T001_L043_2020.07.13_082016_RMG_DPI120.png,sesame_640x480_DPI120,sesame,10630,boundary_erode,0.01,True,-0.0703125,0.991095111784767,0.017652582159624414,10650.0,0.0,170198.0,0.0,401.0,0.0,637.0,0.0,1407.0,0.01765258215962441,7.569296375266524,1.0,21.0,0.09523809523809523,42.0,2.5,4.0,0.0,0.0,0.0014368389569332962,1.2885408911877752,0.003938002614423793,6.0600432964931805
test/masks_pixel_gt/Sesame_640x480_DPI120/GT_Sesame_T001_L043_2020.07.13_082016_RMG_DPI120.png,sesame_640x480_DPI120,sesame,10630,boundary_erode,0.05,True,-0.375,0.9506872259717227,0.0939906103286385,10650.0,0.0026792324234127312,170198.0,0.0,401.0,0.0031397174254317113,637.0,0.015636105188343994,1407.0,0.1079389704215496,7.569296375266524,2.857142857142857,21.0,1.2857142857142858,42.0,8.75,4.0,0.0,0.0,0.0070147219043998925,1.2885408911877752,0.0270645763765762,6.0600432964931805
test/masks_pixel_gt/Sesame_640x480_DPI120/GT_Sesame_T001_L043_2020.07.13_082016_RMG_DPI120.png,sesame_640x480_DPI120,sesame,10630,boundary_dilate,0.01,True,0.0703125,0.9907437555235127,0.01868544600938967,10650.0,0.0014630019154161624,170198.0,0.0024937655860349127,401.0,0.0,637.0,0.04193319118692253,1407.0,0.02231212651076986,7.569296375266524,0.23809523809523808,21.0,1.3571428571428572,42.0,0.0,4.0,4.0,0.0,0.004562962584282217,1.2885408911877752,0.007286496749470851,6.0600432964931805
test/masks_pixel_gt/Sesame_640x480_DPI120/GT_Sesame_T001_L043_2020.07.13_082016_RMG_DPI120.png,sesame_640x480_DPI120,sesame,10630,boundary_dilate,0.05,True,0.3984375,0.9497904218318024,0.10572769953051643,10650.0,0.005346713827424529,170198.0,0.004987531172069825,401.0,0.0,637.0,0.0767590618336887,1407.0,0.026903546692697507,7.569296375266524,0.9047619047619048,21.0,2.5952380952380953,42.0,0.0,4.0,8.0,0.0,0.02055583510033813,1.2885408911877752,0.032732443468564944,6.0600432964931805
test/masks_pixel_gt/Sesame_640x480_DPI120/GT_Sesame_T001_L043_2020.07.13_082016_RMG_DPI120.png,sesame_640x480_DPI120,sesame,10630,junction_break,0.01,True,0.25,0.9899468892261002,0.019906103286384976,10650.0,0.0,170198.0,0.0,401.0,0.0,637.0,0.03482587064676617,1407.0,0.052890032502708524,7.569296375266524,0.14285714285714285,21.0,0.11904761904761904,42.0,1.0,4.0,2.0,0.0,0.0012462205815771872,1.2885408911877752,0.002106681553635351,6.0600432964931805
test/masks_pixel_gt/Sesame_640x480_DPI120/GT_Sesame_T001_L043_2020.07.13_082016_RMG_DPI120.png,sesame_640x480_DPI120,sesame,10630,junction_break,0.05,False,,,,,,,,,,,,,,,,,,,,,,,,,,
test/masks_pixel_gt/Sesame_640x480_DPI120/GT_Sesame_T001_L043_2020.07.13_082016_RMG_DPI120.png,sesame_640x480_DPI120,sesame,10630,thin_dropout,0.01,True,0.16875,0.9902341898170096,0.019342723004694834,10650.0,0.003020011986039789,170198.0,0.0,401.0,0.0031397174254317113,637.0,0.12153518123667377,1407.0,0.11633073522038392,7.569296375266524,0.19047619047619047,21.0,0.35714285714285715,42.0,0.0,4.0,0.0,0.0,0.0015527703771521138,1.2885408911877752,0.02246229076978587,6.0600432964931805
test/masks_pixel_gt/Sesame_640x480_DPI120/GT_Sesame_T001_L043_2020.07.13_082016_RMG_DPI120.png,sesame_640x480_DPI120,sesame,10630,thin_dropout,0.05,True,0.45,0.9509972913075597,0.09342723004694836,10650.0,0.004065852712722829,170198.0,0.0,401.0,0.007849293563579277,637.0,0.27149964463397297,1407.0,0.24443696324287198,7.569296375266524,0.23809523809523808,21.0,0.8571428571428571,42.0,0.75,4.0,0.0,0.0,0.004093723069079638,1.2885408911877752,0.12066876038640877,6.0600432964931805
test/masks_pixel_gt/Sesame_640x480_DPI120/GT_Sesame_T001_L043_2020.07.13_082016_RMG_DPI120.png,sesame_640x480_DPI120,sesame,10630,speckle,0.01,True,0.00078125,0.9892253390302805,0.021784037558685444,10650.0,0.7263716377395739,170198.0,0.18204488778054864,401.0,0.0,637.0,0.16631130063965885,1407.0,0.12391825664529522,7.569296375266524,0.09523809523809523,21.0,0.09523809523809523,42.0,57.25,4.0,0.0,0.0,0.05994949271000968,1.2885408911877752,0.033641120701954824,6.0600432964931805
test/masks_pixel_gt/Sesame_640x480_DPI120/GT_Sesame_T001_L043_2020.07.13_082016_RMG_DPI120.png,sesame_640x480_DPI120,sesame,10630,speckle,0.05,True,0.0037109375,0.9508928571428571,0.10328638497652583,10650.0,0.7877413365609467,170198.0,0.1970074812967581,401.0,0.004709576138147566,637.0,0.7960199004975125,1407.0,0.3857048105809371,7.569296375266524,1.9047619047619047,21.0,0.7380952380952381,42.0,266.0,4.0,0.0,0.0,0.04306224238874763,1.2885408911877752,0.14234596560202084,6.0600432964931805
test/masks_pixel_gt/Sesame_640x480_DPI120/GT_Sesame_T001_L043_2020.07.13_082016_RMG_DPI120.png,sesame_640x480_DPI120,sesame,10630,blob,0.01,True,0.046875,0.9895010684753321,0.021220657276995306,10650.0,0.0028907507726295256,170198.0,0.0,401.0,0.0,637.0,0.0035536602700781805,1407.0,0.017604436819215627,7.569296375266524,0.09523809523809523,21.0,0.0,42.0,0.5,4.0,0.0,0.0,0.0017551732173869856,1.2885408911877752,0.030898999928037137,6.0600432964931805
test/masks_pixel_gt/Sesame_640x480_DPI120/GT_Sesame_T001_L043_2020.07.13_082016_RMG_DPI120.png,sesame_640x480_DPI120,sesame,10630,blob,0.05,True,0.375,0.950171744658072,0.10488262910798123,10650.0,0.35845897131576165,170198.0,0.10972568578553615,401.0,0.004709576138147566,637.0,0.024164889836531627,1407.0,0.07881322633929878,7.569296375266524,0.42857142857142855,21.0,0.21428571428571427,42.0,3.25,4.0,1.0,0.0,0.012700932045982728,1.2885408911877752,0.10844859906260573,6.0600432964931805
test/masks_pixel_gt/Sesame_640x480_DPI120/GT_Sesame_T001_L048_2020.07.13_082125_RMG_DPI120.png,sesame_640x480_DPI120,sesame,4015,boundary_erode,0.01,True,-0.0703125,0.9909932449337002,0.017852715100421523,4033.0,0.0,70944.0,0.0,465.0,0.0,430.0,0.02564102564102564,546.0,0.04240639722291098,7.386446886446887,0.18518518518518517,27.0,0.1,60.0,0.0,11.0,0.0,0.0,0.0018785842830027462,1.2366430507270982,0.005265461421781305,19.954789340026068
test/masks_pixel_gt/Sesame_640x480_DPI120/GT_Sesame_T001_L048_2020.07.13_082125_RMG_DPI120.png,sesame_640x480_DPI120,sesame,4015,boundary_erode,0.05,True,-0.375,0.9502863092139511,0.09471857178279197,4033.0,0.009246729815065404,70944.0,0.0,465.0,0.002325581395348837,430.0,0.08608058608058608,546.0,0.1664693763801087,7.386446886446887,0.8148148148148148,27.0,0.6166666666666667,60.0,0.2727272727272727,11.0,0.0,0.0,0.0010666583840889094,1.2366430507270982,0.029240471454400188,19.954789340026068
test/masks_pixel_gt/Sesame_640x480_DPI120/GT_Sesame_T001_L048_2020.07.13_082125_RMG_DPI120.png,sesame_640x480_DPI120,sesame,4015,boundary_dilate,0.01,True,0.0703125,0.9912744254639302,0.01760476072402678,4033.0,0.0006483987370320253,70944.0,0.0,465.0,0.0,430.0,0.09523809523809523,546.0,0.07088260977371474,7.386446886446887,0.037037037037037035,27.0,0.6166666666666667,60.0,0.0,11.0,7.0,0.0,0.003994944701575288,1.2366430507270982,0.007173047344383535,19.954789340026068
test/masks_pixel_gt/Sesame_640x480_DPI120/GT_Sesame_T001_L048_2020.07.13_082125_RMG_DPI120.png,sesame_640x480_DPI120,sesame,4015,boundary_dilate,0.05,True,0.421875,0.9496114904638568,0.10612447309695017,4033.0,0.009993797925124042,70944.0,0.002150537634408602,465.0,0.002325581395348837,430.0,0.2600732600732601,546.0,0.12217447338526924,7.386446886446887,0.7407407407407407,27.0,2.0166666666666666,60.0,0.0,11.0,14.0,0.0,0.026989821852022342,1.2366430507270982,0.03879826552960933,19.954789340026068
test/masks_pixel_gt/Sesame_640x480_DPI120/GT_Sesame_T001_L048_2020.07.13_082125_RMG_DPI120.png,sesame_640x480_DPI120,sesame,4015,junction_break,0.01,True,0.046875,0.9890963779922296,0.021572030746342674,4033.0,0.0,70944.0,0.0,465.0,0.0,430.0,0.054945054945054944,546.0,0.07253182081163735,7.386446886446887,0.07407407407407407,27.0,0.05,60.0,0.0,11.0,2.0,0.0,0.0011266371732729476,1.2366430507270982,0.00644407895309575,19.954789340026068
test/masks_pixel_gt/Sesame_640x480_DPI120/GT_Sesame_T001_L048_2020.07.13_082125_RMG_DPI120.png,sesame_640x480_DPI120,sesame,4015,junction_break,0.05,True,0.28125,0.9501496811141481,0.09496652615918671,4033.0,0.0,70944.0,0.0,465.0,0.0,430.0,0.24175824175824176,546.0,0.2711677334556283,7.386446886446887,0.037037037037037035,27.0,0.6166666666666667,60.0,0.09090909090909091,11.0,8.0,0.0,0.005594120307066348,1.2366430507270982,0.0023650828683503614,19.954789340026068
test/masks_pixel_gt/Sesame_640x480_DPI120/GT_Sesame_T001_L048_2020.07.13_082125_RMG_DPI120.png,sesame_640x480_DPI120,sesame,4015,thin_dropout,0.01,True,0.17924528301859938,0.9987586891757696,0.002479543763947434,4033.0,0.5831500902119982,70944.0,0.5698924731182796,465.0,0.18604651162790697,430.0,0.018315018315018316,546.0,0.016130912509113145,7.386446886446887,0.07407407407407407,27.0,0.0,60.0,0.8181818181818182,11.0,0.0,0.0,0.05874558375325311,1.2366430507270982,0.005116492586745206,19.954789340026068
test/masks_pixel_gt/Sesame_640x480_DPI120/GT_Sesame_T001_L048_2020.07.13_082125_RMG_DPI120.png,sesame_640x480_DPI120,sesame,4015,thin_dropout,0.05,True,0.29245283018858564,0.9543686803214934,0.08727994049094967,4033.0,0.8443420162381596,70944.0,0.7784946236559139,465.0,0.18604651162790697,430.0,0.23443223443223443,546.0,0.19221328347354413,7.386446886446887,0.3333333333333333,27.0,0.21666666666666667,60.0,0.9090909090909091,11.0,0.0,0.0,0.15019481089287157,1.2366430507270982,0.12638597303570226,19.954789340026068
test/masks_pixel_gt/Sesame_640x480_DPI120/GT_Sesame_T001_L048_2020.07.13_082125_RMG_DPI120.png,sesame_640x480_DPI120,sesame,4015,speckle,0.01,True,0.00029296875000000004,0.9890864500306561,0.02206793949913216,4033.0,2.9228546459179072,70944.0,0.021505376344086023,465.0,0.4720930232558139,430.0,0.16117216117216118,546.0,0.11979638017898081,7.386446886446887,0.0,27.0,0.0,60.0,8.0,11.0,0.0,0.0,0.23687296436850996,1.2366430507270982,0.039924367513948816,19.954789340026068
test/masks_pixel_gt/Sesame_640x480_DPI120/GT_Sesame_T001_L048_2020.07.13_082125_RMG_DPI120.png,sesame_640x480_DPI120,sesame,4015,speckle,0.05,True,0.0013671875000000001,0.9511792452830189,0.10265311182742376,4033.0,3.1791976770410466,70944.0,0.030107526881720432,465.0,0.48604651162790696,430.0,0.76007326007326,546.0,0.37351862741126607,7.386446886446887,0.07407407407407407,27.0,0.0,60.0,37.45454545454545,11.0,0.0,0.0,0.15300255303129698,1.2366430507270982,0.16859651360953565,19.954789340026068
test/masks_pixel_gt/Sesame_640x480_DPI120/GT_Sesame_T001_L048_2020.07.13_082125_RMG_DPI120.png,sesame_640x480_DPI120,sesame,4015,blob,0.01,True,0.037500000000818545,0.972744814278823,0.056037689065212004,4033.0,1.096160351826793,70944.0,0.0,465.0,0.10930232558139535,430.0,0.009157509157509158,546.0,0.046454769926689156,7.386446886446887,0.07407407407407407,27.0,0.0,60.0,0.18181818181818182,11.0,0.0,0.0,0.03799322135611972,1.2366430507270982,0.08727126001913306,19.954789340026068
test/masks_pixel_gt/Sesame_640x480_DPI120/GT_Sesame_T001_L048_2020.07.13_082125_RMG_DPI120.png,sesame_640x480_DPI120,sesame,4015,blob,0.05,True,0.11249999999972715,0.9659880239520958,0.07041904289610712,4033.0,1.312189896256202,70944.0,0.0,465.0,0.15348837209302327,430.0,0.018315018315018316,546.0,0.05116690183682455,7.386446886446887,0.14814814814814814,27.0,0.0,60.0,0.36363636363636365,11.0,0.0,0.0,0.08724810712625887,1.2366430507270982,0.12040703402527951,19.954789340026068
test/masks_pixel_gt/Sesame_640x480_DPI120/GT_Sesame_T001_L080_2020.07.13_082432_RMG_DPI120.png,sesame_640x480_DPI120,sesame,5072,boundary_erode,0.01,True,-0.1171875,0.9904629445658653,0.018893918519976384,5081.0,0.0002535892634207241,153792.0,0.0,463.0,0.0,640.0,0.03171641791044776,536.0,0.013242504187461828,9.479477611940299,1.4736842105263157,19.0,0.038461538461538464,26.0,1.1666666666666667,12.0,0.0,0.0,0.0012966218331038383,1.313306534159632,0.008145230076053651,23.523563777000646
test/masks_pixel_gt/Sesame_640x480_DPI120/GT_Sesame_T001_L080_2020.07.13_082432_RMG_DPI120.png,sesame_640x480_DPI120,sesame,5072,boundary_erode,0.05,True,-0.5859375,0.9502066115702479,0.09486321590238142,5081.0,0.005279858510195589,153792.0,0.0021598272138228943,463.0,0.0,640.0,0.06343283582089553,536.0,0.03355913092365832,9.479477611940299,1.894736842105263,19.0,1.6538461538461537,26.0,2.75,12.0,0.0,0.0,0.009723510171661252,1.313306534159632,0.055577687003876414,23.523563777000646
test/masks_pixel_gt/Sesame_640x480_DPI120/GT_Sesame_T001_L080_2020.07.13_082432_RMG_DPI120.png,sesame_640x480_DPI120,sesame,5072,boundary_dilate,0.01,True,0.09375,0.9907380325631276,0.018697106868726627,5081.0,0.002568404078235539,153792.0,0.0021598272138228943,463.0,0.0,640.0,0.0708955223880597,536.0,0.04874277128634591,9.479477611940299,0.15789473684210525,19.0,0.4230769230769231,26.0,0.0,12.0,1.0,0.0,0.010479941553769643,1.313306534159632,0.016504181445244005,23.523563777000646
test/masks_pixel_gt/Sesame_640x480_DPI120/GT_Sesame_T001_L080_2020.07.13_082432_RMG_DPI120.png,sesame_640x480_DPI120,sesame,5072,boundary_dilate,0.05,True,0.515625,0.9510528778661675,0.10293249360362133,5081.0,0.005286360799001248,153792.0,0.0021598272138228943,463.0,0.0,640.0,0.08022388059701492,536.0,0.02102213570214347,9.479477611940299,0.05263157894736842,19.0,1.2307692307692308,26.0,0.4166666666666667,12.0,4.0,0.0,0.030481025801081654,1.313306534159632,0.07412796394822062,23.523563777000646
test/masks_pixel_gt/Sesame_640x480_DPI120/GT_Sesame_T001_L080_2020.07.13_082432_RMG_DPI120.png,sesame_640x480_DPI120,sesame,5072,junction_break,0.01,True,0.125,0.99136476426799,0.017122613658728598,5081.0,0.0,153792.0,0.0,463.0,0.0,640.0,0.10261194029850747,536.0,0.10859174436730716,9.479477611940299,0.05263157894736842,19.0,0.9615384615384616,26.0,0.0,12.0,3.0,0.0,0.0010293408113500094,1.313306534159632,0.0010789625910625547,23.523563777000646
test/masks_pixel_gt/Sesame_640x480_DPI120/GT_Sesame_T001_L080_2020.07.13_082432_RMG_DPI120.png,sesame_640x480_DPI120,sesame,5072,junction_break,0.05,False,,,,,,,,,,,,,,,,,,,,,,,,,,
test/masks_pixel_gt/Sesame_640x480_DPI120/GT_Sesame_T001_L080_2020.07.13_082432_RMG_DPI120.png,sesame_640x480_DPI120,sesame,5072,thin_dropout,0.01,True,0.09615384615367477,0.9996062216971845,0.000787246604999016,5081.0,0.07892478152309614,153792.0,0.0,463.0,0.1078125,640.0,0.007462686567164179,536.0,0.00672563124007614,9.479477611940299,0.10526315789473684,19.0,0.0,26.0,0.16666666666666666,12.0,0.0,0.0,0.0009698994347232308,1.313306534159632,0.0012661939477434524,23.523563777000646
test/masks_pixel_gt/Sesame_640x480_DPI120/GT_Sesame_T001_L080_2020.07.13_082432_RMG_DPI120.png,sesame_640x480_DPI120,sesame,5072,thin_dropout,0.05,True,0.61875,0.9492296556715955,0.0966345207636292,5081.0,0.9396912713275073,153792.0,0.3369330453563715,463.0,0.878125,640.0,0.40298507462686567,536.0,0.513137177720921,9.479477611940299,0.7368421052631579,19.0,0.5769230769230769,26.0,0.9166666666666666,12.0,0.0,0.0,0.12441682850961075,1.313306534159632,0.0907708213297241,23.523563777000646
test/masks_pixel_gt/Sesame_640x480_DPI120/GT_Sesame_T001_L080_2020.07.13_082432_RMG_DPI120.png,sesame_640x480_DPI120,sesame,5072,speckle,0.01,True,0.000390625,0.9885214007782102,0.02322377484747097,5081.0,0.7900996150645027,153792.0,0.02591792656587473,463.0,0.0,640.0,0.21828358208955223,536.0,0.1601103471389825,9.479477611940299,0.0,19.0,0.0,26.0,9.75,12.0,0.0,0.0,0.25194720027702205,1.313306534159632,0.043694145628251975,23.523563777000646
test/masks_pixel_gt/Sesame_640x480_DPI120/GT_Sesame_T001_L080_2020.07.13_082432_RMG_DPI120.png,sesame_640x480_DPI120,sesame,5072,speckle,0.05,True,0.0017578125,0.9503413448050126,0.10450698681361936,5081.0,0.9567597794423637,153792.0,0.0367170626349892,463.0,0.0,640.0,0.9869402985074627,536.0,0.4441166714252582,9.479477611940299,0.5263157894736842,19.0,0.0,26.0,43.666666666666664,12.0,0.0,0.0,0.15720867026449095,1.313306534159632,0.1709264672924787,23.523563777000646
test/masks_pixel_gt/Sesame_640x480_DPI120/GT_Sesame_T001_L080_2020.07.13_082432_RMG_DPI120.png,sesame_640x480_DPI120,sesame,5072,blob,0.01,True,0.037500000000818545,0.9808880308880309,0.03896870694745129,5081.0,0.46542082813150226,153792.0,0.0,463.0,0.0,640.0,0.0037313432835820895,536.0,0.03510636974690319,9.479477611940299,0.0,19.0,0.0,26.0,0.16666666666666666,12.0,0.0,0.0,0.019301148498734447,1.313306534159632,0.07166559784191176,23.523563777000646
test/masks_pixel_gt/Sesame_640x480_DPI120/GT_Sesame_T001_L080_2020.07.13_082432_RMG_DPI120.png,sesame_640x480_DPI120,sesame,5072,blob,0.05,True,0.18749999999863576,0.9525684289463817,0.09958669553237552,5081.0,0.07265007282563463,153792.0,0.0,463.0,0.0,640.0,0.011194029850746268,536.0,0.08741414908736765,9.479477611940299,0.0,19.0,0.0,26.0,0.5,12.0,0.0,0.0,0.09742065198208041,1.313306534159632,0.15356654763482105,23.523563777000646
test/masks_pixel_gt/Sesame_640x480_DPI120/GT_Sesame_T001_L101_2020.08.03_084011_RMG_DPI120.png,sesame_640x480_DPI120,sesame,17074,boundary_erode,0.01,True,-0.0703125,0.9907429245283019,0.01834433604019396,17117.0,0.0,255657.0,0.0,476.0,0.0,633.0,0.0070921985815602835,2256.0,0.02525740409624887,7.587322695035461,0.06060606060606061,33.0,0.16666666666666666,78.0,0.0,5.0,0.0,0.0,0.0011241674145681076,1.4169662137111767,0.002197788335900718,4.1071605154394035
test/masks_pixel_gt/Sesame_640x480_DPI120/GT_Sesame_T001_L101_2020.08.03_084011_RMG_DPI120.png,sesame_640x480_DPI120,sesame,17074,boundary_erode,0.05,True,-0.375,0.9485549310482508,0.09785593269848689,17117.0,0.003927136749629386,255657.0,0.0021008403361344537,476.0,0.0,633.0,0.053634751773049646,2256.0,0.14377912670079354,7.587322695035461,1.3333333333333333,33.0,1.4743589743589745,78.0,1.0,5.0,0.0,0.0,0.00727398590622119,1.4169662137111767,0.017544979075920564,4.1071605154394035
test/masks_pixel_gt/Sesame_640x480_DPI120/GT_Sesame_T001_L101_2020.08.03_084011_RMG_DPI120.png,sesame_640x480_DPI120,sesame,17074,boundary_dilate,0.01,True,0.0703125,0.9909111960171356,0.01834433604019396,17117.0,0.0013611987936962414,255657.0,0.0,476.0,0.0,633.0,0.050975177304964536,2256.0,0.03104815600730589,7.587322695035461,0.7878787878787878,33.0,1.064102564102564,78.0,0.0,5.0,2.0,0.0,0.004715462797910397,1.4169662137111767,0.0032600055901814556,4.1071605154394035
test/masks_pixel_gt/Sesame_640x480_DPI120/GT_Sesame_T001_L101_2020.08.03_084011_RMG_DPI120.png,sesame_640x480_DPI120,sesame,17074,boundary_dilate,0.05,True,0.3984375,0.9506011717990726,0.10393176374364667,17117.0,0.004513860367601904,255657.0,0.0021008403361344537,476.0,0.00315955766192733,633.0,0.12632978723404256,2256.0,0.019885848482618228,7.587322695035461,1.5757575757575757,33.0,3.0256410256410255,78.0,0.2,5.0,13.0,0.0,0.018989442350553932,1.4169662137111767,0.01751021820538386,4.1071605154394035
test/masks_pixel_gt/Sesame_640x480_DPI120/GT_Sesame_T001_L101_2020.08.03_084011_RMG_DPI120.png,sesame_640x480_DPI120,sesame,17074,junction_break,0.01,True,0.15625,0.9904452963727514,0.018928550563767015,17117.0,0.0,255657.0,0.0,476.0,0.0,633.0,0.03856382978723404,2256.0,0.0553575800562776,7.587322695035461,0.18181818181818182,33.0,0.24358974358974358,78.0,1.4,5.0,5.0,0.0,0.0010290892353663535,1.4169662137111767,0.003862015485298233,4.1071605154394035
test/masks_pixel_gt/Sesame_640x480_DPI120/GT_Sesame_T001_L101_2020.08.03_084011_RMG_DPI120.png,sesame_640x480_DPI120,sesame,17074,junction_break,0.05,False,,,,,,,,,,,,,,,,,,,,,,,,,,
test/masks_pixel_gt/Sesame_640x480_DPI120/GT_Sesame_T001_L101_2020.08.03_084011_RMG_DPI120.png,sesame_640x480_DPI120,sesame,17074,thin_dropout,0.01,True,0.50625,0.990653654509538,0.018519600397265877,17117.0,0.014460781437629324,255657.0,0.01050420168067227,476.0,0.0,633.0,0.047872340425531915,2256.0,0.030828576119072783,7.587322695035461,0.2727272727272727,33.0,0.717948717948718,78.0,0.8,5.0,0.0,0.0,0.0033985009590189246,1.4169662137111767,0.007044476206631991,4.1071605154394035
test/masks_pixel_gt/Sesame_640x480_DPI120/GT_Sesame_T001_L101_2020.08.03_084011_RMG_DPI120.png,sesame_640x480_DPI120,sesame,17074,thin_dropout,0.05,True,0.5980392156865038,0.8842317971449059,0.2075129987731495,17117.0,0.08775820728554273,255657.0,0.012605042016806723,476.0,0.00631911532385466,633.0,0.2708333333333333,2256.0,0.08683931596825224,7.587322695035461,0.42424242424242425,33.0,0.7692307692307693,78.0,0.4,5.0,0.0,0.0,0.0038660278870871695,1.4169662137111767,0.30433892188652617,4.1071605154394035
test/masks_pixel_gt/Sesame_640x480_DPI120/GT_Sesame_T001_L101_2020.08.03_084011_RMG_DPI120.png,sesame_640x480_DPI120,sesame,17074,speckle,0.01,True,0.0011718750000000002,0.9901660207092035,0.019863293801483904,17117.0,0.18050747681463836,255657.0,0.008403361344537815,476.0,0.009478672985781991,633.0,0.15115248226950354,2256.0,0.11405021531915759,7.587322695035461,0.18181818181818182,33.0,0.07692307692307693,78.0,66.0,5.0,0.0,0.0,0.06101821384244717,1.4169662137111767,0.028681934807145346,4.1071605154394035
test/masks_pixel_gt/Sesame_640x480_DPI120/GT_Sesame_T001_L101_2020.08.03_084011_RMG_DPI120.png,sesame_640x480_DPI120,sesame,17074,speckle,0.05,True,0.00625,0.9497045523899353,0.10591809312379506,17117.0,0.19445585295923837,255657.0,0.008403361344537815,476.0,0.011058451816745656,633.0,0.8062943262411347,2256.0,0.38774203237121924,7.587322695035461,2.6363636363636362,33.0,0.4230769230769231,78.0,347.2,5.0,0.0,0.0,0.04525996178295688,1.4169662137111767,0.13847010930384704,4.1071605154394035
test/masks_pixel_gt/Sesame_640x480_DPI120/GT_Sesame_T001_L101_2020.08.03_084011_RMG_DPI120.png,sesame_640x480_DPI120,sesame,17074,blob,0.01,True,0.09375,0.9885648281836558,0.023134895133493018,17117.0,0.007905122879483058,255657.0,0.0,476.0,0.00315955766192733,633.0,0.0070921985815602835,2256.0,0.015929719815651583,7.587322695035461,0.12121212121212122,33.0,0.0,78.0,0.8,5.0,0.0,0.0,0.0038662470479098815,1.4169662137111767,0.018626249763495042,4.1071605154394035
test/masks_pixel_gt/Sesame_640x480_DPI120/GT_Sesame_T001_L101_2020.08.03_084011_RMG_DPI120.png,sesame_640x480_DPI120,sesame,17074,blob,0.05,True,0.515625,0.9514994858111676,0.10194543436349827,17117.0,0.053650007627407036,255657.0,0.0,476.0,0.0,633.0,0.018173758865248225,2256.0,0.08227640397216039,7.587322695035461,0.2727272727272727,33.0,0.05128205128205128,78.0,3.6,5.0,0.0,0.0,0.016637597021542334,1.4169662137111767,0.10285646280669133,4.1071605154394035
test/masks_pixel_gt/Sesame_640x480_DPI120/GT_Sesame_T001_L106_2020.08.03_084031_RMG_DPI120.png,sesame_640x480_DPI120,sesame,21860,boundary_erode,0.01,True,-0.09375,0.9911342237291242,0.017575730051319315,22019.0,0.0006223922915562113,260286.0,0.0,480.0,0.0,634.0,0.002281021897810219,2192.0,0.01981156134387428,10.045164233576642,0.017857142857142856,56.0,0.057692307692307696,156.0,0.0,2.0,0.0,1.0,0.0011693356926189568,1.4430737773464135,0.006016820788651187,4.42385894443882
test/masks_pixel_gt/Sesame_640x480_DPI120/GT_Sesame_T001_L106_2020.08.03_084031_RMG_DPI120.png,sesame_640x480_DPI120,sesame,21860,boundary_erode,0.05,True,-0.515625,0.9492245287520878,0.09664380762069122,22019.0,0.040709066181047,260286.0,0.008333333333333333,480.0,0.0031545741324921135,634.0,0.08759124087591241,2192.0,0.16939732647003147,10.045164233576642,0.8571428571428571,56.0,0.9166666666666666,156.0,3.5,2.0,1.0,1.0,0.008747760689294688,1.4430737773464135,0.03466011042462034,4.42385894443882
test/masks_pixel_gt/Sesame_640x480_DPI120/GT_Sesame_T001_L106_2020.08.03_084031_RMG_DPI120.png,sesame_640x480_DPI120,sesame,21860,boundary_dilate,0.01,True,0.09375,0.9914225894324501,0.01730323811253917,22019.0,0.0003227219289550725,260286.0,0.0,480.0,0.0,634.0,0.0812043795620438,2192.0,0.05910181521405659,10.045164233576642,0.21428571428571427,56.0,0.717948717948718,156.0,0.0,2.0,16.0,1.0,0.004723837489345278,1.4430737773464135,0.004468548544691676,4.42385894443882
test/masks_pixel_gt/Sesame_640x480_DPI120/GT_Sesame_T001_L106_2020.08.03_084031_RMG_DPI120.png,sesame_640x480_DPI120,sesame,21860,boundary_dilate,0.05,True,0.5625,0.9506519298851567,0.10381942867523503,22019.0,0.004591103632158471,260286.0,0.0,480.0,0.0015772870662460567,634.0,0.17107664233576642,2192.0,0.05743194871207051,10.045164233576642,0.25,56.0,2.1538461538461537,156.0,0.0,2.0,50.0,1.0,0.012403342150376502,1.4430737773464135,0.031018670991900907,4.42385894443882
test/masks_pixel_gt/Sesame_640x480_DPI120/GT_Sesame_T001_L106_2020.08.03_084031_RMG_DPI120.png,sesame_640x480_DPI120,sesame,21860,junction_break,0.01,True,0.09375,0.9905329512893983,0.01875652845269994,22019.0,0.0,260286.0,0.0,480.0,0.0,634.0,0.05291970802919708,2192.0,0.06807379132076187,10.045164233576642,0.26785714285714285,56.0,0.23076923076923078,156.0,3.5,2.0,3.0,1.0,0.0009589458187713046,1.4430737773464135,0.009674005718008357,4.42385894443882
test/masks_pixel_gt/Sesame_640x480_DPI120/GT_Sesame_T001_L106_2020.08.03_084031_RMG_DPI120.png,sesame_640x480_DPI120,sesame,21860,junction_break,0.05,True,0.9375,0.9509016842556638,0.0936009809709796,22019.0,0.0,260286.0,0.0,480.0,0.0,634.0,0.1957116788321168,2192.0,0.24195854646638207,10.045164233576642,1.3035714285714286,56.0,0.8333333333333334,156.0,25.0,2.0,15.0,1.0,0.006088038976596556,1.4430737773464135,0.02863502745686866,4.42385894443882
test/masks_pixel_gt/Sesame_640x480_DPI120/GT_Sesame_T001_L106_2020.08.03_084031_RMG_DPI120.png,sesame_640x480_DPI120,sesame,21860,thin_dropout,0.01,True,0.225,0.990671770071738,0.018484036513919798,22019.0,0.038161868098937325,260286.0,0.00625,480.0,0.0,634.0,0.04607664233576642,2192.0,0.02892539070372447,10.045164233576642,0.4107142857142857,56.0,0.391025641025641,156.0,0.5,2.0,1.0,1.0,0.0025924212463608715,1.4430737773464135,0.008079711999505836,4.42385894443882
test/masks_pixel_gt/Sesame_640x480_DPI120/GT_Sesame_T001_L106_2020.08.03_084031_RMG_DPI120.png,sesame_640x480_DPI120,sesame,21860,thin_dropout,0.05,True,0.5484375,0.9486726508785333,0.09764294472955175,22019.0,0.1023873738887224,260286.0,0.00625,480.0,0.006309148264984227,634.0,0.1957116788321168,2192.0,0.12193231148770431,10.045164233576642,0.125,56.0,0.717948717948718,156.0,8.0,2.0,1.0,1.0,0.016894738731601022,1.4430737773464135,0.07273420916644277,4.42385894443882
test/masks_pixel_gt/Sesame_640x480_DPI120/GT_Sesame_T001_L106_2020.08.03_084031_RMG_DPI120.png,sesame_640x480_DPI120,sesame,21860,speckle,0.01,True,0.0015625,0.9899739232083445,0.020255234115990735,22019.0,0.1409756959652075,260286.0,0.0,480.0,0.007886435331230283,634.0,0.20574817518248176,2192.0,0.1538405322806464,10.045164233576642,0.14285714285714285,56.0,0.019230769230769232,156.0,216.0,2.0,1.0,1.0,0.03837128776004828,1.4430737773464135,0.03146887939147738,4.42385894443882
test/masks_pixel_gt/Sesame_640x480_DPI120/GT_Sesame_T001_L106_2020.08.03_084031_RMG_DPI120.png,sesame_640x480_DPI120,sesame,21860,speckle,0.05,True,0.008203125,0.9495655173900857,0.1062264408011263,22019.0,0.17496138862635716,260286.0,0.0,480.0,0.00946372239747634,634.0,1.0880474452554745,2192.0,0.47021010307274,10.045164233576642,2.4107142857142856,56.0,0.3333333333333333,156.0,1118.5,2.0,0.0,1.0,0.07027606879935369,1.4430737773464135,0.14314276210019927,4.42385894443882
test/masks_pixel_gt/Sesame_640x480_DPI120/GT_Sesame_T001_L106_2020.08.03_084031_RMG_DPI120.png,sesame_640x480_DPI120,sesame,21860,blob,0.01,True,0.140625,0.9909095000225012,0.018347790544529723,22019.0,0.0,260286.0,0.0,480.0,0.0,634.0,0.005018248175182482,2192.0,0.01326298541698102,10.045164233576642,0.017857142857142856,56.0,0.00641025641025641,156.0,1.0,2.0,0.0,1.0,0.005350700118687581,1.4430737773464135,0.022112192667968936,4.42385894443882
test/masks_pixel_gt/Sesame_640x480_DPI120/GT_Sesame_T001_L106_2020.08.03_084031_RMG_DPI120.png,sesame_640x480_DPI120,sesame,21860,blob,0.05,True,0.662499999999909,0.9523582967496378,0.10004995685544303,22019.0,0.078171703433915,260286.0,0.0,480.0,0.0,634.0,0.027828467153284672,2192.0,0.07026609206708001,10.045164233576642,0.07142857142857142,56.0,0.08974358974358974,156.0,8.0,2.0,2.0,1.0,0.019257777079495463,1.4430737773464135,0.10002631845105844,4.42385894443882
test/masks_pixel_gt/Sesame_640x480_DPI120/GT_Sesame_T003_L038_2019.07.17_051320_RMG_DPI120.png,sesame_640x480_DPI120,sesame,4121,boundary_erode,0.01,True,-0.0703125,0.9885931558935361,0.022556390977443608,4123.0,0.00037858074285954655,47546.0,0.0,470.0,0.0,193.0,0.0,668.0,0.022556390977443656,6.172155688622754,0.0,8.0,0.0,19.0,0.0,1.0,0.0,0.0,0.0011649204472458194,1.24832053868957,0.0016298559128461196,13.667325292223536
test/masks_pixel_gt/Sesame_640x480_DPI120/GT_Sesame_T003_L038_2019.07.17_051320_RMG_DPI120.png,sesame_640x480_DPI120,sesame,4121,boundary_erode,0.05,True,-0.3046875,0.9487506374298827,0.0975018190637885,4123.0,0.00978000252387162,47546.0,0.002127659574468085,470.0,0.010362694300518135,193.0,0.03293413173652695,668.0,0.1262771233834938,6.172155688622754,1.0,8.0,1.5263157894736843,19.0,0.0,1.0,0.0,0.0,0.006103309193572723,1.24832053868957,0.004552610567200695,13.667325292223536
test/masks_pixel_gt/Sesame_640x480_DPI120/GT_Sesame_T003_L038_2019.07.17_051320_RMG_DPI120.png,sesame_640x480_DPI120,sesame,4121,boundary_dilate,0.01,True,0.0703125,0.9888475836431226,0.022556390977443608,4123.0,0.0,47546.0,0.0,470.0,0.0,193.0,0.040419161676646706,668.0,0.017168821333910317,6.172155688622754,0.875,8.0,1.2105263157894737,19.0,0.0,1.0,0.0,0.0,0.00711655041462029,1.24832053868957,0.0016829696811271927,13.667325292223536
test/masks_pixel_gt/Sesame_640x480_DPI120/GT_Sesame_T003_L038_2019.07.17_051320_RMG_DPI120.png,sesame_640x480_DPI120,sesame,4121,boundary_dilate,0.05,True,0.328125,0.950109459615163,0.10502061605626971,4123.0,0.007235098641315779,47546.0,0.002127659574468085,470.0,0.0,193.0,0.1122754491017964,668.0,0.0065225147704061955,6.172155688622754,2.125,8.0,3.3684210526315788,19.0,0.0,1.0,3.0,0.0,0.028334021661791345,1.24832053868957,0.009653344448353824,13.667325292223536
test/masks_pixel_gt/Sesame_640x480_DPI120/GT_Sesame_T003_L038_2019.07.17_051320_RMG_DPI120.png,sesame_640x480_DPI120,sesame,4121,junction_break,0.01,True,0.15625,0.9895846097291998,0.020616056269706525,4123.0,4.206452698439406e-05,47546.0,0.0,470.0,0.0,193.0,0.01347305389221557,668.0,0.03363593144485071,6.172155688622754,0.125,8.0,0.21052631578947367,19.0,2.0,1.0,1.0,0.0,0.0015308989443421181,1.24832053868957,0.005525320767902022,13.667325292223536
test/masks_pixel_gt/Sesame_640x480_DPI120/GT_Sesame_T003_L038_2019.07.17_051320_RMG_DPI120.png,sesame_640x480_DPI120,sesame,4121,junction_break,0.05,False,,,,,,,,,,,,,,,,,,,,,,,,,,
test/masks_pixel_gt/Sesame_640x480_DPI120/GT_Sesame_T003_L038_2019.07.17_051320_RMG_DPI120.png,sesame_640x480_DPI120,sesame,4121,thin_dropout,0.01,True,0.6250000000003184,0.9500891265597148,0.09507640067911714,4123.0,0.018655617717578767,47546.0,0.00425531914893617,470.0,0.010362694300518135,193.0,0.13023952095808383,668.0,0.0404285100625641,6.172155688622754,0.125,8.0,0.8421052631578947,19.0,2.0,1.0,0.0,0.0,0.022673682880798206,1.24832053868957,0.056278716455458025,13.667325292223536
test/masks_pixel_gt/Sesame_640x480_DPI120/GT_Sesame_T003_L038_2019.07.17_051320_RMG_DPI120.png,sesame_640x480_DPI120,sesame,4121,thin_dropout,0.05,True,0.675,0.9500891265597148,0.09507640067911714,4123.0,0.018655617717578767,47546.0,0.00425531914893617,470.0,0.010362694300518135,193.0,0.13023952095808383,668.0,0.0404285100625641,6.172155688622754,0.125,8.0,0.8421052631578947,19.0,2.0,1.0,0.0,0.0,0.022673682880798206,1.24832053868957,0.056278716455458025,13.667325292223536
test/masks_pixel_gt/Sesame_640x480_DPI120/GT_Sesame_T003_L038_2019.07.17_051320_RMG_DPI120.png,sesame_640x480_DPI120,sesame,4121,speckle,0.01,True,0.00029296875000000004,0.9893221355728854,0.021586223623575068,4123.0,4.847263702519665,47546.0,0.00851063829787234,470.0,2.243523316062176,193.0,0.13323353293413173,668.0,0.09852100742331822,6.172155688622754,0.0,8.0,0.0,19.0,89.0,1.0,0.0,0.0,0.23558748751539496,1.24832053868957,0.0377043582344579,13.667325292223536
test/masks_pixel_gt/Sesame_640x480_DPI120/GT_Sesame_T003_L038_2019.07.17_051320_RMG_DPI120.png,sesame_640x480_DPI120,sesame,4121,speckle,0.05,True,0.00146484375,0.9489067894131186,0.1076885762794082,4123.0,5.2870693644049975,47546.0,0.02127659574468085,470.0,2.300518134715026,193.0,0.6646706586826348,668.0,0.334589955976039,6.172155688622754,0.875,8.0,0.2631578947368421,19.0,437.0,1.0,0.0,0.0,0.14898611521663926,1.24832053868957,0.16554363858671708,13.667325292223536
test/masks_pixel_gt/Sesame_640x480_DPI120/GT_Sesame_T003_L038_2019.07.17_051320_RMG_DPI120.png,sesame_640x480_DPI120,sesame,4121,blob,0.01,True,1.3642420526593924e-12,0.982251340083383,0.036138733931603204,4123.0,0.07567408404492491,47546.0,0.0,470.0,0.0,193.0,0.0014970059880239522,668.0,0.034589946586413935,6.172155688622754,0.0,8.0,0.0,19.0,1.0,1.0,0.0,0.0,0.018488462676788053,1.24832053868957,0.0368367452801724,13.667325292223536
test/masks_pixel_gt/Sesame_640x480_DPI120/GT_Sesame_T003_L038_2019.07.17_051320_RMG_DPI120.png,sesame_640x480_DPI120,sesame,4121,blob,0.05,True,0.08750000000009095,0.9425077151674477,0.12199854474896919,4123.0,1.802948723341606,47546.0,0.0,470.0,1.6010362694300517,193.0,0.017964071856287425,668.0,0.10219857042986973,6.172155688622754,0.125,8.0,0.21052631578947367,19.0,3.0,1.0,0.0,0.0,0.02252631720990435,1.24832053868957,0.06321760668643528,13.667325292223536
test/masks_pixel_gt/Sesame_640x480_DPI120/GT_Sesame_T012_L034_2018.07.17_102947_RS_DPI120.png,sesame_640x480_DPI120,sesame,11574,boundary_erode,0.01,True,-0.140625,0.9904222899434044,0.018973695558430356,11595.0,0.00010411027360179903,96052.0,0.0,446.0,0.0,466.0,0.03536585365853658,820.0,0.05248342798340749,14.140243902439025,0.3333333333333333,15.0,0.28205128205128205,39.0,0.0,2.0,0.0,0.0,0.0023530981338519092,1.3676068898862312,0.004662731326270728,9.138585347119077
test/masks_pixel_gt/Sesame_640x480_DPI120/GT_Sesame_T012_L034_2018.07.17_102947_RS_DPI120.png,sesame_640x480_DPI120,sesame,11574,boundary_erode,0.05,True,-0.703125,0.9502037120869171,0.0948684777921518,11595.0,0.005403323199933369,96052.0,0.004484304932735426,446.0,0.002145922746781116,466.0,0.08536585365853659,820.0,0.16605859751636465,14.140243902439025,0.8666666666666667,15.0,1.0512820512820513,39.0,0.0,2.0,0.0,0.0,0.011623264863730172,1.3676068898862312,0.028368406526335585,9.138585347119077
test/masks_pixel_gt/Sesame_640x480_DPI120/GT_Sesame_T012_L034_2018.07.17_102947_RS_DPI120.png,sesame_640x480_DPI120,sesame,11574,boundary_dilate,0.01,True,0.140625,0.990559993165606,0.019059939629150497,11595.0,0.004414275600716278,96052.0,0.0,446.0,0.0,466.0,0.06585365853658537,820.0,0.043902573803314235,14.140243902439025,0.4666666666666667,15.0,0.7692307692307693,39.0,0.0,2.0,1.0,0.0,0.005623338338004003,1.3676068898862312,0.005633810706250018,9.138585347119077
test/masks_pixel_gt/Sesame_640x480_DPI120/GT_Sesame_T012_L034_2018.07.17_102947_RS_DPI120.png,sesame_640x480_DPI120,sesame,11574,boundary_dilate,0.05,True,0.796875,0.948815514913465,0.10789133247089262,11595.0,0.012441177695414984,96052.0,0.002242152466367713,446.0,0.004291845493562232,466.0,0.0012195121951219512,820.0,0.10924406914057619,14.140243902439025,0.13333333333333333,15.0,0.07692307692307693,39.0,0.0,2.0,2.0,0.0,0.017846634121780846,1.3676068898862312,0.028798184132610948,9.138585347119077
test/masks_pixel_gt/Sesame_640x480_DPI120/GT_Sesame_T012_L034_2018.07.17_102947_RS_DPI120.png,sesame_640x480_DPI120,sesame,11574,junction_break,0.01,True,0.25,0.9901145320733353,0.019577404053471324,11595.0,0.0,96052.0,0.0,446.0,0.0,466.0,0.1378048780487805,820.0,0.1383209767672524,14.140243902439025,0.2,15.0,0.717948717948718,39.0,0.0,2.0,6.0,0.0,0.0010875204756894252,1.3676068898862312,0.0026427686831625207,9.138585347119077
test/masks_pixel_gt/Sesame_640x480_DPI120/GT_Sesame_T012_L034_2018.07.17_102947_RS_DPI120.png,sesame_640x480_DPI120,sesame,11574,junction_break,0.05,False,,,,,,,,,,,,,,,,,,,,,,,,,,
test/masks_pixel_gt/Sesame_640x480_DPI120/GT_Sesame_T012_L034_2018.07.17_102947_RS_DPI120.png,sesame_640x480_DPI120,sesame,11574,thin_dropout,0.01,True,0.28125,0.9911250326285566,0.01759379042690815,11595.0,0.016428601174363885,96052.0,0.011210762331838564,446.0,0.002145922746781116,466.0,0.041463414634146344,820.0,0.024902152480833748,14.140243902439025,0.3333333333333333,15.0,0.4358974358974359,39.0,0.0,2.0,0.0,0.0,0.003944117137946285,1.3676068898862312,0.01163647947152119,9.138585347119077
test/masks_pixel_gt/Sesame_640x480_DPI120/GT_Sesame_T012_L034_2018.07.17_102947_RS_DPI120.png,sesame_640x480_DPI120,sesame,11574,thin_dropout,0.05,True,0.5624999999995908,0.9728939675790592,0.05278137128072445,11595.0,0.050920334818639904,96052.0,0.02242152466367713,446.0,0.002145922746781116,466.0,0.09268292682926829,820.0,0.04397752090027677,14.140243902439025,0.5333333333333333,15.0,0.6923076923076923,39.0,0.0,2.0,0.0,0.0,0.011037161948588036,1.3676068898862312,0.022935462240039388,9.138585347119077
test/masks_pixel_gt/Sesame_640x480_DPI120/GT_Sesame_T012_L034_2018.07.17_102947_RS_DPI120.png,sesame_640x480_DPI120,sesame,11574,speckle,0.01,True,0.00078125,0.9901370564877674,0.019922380336351877,11595.0,2.073324865697747,96052.0,0.06950672645739911,446.0,0.3648068669527897,466.0,0.2804878048780488,820.0,0.20348918868970614,14.140243902439025,0.0,15.0,0.0,39.0,115.0,2.0,0.0,0.0,0.1317876414393232,1.3676068898862312,0.03241666116584451,9.138585347119077
test/masks_pixel_gt/Sesame_640x480_DPI120/GT_Sesame_T012_L034_2018.07.17_102947_RS_DPI120.png,sesame_640x480_DPI120,sesame,11574,speckle,0.05,True,0.0041015625,0.9503319400049176,0.10452781371280724,11595.0,2.1609648940157413,96052.0,0.07623318385650224,446.0,0.37339055793991416,466.0,1.4804878048780488,820.0,0.554713467431415,14.140243902439025,2.7333333333333334,15.0,0.10256410256410256,39.0,593.0,2.0,0.0,0.0,0.016175274465666484,1.3676068898862312,0.15052905516878415,9.138585347119077
test/masks_pixel_gt/Sesame_640x480_DPI120/GT_Sesame_T012_L034_2018.07.17_102947_RS_DPI120.png,sesame_640x480_DPI120,sesame,11574,blob,0.01,True,0.06250000000045475,0.9854247227297837,0.02958171625700733,11595.0,0.772914671219756,96052.0,0.03811659192825112,446.0,0.13304721030042918,466.0,0.003658536585365854,820.0,0.025828684484503008,14.140243902439025,0.0,15.0,0.0,39.0,1.5,2.0,0.0,0.0,0.027375107673777575,1.3676068898862312,0.04138075480699175,9.138585347119077
test/masks_pixel_gt/Sesame_640x480_DPI120/GT_Sesame_T012_L034_2018.07.17_102947_RS_DPI120.png,sesame_640x480_DPI120,sesame,11574,blob,0.05,True,0.36249999999881766,0.9550677484452864,0.09409228115567055,11595.0,1.363251155624037,96052.0,0.01569506726457399,446.0,0.16738197424892703,466.0,0.024390243902439025,820.0,0.0680424649376784,14.140243902439025,0.26666666666666666,15.0,0.02564102564102564,39.0,5.5,2.0,0.0,0.0,0.054308324297456724,1.3676068898862312,0.1166096299243713,9.138585347119077
test/masks_pixel_gt/Sesame_640x480_DPI120/GT_Sesame_T012_L058_2018.07.17_103017_RS_DPI120.png,sesame_640x480_DPI120,sesame,7490,boundary_erode,0.01,True,-0.09375,0.9907133243606999,0.018402453660488066,7499.0,0.000660528158315389,151394.0,0.0,441.0,0.0,599.0,0.007947019867549669,755.0,0.026141724722297647,9.932450331125828,0.0,16.0,0.23076923076923078,26.0,0.0,3.0,0.0,0.0,0.0018431720821837892,1.4014478306442022,0.0018632415771164344,11.231996807170397
test/masks_pixel_gt/Sesame_640x480_DPI120/GT_Sesame_T012_L058_2018.07.17_103017_RS_DPI120.png,sesame_640x480_DPI120,sesame,7490,boundary_erode,0.05,True,-0.4921875,0.9491311659192825,0.09681290838778504,7499.0,0.0005878700609006962,151394.0,0.0,441.0,0.00333889816360601,599.0,0.1562913907284768,755.0,0.21889317964808447,9.932450331125828,1.9375,16.0,3.5,26.0,0.6666666666666666,3.0,0.0,0.0,0.01086297306278106,1.4014478306442022,0.011739952026859733,11.231996807170397
test/masks_pixel_gt/Sesame_640x480_DPI120/GT_Sesame_T012_L058_2018.07.17_103017_RS_DPI120.png,sesame_640x480_DPI120,sesame,7490,boundary_dilate,0.01,True,0.09375,0.9908172028803593,0.018535804773969863,7499.0,0.003725378812898794,151394.0,0.0,441.0,0.0,599.0,0.14437086092715232,755.0,0.1099600317079314,9.932450331125828,1.375,16.0,2.6923076923076925,26.0,0.0,3.0,2.0,0.0,0.004738453244714163,1.4014478306442022,0.002509555137281622,11.231996807170397
test/masks_pixel_gt/Sesame_640x480_DPI120/GT_Sesame_T012_L058_2018.07.17_103017_RS_DPI120.png,sesame_640x480_DPI120,sesame,7490,boundary_dilate,0.05,True,0.515625,0.9513479226133841,0.10228030404053874,7499.0,0.0067505977779832756,151394.0,0.0022675736961451248,441.0,0.001669449081803005,599.0,0.22649006622516557,755.0,0.10127253828228215,9.932450331125828,1.9375,16.0,3.923076923076923,26.0,0.0,3.0,4.0,0.0,0.018582035299617144,1.4014478306442022,0.00973752978335615,11.231996807170397
test/masks_pixel_gt/Sesame_640x480_DPI120/GT_Sesame_T012_L058_2018.07.17_103017_RS_DPI120.png,sesame_640x480_DPI120,sesame,7490,junction_break,0.01,True,0.25,0.9896254378873619,0.020536071476196825,7499.0,0.0,151394.0,0.0,441.0,0.0,599.0,0.08079470198675497,755.0,0.09375580142711837,9.932450331125828,0.125,16.0,0.6153846153846154,26.0,0.6666666666666666,3.0,4.0,0.0,0.0013110548789133686,1.4014478306442022,0.005640701499566957,11.231996807170397
test/masks_pixel_gt/Sesame_640x480_DPI120/GT_Sesame_T012_L058_2018.07.17_103017_RS_DPI120.png,sesame_640x480_DPI120,sesame,7490,junction_break,0.05,False,,,,,,,,,,,,,,,,,,,,,,,,,,
test/masks_pixel_gt/Sesame_640x480_DPI120/GT_Sesame_T012_L058_2018.07.17_103017_RS_DPI120.png,sesame_640x480_DPI120,sesame,7490,thin_dropout,0.01,True,0.3375,0.9895573671090749,0.020669422589678625,7499.0,0.00371877353131564,151394.0,0.0,441.0,0.0,599.0,0.045033112582781455,755.0,0.02551260186517706,9.932450331125828,0.375,16.0,0.5384615384615384,26.0,0.0,3.0,0.0,0.0,0.0046032328773180425,1.4014478306442022,0.009230237145070663,11.231996807170397
test/masks_pixel_gt/Sesame_640x480_DPI120/GT_Sesame_T012_L058_2018.07.17_103017_RS_DPI120.png,sesame_640x480_DPI120,sesame,7490,thin_dropout,0.05,True,0.7173913043479387,0.9138180764774044,0.15868782504333911,7499.0,0.02832344742856388,151394.0,0.006802721088435374,441.0,0.015025041736227046,599.0,0.2251655629139073,755.0,0.08579605485859655,9.932450331125828,0.5,16.0,1.0,26.0,0.3333333333333333,3.0,0.0,0.0,0.03395230247300354,1.4014478306442022,0.16855906201621168,11.231996807170397
test/masks_pixel_gt/Sesame_640x480_DPI120/GT_Sesame_T012_L058_2018.07.17_103017_RS_DPI120.png,sesame_640x480_DPI120,sesame,7490,speckle,0.01,True,0.00048828125,0.9903592181722134,0.019469262568342447,7499.0,0.8723991703766332,151394.0,0.061224489795918366,441.0,0.06343906510851419,599.0,0.20794701986754968,755.0,0.15603147671151477,9.932450331125828,0.1875,16.0,0.19230769230769232,26.0,47.666666666666664,3.0,0.0,0.0,0.21744551066060538,1.4014478306442022,0.034083172893326893,11.231996807170397
test/masks_pixel_gt/Sesame_640x480_DPI120/GT_Sesame_T012_L058_2018.07.17_103017_RS_DPI120.png,sesame_640x480_DPI120,sesame,7490,speckle,0.05,True,0.00263671875,0.9499619964530023,0.10534737965062008,7499.0,0.9825884777468064,151394.0,0.08843537414965986,441.0,0.0667779632721202,599.0,1.0635761589403974,755.0,0.46435348418727973,9.932450331125828,1.8125,16.0,0.3076923076923077,26.0,256.6666666666667,3.0,0.0,0.0,0.12200145399196788,1.4014478306442022,0.16543166767199532,11.231996807170397
test/masks_pixel_gt/Sesame_640x480_DPI120/GT_Sesame_T012_L058_2018.07.17_103017_RS_DPI120.png,sesame_640x480_DPI120,sesame,7490,blob,0.01,True,1.3642420526593924e-12,0.9870352089503126,0.02627016935591412,7499.0,0.006737387214816967,151394.0,0.0,441.0,0.0,599.0,0.0013245033112582781,755.0,0.024912669131898366,9.932450331125828,0.0,16.0,0.0,26.0,0.3333333333333333,3.0,0.0,0.0,0.003022404220736996,1.4014478306442022,0.04139128809301443,11.231996807170397
test/masks_pixel_gt/Sesame_640x480_DPI120/GT_Sesame_T012_L058_2018.07.17_103017_RS_DPI120.png,sesame_640x480_DPI120,sesame,7490,blob,0.05,True,0.18749999999863576,0.9537678855325914,0.09694625950126684,7499.0,0.28957554460546653,151394.0,0.0,441.0,0.0,599.0,0.017218543046357615,755.0,0.07837815875450055,9.932450331125828,0.25,16.0,0.0,26.0,2.3333333333333335,3.0,0.0,0.0,0.09028361632313991,1.4014478306442022,0.1182233149108981,11.231996807170397
test/masks_pixel_gt/Sesame_640x480_DPI120/GT_Sesame_T012_L064_2018.07.17_103025_RS_DPI120.png,sesame_640x480_DPI120,sesame,13162,boundary_erode,0.01,True,-0.09375,0.9910861165308543,0.017670256332473835,13186.0,1.7772933007891183e-05,168796.0,0.0,463.0,0.0,602.0,0.02251552795031056,1288.0,0.03930090368733966,10.237577639751553,0.2,30.0,0.36666666666666664,60.0,0.0,5.0,0.0,0.0,0.0012608600310717003,1.3501711952722812,0.003221609433492234,6.377336440128184
test/masks_pixel_gt/Sesame_640x480_DPI120/GT_Sesame_T012_L064_2018.07.17_103025_RS_DPI120.png,sesame_640x480_DPI120,sesame,13162,boundary_erode,0.05,True,-0.515625,0.9489877251713693,0.09707265281359018,13186.0,0.004123320457830754,168796.0,0.0,463.0,0.0016611295681063123,602.0,0.07375776397515528,1288.0,0.15909586176710358,10.237577639751553,0.7333333333333333,30.0,1.2833333333333334,60.0,0.0,5.0,0.0,0.0,0.009057435419000181,1.3501711952722812,0.01840054924738991,6.377336440128184
test/masks_pixel_gt/Sesame_640x480_DPI120/GT_Sesame_T012_L064_2018.07.17_103025_RS_DPI120.png,sesame_640x480_DPI120,sesame,13162,boundary_dilate,0.01,True,0.09375,0.9912049913553334,0.017746094342484454,13186.0,0.003981136993767625,168796.0,0.0,463.0,0.0016611295681063123,602.0,0.05357142857142857,1288.0,0.03400370706476058,10.237577639751553,0.3333333333333333,30.0,0.65,60.0,0.0,5.0,2.0,0.0,0.005629945528874223,1.3501711952722812,0.004295613788035567,6.377336440128184
test/masks_pixel_gt/Sesame_640x480_DPI120/GT_Sesame_T012_L064_2018.07.17_103025_RS_DPI120.png,sesame_640x480_DPI120,sesame,13162,boundary_dilate,0.05,True,0.5625,0.9494869486948695,0.1064007280448961,13186.0,0.00646342330386976,168796.0,0.004319654427645789,463.0,0.0016611295681063123,602.0,0.11490683229813664,1288.0,0.0076294305558313675,10.237577639751553,0.5333333333333333,30.0,1.8833333333333333,60.0,0.2,5.0,11.0,0.0,0.02190030504103665,1.3501711952722812,0.01869189783963118,6.377336440128184
test/masks_pixel_gt/Sesame_640x480_DPI120/GT_Sesame_T012_L064_2018.07.17_103025_RS_DPI120.png,sesame_640x480_DPI120,sesame,13162,junction_break,0.01,True,0.1875,0.9902362445916453,0.019338692552707416,13186.0,0.0,168796.0,0.0,463.0,0.0,602.0,0.06987577639751552,1288.0,0.08338768941065841,10.237577639751553,0.03333333333333333,30.0,0.16666666666666666,60.0,0.6,5.0,5.0,0.0,0.0010719524671969692,1.3501711952722812,0.00103226969402016,6.377336440128184
test/masks_pixel_gt/Sesame_640x480_DPI120/GT_Sesame_T012_L064_2018.07.17_103025_RS_DPI120.png,sesame_640x480_DPI120,sesame,13162,junction_break,0.05,False,,,,,,,,,,,,,,,,,,,,,,,,,,
test/masks_pixel_gt/Sesame_640x480_DPI120/GT_Sesame_T012_L064_2018.07.17_103025_RS_DPI120.png,sesame_640x480_DPI120,sesame,13162,thin_dropout,0.01,True,0.28125,0.990468169812043,0.018883664492643712,13186.0,0.007997819853551032,168796.0,0.004319654427645789,463.0,0.0,602.0,0.04736024844720497,1288.0,0.02989229024733084,10.237577639751553,0.3,30.0,0.5333333333333333,60.0,0.0,5.0,0.0,0.0,0.003923035317576889,1.3501711952722812,0.007355958599298254,6.377336440128184
test/masks_pixel_gt/Sesame_640x480_DPI120/GT_Sesame_T012_L064_2018.07.17_103025_RS_DPI120.png,sesame_640x480_DPI120,sesame,13162,thin_dropout,0.05,True,0.6555555555551567,0.969521725539231,0.05915364780828151,13186.0,0.023697244010521576,168796.0,0.004319654427645789,463.0,0.008305647840531562,602.0,0.12189440993788819,1288.0,0.07145013406094913,10.237577639751553,0.36666666666666664,30.0,0.8666666666666667,60.0,0.6,5.0,0.0,0.0,0.010331258013542365,1.3501711952722812,0.020027498604496492,6.377336440128184
test/masks_pixel_gt/Sesame_640x480_DPI120/GT_Sesame_T012_L064_2018.07.17_103025_RS_DPI120.png,sesame_640x480_DPI120,sesame,13162,speckle,0.01,True,0.00078125,0.9913540335313135,0.017442742302441985,13186.0,0.7040095736865802,168796.0,0.0367170626349892,463.0,0.05813953488372093,602.0,0.17701863354037267,1288.0,0.13557635086705455,10.237577639751553,0.0,30.0,0.0,60.0,45.6,5.0,0.0,0.0,0.08410004935806847,1.3501711952722812,0.027585711502138354,6.377336440128184
test/masks_pixel_gt/Sesame_640x480_DPI120/GT_Sesame_T012_L064_2018.07.17_103025_RS_DPI120.png,sesame_640x480_DPI120,sesame,13162,speckle,0.05,True,0.004687500000000001,0.9503423423423424,0.10450477779463067,13186.0,0.7941183440365885,168796.0,0.0367170626349892,463.0,0.06312292358803986,602.0,1.093167701863354,1288.0,0.47232857796755034,10.237577639751553,2.2666666666666666,30.0,0.5166666666666667,60.0,265.6,5.0,0.0,0.0,0.03226594161747327,1.3501711952722812,0.1498010494342369,6.377336440128184
test/masks_pixel_gt/Sesame_640x480_DPI120/GT_Sesame_T012_L064_2018.07.17_103025_RS_DPI120.png,sesame_640x480_DPI120,sesame,13162,blob,0.01,True,0.09375,0.9913913010789068,0.017366904292431366,13186.0,0.0,168796.0,0.0,463.0,0.0,602.0,0.002329192546583851,1288.0,0.015002767411813731,10.237577639751553,0.0,30.0,0.0,60.0,0.6,5.0,0.0,0.0,0.005190325522068269,1.3501711952722812,0.018251674103658112,6.377336440128184
test/masks_pixel_gt/Sesame_640x480_DPI120/GT_Sesame_T012_L064_2018.07.17_103025_RS_DPI120.png,sesame_640x480_DPI120,sesame,13162,blob,0.05,True,0.3515625,0.950616393915363,0.10389807371454574,13186.0,0.19480911869949524,168796.0,0.0,463.0,0.016611295681063124,602.0,0.034161490683229816,1288.0,0.06743297218043166,10.237577639751553,0.2,30.0,0.23333333333333334,60.0,2.2,5.0,1.0,0.0,0.011892849974342657,1.3501711952722812,0.12149611897918211,6.377336440128184
test/masks_pixel_gt/Sesame_736x552_DPI150/GT_Sesame_T001_L032_2014.10.15_110515_AMC_DPI150.png,sesame_736x552_DPI150,sesame,47596,boundary_erode,0.01,True,-0.09375,0.9888157894736842,0.022121014964216004,47647.0,0.00039765413516116774,339491.0,0.0018148820326678765,551.0,0.0013966480446927375,716.0,0.012560710098810919,5971.0,0.03425150187749484,7.979735387707252,0.23529411764705882,68.0,0.24125874125874125,286.0,0.0,2.0,0.0,16.0,0.001433908199520018,1.5336181304749217,0.0026563039994292725,2.060512535406554
test/masks_pixel_gt/Sesame_736x552_DPI150/GT_Sesame_T001_L032_2014.10.15_110515_AMC_DPI150.png,sesame_736x552_DPI150,sesame,47596,boundary_erode,0.05,True,-0.3984375,0.9506915081042988,0.09398283207757047,47647.0,0.00102211840667352,339491.0,0.0018148820326678765,551.0,0.0013966480446927375,716.0,0.05509964830011723,5971.0,0.14129706195796402,7.979735387707252,1.411764705882353,68.0,1.0244755244755244,286.0,3.5,2.0,0.0,16.0,0.007416682133007353,1.5336181304749217,0.01230419773089349,2.060512535406554
test/masks_pixel_gt/Sesame_736x552_DPI150/GT_Sesame_T001_L032_2014.10.15_110515_AMC_DPI150.png,sesame_736x552_DPI150,sesame,47596,boundary_dilate,0.01,True,0.09375,0.9891323527885324,0.021974101202594076,47647.0,0.001461010748443994,339491.0,0.0,551.0,0.0,716.0,0.06062636074359404,5971.0,0.03644286147470567,7.979735387707252,1.2058823529411764,68.0,1.0244755244755244,286.0,0.0,2.0,0.3125,16.0,0.004579512032992464,1.5336181304749217,0.0032738380120914574,2.060512535406554
test/masks_pixel_gt/Sesame_736x552_DPI150/GT_Sesame_T001_L032_2014.10.15_110515_AMC_DPI150.png,sesame_736x552_DPI150,sesame,47596,boundary_dilate,0.05,True,0.4453125,0.9503834684698161,0.10441370915272735,47647.0,0.004256372039317684,339491.0,0.0,551.0,0.0013966480446927375,716.0,0.13900519176017417,5971.0,0.030369907756074843,7.979735387707252,1.9705882352941178,68.0,2.199300699300699,286.0,0.5,2.0,2.25,16.0,0.017203795223601333,1.5336181304749217,0.013232069673711596,2.060512535406554
test/masks_pixel_gt/Sesame_736x552_DPI150/GT_Sesame_T001_L032_2014.10.15_110515_AMC_DPI150.png,sesame_736x552_DPI150,sesame,47596,junction_break,0.01,True,0.125,0.9904548006737788,0.018909899888765295,47647.0,0.0,339491.0,0.0,551.0,0.0,716.0,0.04253893820130632,5971.0,0.05894152807001087,7.979735387707252,0.25,68.0,0.4195804195804196,286.0,4.5,2.0,0.6875,16.0,0.0007387962827156489,1.5336181304749217,0.008372168059723246,2.060512535406554
test/masks_pixel_gt/Sesame_736x552_DPI150/GT_Sesame_T001_L032_2014.10.15_110515_AMC_DPI150.png,sesame_736x552_DPI150,sesame,47596,junction_break,0.05,False,,,,,,,,,,,,,,,,,,,,,,,,,,
test/masks_pixel_gt/Sesame_736x552_DPI150/GT_Sesame_T001_L032_2014.10.15_110515_AMC_DPI150.png,sesame_736x552_DPI150,sesame,47596,thin_dropout,0.01,True,0.3375,0.989276964033813,0.021218544714252732,47647.0,0.0014786842655622682,339491.0,0.0,551.0,0.002793296089385475,716.0,0.04220398593200469,5971.0,0.02191013630201027,7.979735387707252,0.39705882352941174,68.0,0.36713286713286714,286.0,0.5,2.0,0.3125,16.0,0.002679330109316627,1.5336181304749217,0.005131947726374784,2.060512535406554
test/masks_pixel_gt/Sesame_736x552_DPI150/GT_Sesame_T001_L032_2014.10.15_110515_AMC_DPI150.png,sesame_736x552_DPI150,sesame,47596,thin_dropout,0.05,True,0.40078125000000003,0.9495927073114273,0.09597666169958234,47647.0,0.022318706534193836,339491.0,0.0,551.0,0.002793296089385475,716.0,0.14838385530061965,5971.0,0.061538515829261356,7.979735387707252,0.39705882352941174,68.0,0.45454545454545453,286.0,1.5,2.0,0.4375,16.0,0.016650427248087688,1.5336181304749217,0.09430670116267825,2.060512535406554
test/masks_pixel_gt/Sesame_736x552_DPI150/GT_Sesame_T001_L032_2014.10.15_110515_AMC_DPI150.png,sesame_736x552_DPI150,sesame,47596,speckle,0.01,True,0.0023437500000000003,0.9912518853695325,0.017650639074863056,47647.0,0.17511804436641915,339491.0,0.0018148820326678765,551.0,0.027932960893854747,716.0,0.14520180874225422,5971.0,0.11137877070546838,7.979735387707252,0.47058823529411764,68.0,0.16433566433566432,286.0,394.5,2.0,0.0625,16.0,0.020075168089927015,1.5336181304749217,0.018444299423861745,2.060512535406554
test/masks_pixel_gt/Sesame_736x552_DPI150/GT_Sesame_T001_L032_2014.10.15_110515_AMC_DPI150.png,sesame_736x552_DPI150,sesame,47596,speckle,0.05,True,0.0140625,0.9497393782951453,0.10584087140848322,47647.0,0.19424078988839175,339491.0,0.0018148820326678765,551.0,0.027932960893854747,716.0,0.8695360911070172,5971.0,0.40849450477648896,7.979735387707252,8.691176470588236,68.0,1.020979020979021,286.0,2268.0,2.0,0.1875,16.0,0.11384757355407588,1.5336181304749217,0.09849669572418601,2.060512535406554
test/masks_pixel_gt/Sesame_736x552_DPI150/GT_Sesame_T001_L032_2014.10.15_110515_AMC_DPI150.png,sesame_736x552_DPI150,sesame,47596,blob,0.01,True,0.1875,0.9909632602976197,0.01823829412135077,47647.0,0.027753313048063128,339491.0,0.0,551.0,0.0,716.0,0.001339809077206498,5971.0,0.016875874594177272,7.979735387707252,0.0,68.0,0.0,286.0,3.0,2.0,0.0,16.0,0.0034375560309264615,1.5336181304749217,0.010289922735029204,2.060512535406554
test/masks_pixel_gt/Sesame_736x552_DPI150/GT_Sesame_T001_L032_2014.10.15_110515_AMC_DPI150.png,sesame_736x552_DPI150,sesame,47596,blob,0.05,True,1.40625,0.9500139570124018,0.10523222868176381,47647.0,0.11142268867215921,339491.0,0.0018148820326678765,551.0,0.019553072625698324,716.0,0.032825322391559206,5971.0,0.07010566522763284,7.979735387707252,0.36764705882352944,68.0,0.3111888111888112,286.0,20.0,2.0,0.75,16.0,0.012878845677643443,1.5336181304749217,0.06167853585732056,2.060512535406554
test/masks_pixel_gt/Sesame_736x552_DPI150/GT_Sesame_T001_L041_2014.08.01_124903_AMC_DPI150.png,sesame_736x552_DPI150,sesame,23602,boundary_erode,0.01,True,-0.140625,0.9897154097799825,0.02035978835978836,23625.0,0.001723865737086285,392722.0,0.0,552.0,0.0,732.0,0.007419183889772125,1887.0,0.027574392759032302,12.51987281399046,0.07547169811320754,53.0,0.07194244604316546,139.0,0.14285714285714285,7.0,0.3333333333333333,3.0,0.0014573017507594009,1.4105633752448987,0.004430327068825932,6.575386014715401
test/masks_pixel_gt/Sesame_736x552_DPI150/GT_Sesame_T001_L041_2014.08.01_124903_AMC_DPI150.png,sesame_736x552_DPI150,sesame,23602,boundary_erode,0.05,True,-0.65625,0.9501399813358219,0.09498412698412699,23625.0,0.005237801803820514,392722.0,0.0,552.0,0.00273224043715847,732.0,0.08797032326444092,1887.0,0.16816125066685222,12.51987281399046,0.9811320754716981,53.0,0.7841726618705036,139.0,0.7142857142857143,7.0,1.0,3.0,0.009913562250925484,1.4105633752448987,0.023475231073546203,6.575386014715401
test/masks_pixel_gt/Sesame_736x552_DPI150/GT_Sesame_T001_L041_2014.08.01_124903_AMC_DPI150.png,sesame_736x552_DPI150,sesame,23602,boundary_dilate,0.01,True,0.140625,0.9901301313886968,0.019936507936507936,23625.0,0.0004787101308304602,392722.0,0.0,552.0,0.0,732.0,0.14414414414414414,1887.0,0.10855943007124108,12.51987281399046,0.22641509433962265,53.0,0.9280575539568345,139.0,0.0,7.0,6.333333333333333,3.0,0.006313306078781722,1.4105633752448987,0.0051292036869210215,6.575386014715401
test/masks_pixel_gt/Sesame_736x552_DPI150/GT_Sesame_T001_L041_2014.08.01_124903_AMC_DPI150.png,sesame_736x552_DPI150,sesame,23602,boundary_dilate,0.05,True,0.75,0.9495578778135049,0.10624338624338624,23625.0,0.0027296662779268794,392722.0,0.0,552.0,0.001366120218579235,732.0,0.07366189719130896,1887.0,0.030346135163509393,12.51987281399046,0.09433962264150944,53.0,0.8561151079136691,139.0,0.0,7.0,9.0,3.0,0.01628540169509132,1.4105633752448987,0.023643271563180145,6.575386014715401
test/masks_pixel_gt/Sesame_736x552_DPI150/GT_Sesame_T001_L041_2014.08.01_124903_AMC_DPI150.png,sesame_736x552_DPI150,sesame,23602,junction_break,0.01,True,0.125,0.9906865467595164,0.018455026455026453,23625.0,0.0,392722.0,0.0,552.0,0.0,732.0,0.13513513513513514,1887.0,0.13530561854371367,12.51987281399046,0.07547169811320754,53.0,0.460431654676259,139.0,0.0,7.0,4.666666666666667,3.0,0.0007910180740779401,1.4105633752448987,0.0013784551114713749,6.575386014715401
test/masks_pixel_gt/Sesame_736x552_DPI150/GT_Sesame_T001_L041_2014.08.01_124903_AMC_DPI150.png,sesame_736x552_DPI150,sesame,23602,junction_break,0.05,False,,,,,,,,,,,,,,,,,,,,,,,,,,
test/masks_pixel_gt/Sesame_736x552_DPI150/GT_Sesame_T001_L041_2014.08.01_124903_AMC_DPI150.png,sesame_736x552_DPI150,sesame,23602,thin_dropout,0.01,True,0.16875,0.9909452013838466,0.017947089947089948,23625.0,0.017218286726997725,392722.0,0.007246376811594203,552.0,0.0,732.0,0.04504504504504504,1887.0,0.02837616052710405,12.51987281399046,0.18867924528301888,53.0,0.20863309352517986,139.0,0.0,7.0,0.0,3.0,0.0028789027478903816,1.4105633752448987,0.011401249250479138,6.575386014715401
test/masks_pixel_gt/Sesame_736x552_DPI150/GT_Sesame_T001_L041_2014.08.01_124903_AMC_DPI150.png,sesame_736x552_DPI150,sesame,23602,thin_dropout,0.05,True,0.39375000000000004,0.9508160319751304,0.09375661375661376,23625.0,0.022695443596233468,392722.0,0.007246376811594203,552.0,0.00273224043715847,732.0,0.17382087970323265,1887.0,0.09690908905790253,12.51987281399046,0.3018867924528302,53.0,0.5611510791366906,139.0,0.42857142857142855,7.0,0.6666666666666666,3.0,0.016938444221813117,1.4105633752448987,0.035037455710098565,6.575386014715401
test/masks_pixel_gt/Sesame_736x552_DPI150/GT_Sesame_T001_L041_2014.08.01_124903_AMC_DPI150.png,sesame_736x552_DPI150,sesame,23602,speckle,0.01,True,0.0011718750000000002,0.9906075726445553,0.018962962962962963,23625.0,0.018524554264848926,392722.0,0.0,552.0,0.00546448087431694,732.0,0.2474827768945416,1887.0,0.18318474464268855,12.51987281399046,0.07547169811320754,53.0,0.06474820143884892,139.0,63.142857142857146,7.0,0.3333333333333333,3.0,0.06305543088355749,1.4105633752448987,0.03249782386750997,6.575386014715401
test/masks_pixel_gt/Sesame_736x552_DPI150/GT_Sesame_T001_L041_2014.08.01_124903_AMC_DPI150.png,sesame_736x552_DPI150,sesame,23602,speckle,0.05,True,0.006640625000000001,0.9489666807254323,0.10755555555555556,23625.0,0.032007374173079174,392722.0,0.0,552.0,0.00546448087431694,732.0,1.3630100688924218,1887.0,0.531294610151753,12.51987281399046,2.4150943396226414,53.0,0.2302158273381295,139.0,349.57142857142856,7.0,0.6666666666666666,3.0,0.06812869258541433,1.4105633752448987,0.16627048888522672,6.575386014715401
test/masks_pixel_gt/Sesame_736x552_DPI150/GT_Sesame_T001_L041_2014.08.01_124903_AMC_DPI150.png,sesame_736x552_DPI150,sesame,23602,blob,0.01,True,0.1171875,0.9900886365065062,0.02002116402116402,23625.0,0.0,392722.0,0.0,552.0,0.0,732.0,0.002649708532061473,1887.0,0.01732554783717574,12.51987281399046,0.0,53.0,0.0,139.0,0.7142857142857143,7.0,0.0,3.0,0.00987764644135057,1.4105633752448987,0.029191435843662378,6.575386014715401
test/masks_pixel_gt/Sesame_736x552_DPI150/GT_Sesame_T001_L041_2014.08.01_124903_AMC_DPI150.png,sesame_736x552_DPI150,sesame,23602,blob,0.05,True,0.5859375,0.9502644651368582,0.10467724867724867,23625.0,0.0007791771278410683,392722.0,0.0,552.0,0.0,732.0,0.03232644409114997,1887.0,0.07008519930901874,12.51987281399046,0.1320754716981132,53.0,0.09352517985611511,139.0,2.857142857142857,7.0,0.3333333333333333,3.0,0.011168753531532717,1.4105633752448987,0.1393913058636161,6.575386014715401
test/masks_pixel_gt/Sesame_736x552_DPI150/GT_Sesame_T001_L069_2014.08.28_090735_AMC_DPI150.png,sesame_736x552_DPI150,sesame,19354,boundary_erode,0.01,True,-0.140625,0.9888761228326718,0.02200299571303135,19361.0,0.0008536646278612522,220227.0,0.0036900369003690036,542.0,0.0,628.0,0.03492884864165589,1546.0,0.055010394607716596,12.523285899094438,0.5714285714285714,14.0,0.5945945945945946,37.0,0.5,2.0,0.0,0.0,0.0011906564850372382,1.37874459234822,0.0015380313154364448,5.806301787320773
test/masks_pixel_gt/Sesame_736x552_DPI150/GT_Sesame_T001_L069_2014.08.28_090735_AMC_DPI150.png,sesame_736x552_DPI150,sesame,19354,boundary_erode,0.05,True,-0.609375,0.9499403406009329,0.0953463147564692,19361.0,0.002919714658057368,220227.0,0.0018450184501845018,542.0,0.0015923566878980893,628.0,0.28525226390685643,1546.0,0.29612753025339783,12.523285899094438,8.0,14.0,7.054054054054054,37.0,0.0,2.0,0.0,0.0,0.00940114725148263,1.37874459234822,0.00766155450282319,5.806301787320773
test/masks_pixel_gt/Sesame_736x552_DPI150/GT_Sesame_T001_L069_2014.08.28_090735_AMC_DPI150.png,sesame_736x552_DPI150,sesame,19354,boundary_dilate,0.01,True,0.140625,0.9891182180443445,0.02200299571303135,19361.0,0.0038778169797527096,220227.0,0.0,542.0,0.0,628.0,0.26196636481241914,1546.0,0.1901503683381105,12.523285899094438,6.071428571428571,14.0,7.081081081081081,37.0,0.0,2.0,3.0,0.0,0.001311899754572082,1.37874459234822,0.0019697539287248465,5.806301787320773
test/masks_pixel_gt/Sesame_736x552_DPI150/GT_Sesame_T001_L069_2014.08.28_090735_AMC_DPI150.png,sesame_736x552_DPI150,sesame,19354,boundary_dilate,0.05,True,0.65625,0.9511200628807231,0.10278394711016993,19361.0,0.00461342160588847,220227.0,0.0,542.0,0.0,628.0,0.2089262613195343,1546.0,0.08779883240646195,12.523285899094438,3.357142857142857,14.0,4.297297297297297,37.0,0.0,2.0,8.0,0.0,0.015792206913862787,1.37874459234822,0.009977655621922777,5.806301787320773
test/masks_pixel_gt/Sesame_736x552_DPI150/GT_Sesame_T001_L069_2014.08.28_090735_AMC_DPI150.png,sesame_736x552_DPI150,sesame,19354,junction_break,0.01,True,0.75,0.9901945444114119,0.019420484479107485,19361.0,0.0,220227.0,0.0,542.0,0.0,628.0,0.08473479948253558,1546.0,0.09601912284120459,12.523285899094438,0.42857142857142855,14.0,0.6756756756756757,37.0,0.0,2.0,7.0,0.0,0.0009602537835207429,1.37874459234822,0.006797164833672543,5.806301787320773
test/masks_pixel_gt/Sesame_736x552_DPI150/GT_Sesame_T001_L069_2014.08.28_090735_AMC_DPI150.png,sesame_736x552_DPI150,sesame,19354,junction_break,0.05,False,,,,,,,,,,,,,,,,,,,,,,,,,,
test/masks_pixel_gt/Sesame_736x552_DPI150/GT_Sesame_T001_L069_2014.08.28_090735_AMC_DPI150.png,sesame_736x552_DPI150,sesame,19354,thin_dropout,0.01,True,0.4999999999996817,0.9918771153345483,0.016114870099684934,19361.0,0.011124884777979085,220227.0,0.00922509225092251,542.0,0.0,628.0,0.03686934023285899,1546.0,0.021548966303483526,12.523285899094438,0.5,14.0,0.7297297297297297,37.0,0.0,2.0,0.0,0.0,0.0029871678412234457,1.37874459234822,0.000600090153916639,5.806301787320773
test/masks_pixel_gt/Sesame_736x552_DPI150/GT_Sesame_T001_L069_2014.08.28_090735_AMC_DPI150.png,sesame_736x552_DPI150,sesame,19354,thin_dropout,0.05,True,0.5476190476188549,0.951816360781766,0.09193739992768969,19361.0,0.011124884777979085,220227.0,0.00922509225092251,542.0,0.0,628.0,0.12354463130659767,1546.0,0.03606256805298288,12.523285899094438,0.35714285714285715,14.0,0.7837837837837838,37.0,0.5,2.0,0.0,0.0,0.017799722111536475,1.37874459234822,0.07574597728308696,5.806301787320773
test/masks_pixel_gt/Sesame_736x552_DPI150/GT_Sesame_T001_L069_2014.08.28_090735_AMC_DPI150.png,sesame_736x552_DPI150,sesame,19354,speckle,0.01,True,0.0009765625,0.9903324808184143,0.01952378492846444,19361.0,0.7932951000558515,220227.0,0.016605166051660517,542.0,0.16560509554140126,628.0,0.25614489003880986,1546.0,0.1883708694647755,12.523285899094438,0.35714285714285715,14.0,0.35135135135135137,37.0,186.5,2.0,0.0,0.0,0.06884284566650661,1.37874459234822,0.030640719487323897,5.806301787320773
test/masks_pixel_gt/Sesame_736x552_DPI150/GT_Sesame_T001_L069_2014.08.28_090735_AMC_DPI150.png,sesame_736x552_DPI150,sesame,19354,speckle,0.05,True,0.0052734375,0.9499533879593739,0.10536645834409379,19361.0,0.8261748105364011,220227.0,0.01845018450184502,542.0,0.17038216560509553,628.0,1.3486416558861578,1546.0,0.5293592551363346,12.523285899094438,6.142857142857143,14.0,1.027027027027027,37.0,988.5,2.0,0.0,0.0,0.05493875903106815,1.37874459234822,0.1514451927695347,5.806301787320773
test/masks_pixel_gt/Sesame_736x552_DPI150/GT_Sesame_T001_L069_2014.08.28_090735_AMC_DPI150.png,sesame_736x552_DPI150,sesame,19354,blob,0.01,True,0.06250000000045475,0.9878817256422685,0.02453385672227674,19361.0,0.3811067671084835,220227.0,0.007380073800738007,542.0,0.0,628.0,0.0019404915912031048,1546.0,0.022549607806739775,12.523285899094438,0.0,14.0,0.0,37.0,1.5,2.0,0.0,0.0,0.022347855356705967,1.37874459234822,0.03166303912837595,5.806301787320773
test/masks_pixel_gt/Sesame_736x552_DPI150/GT_Sesame_T001_L069_2014.08.28_090735_AMC_DPI150.png,sesame_736x552_DPI150,sesame,19354,blob,0.05,True,0.609375,0.9511200628807231,0.10278394711016993,19361.0,0.36411066762930977,220227.0,0.0,542.0,0.06369426751592357,628.0,0.02328589909443726,1546.0,0.07768899003307378,12.523285899094438,0.5714285714285714,14.0,0.0,37.0,11.0,2.0,0.0,0.0,0.0373808995388034,1.37874459234822,0.1449642704182292,5.806301787320773
test/masks_pixel_gt/Sesame_736x552_DPI150/GT_Sesame_T001_L079_2012.09.05_083157_BCC_DPI150.png,sesame_736x552_DPI150,sesame,33027,boundary_erode,0.01,True,-0.09375,0.9898236714237693,0.02014762826718296,33056.0,2.8877196832749052e-06,346294.0,0.0,546.0,0.0,727.0,0.007791509940891994,3722.0,0.027723133140617313,8.881246641590543,0.2631578947368421,57.0,0.22058823529411764,136.0,0.5714285714285714,7.0,0.0,0.0,0.0011497340575090445,1.4380657256601785,0.006359487675253019,3.3976457996361193
test/masks_pixel_gt/Sesame_736x552_DPI150/GT_Sesame_T001_L079_2012.09.05_083157_BCC_DPI150.png,sesame_736x552_DPI150,sesame,33027,boundary_erode,0.05,True,-0.4453125,0.9497196053823057,0.09574661181026138,33056.0,0.0017499581280645926,346294.0,0.0018315018315018315,546.0,0.0,727.0,0.09108006448146158,3722.0,0.17123095029741275,8.881246641590543,2.175438596491228,57.0,2.25,136.0,3.7142857142857144,7.0,0.0,0.0,0.007780038252612528,1.4380657256601785,0.03361890092964209,3.3976457996361193
test/masks_pixel_gt/Sesame_736x552_DPI150/GT_Sesame_T001_L079_2012.09.05_083157_BCC_DPI150.png,sesame_736x552_DPI150,sesame,33027,boundary_dilate,0.01,True,0.09375,0.989982180560339,0.02023838334946757,33056.0,0.00152471599276915,346294.0,0.0,546.0,0.0,727.0,0.07495969908651262,3722.0,0.0509054579288382,8.881246641590543,1.0526315789473684,57.0,1.5514705882352942,136.0,0.0,7.0,5.0,0.0,0.006415682208577967,1.4380657256601785,0.006356549283558662,3.3976457996361193
test/masks_pixel_gt/Sesame_736x552_DPI150/GT_Sesame_T001_L079_2012.09.05_083157_BCC_DPI150.png,sesame_736x552_DPI150,sesame,33027,boundary_dilate,0.05,True,0.4921875,0.9495439856373429,0.10627420135527589,33056.0,0.003011891629655726,346294.0,0.0018315018315018315,546.0,0.001375515818431912,727.0,0.14965072541644278,3722.0,0.0377301758718541,8.881246641590543,1.4736842105263157,57.0,2.985294117647059,136.0,0.0,7.0,26.0,0.0,0.0207762246111902,1.4380657256601785,0.03233538487535599,3.3976457996361193
test/masks_pixel_gt/Sesame_736x552_DPI150/GT_Sesame_T001_L079_2012.09.05_083157_BCC_DPI150.png,sesame_736x552_DPI150,sesame,33027,junction_break,0.01,True,0.1875,0.990625667959327,0.018574540174249757,33056.0,0.0,346294.0,0.0,546.0,0.0,727.0,0.05427189682966147,3722.0,0.06909644203072321,8.881246641590543,0.10526315789473684,57.0,0.3382352941176471,136.0,1.8571428571428572,7.0,11.0,0.0,0.0009267899756755414,1.4380657256601785,0.003107276402570989,3.3976457996361193
test/masks_pixel_gt/Sesame_736x552_DPI150/GT_Sesame_T001_L079_2012.09.05_083157_BCC_DPI150.png,sesame_736x552_DPI150,sesame,33027,junction_break,0.05,False,,,,,,,,,,,,,,,,,,,,,,,,,,
test/masks_pixel_gt/Sesame_736x552_DPI150/GT_Sesame_T001_L079_2012.09.05_083157_BCC_DPI150.png,sesame_736x552_DPI150,sesame,33027,thin_dropout,0.01,True,0.2849462365588352,0.9939893786995755,0.011949419167473378,33056.0,0.0028501793273923316,346294.0,0.0,546.0,0.0041265474552957355,727.0,0.026598602901665772,3722.0,0.015049478845891197,8.881246641590543,0.2631578947368421,57.0,0.4264705882352941,136.0,0.2857142857142857,7.0,0.0,0.0,0.0019168901859625673,1.4380657256601785,0.004676191452209591,3.3976457996361193
test/masks_pixel_gt/Sesame_736x552_DPI150/GT_Sesame_T001_L079_2012.09.05_083157_BCC_DPI150.png,sesame_736x552_DPI150,sesame,33027,thin_dropout,0.05,True,0.3602150537637044,0.9424956411855975,0.10875484027105518,33056.0,0.004839818189168741,346294.0,0.003663003663003663,546.0,0.0041265474552957355,727.0,0.18377216550241807,3722.0,0.09190733525712065,8.881246641590543,0.3157894736842105,57.0,0.4411764705882353,136.0,0.2857142857142857,7.0,0.0,0.0,0.006035104229431992,1.4380657256601785,0.15881295308009824,3.3976457996361193
test/masks_pixel_gt/Sesame_736x552_DPI150/GT_Sesame_T001_L079_2012.09.05_083157_BCC_DPI150.png,sesame_736x552_DPI150,sesame,33027,speckle,0.01,True,0.0015625,0.9912587150461054,0.017636737657308808,33056.0,0.14908141636875025,346294.0,0.009157509157509158,546.0,0.011004126547455296,727.0,0.15744223535733476,3722.0,0.12078831532950253,8.881246641590543,0.19298245614035087,57.0,0.08088235294117647,136.0,80.85714285714286,7.0,1.0,0.0,0.0024993854610553317,1.4380657256601785,0.02489338898265056,3.3976457996361193
test/masks_pixel_gt/Sesame_736x552_DPI150/GT_Sesame_T001_L079_2012.09.05_083157_BCC_DPI150.png,sesame_736x552_DPI150,sesame,33027,speckle,0.05,True,0.009375000000000001,0.9497349556822916,0.10585067763794773,33056.0,0.16932144362882406,346294.0,0.01098901098901099,546.0,0.012379642365887207,727.0,0.9427727028479312,3722.0,0.4307874122295061,8.881246641590543,4.578947368421052,57.0,0.5073529411764706,136.0,469.42857142857144,7.0,0.0,0.0,0.11801719249916352,1.4380657256601785,0.13044313021762294,3.3976457996361193
test/masks_pixel_gt/Sesame_736x552_DPI150/GT_Sesame_T001_L079_2012.09.05_083157_BCC_DPI150.png,sesame_736x552_DPI150,sesame,33027,blob,0.01,True,0.1875,0.9890343331588002,0.022174491771539205,33056.0,0.0,346294.0,0.0,546.0,0.0,727.0,0.006448146157979581,3722.0,0.01562558952847528,8.881246641590543,0.07017543859649122,57.0,0.051470588235294115,136.0,0.5714285714285714,7.0,0.0,0.0,0.002202404810550309,1.4380657256601785,0.02180256852565639,3.3976457996361193
test/masks_pixel_gt/Sesame_736x552_DPI150/GT_Sesame_T001_L079_2012.09.05_083157_BCC_DPI150.png,sesame_736x552_DPI150,sesame,33027,blob,0.05,True,1.125,0.9510191751657868,0.10300701839303,33056.0,0.07572178553483457,346294.0,0.003663003663003663,546.0,0.012379642365887207,727.0,0.021762493283181087,3722.0,0.07951410004177166,8.881246641590543,0.43859649122807015,57.0,0.09558823529411764,136.0,5.142857142857143,7.0,0.0,0.0,0.00014233760837292946,1.4380657256601785,0.11705413592576973,3.3976457996361193
test/masks_pixel_gt/Sesame_736x552_DPI150/GT_Sesame_T012_L052_2012.09.05_101734_BCC_DPI150.png,sesame_736x552_DPI150,sesame,8825,boundary_erode,0.01,True,-0.0703125,0.989061336693202,0.021640607296623614,8826.0,0.0,223447.0,0.0,541.0,0.0,519.0,0.0007267441860465116,1376.0,0.022351107944919384,6.414244186046512,0.17391304347826086,23.0,0.09523809523809523,21.0,0.1,10.0,0.0,0.0,0.001736973246227939,1.2458507132784271,0.0033379850042638717,7.693936056221328
test/masks_pixel_gt/Sesame_736x552_DPI150/GT_Sesame_T012_L052_2012.09.05_101734_BCC_DPI150.png,sesame_736x552_DPI150,sesame,8825,boundary_erode,0.05,True,-0.3046875,0.9509093070248426,0.09358712893723091,8826.0,0.0015305642948887207,223447.0,0.0,541.0,0.0038535645472061657,519.0,0.015988372093023256,1376.0,0.10785113692248194,6.414244186046512,0.9565217391304348,23.0,1.9047619047619047,21.0,1.0,10.0,0.0,0.0,0.006899193471231223,1.2458507132784271,0.01600071446543269,7.693936056221328
test/masks_pixel_gt/Sesame_736x552_DPI150/GT_Sesame_T012_L052_2012.09.05_101734_BCC_DPI150.png,sesame_736x552_DPI150,sesame,8825,boundary_dilate,0.01,True,0.0703125,0.9890737939149437,0.022093813732154997,8826.0,0.0016111203104091799,223447.0,0.0,541.0,0.0,519.0,0.05450581395348837,1376.0,0.030736672849451953,6.414244186046512,0.8260869565217391,23.0,3.5238095238095237,21.0,0.0,10.0,0.0,0.0,0.006102507797603725,1.2458507132784271,0.005513174477769167,7.693936056221328
test/masks_pixel_gt/Sesame_736x552_DPI150/GT_Sesame_T012_L052_2012.09.05_101734_BCC_DPI150.png,sesame_736x552_DPI150,sesame,8825,boundary_dilate,0.05,True,0.328125,0.9509751104406853,0.10310446408338998,8826.0,0.005066078309397754,223447.0,0.0036968576709796672,541.0,0.0,519.0,0.12790697674418605,1376.0,0.02198985658586043,6.414244186046512,1.8695652173913044,23.0,8.0,21.0,0.3,10.0,0.0,0.0,0.0240020103447488,1.2458507132784271,0.019639478924174645,7.693936056221328
test/masks_pixel_gt/Sesame_736x552_DPI150/GT_Sesame_T012_L052_2012.09.05_101734_BCC_DPI150.png,sesame_736x552_DPI150,sesame,8825,junction_break,0.01,True,0.5,0.9910260074306945,0.017788352594606843,8826.0,8.95066839116211e-06,223447.0,0.0,541.0,0.0,519.0,0.00436046511627907,1376.0,0.02205265786554202,6.414244186046512,0.2608695652173913,23.0,0.047619047619047616,21.0,0.7,10.0,1.0,0.0,0.001895145092346557,1.2458507132784271,0.004440799931445407,7.693936056221328
test/masks_pixel_gt/Sesame_736x552_DPI150/GT_Sesame_T012_L052_2012.09.05_101734_BCC_DPI150.png,sesame_736x552_DPI150,sesame,8825,junction_break,0.05,False,,,,,,,,,,,,,,,,,,,,,,,,,,
test/masks_pixel_gt/Sesame_736x552_DPI150/GT_Sesame_T012_L052_2012.09.05_101734_BCC_DPI150.png,sesame_736x552_DPI150,sesame,8825,thin_dropout,0.01,True,0.45,0.9886558954967343,0.022433718558803536,8826.0,0.003168536610471387,223447.0,0.0036968576709796672,541.0,0.0,519.0,0.07630813953488372,1376.0,0.058325100915095435,6.414244186046512,0.5217391304347826,23.0,0.6666666666666666,21.0,0.6,10.0,0.0,0.0,0.00022485243893472873,1.2458507132784271,0.027407509687655738,7.693936056221328
test/masks_pixel_gt/Sesame_736x552_DPI150/GT_Sesame_T012_L052_2012.09.05_101734_BCC_DPI150.png,sesame_736x552_DPI150,sesame,8825,thin_dropout,0.05,True,0.7500000000001366,0.817524115755627,0.3086335825968729,8826.0,0.11001266519577349,223447.0,0.0073937153419593345,541.0,0.009633911368015413,519.0,0.4316860465116279,1376.0,0.21652198254054086,6.414244186046512,0.5652173913043478,23.0,1.0,21.0,0.5,10.0,0.0,0.0,0.022923837336387448,1.2458507132784271,0.5832262770586933,7.693936056221328
test/masks_pixel_gt/Sesame_736x552_DPI150/GT_Sesame_T012_L052_2012.09.05_101734_BCC_DPI150.png,sesame_736x552_DPI150,sesame,8825,speckle,0.01,True,0.000390625,0.991295557926658,0.01756174937684115,8826.0,0.6905395910439612,223447.0,0.011090573012939002,541.0,0.40655105973025046,519.0,0.11482558139534883,1376.0,0.08724578413133413,6.414244186046512,0.043478260869565216,23.0,0.23809523809523808,21.0,15.4,10.0,0.0,0.0,0.12314371053707315,1.2458507132784271,0.031077551098461775,7.693936056221328
test/masks_pixel_gt/Sesame_736x552_DPI150/GT_Sesame_T012_L052_2012.09.05_101734_BCC_DPI150.png,sesame_736x552_DPI150,sesame,8825,speckle,0.05,True,0.0023437500000000003,0.9498493327593629,0.1055970994788126,8826.0,0.77652418694366,223447.0,0.02033271719038817,541.0,0.41811175337186895,519.0,0.6780523255813954,1376.0,0.34114265531275606,6.414244186046512,0.782608695652174,23.0,0.3333333333333333,21.0,91.9,10.0,0.0,0.0,0.0013831938383832385,1.2458507132784271,0.1613160186559435,7.693936056221328
test/masks_pixel_gt/Sesame_736x552_DPI150/GT_Sesame_T012_L052_2012.09.05_101734_BCC_DPI150.png,sesame_736x552_DPI150,sesame,8825,blob,0.01,True,0.037500000000818545,0.9844952593418851,0.03149784726943122,8826.0,0.2821205923552341,223447.0,0.0,541.0,0.30057803468208094,519.0,0.0014534883720930232,1376.0,0.03000075315147854,6.414244186046512,0.0,23.0,0.0,21.0,0.2,10.0,0.0,0.0,0.0037125262434898596,1.2458507132784271,0.03836081652769874,7.693936056221328
test/masks_pixel_gt/Sesame_736x552_DPI150/GT_Sesame_T012_L052_2012.09.05_101734_BCC_DPI150.png,sesame_736x552_DPI150,sesame,8825,blob,0.05,True,0.2578125,0.9485222998387963,0.1085429413097666,8826.0,0.15489131650906032,223447.0,0.0,541.0,0.10789980732177264,519.0,0.011627906976744186,1376.0,0.0958010684211486,6.414244186046512,0.17391304347826086,23.0,0.0,21.0,1.0,10.0,0.0,0.0,0.02656226840968747,1.2458507132784271,0.135879311781407,7.693936056221328
test/masks_pixel_gt/Sesame_736x552_DPI150/GT_Sesame_T017_L077_2014.08.15_105852_AMC_DPI150.png,sesame_736x552_DPI150,sesame,15813,boundary_erode,0.01,True,-0.09375,0.9913861606433362,0.017080549602924492,15866.0,0.0009418529717939821,161384.0,0.0,535.0,0.0,433.0,0.03236682400539447,1483.0,0.0478970967087766,10.698583951449764,0.75,12.0,0.8235294117647058,34.0,0.0,3.0,0.0,2.0,0.0016596815082513144,1.3928835466139424,0.004281519119565846,7.996492787377192
test/masks_pixel_gt/Sesame_736x552_DPI150/GT_Sesame_T017_L077_2014.08.15_105852_AMC_DPI150.png,sesame_736x552_DPI150,sesame,15813,boundary_erode,0.05,True,-0.515625,0.9508001587091655,0.09378545317030128,15866.0,0.0032778961978882663,161384.0,0.0,535.0,0.0023094688221709007,433.0,0.06743088334457181,1483.0,0.15103210805531067,10.698583951449764,1.9166666666666667,12.0,1.911764705882353,34.0,0.6666666666666666,3.0,0.5,2.0,0.010348995749499029,1.3928835466139424,0.016303140980830452,7.996492787377192
test/masks_pixel_gt/Sesame_736x552_DPI150/GT_Sesame_T017_L077_2014.08.15_105852_AMC_DPI150.png,sesame_736x552_DPI150,sesame,15813,boundary_dilate,0.01,True,0.1171875,0.9894605550358591,0.021303416109920585,15866.0,0.0020324195707133296,161384.0,0.003738317757009346,535.0,0.0,433.0,0.12070128118678354,1483.0,0.08869255951202633,10.698583951449764,2.1666666666666665,12.0,3.3529411764705883,34.0,0.0,3.0,3.0,2.0,0.0039350712115887474,1.3928835466139424,0.003983838898744816,7.996492787377192
test/masks_pixel_gt/Sesame_736x552_DPI150/GT_Sesame_T017_L077_2014.08.15_105852_AMC_DPI150.png,sesame_736x552_DPI150,sesame,15813,boundary_dilate,0.05,True,0.5625,0.9513416279418379,0.10229421404260683,15866.0,0.005917563079363506,161384.0,0.001869158878504673,535.0,0.0,433.0,0.14025623735670936,1483.0,0.03329253730030401,10.698583951449764,1.9166666666666667,12.0,4.470588235294118,34.0,0.0,3.0,7.5,2.0,0.01508607714322197,1.3928835466139424,0.016436900252283566,7.996492787377192
test/masks_pixel_gt/Sesame_736x552_DPI150/GT_Sesame_T017_L077_2014.08.15_105852_AMC_DPI150.png,sesame_736x552_DPI150,sesame,15813,junction_break,0.01,True,0.5,0.9898449686435552,0.02010588680196647,15866.0,0.0,161384.0,0.0,535.0,0.0,433.0,0.07282535401213756,1483.0,0.08662289762873436,10.698583951449764,0.08333333333333333,12.0,1.1176470588235294,34.0,0.0,3.0,2.5,2.0,0.0009159063522945717,1.3928835466139424,0.010621141672593466,7.996492787377192
test/masks_pixel_gt/Sesame_736x552_DPI150/GT_Sesame_T017_L077_2014.08.15_105852_AMC_DPI150.png,sesame_736x552_DPI150,sesame,15813,junction_break,0.05,False,,,,,,,,,,,,,,,,,,,,,,,,,,
test/masks_pixel_gt/Sesame_736x552_DPI150/GT_Sesame_T017_L077_2014.08.15_105852_AMC_DPI150.png,sesame_736x552_DPI150,sesame,15813,thin_dropout,0.01,True,0.3571428571429806,0.9098529613851862,0.16538510021429473,15866.0,0.5340802062162296,161384.0,0.007476635514018692,535.0,0.22401847575057737,433.0,0.23128792987188132,1483.0,0.08573148805456225,10.698583951449764,0.5,12.0,0.5588235294117647,34.0,0.3333333333333333,3.0,0.5,2.0,0.016396951375144016,1.3928835466139424,0.2588371830733578,7.996492787377192
test/masks_pixel_gt/Sesame_736x552_DPI150/GT_Sesame_T017_L077_2014.08.15_105852_AMC_DPI150.png,sesame_736x552_DPI150,sesame,15813,thin_dropout,0.05,True,0.3571428571429806,0.9098529613851862,0.16538510021429473,15866.0,0.5340802062162296,161384.0,0.007476635514018692,535.0,0.22401847575057737,433.0,0.23128792987188132,1483.0,0.08573148805456225,10.698583951449764,0.5,12.0,0.5588235294117647,34.0,0.3333333333333333,3.0,0.5,2.0,0.016396951375144016,1.3928835466139424,0.2588371830733578,7.996492787377192
test/masks_pixel_gt/Sesame_736x552_DPI150/GT_Sesame_T017_L077_2014.08.15_105852_AMC_DPI150.png,sesame_736x552_DPI150,sesame,15813,speckle,0.01,True,0.00078125,0.9904797577800668,0.019223496785579226,15866.0,1.4189200912110247,161384.0,0.028037383177570093,535.0,0.6789838337182448,433.0,0.21038435603506406,1483.0,0.15793401351921227,10.698583951449764,0.4166666666666667,12.0,0.20588235294117646,34.0,99.66666666666667,3.0,0.0,2.0,0.11704318813531181,1.3928835466139424,0.030768336663210678,7.996492787377192
test/masks_pixel_gt/Sesame_736x552_DPI150/GT_Sesame_T017_L077_2014.08.15_105852_AMC_DPI150.png,sesame_736x552_DPI150,sesame,15813,speckle,0.05,True,0.004296875,0.9497755163124812,0.10576074624984243,15866.0,1.485810241411788,161384.0,0.03177570093457944,535.0,0.6974595842956121,433.0,1.1469993256911666,1483.0,0.48497387352747606,10.698583951449764,4.916666666666667,12.0,0.5882352941176471,34.0,545.3333333333334,3.0,0.5,2.0,0.006211653333811249,1.3928835466139424,0.15601829260591032,7.996492787377192
test/masks_pixel_gt/Sesame_736x552_DPI150/GT_Sesame_T017_L077_2014.08.15_105852_AMC_DPI150.png,sesame_736x552_DPI150,sesame,15813,blob,0.01,True,0.046875,0.9906962222916016,0.018782301777385605,15866.0,0.35916199871114857,161384.0,0.0,535.0,0.34872979214780603,433.0,0.0013486176668914363,1483.0,0.017410204401254393,10.698583951449764,0.0,12.0,0.0,34.0,0.6666666666666666,3.0,0.0,2.0,0.033700775936006316,1.3928835466139424,0.03281567331801632,7.996492787377192
test/masks_pixel_gt/Sesame_736x552_DPI150/GT_Sesame_T017_L077_2014.08.15_105852_AMC_DPI150.png,sesame_736x552_DPI150,sesame,15813,blob,0.05,True,0.46875,0.9493776926759215,0.10664313626622968,15866.0,0.5807267139245527,161384.0,0.011214953271028037,535.0,0.5473441108545035,433.0,0.022926500337154418,1483.0,0.0818403237197222,10.698583951449764,0.5,12.0,0.0,34.0,5.666666666666667,3.0,0.0,2.0,0.025168628423109688,1.3928835466139424,0.1256134228135159,7.996492787377192
test/masks_pixel_gt/Sesame_736x552_DPI150/GT_Sesame_T020_L024_2014.08.15_110413_AMC_DPI150.png,sesame_736x552_DPI150,sesame,5549,boundary_erode,0.01,True,-0.09375,0.9906440185302934,0.018538516918646507,5556.0,0.0035829091883203858,29864.0,0.0,231.0,0.005917159763313609,169.0,0.01592920353982301,565.0,0.03392728581713458,9.83362831858407,0.25,8.0,0.18518518518518517,27.0,0.0,1.0,0.0,1.0,0.0006346189709698031,1.4668533117118159,0.0021875065448455477,18.877718049782853
test/masks_pixel_gt/Sesame_736x552_DPI150/GT_Sesame_T020_L024_2014.08.15_110413_AMC_DPI150.png,sesame_736x552_DPI150,sesame,5549,boundary_erode,0.05,True,-0.4921875,0.9491204842065444,0.09683225341972643,5556.0,0.002276989016876507,29864.0,0.004329004329004329,231.0,0.0,169.0,0.06371681415929203,565.0,0.15093215171738006,9.83362831858407,1.875,8.0,1.1851851851851851,27.0,4.0,1.0,0.0,1.0,0.007895197818472836,1.4668533117118159,0.015540636168412515,18.877718049782853
test/masks_pixel_gt/Sesame_736x552_DPI150/GT_Sesame_T020_L024_2014.08.15_110413_AMC_DPI150.png,sesame_736x552_DPI150,sesame,5549,boundary_dilate,0.01,True,0.09375,0.9909925978774636,0.018178545716342694,5556.0,0.0059268684703991424,29864.0,0.0,231.0,0.005917159763313609,169.0,0.08495575221238938,565.0,0.06154832246372975,9.83362831858407,1.125,8.0,1.3703703703703705,27.0,0.0,1.0,2.0,1.0,0.004101022574055881,1.4668533117118159,0.002682533523721449,18.877718049782853
test/masks_pixel_gt/Sesame_736x552_DPI150/GT_Sesame_T020_L024_2014.08.15_110413_AMC_DPI150.png,sesame_736x552_DPI150,sesame,5549,boundary_dilate,0.05,True,0.5390625,0.9501496365968363,0.10493160547156227,5556.0,0.01818242700241093,29864.0,0.008658008658008658,231.0,0.005917159763313609,169.0,0.1504424778761062,565.0,0.03955945062856513,9.83362831858407,1.25,8.0,2.037037037037037,27.0,0.0,1.0,5.0,1.0,0.017273343173473052,1.4668533117118159,0.017302879168875667,18.877718049782853
test/masks_pixel_gt/Sesame_736x552_DPI150/GT_Sesame_T020_L024_2014.08.15_110413_AMC_DPI150.png,sesame_736x552_DPI150,sesame,5549,junction_break,0.01,True,0.15625,0.9894507093488542,0.02087832973362131,5556.0,0.0,29864.0,0.0,231.0,0.0,169.0,0.07256637168141593,565.0,0.08712253514768316,9.83362831858407,0.375,8.0,0.37037037037037035,27.0,3.0,1.0,2.0,1.0,0.0008382865277979695,1.4668533117118159,0.0014488062757362931,18.877718049782853
test/masks_pixel_gt/Sesame_736x552_DPI150/GT_Sesame_T020_L024_2014.08.15_110413_AMC_DPI150.png,sesame_736x552_DPI150,sesame,5549,junction_break,0.05,False,,,,,,,,,,,,,,,,,,,,,,,,,,
test/masks_pixel_gt/Sesame_736x552_DPI150/GT_Sesame_T020_L024_2014.08.15_110413_AMC_DPI150.png,sesame_736x552_DPI150,sesame,5549,thin_dropout,0.01,True,0.3375,0.9887149617764834,0.022318214542836574,5556.0,0.0168095365657648,29864.0,0.017316017316017316,231.0,0.005917159763313609,169.0,0.049557522123893805,565.0,0.028659606672807057,9.83362831858407,0.25,8.0,0.4444444444444444,27.0,0.0,1.0,0.0,1.0,0.004741368536596297,1.4668533117118159,0.011004841681887855,18.877718049782853
test/masks_pixel_gt/Sesame_736x552_DPI150/GT_Sesame_T020_L024_2014.08.15_110413_AMC_DPI150.png,sesame_736x552_DPI150,sesame,5549,thin_dropout,0.05,True,0.6562499999998637,0.9661332340900632,0.06551475881929446,5556.0,0.03834047682828824,29864.0,0.03463203463203463,231.0,0.029585798816568046,169.0,0.1168141592920354,565.0,0.05808449151723185,9.83362831858407,0.375,8.0,0.9629629629629629,27.0,1.0,1.0,1.0,1.0,0.011394637252951763,1.4668533117118159,0.002236651032355604,18.877718049782853
test/masks_pixel_gt/Sesame_736x552_DPI150/GT_Sesame_T020_L024_2014.08.15_110413_AMC_DPI150.png,sesame_736x552_DPI150,sesame,5549,speckle,0.01,True,0.00029296875000000004,0.9895805503606733,0.021058315334773217,5556.0,11.190831770693812,29864.0,1.303030303030303,231.0,3.3076923076923075,169.0,0.20707964601769913,565.0,0.15410858040447667,9.83362831858407,0.0,8.0,0.0,27.0,117.0,1.0,0.0,1.0,0.353441165010719,1.4668533117118159,0.03766775991437476,18.877718049782853
test/masks_pixel_gt/Sesame_736x552_DPI150/GT_Sesame_T020_L024_2014.08.15_110413_AMC_DPI150.png,sesame_736x552_DPI150,sesame,5549,speckle,0.05,True,0.00146484375,0.9498247713479785,0.10565154787616991,5556.0,12.317137690865255,29864.0,1.3896103896103895,231.0,3.3550295857988166,169.0,1.038938053097345,565.0,0.4577316627169826,9.83362831858407,0.75,8.0,0.0,27.0,584.0,1.0,0.0,1.0,0.2595709273244617,1.4668533117118159,0.16317756980469916,18.877718049782853
test/masks_pixel_gt/Sesame_736x552_DPI150/GT_Sesame_T020_L024_2014.08.15_110413_AMC_DPI150.png,sesame_736x552_DPI150,sesame,5549,blob,0.01,True,0.037500000000818545,0.9783412572636028,0.04427645788336933,5556.0,3.5627846236271097,29864.0,0.5194805194805194,231.0,2.8461538461538463,169.0,0.0035398230088495575,565.0,0.040592943040747245,9.83362831858407,0.0,8.0,0.0,27.0,2.0,1.0,0.0,1.0,0.11853736420989505,1.4668533117118159,0.0714149447534853,18.877718049782853
test/masks_pixel_gt/Sesame_736x552_DPI150/GT_Sesame_T020_L024_2014.08.15_110413_AMC_DPI150.png,sesame_736x552_DPI150,sesame,5549,blob,0.05,True,0.11249999999972715,0.9533287577213452,0.09791216702663787,5556.0,5.530571926064828,29864.0,1.0303030303030303,231.0,3.2662721893491122,169.0,0.007079646017699115,565.0,0.09019397956072127,9.83362831858407,0.0,8.0,0.0,27.0,4.0,1.0,0.0,1.0,0.11014321846271607,1.4668533117118159,0.12128860148610343,18.877718049782853
test/masks_pixel_gt/Sesame_736x552_DPI150/GT_Sesame_T020_L047_2014.08.28_105214_AMC_DPI150.png,sesame_736x552_DPI150,sesame,30074,boundary_erode,0.01,True,-0.140625,0.9903570410370792,0.01910172081589263,30102.0,0.001066868872116809,226832.0,0.0,543.0,0.0,724.0,0.02991256327657616,2173.0,0.04759072356252667,13.85273815002301,0.2702702702702703,37.0,0.20618556701030927,97.0,0.0,3.0,0.0,0.0,0.0014642984085537518,1.476228286533413,0.004122622110798574,4.660217354768266
test/masks_pixel_gt/Sesame_736x552_DPI150/GT_Sesame_T020_L047_2014.08.28_105214_AMC_DPI150.png,sesame_736x552_DPI150,sesame,30074,boundary_erode,0.05,True,-0.703125,0.949869178440607,0.09547538369543553,30102.0,0.0044834943923255976,226832.0,0.0,543.0,0.0013812154696132596,724.0,0.20064427059364934,2173.0,0.2466339627329174,13.85273815002301,2.4594594594594597,37.0,2.463917525773196,97.0,0.6666666666666666,3.0,0.0,0.0,0.011543895129856659,1.476228286533413,0.021895748466394284,4.660217354768266
test/masks_pixel_gt/Sesame_736x552_DPI150/GT_Sesame_T020_L047_2014.08.28_105214_AMC_DPI150.png,sesame_736x552_DPI150,sesame,30074,boundary_dilate,0.01,True,0.140625,0.99055579321465,0.019068500431864994,30102.0,0.002852331240742047,226832.0,0.001841620626151013,543.0,0.0,724.0,0.17257248044178555,2173.0,0.1309121462172517,13.85273815002301,1.6216216216216217,37.0,1.7525773195876289,97.0,0.0,3.0,2.0,0.0,0.004463110086611255,1.476228286533413,0.004679934344002901,4.660217354768266
test/masks_pixel_gt/Sesame_736x552_DPI150/GT_Sesame_T020_L047_2014.08.28_105214_AMC_DPI150.png,sesame_736x552_DPI150,sesame,30074,boundary_dilate,0.05,True,0.796875,0.9487518910741302,0.1080326888578832,30102.0,0.007256471750017634,226832.0,0.003683241252302026,543.0,0.0027624309392265192,724.0,0.050161067648412334,2173.0,0.055107376375188505,13.85273815002301,0.2972972972972973,37.0,0.6701030927835051,97.0,0.0,3.0,6.0,0.0,0.012131132310595323,1.476228286533413,0.023628990001192535,4.660217354768266
test/masks_pixel_gt/Sesame_736x552_DPI150/GT_Sesame_T020_L047_2014.08.28_105214_AMC_DPI150.png,sesame_736x552_DPI150,sesame,30074,junction_break,0.01,True,0.25,0.9903570410370792,0.01910172081589263,30102.0,0.0,226832.0,0.0,543.0,0.0,724.0,0.12195121951219512,2173.0,0.12572109898807823,13.85273815002301,0.1891891891891892,37.0,0.7628865979381443,97.0,0.0,3.0,16.0,0.0,0.0007718192938979314,1.476228286533413,0.0017223636117897722,4.660217354768266
test/masks_pixel_gt/Sesame_736x552_DPI150/GT_Sesame_T020_L047_2014.08.28_105214_AMC_DPI150.png,sesame_736x552_DPI150,sesame,30074,junction_break,0.05,False,,,,,,,,,,,,,,,,,,,,,,,,,,
test/masks_pixel_gt/Sesame_736x552_DPI150/GT_Sesame_T020_L047_2014.08.28_105214_AMC_DPI150.png,sesame_736x552_DPI150,sesame,30074,thin_dropout,0.01,True,0.309375,0.9898657718120806,0.020065111952694174,30102.0,0.011030189743951471,226832.0,0.0,543.0,0.004143646408839779,724.0,0.06028531983433042,2173.0,0.04280044648716732,13.85273815002301,0.35135135135135137,37.0,0.5257731958762887,97.0,0.6666666666666666,3.0,0.0,0.0,0.00331984671746592,1.476228286533413,0.012701736241233365,4.660217354768266
test/masks_pixel_gt/Sesame_736x552_DPI150/GT_Sesame_T020_L047_2014.08.28_105214_AMC_DPI150.png,sesame_736x552_DPI150,sesame,30074,thin_dropout,0.05,True,0.6890625,0.9496676494705072,0.09584080791973955,30102.0,0.05008552585173168,226832.0,0.03314917127071823,543.0,0.011049723756906077,724.0,0.184537505752416,2173.0,0.10876858035575952,13.85273815002301,0.21621621621621623,37.0,0.8350515463917526,97.0,3.0,3.0,0.0,0.0,0.01615693113126321,1.476228286533413,0.06748716928306786,4.660217354768266
test/masks_pixel_gt/Sesame_736x552_DPI150/GT_Sesame_T020_L047_2014.08.28_105214_AMC_DPI150.png,sesame_736x552_DPI150,sesame,30074,speckle,0.01,True,0.0015625,0.9903276746940387,0.019533585808251944,30102.0,0.7261585666925302,226832.0,0.016574585635359115,543.0,0.015193370165745856,724.0,0.271974229176254,2173.0,0.1984636461789684,13.85273815002301,0.1891891891891892,37.0,0.010309278350515464,97.0,191.33333333333334,3.0,0.0,0.0,0.05582205166409084,1.476228286533413,0.029812063980411703,4.660217354768266
test/masks_pixel_gt/Sesame_736x552_DPI150/GT_Sesame_T020_L047_2014.08.28_105214_AMC_DPI150.png,sesame_736x552_DPI150,sesame,30074,speckle,0.05,True,0.00859375,0.9490360515156769,0.10740150156135805,30102.0,0.7836813148056712,226832.0,0.016574585635359115,543.0,0.016574585635359115,724.0,1.5223193741371377,2173.0,0.5609590470912551,13.85273815002301,5.54054054054054,37.0,0.4639175257731959,97.0,1028.0,3.0,0.0,0.0,0.06612839328687008,1.476228286533413,0.14505889417475223,4.660217354768266
test/masks_pixel_gt/Sesame_736x552_DPI150/GT_Sesame_T020_L047_2014.08.28_105214_AMC_DPI150.png,sesame_736x552_DPI150,sesame,30074,blob,0.01,True,0.1875,0.9888961892247043,0.022456979602684207,30102.0,0.21608062354517882,226832.0,0.001841620626151013,543.0,0.0,724.0,0.019328117809479982,2173.0,0.00306953348832184,13.85273815002301,0.16216216216216217,37.0,0.13402061855670103,97.0,2.0,3.0,2.0,0.0,0.028810622494585204,1.476228286533413,0.024902808052340387,4.660217354768266
test/masks_pixel_gt/Sesame_736x552_DPI150/GT_Sesame_T020_L047_2014.08.28_105214_AMC_DPI150.png,sesame_736x552_DPI150,sesame,30074,blob,0.05,True,0.75,0.9485874548978209,0.10839811308218723,30102.0,0.49997354870565,226832.0,0.0055248618784530384,543.0,0.0,724.0,0.027151403589507593,2173.0,0.07909905901773874,13.85273815002301,0.4594594594594595,37.0,0.010309278350515464,97.0,9.333333333333334,3.0,0.0,0.0,0.045905956226065144,1.476228286533413,0.11473236886491643,4.660217354768266
test/masks_pixel_gt/Sesame_736x552_DPI150/GT_Sesame_T020_L070_2014.10.15_131340_AMC_DPI150.png,sesame_736x552_DPI150,sesame,8496,boundary_erode,0.01,True,-0.09375,0.9888361045130641,0.022081277895231382,8514.0,0.0008575822096049207,202896.0,0.0,461.0,0.0013774104683195593,726.0,0.00202020202020202,990.0,0.02010168534036339,8.6,0.1111111111111111,9.0,0.23076923076923078,13.0,0.0,2.0,0.0,0.0,0.0012575032467893974,1.3004504306226703,0.005321192382183802,10.328088963655004
test/masks_pixel_gt/Sesame_736x552_DPI150/GT_Sesame_T020_L070_2014.10.15_131340_AMC_DPI150.png,sesame_736x552_DPI150,sesame,8496,boundary_erode,0.05,True,-0.3984375,0.950896432752141,0.09361052384308198,8514.0,0.0009068685434902611,202896.0,0.0,461.0,0.0013774104683195593,726.0,0.07272727272727272,990.0,0.15506065781982212,8.6,2.4444444444444446,9.0,5.153846153846154,13.0,0.5,2.0,0.0,0.0,0.005612631004736056,1.3004504306226703,0.02215218078669883,10.328088963655004
test/masks_pixel_gt/Sesame_736x552_DPI150/GT_Sesame_T020_L070_2014.10.15_131340_AMC_DPI150.png,sesame_736x552_DPI150,sesame,8496,boundary_dilate,0.01,True,0.09375,0.9891373801916933,0.021963824289405683,8514.0,0.004844846620928949,202896.0,0.0021691973969631237,461.0,0.0,726.0,0.010101010101010102,990.0,0.011744186046511729,8.6,0.2222222222222222,9.0,1.0,13.0,0.0,2.0,1.0,0.0,0.009649989438442265,1.3004504306226703,0.005992449294621311,10.328088963655004
test/masks_pixel_gt/Sesame_736x552_DPI150/GT_Sesame_T020_L070_2014.10.15_131340_AMC_DPI150.png,sesame_736x552_DPI150,sesame,8496,boundary_dilate,0.05,True,0.4453125,0.9504353650368386,0.10429880197322058,8514.0,0.005643285229871461,202896.0,0.0021691973969631237,461.0,0.0,726.0,0.1383838383838384,990.0,0.029941602525742267,8.6,2.3333333333333335,9.0,8.307692307692308,13.0,0.0,2.0,6.0,0.0,0.021388147515659567,1.3004504306226703,0.02367484141579458,10.328088963655004
test/masks_pixel_gt/Sesame_736x552_DPI150/GT_Sesame_T020_L070_2014.10.15_131340_AMC_DPI150.png,sesame_736x552_DPI150,sesame,8496,junction_break,0.01,True,0.75,0.9907539118065434,0.018322762508809022,8514.0,0.0,202896.0,0.0,461.0,0.0,726.0,0.051515151515151514,990.0,0.06641646002278663,8.6,0.5555555555555556,9.0,0.6153846153846154,13.0,0.0,2.0,4.0,0.0,0.0008977300571930958,1.3004504306226703,0.0008084884342799268,10.328088963655004
test/masks_pixel_gt/Sesame_736x552_DPI150/GT_Sesame_T020_L070_2014.10.15_131340_AMC_DPI150.png,sesame_736x552_DPI150,sesame,8496,junction_break,0.05,False,,,,,,,,,,,,,,,,,,,,,,,,,,
test/masks_pixel_gt/Sesame_736x552_DPI150/GT_Sesame_T020_L070_2014.10.15_131340_AMC_DPI150.png,sesame_736x552_DPI150,sesame,8496,thin_dropout,0.01,True,0.04166666666646961,1.0,0.0,8514.0,0.0,202896.0,0.0,461.0,0.0,726.0,0.0,990.0,0.0,8.6,0.0,9.0,0.0,13.0,0.0,2.0,0.0,0.0,0.0,1.3004504306226703,0.0,10.328088963655004
test/masks_pixel_gt/Sesame_736x552_DPI150/GT_Sesame_T020_L070_2014.10.15_131340_AMC_DPI150.png,sesame_736x552_DPI150,sesame,8496,thin_dropout,0.05,True,0.04166666666646961,1.0,0.0,8514.0,0.0,202896.0,0.0,461.0,0.0,726.0,0.0,990.0,0.0,8.6,0.0,9.0,0.0,13.0,0.0,2.0,0.0,0.0,0.0,1.3004504306226703,0.0,10.328088963655004
test/masks_pixel_gt/Sesame_736x552_DPI150/GT_Sesame_T020_L070_2014.10.15_131340_AMC_DPI150.png,sesame_736x552_DPI150,sesame,8496,speckle,0.01,True,0.000390625,0.9909794564395041,0.01820530890298332,8514.0,0.9199885655705387,202896.0,0.19088937093275488,461.0,0.006887052341597796,726.0,0.15656565656565657,990.0,0.11963034426728954,8.6,0.0,9.0,0.0,13.0,77.5,2.0,0.0,0.0,0.1823957728352914,1.3004504306226703,0.028767844302187272,10.328088963655004
test/masks_pixel_gt/Sesame_736x552_DPI150/GT_Sesame_T020_L070_2014.10.15_131340_AMC_DPI150.png,sesame_736x552_DPI150,sesame,8496,speckle,0.05,True,0.0022460937500000003,0.9501701913955695,0.10488607000234908,8514.0,0.9873629839917988,202896.0,0.19739696312364424,461.0,0.013774104683195593,726.0,0.896969696969697,990.0,0.4175520717240013,8.6,2.6666666666666665,9.0,0.0,13.0,438.0,2.0,0.0,0.0,0.06442748224407654,1.3004504306226703,0.15255501475499703,10.328088963655004
test/masks_pixel_gt/Sesame_736x552_DPI150/GT_Sesame_T020_L070_2014.10.15_131340_AMC_DPI150.png,sesame_736x552_DPI150,sesame,8496,blob,0.01,True,0.046875,0.9914410480349345,0.01726568005637773,8514.0,0.09912467471019636,202896.0,0.11713665943600868,461.0,0.0,726.0,0.00101010101010101,990.0,0.01623917583835913,8.6,0.0,9.0,0.0,13.0,0.5,2.0,0.0,0.0,0.003406594070703096,1.3004504306226703,0.0039051431156904726,10.328088963655004
test/masks_pixel_gt/Sesame_736x552_DPI150/GT_Sesame_T020_L070_2014.10.15_131340_AMC_DPI150.png,sesame_736x552_DPI150,sesame,8496,blob,0.05,True,0.2578125,0.9485294117647058,0.10852713178294573,8514.0,0.24096581499881714,202896.0,0.10845986984815618,461.0,0.0,726.0,0.021212121212121213,990.0,0.08550134566282526,8.6,0.5555555555555556,9.0,0.23076923076923078,13.0,4.5,2.0,0.0,0.0,0.04903345562584147,1.3004504306226703,0.12032351217225289,10.328088963655004
test/masks_pixel_gt/Sesame_736x552_DPI150/GT_Sesame_T020_L084_2014.08.15_110707_AMC_DPI150.png,sesame_736x552_DPI150,sesame,8386,boundary_erode,0.01,True,-0.140625,0.9885459368217989,0.022648706639647156,8389.0,2.667434887914386e-05,187446.0,0.0,404.0,0.0,736.0,0.018156424581005588,716.0,0.04007746770094292,11.716480446927374,0.05555555555555555,18.0,0.023255813953488372,43.0,0.0,4.0,0.0,0.0,0.0022813771415556585,1.324858013265636,0.0016091789692539533,14.805303155348522
test/masks_pixel_gt/Sesame_736x552_DPI150/GT_Sesame_T020_L084_2014.08.15_110707_AMC_DPI150.png,sesame_736x552_DPI150,sesame,8386,boundary_erode,0.05,True,-0.5859375,0.9505879409557167,0.09417093813326975,8389.0,0.5199950919198062,187446.0,0.0024752475247524753,404.0,0.010869565217391304,736.0,0.11592178770949721,716.0,0.1882683250355709,11.716480446927374,1.2222222222222223,18.0,1.5813953488372092,43.0,0.25,4.0,0.0,0.0,0.0002964409298182856,1.324858013265636,0.012448015756276265,14.805303155348522
test/masks_pixel_gt/Sesame_736x552_DPI150/GT_Sesame_T020_L084_2014.08.15_110707_AMC_DPI150.png,sesame_736x552_DPI150,sesame,8386,boundary_dilate,0.01,True,0.140625,0.9888024516737388,0.022648706639647156,8389.0,0.002037920254366591,187446.0,0.0,404.0,0.0,736.0,0.15223463687150837,716.0,0.11246488005577289,11.716480446927374,1.1111111111111112,18.0,1.0930232558139534,43.0,0.0,4.0,1.0,0.0,0.005815733114673716,1.324858013265636,0.004572522401340577,14.805303155348522
test/masks_pixel_gt/Sesame_736x552_DPI150/GT_Sesame_T020_L084_2014.08.15_110707_AMC_DPI150.png,sesame_736x552_DPI150,sesame,8386,boundary_dilate,0.05,True,0.65625,0.9496801947133073,0.10597210632971749,8389.0,0.005569604045965238,187446.0,0.0049504950495049506,404.0,0.0,736.0,0.1452513966480447,716.0,0.03429752666819789,11.716480446927374,0.7777777777777778,18.0,1.372093023255814,43.0,0.0,4.0,5.0,0.0,0.019192186859574082,1.324858013265636,0.015161278742581163,14.805303155348522
test/masks_pixel_gt/Sesame_736x552_DPI150/GT_Sesame_T020_L084_2014.08.15_110707_AMC_DPI150.png,sesame_736x552_DPI150,sesame,8386,junction_break,0.01,True,0.1875,0.9900072236937154,0.01978781737990225,8389.0,0.0,187446.0,0.0,404.0,0.0,736.0,0.09916201117318436,716.0,0.10821864961119436,11.716480446927374,0.1111111111111111,18.0,0.5116279069767442,43.0,0.0,4.0,5.0,0.0,0.0007112025155221716,1.324858013265636,0.005773672727833177,14.805303155348522
test/masks_pixel_gt/Sesame_736x552_DPI150/GT_Sesame_T020_L084_2014.08.15_110707_AMC_DPI150.png,sesame_736x552_DPI150,sesame,8386,junction_break,0.05,False,,,,,,,,,,,,,,,,,,,,,,,,,,
test/masks_pixel_gt/Sesame_736x552_DPI150/GT_Sesame_T020_L084_2014.08.15_110707_AMC_DPI150.png,sesame_736x552_DPI150,sesame,8386,thin_dropout,0.01,True,0.28125,0.988667872212176,0.022410299201335082,8389.0,0.5220330121741729,187446.0,0.007425742574257425,404.0,0.014945652173913044,736.0,0.06424581005586592,716.0,0.04470779965946878,11.716480446927374,0.3333333333333333,18.0,0.4418604651162791,43.0,0.25,4.0,0.0,0.0,0.0065996793151006225,1.324858013265636,0.006972641394148029,14.805303155348522
test/masks_pixel_gt/Sesame_736x552_DPI150/GT_Sesame_T020_L084_2014.08.15_110707_AMC_DPI150.png,sesame_736x552_DPI150,sesame,8386,thin_dropout,0.05,True,0.7593750000000001,0.9505879409557167,0.09417093813326975,8389.0,0.5410998367529849,187446.0,0.022277227722772276,404.0,0.014945652173913044,736.0,0.20391061452513967,716.0,0.13784843560803306,11.716480446927374,0.3333333333333333,18.0,1.0,43.0,0.5,4.0,0.0,0.0,0.004955666251455272,1.324858013265636,0.03189082800674968,14.805303155348522
test/masks_pixel_gt/Sesame_736x552_DPI150/GT_Sesame_T020_L084_2014.08.15_110707_AMC_DPI150.png,sesame_736x552_DPI150,sesame,8386,speckle,0.01,True,0.000390625,0.9908462765015059,0.018476576469185838,8389.0,1.0005014777589278,187446.0,0.3589108910891089,404.0,0.0,736.0,0.21508379888268156,716.0,0.16180548419317575,11.716480446927374,0.0,18.0,0.0,43.0,38.5,4.0,0.0,0.0,0.214462896093024,1.324858013265636,0.03467317871916669,14.805303155348522
test/masks_pixel_gt/Sesame_736x552_DPI150/GT_Sesame_T020_L084_2014.08.15_110707_AMC_DPI150.png,sesame_736x552_DPI150,sesame,8386,speckle,0.05,True,0.0022460937500000003,0.9494114984155727,0.10656812492549768,8389.0,1.1512915719727281,187446.0,0.36386138613861385,404.0,0.0,736.0,1.2877094972067038,716.0,0.5162986706674869,11.716480446927374,0.5555555555555556,18.0,0.3953488372093023,43.0,220.75,4.0,0.0,0.0,0.08920717989135217,1.324858013265636,0.1779317477946186,14.805303155348522
test/masks_pixel_gt/Sesame_736x552_DPI150/GT_Sesame_T020_L084_2014.08.15_110707_AMC_DPI150.png,sesame_736x552_DPI150,sesame,8386,blob,0.01,True,0.0234375,0.9911974951261299,0.017761354154249613,8389.0,0.11853547154913949,187446.0,0.0,404.0,0.0,736.0,0.0013966480446927375,716.0,0.01634188225166345,11.716480446927374,0.0,18.0,0.0,43.0,0.25,4.0,0.0,0.0,0.0014636307691833388,1.324858013265636,0.033136925484870475,14.805303155348522
test/masks_pixel_gt/Sesame_736x552_DPI150/GT_Sesame_T020_L084_2014.08.15_110707_AMC_DPI150.png,sesame_736x552_DPI150,sesame,8386,blob,0.05,True,0.23750000000063665,0.9447072072072072,0.11705805221122899,8389.0,0.5630688304898478,187446.0,0.2524752475247525,404.0,0.0,736.0,0.018156424581005588,716.0,0.09713794977124826,11.716480446927374,0.1111111111111111,18.0,0.0,43.0,2.5,4.0,0.0,0.0,0.10363433654965984,1.324858013265636,0.1854710347248528,14.805303155348522
test/masks_pixel_gt/Sesame_736x552_DPI150/GT_Sesame_T021_L062_2014.09.11_100451_AMC_DPI150.png,sesame_736x552_DPI150,sesame,24959,boundary_erode,0.01,True,-0.140625,0.9900810084644754,0.01964314290286446,24996.0,5.393626890466225e-06,370808.0,0.0,551.0,0.0,736.0,0.06052193225985564,1801.0,0.07559020961678482,13.878956135480289,0.5666666666666667,30.0,0.8852459016393442,61.0,0.0,6.0,0.0,0.0,0.0009258803428343388,1.4620312928641324,0.0030402699748944247,5.783403400228103
test/masks_pixel_gt/Sesame_736x552_DPI150/GT_Sesame_T021_L062_2014.09.11_100451_AMC_DPI150.png,sesame_736x552_DPI150,sesame,24959,boundary_erode,0.05,True,-0.6796875,0.9501008064516129,0.09505520883341334,24996.0,0.002917952147742228,370808.0,0.0,551.0,0.001358695652173913,736.0,0.19877845641310382,1801.0,0.2451108990778034,13.878956135480289,2.466666666666667,30.0,3.5245901639344264,61.0,0.16666666666666666,6.0,0.0,0.0,0.010331054202104567,1.4620312928641324,0.017110412387116525,5.783403400228103
test/masks_pixel_gt/Sesame_736x552_DPI150/GT_Sesame_T021_L062_2014.09.11_100451_AMC_DPI150.png,sesame_736x552_DPI150,sesame,24959,boundary_dilate,0.01,True,0.140625,0.9902543380080817,0.019683149303888623,24996.0,0.0011542361545597722,370808.0,0.0,551.0,0.0,736.0,0.24541921154913937,1801.0,0.18125307539175062,13.878956135480289,2.3,30.0,3.360655737704918,61.0,0.0,6.0,4.0,0.0,0.006367146865069983,1.4620312928641324,0.004162886585668755,5.783403400228103
test/masks_pixel_gt/Sesame_736x552_DPI150/GT_Sesame_T021_L062_2014.09.11_100451_AMC_DPI150.png,sesame_736x552_DPI150,sesame,24959,boundary_dilate,0.05,True,0.75,0.9501653552286463,0.10489678348535765,24996.0,0.004848870574529136,370808.0,0.0018148820326678765,551.0,0.0,736.0,0.11271515824541921,1801.0,0.007026393684067263,13.878956135480289,0.7,30.0,1.819672131147541,61.0,0.0,6.0,9.0,0.0,0.016223425666580332,1.4620312928641324,0.019339053190151126,5.783403400228103
test/masks_pixel_gt/Sesame_736x552_DPI150/GT_Sesame_T021_L062_2014.09.11_100451_AMC_DPI150.png,sesame_736x552_DPI150,sesame,24959,junction_break,0.01,True,0.375,0.98989735714863,0.020003200512081935,24996.0,0.0,370808.0,0.0,551.0,0.0,736.0,0.13659078289838977,1801.0,0.13777516566793335,13.878956135480289,0.36666666666666664,30.0,0.9016393442622951,61.0,0.0,6.0,15.0,0.0,0.0008888114449281798,1.4620312928641324,0.0004471374248336071,5.783403400228103
test/masks_pixel_gt/Sesame_736x552_DPI150/GT_Sesame_T021_L062_2014.09.11_100451_AMC_DPI150.png,sesame_736x552_DPI150,sesame,24959,junction_break,0.05,False,,,,,,,,,,,,,,,,,,,,,,,,,,
test/masks_pixel_gt/Sesame_736x552_DPI150/GT_Sesame_T021_L062_2014.09.11_100451_AMC_DPI150.png,sesame_736x552_DPI150,sesame,24959,thin_dropout,0.01,True,0.225,0.9900606060606061,0.019683149303888623,24996.0,0.011658324523742745,370808.0,0.007259528130671506,551.0,0.006793478260869565,736.0,0.028872848417545807,1801.0,0.00946292058530393,13.878956135480289,0.2,30.0,0.26229508196721313,61.0,0.16666666666666666,6.0,0.0,0.0,0.0028853363106328953,1.4620312928641324,0.006074358600696353,5.783403400228103
test/masks_pixel_gt/Sesame_736x552_DPI150/GT_Sesame_T021_L062_2014.09.11_100451_AMC_DPI150.png,sesame_736x552_DPI150,sesame,24959,thin_dropout,0.05,True,0.675,0.9503873690398706,0.09453512562009922,24996.0,0.025857047312895082,370808.0,0.010889292196007259,551.0,0.010869565217391304,736.0,0.14658523042754026,1801.0,0.06099039606909654,13.878956135480289,0.3,30.0,0.6065573770491803,61.0,0.16666666666666666,6.0,0.0,0.0,0.01703726294433039,1.4620312928641324,0.047825263119760854,5.783403400228103
test/masks_pixel_gt/Sesame_736x552_DPI150/GT_Sesame_T021_L062_2014.09.11_100451_AMC_DPI150.png,sesame_736x552_DPI150,sesame,24959,speckle,0.01,True,0.0011718750000000002,0.9911378100279545,0.01788286125780125,24996.0,0.07278969170028694,370808.0,0.0018148820326678765,551.0,0.0,736.0,0.2543031649083842,1801.0,0.18848736913444003,13.878956135480289,0.3,30.0,0.16393442622950818,61.0,72.66666666666667,6.0,0.0,0.0,0.08871011579353537,1.4620312928641324,0.030184497422966423,5.783403400228103
test/masks_pixel_gt/Sesame_736x552_DPI150/GT_Sesame_T021_L062_2014.09.11_100451_AMC_DPI150.png,sesame_736x552_DPI150,sesame,24959,speckle,0.05,True,0.00703125,0.9491010574677728,0.10725716114578332,24996.0,0.09244406808914586,370808.0,0.0018148820326678765,551.0,0.0,736.0,1.5169350360910605,1801.0,0.560077179081501,13.878956135480289,6.2,30.0,0.5081967213114754,61.0,427.3333333333333,6.0,0.0,0.0,0.040422140176608,1.4620312928641324,0.16277697988423548,5.783403400228103
test/masks_pixel_gt/Sesame_736x552_DPI150/GT_Sesame_T021_L062_2014.09.11_100451_AMC_DPI150.png,sesame_736x552_DPI150,sesame,24959,blob,0.01,True,0.140625,0.9891571032845271,0.021923507761241797,24996.0,0.0,370808.0,0.0,551.0,0.0,736.0,0.00277623542476402,1801.0,0.019094262169433204,13.878956135480289,0.0,30.0,0.0,61.0,0.8333333333333334,6.0,0.0,0.0,0.025359949173718425,1.4620312928641324,0.03548035170521999,5.783403400228103
test/masks_pixel_gt/Sesame_736x552_DPI150/GT_Sesame_T021_L062_2014.09.11_100451_AMC_DPI150.png,sesame_736x552_DPI150,sesame,24959,blob,0.05,True,0.703125,0.949678007636633,0.10597695631301009,24996.0,0.035069362041811394,370808.0,0.0018148820326678765,551.0,0.0,736.0,0.05719044975013881,1801.0,0.04614732054607732,13.878956135480289,0.4666666666666667,30.0,0.45901639344262296,61.0,3.8333333333333335,6.0,2.0,0.0,0.04442504472742757,1.4620312928641324,0.11191827629323883,5.783403400228103
test/masks_pixel_gt/Sesame_736x552_DPI150/GT_Sesame_T021_L097_2014.08.28_094232_AMC_DPI150.png,sesame_736x552_DPI150,sesame,8416,boundary_erode,0.01,True,-0.140625,0.9908267881767492,0.018179657794676805,8416.0,0.00013348164627363738,22475.0,0.0,529.0,0.0,63.0,0.03874538745387454,542.0,0.05480173094975985,15.527675276752767,0.75,4.0,2.0,4.0,0.0,1.0,0.0,0.0,0.0009169074891258748,1.4067934732673242,0.0027765184567197306,16.401298210125745
test/masks_pixel_gt/Sesame_736x552_DPI150/GT_Sesame_T021_L097_2014.08.28_094232_AMC_DPI150.png,sesame_736x552_DPI150,sesame,8416,boundary_erode,0.05,True,-0.75,0.949182170058684,0.09672053231939164,8416.0,0.027408231368186875,22475.0,0.003780718336483932,529.0,0.015873015873015872,63.0,0.23247232472324722,542.0,0.26709959358848845,15.527675276752767,5.0,4.0,16.75,4.0,0.0,1.0,0.0,0.0,0.011510762299789576,1.4067934732673242,0.015406070146739413,16.401298210125745
test/masks_pixel_gt/Sesame_736x552_DPI150/GT_Sesame_T021_L097_2014.08.28_094232_AMC_DPI150.png,sesame_736x552_DPI150,sesame,8416,boundary_dilate,0.01,True,0.140625,0.9909920518104209,0.018179657794676805,8416.0,0.01824249165739711,22475.0,0.001890359168241966,529.0,0.015873015873015872,63.0,0.1088560885608856,542.0,0.08177475120679721,15.527675276752767,2.25,4.0,6.25,4.0,0.0,1.0,0.0,0.0,0.0051723493825489054,1.4067934732673242,0.0035223610795452184,16.401298210125745
test/masks_pixel_gt/Sesame_736x552_DPI150/GT_Sesame_T021_L097_2014.08.28_094232_AMC_DPI150.png,sesame_736x552_DPI150,sesame,8416,boundary_dilate,0.05,True,0.796875,0.9510141815921803,0.1030180608365019,8416.0,0.04711902113459399,22475.0,0.003780718336483932,529.0,0.031746031746031744,63.0,0.04797047970479705,542.0,0.052527797488352124,15.527675276752767,0.75,4.0,3.5,4.0,0.0,1.0,0.0,0.0,0.020533040652982483,1.4067934732673242,0.017380841779549787,16.401298210125745
test/masks_pixel_gt/Sesame_736x552_DPI150/GT_Sesame_T021_L097_2014.08.28_094232_AMC_DPI150.png,sesame_736x552_DPI150,sesame,8416,junction_break,0.01,False,,,,,,,,,,,,,,,,,,,,,,,,,,
test/masks_pixel_gt/Sesame_736x552_DPI150/GT_Sesame_T021_L097_2014.08.28_094232_AMC_DPI150.png,sesame_736x552_DPI150,sesame,8416,junction_break,0.05,False,,,,,,,,,,,,,,,,,,,,,,,,,,
test/masks_pixel_gt/Sesame_736x552_DPI150/GT_Sesame_T021_L097_2014.08.28_094232_AMC_DPI150.png,sesame_736x552_DPI150,sesame,8416,thin_dropout,0.01,True,0.4999999999996817,0.9918543363679924,0.016159695817490494,8416.0,0.06060066740823137,22475.0,0.0,529.0,0.047619047619047616,63.0,0.025830258302583026,542.0,0.009926978914621536,15.527675276752767,0.25,4.0,0.0,4.0,0.0,1.0,0.0,0.0,0.0028119486827878322,1.4067934732673242,0.003967784777463538,16.401298210125745
test/masks_pixel_gt/Sesame_736x552_DPI150/GT_Sesame_T021_L097_2014.08.28_094232_AMC_DPI150.png,sesame_736x552_DPI150,sesame,8416,thin_dropout,0.05,False,,,,,,,,,,,,,,,,,,,,,,,,,,
test/masks_pixel_gt/Sesame_736x552_DPI150/GT_Sesame_T021_L097_2014.08.28_094232_AMC_DPI150.png,sesame_736x552_DPI150,sesame,8416,speckle,0.01,True,0.000390625,0.9908753752869842,0.018417300380228138,8416.0,15.618242491657398,22475.0,0.03780718336483932,529.0,10.666666666666666,63.0,0.2988929889298893,542.0,0.21593440794590393,15.527675276752767,0.25,4.0,0.75,4.0,154.0,1.0,0.0,0.0,0.2715351521433968,1.4067934732673242,0.030826126211395622,16.401298210125745
test/masks_pixel_gt/Sesame_736x552_DPI150/GT_Sesame_T021_L097_2014.08.28_094232_AMC_DPI150.png,sesame_736x552_DPI150,sesame,8416,speckle,0.05,True,0.0022460937500000003,0.9495656098386551,0.10622623574144487,8416.0,16.759822024471635,22475.0,0.03969754253308128,529.0,10.666666666666666,63.0,1.651291512915129,542.0,0.5827594851970332,15.527675276752767,4.25,4.0,0.25,4.0,880.0,1.0,0.0,0.0,0.14826826618530092,1.4067934732673242,0.15932716569107033,16.401298210125745
test/masks_pixel_gt/Sesame_736x552_DPI150/GT_Sesame_T021_L097_2014.08.28_094232_AMC_DPI150.png,sesame_736x552_DPI150,sesame,8416,blob,0.01,True,0.0234375,0.9912254873093458,0.017704372623574143,8416.0,1.514349276974416,22475.0,0.0,529.0,2.0,63.0,0.0018450184501845018,542.0,0.015830147259626556,15.527675276752767,0.0,4.0,0.0,4.0,1.0,1.0,0.0,0.0,0.03033724881120693,1.4067934732673242,0.031147722468528934,16.401298210125745
test/masks_pixel_gt/Sesame_736x552_DPI150/GT_Sesame_T021_L097_2014.08.28_094232_AMC_DPI150.png,sesame_736x552_DPI150,sesame,8416,blob,0.05,True,0.1875,0.9507455942159964,0.10361216730038023,8416.0,11.121512791991101,22475.0,0.0,529.0,9.984126984126984,63.0,0.03505535055350553,542.0,0.06623492812264896,15.527675276752767,0.75,4.0,0.75,4.0,7.0,1.0,0.0,0.0,0.10677345017055564,1.4067934732673242,0.14363863552553585,16.401298210125745
test/masks_pixel_gt/Sunflower_640x480_DPI120/GT_Sunflower_T008_L008_2017.07.05_090258_EED_DPI120.png,sunflower_640x480_DPI120,sunflower,2838,boundary_erode,0.01,True,-0.09375,0.9898810580507722,0.020035149384885764,2845.0,0.00037977524210671684,57929.0,0.0024752475247524753,404.0,0.0,248.0,0.035483870967741936,310.0,0.05361649940596442,9.17741935483871,0.058823529411764705,17.0,0.21212121212121213,33.0,0.0,3.0,0.0,0.0,0.0012167892710067646,1.1955051282767462,0.004354697177449976,25.438050978488263
test/masks_pixel_gt/Sunflower_640x480_DPI120/GT_Sunflower_T008_L008_2017.07.05_090258_EED_DPI120.png,sunflower_640x480_DPI120,sunflower,2838,boundary_erode,0.05,True,-0.4453125,0.9503781590112526,0.0945518453427065,2845.0,0.006421654093804485,57929.0,0.0024752475247524753,404.0,0.008064516129032258,248.0,0.07419354838709677,310.0,0.1570903064751923,9.17741935483871,0.058823529411764705,17.0,0.36363636363636365,33.0,0.0,3.0,0.0,0.0,0.012747258666677842,1.1955051282767462,0.025893056558774396,25.438050978488263
test/masks_pixel_gt/Sunflower_640x480_DPI120/GT_Sunflower_T008_L008_2017.07.05_090258_EED_DPI120.png,sunflower_640x480_DPI120,sunflower,2838,boundary_dilate,0.01,True,0.09375,0.9900817817991996,0.020035149384885764,2845.0,0.0020197137875675396,57929.0,0.0,404.0,0.0,248.0,0.13548387096774195,310.0,0.10167359003035634,9.17741935483871,0.23529411764705882,17.0,0.6363636363636364,33.0,0.0,3.0,1.0,0.0,0.004739581110816448,1.1955051282767462,0.006991669793262987,25.438050978488263
test/masks_pixel_gt/Sunflower_640x480_DPI120/GT_Sunflower_T008_L008_2017.07.05_090258_EED_DPI120.png,sunflower_640x480_DPI120,sunflower,2838,boundary_dilate,0.05,True,0.4921875,0.9495994659546061,0.10615114235500879,2845.0,0.01058191924597352,57929.0,0.0024752475247524753,404.0,0.008064516129032258,248.0,0.2032258064516129,310.0,0.08067867525455046,9.17741935483871,0.17647058823529413,17.0,1.3636363636363635,33.0,0.0,3.0,7.0,0.0,0.017354768497426922,1.1955051282767462,0.025569112355636726,25.438050978488263
test/masks_pixel_gt/Sunflower_640x480_DPI120/GT_Sunflower_T008_L008_2017.07.05_090258_EED_DPI120.png,sunflower_640x480_DPI120,sunflower,2838,junction_break,0.01,True,0.0625,0.9914923785891527,0.01687170474516696,2845.0,0.012049232681385835,57929.0,0.0,404.0,0.016129032258064516,248.0,0.0064516129032258064,310.0,0.010487754775979732,9.17741935483871,0.058823529411764705,17.0,0.06060606060606061,33.0,0.6666666666666666,3.0,0.0,0.0,0.012051739532783606,1.1955051282767462,0.012446468038733036,25.438050978488263
test/masks_pixel_gt/Sunflower_640x480_DPI120/GT_Sunflower_T008_L008_2017.07.05_090258_EED_DPI120.png,sunflower_640x480_DPI120,sunflower,2838,junction_break,0.05,True,0.34848484848453154,0.9550045913682277,0.08611599297012303,2845.0,0.012049232681385835,57929.0,0.0,404.0,0.016129032258064516,248.0,0.20967741935483872,310.0,0.24452255418863503,9.17741935483871,0.23529411764705882,17.0,0.36363636363636365,33.0,0.3333333333333333,3.0,5.0,0.0,0.007481431800188902,1.1955051282767462,0.039915391682578925,25.438050978488263
test/masks_pixel_gt/Sunflower_640x480_DPI120/GT_Sunflower_T008_L008_2017.07.05_090258_EED_DPI120.png,sunflower_640x480_DPI120,sunflower,2838,thin_dropout,0.01,True,0.19687500000000002,0.9905978357282242,0.018629173989455183,2845.0,0.005282328367484334,57929.0,0.0,404.0,0.008064516129032258,248.0,0.06451612903225806,310.0,0.04905157263196173,9.17741935483871,0.23529411764705882,17.0,0.30303030303030304,33.0,0.0,3.0,0.0,0.0,0.004565327097578299,1.1955051282767462,0.010090460446565516,25.438050978488263
test/masks_pixel_gt/Sunflower_640x480_DPI120/GT_Sunflower_T008_L008_2017.07.05_090258_EED_DPI120.png,sunflower_640x480_DPI120,sunflower,2838,thin_dropout,0.05,True,0.5625,0.9501845018450185,0.09490333919156414,2845.0,0.01420704655699218,57929.0,0.012376237623762377,404.0,0.008064516129032258,248.0,0.1870967741935484,310.0,0.11341255893101233,9.17741935483871,0.4117647058823529,17.0,1.0,33.0,0.6666666666666666,3.0,0.0,0.0,0.015228687930889261,1.1955051282767462,0.0479941450648814,25.438050978488263
test/masks_pixel_gt/Sunflower_640x480_DPI120/GT_Sunflower_T008_L008_2017.07.05_090258_EED_DPI120.png,sunflower_640x480_DPI120,sunflower,2838,speckle,0.01,True,0.0001953125,0.9897373456253261,0.020738137082601055,2845.0,3.2120526851835867,57929.0,0.14356435643564355,404.0,1.5201612903225807,248.0,0.19032258064516128,310.0,0.14246931573006416,9.17741935483871,0.0,17.0,0.0,33.0,19.666666666666668,3.0,0.0,0.0,0.2694840269780282,1.1955051282767462,0.037399433378760234,25.438050978488263
test/masks_pixel_gt/Sunflower_640x480_DPI120/GT_Sunflower_T008_L008_2017.07.05_090258_EED_DPI120.png,sunflower_640x480_DPI120,sunflower,2838,speckle,0.05,True,0.0009765625,0.9503925171204276,0.10439367311072056,2845.0,4.099035025634829,57929.0,0.18564356435643564,404.0,1.5524193548387097,248.0,0.9451612903225807,310.0,0.4322354251006246,9.17741935483871,0.058823529411764705,17.0,0.12121212121212122,33.0,98.66666666666667,3.0,0.0,0.0,0.20386933558204207,1.1955051282767462,0.1674204598424178,25.438050978488263
test/masks_pixel_gt/Sunflower_640x480_DPI120/GT_Sunflower_T008_L008_2017.07.05_090258_EED_DPI120.png,sunflower_640x480_DPI120,sunflower,2838,blob,0.01,True,0.037500000000818545,0.9696659850034083,0.06256590509666081,2845.0,1.2921162112240847,57929.0,0.0,404.0,1.5241935483870968,248.0,0.016129032258064516,310.0,0.04569977961893596,9.17741935483871,0.11764705882352941,17.0,0.0,33.0,0.6666666666666666,3.0,0.0,0.0,0.05346313031432781,1.1955051282767462,0.08772867575528609,25.438050978488263
test/masks_pixel_gt/Sunflower_640x480_DPI120/GT_Sunflower_T008_L008_2017.07.05_090258_EED_DPI120.png,sunflower_640x480_DPI120,sunflower,2838,blob,0.05,True,0.11249999999972715,0.9600134975535685,0.08330404217926186,2845.0,1.2593174403148681,57929.0,0.0,404.0,1.3185483870967742,248.0,0.0064516129032258064,310.0,0.07635978549862549,9.17741935483871,0.058823529411764705,17.0,0.030303030303030304,33.0,1.0,3.0,0.0,0.0,0.04148431046531234,1.1955051282767462,0.128583132803516,25.438050978488263
test/masks_pixel_gt/Sunflower_640x480_DPI120/GT_Sunflower_T008_L027_2017.07.05_090531_EED_DPI120.png,sunflower_640x480_DPI120,sunflower,10246,boundary_erode,0.01,True,-0.09375,0.9910521140609636,0.017737062664457657,10261.0,9.363909619544351e-06,106793.0,0.0,471.0,0.0,346.0,0.04205128205128205,975.0,0.05737562608055732,10.524102564102565,0.375,16.0,0.6451612903225806,31.0,0.0,3.0,0.0,0.0,0.0003939597421837968,1.3302264435351727,0.0012744459851570004,7.615977666307455
test/masks_pixel_gt/Sunflower_640x480_DPI120/GT_Sunflower_T008_L027_2017.07.05_090531_EED_DPI120.png,sunflower_640x480_DPI120,sunflower,10246,boundary_erode,0.05,True,-0.515625,0.9486680327868853,0.09765130104278336,10261.0,0.0032211849091232573,106793.0,0.0,471.0,0.005780346820809248,346.0,0.18974358974358974,975.0,0.24156036079027052,10.524102564102565,2.6875,16.0,4.129032258064516,31.0,0.3333333333333333,3.0,0.0,0.0,0.011305012550466521,1.3302264435351727,0.009515611760552429,7.615977666307455
test/masks_pixel_gt/Sunflower_640x480_DPI120/GT_Sunflower_T008_L027_2017.07.05_090531_EED_DPI120.png,sunflower_640x480_DPI120,sunflower,10246,boundary_dilate,0.01,True,0.09375,0.9911615551799082,0.017834519052723905,10261.0,0.003886022492110906,106793.0,0.0021231422505307855,471.0,0.0,346.0,0.1764102564102564,975.0,0.13479628938412752,10.524102564102565,2.1875,16.0,3.903225806451613,31.0,0.0,3.0,2.0,0.0,0.0037999768388510004,1.3302264435351727,0.0019044490245558514,7.615977666307455
test/masks_pixel_gt/Sunflower_640x480_DPI120/GT_Sunflower_T008_L027_2017.07.05_090531_EED_DPI120.png,sunflower_640x480_DPI120,sunflower,10246,boundary_dilate,0.05,True,0.5625,0.9491697886314232,0.10710457070460969,10261.0,0.00759413070145047,106793.0,0.0021231422505307855,471.0,0.0,346.0,0.20717948717948717,975.0,0.08289978212659777,10.524102564102565,2.125,16.0,3.838709677419355,31.0,0.3333333333333333,3.0,4.0,0.0,0.01100817006807042,1.3302264435351727,0.012260672494190062,7.615977666307455
test/masks_pixel_gt/Sunflower_640x480_DPI120/GT_Sunflower_T008_L027_2017.07.05_090531_EED_DPI120.png,sunflower_640x480_DPI120,sunflower,10246,junction_break,0.01,True,0.3125,0.989064039408867,0.02163531819510769,10261.0,0.0,106793.0,0.0,471.0,0.0,346.0,0.08512820512820513,975.0,0.0983879350096692,10.524102564102565,0.375,16.0,0.3548387096774194,31.0,0.0,3.0,5.0,0.0,0.0012069586126074552,1.3302264435351727,0.004793795461462015,7.615977666307455
test/masks_pixel_gt/Sunflower_640x480_DPI120/GT_Sunflower_T008_L027_2017.07.05_090531_EED_DPI120.png,sunflower_640x480_DPI120,sunflower,10246,junction_break,0.05,False,,,,,,,,,,,,,,,,,,,,,,,,,,
test/masks_pixel_gt/Sunflower_640x480_DPI120/GT_Sunflower_T008_L027_2017.07.05_090531_EED_DPI120.png,sunflower_640x480_DPI120,sunflower,10246,thin_dropout,0.01,True,0.45,0.9894125178509874,0.020953123477243932,10261.0,0.004232487148034047,106793.0,0.0,471.0,0.002890173410404624,346.0,0.050256410256410255,975.0,0.03085389266704865,10.524102564102565,0.5625,16.0,0.9032258064516129,31.0,0.0,3.0,0.0,0.0,0.003948189529730085,1.3302264435351727,0.004365718247964184,7.615977666307455
test/masks_pixel_gt/Sunflower_640x480_DPI120/GT_Sunflower_T008_L027_2017.07.05_090531_EED_DPI120.png,sunflower_640x480_DPI120,sunflower,10246,thin_dropout,0.05,True,0.7173913043479387,0.9025668449197861,0.17756553942110906,10261.0,0.027979361943198524,106793.0,0.016985138004246284,471.0,0.011560693641618497,346.0,0.19384615384615383,975.0,0.020195418657021073,10.524102564102565,0.3125,16.0,0.8709677419354839,31.0,0.6666666666666666,3.0,0.0,0.0,0.013682867617443958,1.3302264435351727,0.17611016983669794,7.615977666307455
test/masks_pixel_gt/Sunflower_640x480_DPI120/GT_Sunflower_T008_L027_2017.07.05_090531_EED_DPI120.png,sunflower_640x480_DPI120,sunflower,10246,speckle,0.01,True,0.00078125,0.9888214320131059,0.022609882077770198,10261.0,1.739477306565037,106793.0,0.006369426751592357,471.0,0.8439306358381503,346.0,0.24205128205128204,975.0,0.1766766019605072,10.524102564102565,0.0625,16.0,0.0967741935483871,31.0,76.66666666666667,3.0,0.0,0.0,0.11272002148918024,1.3302264435351727,0.036196142890774774,7.615977666307455
test/masks_pixel_gt/Sunflower_640x480_DPI120/GT_Sunflower_T008_L027_2017.07.05_090531_EED_DPI120.png,sunflower_640x480_DPI120,sunflower,10246,speckle,0.05,True,0.0037109375,0.9490381058083611,0.10739693986940844,10261.0,1.8338936072589027,106793.0,0.01910828025477707,471.0,0.846820809248555,346.0,1.1446153846153846,975.0,0.48363844267208356,10.524102564102565,1.8125,16.0,0.5161290322580645,31.0,360.0,3.0,0.0,0.0,0.002949661473325179,1.3302264435351727,0.15576415401968585,7.615977666307455
test/masks_pixel_gt/Sunflower_640x480_DPI120/GT_Sunflower_T008_L027_2017.07.05_090531_EED_DPI120.png,sunflower_640x480_DPI120,sunflower,10246,blob,0.01,True,0.08750000000009095,0.982948558291024,0.03469447422278531,10261.0,0.5112507374078825,106793.0,0.0,471.0,0.7023121387283237,346.0,0.0071794871794871795,975.0,0.02731885169777565,10.524102564102565,0.125,16.0,0.0,31.0,1.3333333333333333,3.0,0.0,0.0,0.014974655180692784,1.3302264435351727,0.04743855826143273,7.615977666307455
test/masks_pixel_gt/Sunflower_640x480_DPI120/GT_Sunflower_T008_L027_2017.07.05_090531_EED_DPI120.png,sunflower_640x480_DPI120,sunflower,10246,blob,0.05,True,0.26250000000027285,0.9482925927637355,0.1090536984699347,10261.0,0.6125869673105915,106793.0,0.0,471.0,0.638728323699422,346.0,0.014358974358974359,975.0,0.09335425278886379,10.524102564102565,0.125,16.0,0.0,31.0,3.6666666666666665,3.0,0.0,0.0,0.05001319189344971,1.3302264435351727,0.14802222421527783,7.615977666307455
test/masks_pixel_gt/Sunflower_640x480_DPI120/GT_Sunflower_T008_L075_2017.07.18_072700_EED_DPI120.png,sunflower_640x480_DPI120,sunflower,10647,boundary_erode,0.01,True,-0.1171875,0.9896272438781794,0.02053253328333021,10666.0,1.5736631731344224e-05,127092.0,0.0,412.0,0.0,565.0,0.020387359836901122,981.0,0.04010231283810872,10.872579001019368,0.10526315789473684,19.0,0.1276595744680851,47.0,0.0,2.0,0.0,0.0,0.0011886732608366324,1.3483136390148376,0.0027335091239077515,8.008878717075282
test/masks_pixel_gt/Sunflower_640x480_DPI120/GT_Sunflower_T008_L075_2017.07.18_072700_EED_DPI120.png,sunflower_640x480_DPI120,sunflower,10647,boundary_erode,0.05,True,-0.5390625,0.950351818137086,0.09459966247890493,10666.0,0.002612280867403141,127092.0,0.0,412.0,0.0,565.0,0.1396534148827727,981.0,0.20554764659374386,10.872579001019368,1.5789473684210527,19.0,1.5106382978723405,47.0,0.5,2.0,0.0,0.0,0.011095329095192676,1.3483136390148376,0.01463027456814358,8.008878717075282
test/masks_pixel_gt/Sunflower_640x480_DPI120/GT_Sunflower_T008_L075_2017.07.18_072700_EED_DPI120.png,sunflower_640x480_DPI120,sunflower,10647,boundary_dilate,0.01,True,0.1171875,0.9897921306607276,0.020626289143071443,10666.0,0.003233877820791238,127092.0,0.0,412.0,0.0017699115044247787,565.0,0.08970438328236494,981.0,0.06339159059929557,10.872579001019368,0.8421052631578947,19.0,0.6170212765957447,47.0,0.0,2.0,1.0,0.0,0.006262390920192915,1.3483136390148376,0.004193401194270526,8.008878717075282
test/masks_pixel_gt/Sunflower_640x480_DPI120/GT_Sunflower_T008_L075_2017.07.18_072700_EED_DPI120.png,sunflower_640x480_DPI120,sunflower,10647,boundary_dilate,0.05,True,0.609375,0.9491857257275074,0.10706919182448903,10666.0,0.010252415572970762,127092.0,0.0048543689320388345,412.0,0.0017699115044247787,565.0,0.13863404689092762,981.0,0.027721685604454947,10.872579001019368,0.8421052631578947,19.0,1.7872340425531914,47.0,0.0,2.0,8.0,0.0,0.022406704891169513,1.3483136390148376,0.01721666048910958,8.008878717075282
test/masks_pixel_gt/Sunflower_640x480_DPI120/GT_Sunflower_T008_L075_2017.07.18_072700_EED_DPI120.png,sunflower_640x480_DPI120,sunflower,10647,junction_break,0.01,True,0.1875,0.9896750970919769,0.020438777423588975,10666.0,0.0,127092.0,0.0,412.0,0.0,565.0,0.09582059123343527,981.0,0.1060934331651542,10.872579001019368,0.15789473684210525,19.0,0.7021276595744681,47.0,0.0,2.0,6.0,0.0,0.0011441742151431598,1.3483136390148376,0.0022895493096342437,8.008878717075282
test/masks_pixel_gt/Sunflower_640x480_DPI120/GT_Sunflower_T008_L075_2017.07.18_072700_EED_DPI120.png,sunflower_640x480_DPI120,sunflower,10647,junction_break,0.05,False,,,,,,,,,,,,,,,,,,,,,,,,,,
test/masks_pixel_gt/Sunflower_640x480_DPI120/GT_Sunflower_T008_L075_2017.07.18_072700_EED_DPI120.png,sunflower_640x480_DPI120,sunflower,10647,thin_dropout,0.01,True,0.3375,0.9890526515331027,0.021657603600225013,10666.0,0.011881156957164888,127092.0,0.01699029126213592,412.0,0.005309734513274336,565.0,0.047910295616717634,981.0,0.02757375895950679,10.872579001019368,0.3684210526315789,19.0,0.5106382978723404,47.0,0.0,2.0,0.0,0.0,0.0048070657670497815,1.3483136390148376,0.011773071171106226,8.008878717075282
test/masks_pixel_gt/Sunflower_640x480_DPI120/GT_Sunflower_T008_L075_2017.07.18_072700_EED_DPI120.png,sunflower_640x480_DPI120,sunflower,10647,thin_dropout,0.05,True,0.6093750000001366,0.9164973587972369,0.1541346334145884,10666.0,0.015547792150568092,127092.0,0.01699029126213592,412.0,0.005309734513274336,565.0,0.21406727828746178,981.0,0.0762567115697649,10.872579001019368,0.3684210526315789,19.0,0.8723404255319149,47.0,1.5,2.0,0.0,0.0,0.033849217305029274,1.3483136390148376,0.1319023408518662,8.008878717075282
test/masks_pixel_gt/Sunflower_640x480_DPI120/GT_Sunflower_T008_L075_2017.07.18_072700_EED_DPI120.png,sunflower_640x480_DPI120,sunflower,10647,speckle,0.01,True,0.00078125,0.9892413281394917,0.021751359459966247,10666.0,1.2264658672457747,127092.0,0.14805825242718446,412.0,0.12389380530973451,565.0,0.23853211009174313,981.0,0.1750303838434347,10.872579001019368,0.3684210526315789,19.0,0.06382978723404255,47.0,112.5,2.0,0.0,0.0,0.12313152494727958,1.3483136390148376,0.0342187931560052,8.008878717075282
test/masks_pixel_gt/Sunflower_640x480_DPI120/GT_Sunflower_T008_L075_2017.07.18_072700_EED_DPI120.png,sunflower_640x480_DPI120,sunflower,10647,speckle,0.05,True,0.00390625,0.9485104490884838,0.10856928558034877,10666.0,1.3783951782960375,127092.0,0.1650485436893204,412.0,0.13274336283185842,565.0,1.1916411824668705,981.0,0.4941830376026409,10.872579001019368,2.6315789473684212,19.0,0.2553191489361702,47.0,559.0,2.0,0.0,0.0,0.011561436749841107,1.3483136390148376,0.15296858772257071,8.008878717075282
test/masks_pixel_gt/Sunflower_640x480_DPI120/GT_Sunflower_T008_L075_2017.07.18_072700_EED_DPI120.png,sunflower_640x480_DPI120,sunflower,10647,blob,0.01,True,0.046875,0.989516652750719,0.021188824301518847,10666.0,0.056093223806376484,127092.0,0.0,412.0,0.04070796460176991,565.0,0.0020387359836901123,981.0,0.01911112577801624,10.872579001019368,0.0,19.0,0.0,47.0,1.0,2.0,0.0,0.0,0.02807198436694139,1.3483136390148376,0.02901200356016294,8.008878717075282
test/masks_pixel_gt/Sunflower_640x480_DPI120/GT_Sunflower_T008_L075_2017.07.18_072700_EED_DPI120.png,sunflower_640x480_DPI120,sunflower,10647,blob,0.05,True,0.31249999999954525,0.9533854748603352,0.09778736171010688,10666.0,0.43195480439366757,127092.0,0.06067961165048544,412.0,0.06371681415929203,565.0,0.047910295616717634,981.0,0.04759669439456696,10.872579001019368,0.47368421052631576,19.0,0.2553191489361702,47.0,4.5,2.0,1.0,0.0,0.037498874887882484,1.3483136390148376,0.10705933154166541,8.008878717075282
test/masks_pixel_gt/Sunflower_640x480_DPI120/GT_Sunflower_T008_L081_2017.07.18_072732_EED_DPI120.png,sunflower_640x480_DPI120,sunflower,4131,boundary_erode,0.01,True,-0.1171875,0.9901663226902999,0.019475835537388797,4159.0,0.0006265664160401002,6384.0,0.0,225.0,0.0,337.0,0.0056657223796034,353.0,0.024999915337178175,11.78186968838527,0.0,6.0,0.07142857142857142,14.0,0.0,1.0,0.0,0.0,0.0016254793939545326,1.3290763551101756,0.001882192170457673,21.042953251560913
test/masks_pixel_gt/Sunflower_640x480_DPI120/GT_Sunflower_T008_L081_2017.07.18_072732_EED_DPI120.png,sunflower_640x480_DPI120,sunflower,4131,boundary_erode,0.05,True,-0.5625,0.9513363590519415,0.09281077182014907,4159.0,0.005325814536340852,6384.0,0.008888888888888889,225.0,0.005934718100890208,337.0,0.0084985835694051,353.0,0.10045562486660851,11.78186968838527,0.16666666666666666,6.0,0.14285714285714285,14.0,0.0,1.0,0.0,0.0,0.00882827081759908,1.3290763551101756,0.008050240720411519,21.042953251560913
test/masks_pixel_gt/Sunflower_640x480_DPI120/GT_Sunflower_T008_L081_2017.07.18_072732_EED_DPI120.png,sunflower_640x480_DPI120,sunflower,4131,boundary_dilate,0.01,True,0.1171875,0.9903559947612811,0.019475835537388797,4159.0,0.05513784461152882,6384.0,0.0,225.0,0.0,337.0,0.0056657223796034,353.0,0.01373230970337534,11.78186968838527,0.0,6.0,0.07142857142857142,14.0,0.0,1.0,0.0,0.0,0.005471536314844006,1.3290763551101756,0.0018893900132926564,21.042953251560913
test/masks_pixel_gt/Sunflower_640x480_DPI120/GT_Sunflower_T008_L081_2017.07.18_072732_EED_DPI120.png,sunflower_640x480_DPI120,sunflower,4131,boundary_dilate,0.05,True,0.6328125,0.9501941969385423,0.10483289252224093,4159.0,0.09633458646616541,6384.0,0.0044444444444444444,225.0,0.005934718100890208,337.0,0.056657223796033995,353.0,0.0455925229500028,11.78186968838527,0.6666666666666666,6.0,0.42857142857142855,14.0,0.0,1.0,0.0,0.0,0.01907915561702735,1.3290763551101756,0.010835733572135079,21.042953251560913
test/masks_pixel_gt/Sunflower_640x480_DPI120/GT_Sunflower_T008_L081_2017.07.18_072732_EED_DPI120.png,sunflower_640x480_DPI120,sunflower,4131,junction_break,0.01,True,0.1875,0.9894302028915077,0.020918490021639816,4159.0,0.0,6384.0,0.0,225.0,0.0,337.0,0.1048158640226629,353.0,0.11380571019907397,11.78186968838527,0.6666666666666666,6.0,0.5,14.0,0.0,1.0,3.0,0.0,0.0010535185589173389,1.3290763551101756,0.006188146285287109,21.042953251560913
test/masks_pixel_gt/Sunflower_640x480_DPI120/GT_Sunflower_T008_L081_2017.07.18_072732_EED_DPI120.png,sunflower_640x480_DPI120,sunflower,4131,junction_break,0.05,False,,,,,,,,,,,,,,,,,,,,,,,,,,
test/masks_pixel_gt/Sunflower_640x480_DPI120/GT_Sunflower_T008_L081_2017.07.18_072732_EED_DPI120.png,sunflower_640x480_DPI120,sunflower,4131,thin_dropout,0.01,True,0.3888888888890962,0.9867218906078694,0.026208223130560232,4159.0,0.008771929824561403,6384.0,0.017777777777777778,225.0,0.0,337.0,0.04815864022662889,353.0,0.023061003675334063,11.78186968838527,0.0,6.0,0.5,14.0,1.0,1.0,0.0,0.0,0.004414099482888092,1.3290763551101756,0.010271200461019986,21.042953251560913
test/masks_pixel_gt/Sunflower_640x480_DPI120/GT_Sunflower_T008_L081_2017.07.18_072732_EED_DPI120.png,sunflower_640x480_DPI120,sunflower,4131,thin_dropout,0.05,True,0.8333333333330755,0.9737199259716225,0.05121423419091128,4159.0,0.043546365914786965,6384.0,0.035555555555555556,225.0,0.03857566765578635,337.0,0.11614730878186968,353.0,0.0734659465724626,11.78186968838527,0.3333333333333333,6.0,1.0,14.0,1.0,1.0,0.0,0.0,0.011174878401116792,1.3290763551101756,0.015390749835223849,21.042953251560913
test/masks_pixel_gt/Sunflower_640x480_DPI120/GT_Sunflower_T008_L081_2017.07.18_072732_EED_DPI120.png,sunflower_640x480_DPI120,sunflower,4131,speckle,0.01,True,0.00029296875000000004,0.9894135839181635,0.021399374849723492,4159.0,39.588815789473685,6384.0,1.0444444444444445,225.0,0.8486646884272997,337.0,0.2521246458923513,353.0,0.18426701510870502,11.78186968838527,0.0,6.0,0.0,14.0,89.0,1.0,0.0,0.0,0.2892990054080919,1.3290763551101756,0.04051281580918393,21.042953251560913
test/masks_pixel_gt/Sunflower_640x480_DPI120/GT_Sunflower_T008_L081_2017.07.18_072732_EED_DPI120.png,sunflower_640x480_DPI120,sunflower,4131,speckle,0.05,True,0.00146484375,0.9493266377539374,0.10675643183457562,4159.0,46.32236842105263,6384.0,1.1333333333333333,225.0,0.8902077151335311,337.0,1.2691218130311614,353.0,0.5122534076933768,11.78186968838527,1.1666666666666667,6.0,0.21428571428571427,14.0,439.0,1.0,0.0,0.0,0.20858628141515156,1.3290763551101756,0.17129085875916983,21.042953251560913
test/masks_pixel_gt/Sunflower_640x480_DPI120/GT_Sunflower_T008_L081_2017.07.18_072732_EED_DPI120.png,sunflower_640x480_DPI120,sunflower,4131,blob,0.01,True,0.037500000000818545,0.971275105091079,0.0591488338542919,4159.0,4.81500626566416,6384.0,0.3244444444444444,225.0,0.0,337.0,0.0056657223796034,353.0,0.05318179817060573,11.78186968838527,0.0,6.0,0.0,14.0,2.0,1.0,0.0,0.0,0.05262457380308776,1.3290763551101756,0.09456441335454485,21.042953251560913
test/masks_pixel_gt/Sunflower_640x480_DPI120/GT_Sunflower_T008_L081_2017.07.18_072732_EED_DPI120.png,sunflower_640x480_DPI120,sunflower,4131,blob,0.05,True,0.16249999999899956,0.9538990825688073,0.09665785044481846,4159.0,19.341165413533833,6384.0,1.0444444444444445,225.0,0.7863501483679525,337.0,0.025495750708215296,353.0,0.06939287626248876,11.78186968838527,0.3333333333333333,6.0,0.0,14.0,6.0,1.0,0.0,0.0,0.11921727946084748,1.3290763551101756,0.15387530330876614,21.042953251560913
test/masks_pixel_gt/Sunflower_640x480_DPI120/GT_Sunflower_T008_L088_2017.08.08_074614_EED_DPI120.png,sunflower_640x480_DPI120,sunflower,20610,boundary_erode,0.01,True,-0.1171875,0.9900583795402916,0.019687515116335316,20673.0,0.0008028676160508645,246616.0,0.0,478.0,0.0016501650165016502,606.0,0.04013015184381779,1844.0,0.057509790341252524,11.210954446854664,0.22,50.0,0.2066115702479339,121.0,0.0,6.0,0.0,0.0,0.0017052233753551559,1.4510192574216685,0.004236937028740751,5.356441218663093
test/masks_pixel_gt/Sunflower_640x480_DPI120/GT_Sunflower_T008_L088_2017.08.08_074614_EED_DPI120.png,sunflower_640x480_DPI120,sunflower,20610,boundary_erode,0.05,True,-0.5625,0.9504226639250628,0.09447104919460166,20673.0,0.004054886949751841,246616.0,0.0020920502092050207,478.0,0.0016501650165016502,606.0,0.18329718004338394,1844.0,0.2347408866704151,11.210954446854664,1.36,50.0,1.3884297520661157,121.0,0.5,6.0,0.0,0.0,0.011530364943279133,1.4510192574216685,0.01781676959281261,5.356441218663093
test/masks_pixel_gt/Sunflower_640x480_DPI120/GT_Sunflower_T008_L088_2017.08.08_074614_EED_DPI120.png,sunflower_640x480_DPI120,sunflower,20610,boundary_dilate,0.01,True,0.1171875,0.9902284811036068,0.019735887389348426,20673.0,0.0016219547799007363,246616.0,0.0,478.0,0.0,606.0,0.14967462039045554,1844.0,0.11302218096888755,11.210954446854664,0.66,50.0,0.859504132231405,121.0,0.16666666666666666,6.0,8.0,0.0,0.004738988354389275,1.4510192574216685,0.0035934587526853727,5.356441218663093
test/masks_pixel_gt/Sunflower_640x480_DPI120/GT_Sunflower_T008_L088_2017.08.08_074614_EED_DPI120.png,sunflower_640x480_DPI120,sunflower,20610,boundary_dilate,0.05,True,0.609375,0.9511824790650594,0.10264596333381705,20673.0,0.00489019366140072,246616.0,0.0020920502092050207,478.0,0.0016501650165016502,606.0,0.18926247288503253,1844.0,0.07283212203029713,11.210954446854664,0.42,50.0,1.4545454545454546,121.0,0.16666666666666666,6.0,22.0,0.0,0.01661561738165345,1.4510192574216685,0.018806838756948933,5.356441218663093
test/masks_pixel_gt/Sunflower_640x480_DPI120/GT_Sunflower_T008_L088_2017.08.08_074614_EED_DPI120.png,sunflower_640x480_DPI120,sunflower,20610,junction_break,0.01,True,0.125,0.9912657363130672,0.017317273738692983,20673.0,0.0,246616.0,0.0,478.0,0.0,606.0,0.06290672451193059,1844.0,0.07547604733374993,11.210954446854664,0.04,50.0,0.2644628099173554,121.0,0.3333333333333333,6.0,7.0,0.0,0.0010061848710139303,1.4510192574216685,0.0027949539361459834,5.356441218663093
test/masks_pixel_gt/Sunflower_640x480_DPI120/GT_Sunflower_T008_L088_2017.08.08_074614_EED_DPI120.png,sunflower_640x480_DPI120,sunflower,20610,junction_break,0.05,False,,,,,,,,,,,,,,,,,,,,,,,,,,
test/masks_pixel_gt/Sunflower_640x480_DPI120/GT_Sunflower_T008_L088_2017.08.08_074614_EED_DPI120.png,sunflower_640x480_DPI120,sunflower,20610,thin_dropout,0.01,True,0.28125,0.9898609855610662,0.02007449330044019,20673.0,0.003702111785123431,246616.0,0.0041841004184100415,478.0,0.0016501650165016502,606.0,0.06399132321041215,1844.0,0.046919255129773005,11.210954446854664,0.36,50.0,0.5041322314049587,121.0,0.16666666666666666,6.0,0.0,0.0,0.0024525333597543017,1.4510192574216685,0.009952250400137662,5.356441218663093
test/masks_pixel_gt/Sunflower_640x480_DPI120/GT_Sunflower_T008_L088_2017.08.08_074614_EED_DPI120.png,sunflower_640x480_DPI120,sunflower,20610,thin_dropout,0.05,True,0.5987654320986167,0.9572783213961464,0.08194263048420646,20673.0,0.014901709540338015,246616.0,0.0041841004184100415,478.0,0.006600660066006601,606.0,0.1681127982646421,1844.0,0.10358395657569956,11.210954446854664,0.28,50.0,0.7603305785123967,121.0,1.3333333333333333,6.0,0.0,0.0,0.008464655757831346,1.4510192574216685,0.04063929394650495,5.356441218663093
test/masks_pixel_gt/Sunflower_640x480_DPI120/GT_Sunflower_T008_L088_2017.08.08_074614_EED_DPI120.png,sunflower_640x480_DPI120,sunflower,20610,speckle,0.01,True,0.0015625,0.9892807580035412,0.021670778309872782,20673.0,0.2212792357349077,246616.0,0.0041841004184100415,478.0,0.056105610561056105,606.0,0.24566160520607375,1844.0,0.17981675437378963,11.210954446854664,0.04,50.0,0.04132231404958678,121.0,73.66666666666667,6.0,0.0,0.0,0.05175498051902524,1.4510192574216685,0.03510913756150181,5.356441218663093
test/masks_pixel_gt/Sunflower_640x480_DPI120/GT_Sunflower_T008_L088_2017.08.08_074614_EED_DPI120.png,sunflower_640x480_DPI120,sunflower,20610,speckle,0.05,True,0.0078125,0.9486508810572687,0.10825714700333769,20673.0,0.24024799688584683,246616.0,0.0041841004184100415,478.0,0.056105610561056105,606.0,1.2440347071583515,1844.0,0.5061319045253373,11.210954446854664,2.88,50.0,0.35537190082644626,121.0,354.8333333333333,6.0,0.0,0.0,0.05325951527928243,1.4510192574216685,0.15789168212651958,5.356441218663093
test/masks_pixel_gt/Sunflower_640x480_DPI120/GT_Sunflower_T008_L088_2017.08.08_074614_EED_DPI120.png,sunflower_640x480_DPI120,sunflower,20610,blob,0.01,True,0.09375,0.9894701574690088,0.02128380012576791,20673.0,0.0,246616.0,0.0,478.0,0.0,606.0,0.0021691973969631237,1844.0,0.019073229129824638,11.210954446854664,0.0,50.0,0.0,121.0,0.6666666666666666,6.0,0.0,0.0,0.00012989921626587814,1.4510192574216685,0.028040628329503013,5.356441218663093
test/masks_pixel_gt/Sunflower_640x480_DPI120/GT_Sunflower_T008_L088_2017.08.08_074614_EED_DPI120.png,sunflower_640x480_DPI120,sunflower,20610,blob,0.05,True,0.515625,0.9493043118886899,0.10680597881294442,20673.0,0.05663460602718396,246616.0,0.0,478.0,0.0,606.0,0.020065075921908895,1844.0,0.08503467566776676,11.210954446854664,0.08,50.0,0.06611570247933884,121.0,2.8333333333333335,6.0,0.0,0.0,0.02024329437138313,1.4510192574216685,0.13538643639438003,5.356441218663093
test/masks_pixel_gt/Sunflower_640x480_DPI120/GT_Sunflower_T008_L094_2017.07.18_072842_EED_DPI120.png,sunflower_640x480_DPI120,sunflower,16131,boundary_erode,0.01,True,-0.09375,0.9902294365537693,0.019352046494373686,16174.0,0.0006335384791265744,209932.0,0.0,472.0,0.0,598.0,0.034944670937682006,1717.0,0.05246340114284737,9.41991846243448,0.34375,32.0,0.4810126582278481,79.0,0.0,3.0,0.0,1.0,0.001079763627574539,1.4203921109650322,0.002704585196853373,5.59355659872619
test/masks_pixel_gt/Sunflower_640x480_DPI120/GT_Sunflower_T008_L094_2017.07.18_072842_EED_DPI120.png,sunflower_640x480_DPI120,sunflower,16131,boundary_erode,0.05,True,-0.46875,0.9492285203833035,0.09663657722270311,16174.0,0.0022435836366061393,209932.0,0.0,472.0,0.0016722408026755853,598.0,0.14269073966220153,1717.0,0.20944189760009235,9.41991846243448,1.65625,32.0,2.037974683544304,79.0,0.0,3.0,0.0,1.0,0.007956639784914118,1.4203921109650322,0.01445490154585535,5.59355659872619
test/masks_pixel_gt/Sunflower_640x480_DPI120/GT_Sunflower_T008_L094_2017.07.18_072842_EED_DPI120.png,sunflower_640x480_DPI120,sunflower,16131,boundary_dilate,0.01,True,0.09375,0.9905683488486037,0.01904290837146037,16174.0,0.0006144846902806623,209932.0,0.0,472.0,0.0,598.0,0.12055911473500291,1717.0,0.09059424445228827,9.41991846243448,0.9375,32.0,2.1392405063291138,79.0,0.0,3.0,10.0,1.0,0.004718248791067611,1.4203921109650322,0.003600478927396705,5.59355659872619
test/masks_pixel_gt/Sunflower_640x480_DPI120/GT_Sunflower_T008_L094_2017.07.18_072842_EED_DPI120.png,sunflower_640x480_DPI120,sunflower,16131,boundary_dilate,0.05,True,0.515625,0.9501821172600164,0.10485965129219735,16174.0,0.004882533391764953,209932.0,0.00211864406779661,472.0,0.0016722408026755853,598.0,0.19510774606872452,1717.0,0.07551460951817597,9.41991846243448,1.09375,32.0,3.607594936708861,79.0,0.3333333333333333,3.0,33.0,1.0,0.017305325213678027,1.4203921109650322,0.01594900587656332,5.59355659872619
test/masks_pixel_gt/Sunflower_640x480_DPI120/GT_Sunflower_T008_L094_2017.07.18_072842_EED_DPI120.png,sunflower_640x480_DPI120,sunflower,16131,junction_break,0.01,True,0.125,0.9911112497270997,0.017620873006059107,16174.0,0.0,209932.0,0.0,472.0,0.0,598.0,0.04717530576587071,1717.0,0.06187710731446251,9.41991846243448,0.0625,32.0,0.4177215189873418,79.0,1.3333333333333333,3.0,5.0,1.0,0.0010417771416183455,1.4203921109650322,0.002841944749062524,5.59355659872619
test/masks_pixel_gt/Sunflower_640x480_DPI120/GT_Sunflower_T008_L094_2017.07.18_072842_EED_DPI120.png,sunflower_640x480_DPI120,sunflower,16131,junction_break,0.05,False,,,,,,,,,,,,,,,,,,,,,,,,,,
test/masks_pixel_gt/Sunflower_640x480_DPI120/GT_Sunflower_T008_L094_2017.07.18_072842_EED_DPI120.png,sunflower_640x480_DPI120,sunflower,16131,thin_dropout,0.01,True,0.3375,0.9887457796673753,0.022257944849758873,16174.0,0.004920640969456777,209932.0,0.0,472.0,0.0033444816053511705,598.0,0.0425160163075131,1717.0,0.02115760869401699,9.41991846243448,0.28125,32.0,0.45569620253164556,79.0,0.6666666666666666,3.0,0.0,1.0,0.0034477759885570003,1.4203921109650322,0.006706504929741418,5.59355659872619
test/masks_pixel_gt/Sunflower_640x480_DPI120/GT_Sunflower_T008_L094_2017.07.18_072842_EED_DPI120.png,sunflower_640x480_DPI120,sunflower,16131,thin_dropout,0.05,True,0.4999999999996817,0.9581629037972238,0.08031408433287993,16174.0,0.007007030848084141,209932.0,0.0,472.0,0.005016722408026756,598.0,0.10425160163075131,1717.0,0.02672348322525681,9.41991846243448,0.25,32.0,0.6329113924050633,79.0,1.6666666666666667,3.0,0.0,1.0,0.013994421269865222,1.4203921109650322,0.0020782399552094137,5.59355659872619
test/masks_pixel_gt/Sunflower_640x480_DPI120/GT_Sunflower_T008_L094_2017.07.18_072842_EED_DPI120.png,sunflower_640x480_DPI120,sunflower,16131,speckle,0.01,True,0.0011718750000000002,0.9895683563278167,0.021083219982688264,16174.0,0.4120334203456357,209932.0,0.01059322033898305,472.0,0.06856187290969899,598.0,0.19743739079790332,1717.0,0.14727631872068309,9.41991846243448,0.15625,32.0,0.0379746835443038,79.0,111.0,3.0,0.0,1.0,0.08090962698817392,1.4203921109650322,0.033219699073115276,5.59355659872619
test/masks_pixel_gt/Sunflower_640x480_DPI120/GT_Sunflower_T008_L094_2017.07.18_072842_EED_DPI120.png,sunflower_640x480_DPI120,sunflower,16131,speckle,0.05,True,0.005859375,0.949930989927466,0.10541609991344132,16174.0,0.451169902635139,209932.0,0.01694915254237288,472.0,0.07023411371237458,598.0,0.9976703552708212,1717.0,0.4466473925506184,9.41991846243448,2.40625,32.0,0.25316455696202533,79.0,550.3333333333334,3.0,1.0,1.0,0.025341116479470214,1.4203921109650322,0.15166766465713233,5.59355659872619
test/masks_pixel_gt/Sunflower_640x480_DPI120/GT_Sunflower_T008_L094_2017.07.18_072842_EED_DPI120.png,sunflower_640x480_DPI120,sunflower,16131,blob,0.01,True,0.0703125,0.9885401705222626,0.023185359218498826,16174.0,0.008455118800373454,209932.0,0.0,472.0,0.06354515050167224,598.0,0.0128130460104834,1717.0,0.010241093604463656,9.41991846243448,0.03125,32.0,0.10126582278481013,79.0,0.6666666666666666,3.0,2.0,1.0,0.004893967104548701,1.4203921109650322,0.012581097216234648,5.59355659872619
test/masks_pixel_gt/Sunflower_640x480_DPI120/GT_Sunflower_T008_L094_2017.07.18_072842_EED_DPI120.png,sunflower_640x480_DPI120,sunflower,16131,blob,0.05,True,0.46875,0.9501821172600164,0.10485965129219735,16174.0,0.14371320237029134,209932.0,0.0,472.0,0.05351170568561873,598.0,0.0361094933022714,1717.0,0.06635414348999585,9.41991846243448,0.4375,32.0,0.06329113924050633,79.0,5.333333333333333,3.0,1.0,1.0,0.03632784466663751,1.4203921109650322,0.108224382737521,5.59355659872619
test/masks_pixel_gt/Sunflower_640x480_DPI120/GT_Sunflower_T009_L043_2017.07.18_101903_EED_DPI120.png,sunflower_640x480_DPI120,sunflower,21861,boundary_erode,0.01,True,-0.09375,0.9909308535125679,0.01797527259455267,21919.0,0.0013778413027727076,252569.0,0.0,467.0,0.0016638935108153079,601.0,0.029802842732691424,2181.0,0.04639540050254644,10.04997707473636,0.2037037037037037,54.0,0.3162393162393162,117.0,0.0,6.0,0.0,0.0,0.0012659423584794433,1.4291260563182786,0.0021182141129818554,4.065340807154839
test/masks_pixel_gt/Sunflower_640x480_DPI120/GT_Sunflower_T009_L043_2017.07.18_101903_EED_DPI120.png,sunflower_640x480_DPI120,sunflower,21861,boundary_erode,0.05,True,-0.4921875,0.9504405286343612,0.0944386149003148,21919.0,0.005471772070206557,252569.0,0.0021413276231263384,467.0,0.0016638935108153079,601.0,0.10866574965612105,2181.0,0.18319711294358412,10.04997707473636,0.9259259259259259,54.0,1.4188034188034189,117.0,0.6666666666666666,6.0,0.0,0.0,0.009698755480262332,1.4291260563182786,0.01492996753020647,4.065340807154839
test/masks_pixel_gt/Sunflower_640x480_DPI120/GT_Sunflower_T009_L043_2017.07.18_101903_EED_DPI120.png,sunflower_640x480_DPI120,sunflower,21861,boundary_dilate,0.01,True,0.09375,0.9910924217760897,0.01797527259455267,21919.0,0.001924226646975678,252569.0,0.0021413276231263384,467.0,0.0,601.0,0.09720311783585511,2181.0,0.07220891369464304,10.04997707473636,0.6851851851851852,54.0,1.2393162393162394,117.0,0.0,6.0,7.0,0.0,0.004006825126865283,1.4291260563182786,0.003201885635567339,4.065340807154839
test/masks_pixel_gt/Sunflower_640x480_DPI120/GT_Sunflower_T009_L043_2017.07.18_101903_EED_DPI120.png,sunflower_640x480_DPI120,sunflower,21861,boundary_dilate,0.05,True,0.5625,0.9488949977272235,0.10771476800948948,21919.0,0.004735339649759075,252569.0,0.004282655246252677,467.0,0.0016638935108153079,601.0,0.16185236130215497,2181.0,0.046595931717167846,10.04997707473636,0.3888888888888889,54.0,2.0085470085470085,117.0,0.0,6.0,32.0,0.0,0.01958468966326861,1.4291260563182786,0.017760156993182404,4.065340807154839
test/masks_pixel_gt/Sunflower_640x480_DPI120/GT_Sunflower_T009_L043_2017.07.18_101903_EED_DPI120.png,sunflower_640x480_DPI120,sunflower,21861,junction_break,0.01,True,0.125,0.9910469746139151,0.0177471599981751,21919.0,0.0,252569.0,0.0,467.0,0.0,601.0,0.0651077487391105,2181.0,0.07779016614551011,10.04997707473636,0.0,54.0,0.39316239316239315,117.0,0.3333333333333333,6.0,8.0,0.0,0.0009685513716829786,1.4291260563182786,0.001380893251838924,4.065340807154839
test/masks_pixel_gt/Sunflower_640x480_DPI120/GT_Sunflower_T009_L043_2017.07.18_101903_EED_DPI120.png,sunflower_640x480_DPI120,sunflower,21861,junction_break,0.05,False,,,,,,,,,,,,,,,,,,,,,,,,,,
test/masks_pixel_gt/Sunflower_640x480_DPI120/GT_Sunflower_T009_L043_2017.07.18_101903_EED_DPI120.png,sunflower_640x480_DPI120,sunflower,21861,thin_dropout,0.01,True,0.225,0.9907217681593186,0.0183858752680323,21919.0,0.0015520511226635098,252569.0,0.0,467.0,0.0033277870216306157,601.0,0.048601558917927556,2181.0,0.03175923182670919,10.04997707473636,0.25925925925925924,54.0,0.42735042735042733,117.0,0.16666666666666666,6.0,0.0,0.0,0.0031988145158576694,1.4291260563182786,0.003612847045280238,4.065340807154839
test/masks_pixel_gt/Sunflower_640x480_DPI120/GT_Sunflower_T009_L043_2017.07.18_101903_EED_DPI120.png,sunflower_640x480_DPI120,sunflower,21861,thin_dropout,0.05,True,0.5561797752812252,0.9366161309884778,0.11921164286691911,21919.0,0.007257422724087279,252569.0,0.0,467.0,0.0033277870216306157,601.0,0.19944979367262725,2181.0,0.10022875538788624,10.04997707473636,0.46296296296296297,54.0,0.9572649572649573,117.0,1.1666666666666667,6.0,0.0,0.0,0.02174422367379216,1.4291260563182786,0.05994734890992316,4.065340807154839
test/masks_pixel_gt/Sunflower_640x480_DPI120/GT_Sunflower_T009_L043_2017.07.18_101903_EED_DPI120.png,sunflower_640x480_DPI120,sunflower,21861,speckle,0.01,True,0.0015625,0.9899286423990606,0.02034764359687942,21919.0,0.19444191488266574,252569.0,0.027837259100642397,467.0,0.0632279534109817,601.0,0.20816139385602933,2181.0,0.15545418949343676,10.04997707473636,0.12962962962962962,54.0,0.10256410256410256,117.0,72.5,6.0,0.0,0.0,0.027160262465722847,1.4291260563182786,0.031197747135650315,4.065340807154839
test/masks_pixel_gt/Sunflower_640x480_DPI120/GT_Sunflower_T009_L043_2017.07.18_101903_EED_DPI120.png,sunflower_640x480_DPI120,sunflower,21861,speckle,0.05,True,0.008203125,0.9493265191216597,0.10675669510470367,21919.0,0.20813718231453582,252569.0,0.027837259100642397,467.0,0.064891846921797,601.0,1.0852819807427785,2181.0,0.4692532207512404,10.04997707473636,2.814814814814815,54.0,0.3333333333333333,117.0,370.0,6.0,2.0,0.0,0.08033163493683146,1.4291260563182786,0.14209245080015148,4.065340807154839
test/masks_pixel_gt/Sunflower_640x480_DPI120/GT_Sunflower_T009_L043_2017.07.18_101903_EED_DPI120.png,sunflower_640x480_DPI120,sunflower,21861,blob,0.01,True,0.1875,0.9890799151662831,0.022081299329348967,21919.0,0.0626640640775392,252569.0,0.02569593147751606,467.0,0.0,601.0,0.012838147638697846,2181.0,0.00912599087248075,10.04997707473636,0.1111111111111111,54.0,0.05982905982905983,117.0,0.8333333333333334,6.0,0.0,0.0,0.004794913084903869,1.4291260563182786,0.01938706242455387,4.065340807154839
test/masks_pixel_gt/Sunflower_640x480_DPI120/GT_Sunflower_T009_L043_2017.07.18_101903_EED_DPI120.png,sunflower_640x480_DPI120,sunflower,21861,blob,0.05,True,0.703125,0.950252530726378,0.10470368173730553,21919.0,0.10973634927485162,252569.0,0.006423982869379015,467.0,0.04658901830282862,601.0,0.02246675836772123,2181.0,0.08042992370810009,10.04997707473636,0.16666666666666666,54.0,0.02564102564102564,117.0,3.8333333333333335,6.0,0.0,0.0,0.010227093977602245,1.4291260563182786,0.11966478285836907,4.065340807154839
test/masks_pixel_gt/Sunflower_640x480_DPI120/GT_Sunflower_T009_L043_2017.08.08_105209_EED_DPI120.png,sunflower_640x480_DPI120,sunflower,9135,boundary_erode,0.01,True,-0.09375,0.9894342945190403,0.020910477020257025,9182.0,0.0018358392539149272,108942.0,0.0,378.0,0.0017730496453900709,564.0,0.0037002775208140612,1081.0,0.02452002364875365,8.493987049028677,0.07692307692307693,26.0,0.029411764705882353,68.0,0.0,3.0,1.0,1.0,0.0012410454053659581,1.3118360875861206,0.003756531448149952,8.426206453606696
test/masks_pixel_gt/Sunflower_640x480_DPI120/GT_Sunflower_T009_L043_2017.08.08_105209_EED_DPI120.png,sunflower_640x480_DPI120,sunflower,9135,boundary_erode,0.05,True,-0.421875,0.9507484858873272,0.0938793291221956,9182.0,0.0017073305061408822,108942.0,0.0,378.0,0.0,564.0,0.0851063829787234,1081.0,0.16494761703418026,8.493987049028677,0.8461538461538461,26.0,0.9852941176470589,68.0,0.6666666666666666,3.0,1.0,1.0,0.007718119180976556,1.3118360875861206,0.01390739567122182,8.426206453606696
test/masks_pixel_gt/Sunflower_640x480_DPI120/GT_Sunflower_T009_L043_2017.08.08_105209_EED_DPI120.png,sunflower_640x480_DPI120,sunflower,9135,boundary_dilate,0.01,True,0.09375,0.9897062786310967,0.02080156828577652,9182.0,0.0037267536854473024,108942.0,0.0026455026455026454,378.0,0.0017730496453900709,564.0,0.04717853839037928,1081.0,0.02518860837727519,8.493987049028677,0.11538461538461539,26.0,0.4411764705882353,68.0,0.0,3.0,5.0,1.0,0.005608211050620642,1.3118360875861206,0.0034918556452861143,8.426206453606696
test/masks_pixel_gt/Sunflower_640x480_DPI120/GT_Sunflower_T009_L043_2017.08.08_105209_EED_DPI120.png,sunflower_640x480_DPI120,sunflower,9135,boundary_dilate,0.05,True,0.46875,0.9505667995237849,0.1040078414288826,9182.0,0.00859172770832186,108942.0,0.005291005291005291,378.0,0.0035460992907801418,564.0,0.14061054579093432,1081.0,0.0320904488364785,8.493987049028677,0.6923076923076923,26.0,1.5441176470588236,68.0,0.0,3.0,9.0,1.0,0.017980731732598478,1.3118360875861206,0.018331589744081604,8.426206453606696
test/masks_pixel_gt/Sunflower_640x480_DPI120/GT_Sunflower_T009_L043_2017.08.08_105209_EED_DPI120.png,sunflower_640x480_DPI120,sunflower,9135,junction_break,0.01,True,0.125,0.9894899026027624,0.02080156828577652,9182.0,0.0,108942.0,0.0,378.0,0.0,564.0,0.06382978723404255,1081.0,0.07955347418862987,8.493987049028677,0.038461538461538464,26.0,0.4117647058823529,68.0,0.0,3.0,5.0,1.0,0.0010605017456387874,1.3118360875861206,0.009197506382622817,8.426206453606696
test/masks_pixel_gt/Sunflower_640x480_DPI120/GT_Sunflower_T009_L043_2017.08.08_105209_EED_DPI120.png,sunflower_640x480_DPI120,sunflower,9135,junction_break,0.05,False,,,,,,,,,,,,,,,,,,,,,,,,,,
test/masks_pixel_gt/Sunflower_640x480_DPI120/GT_Sunflower_T009_L043_2017.08.08_105209_EED_DPI120.png,sunflower_640x480_DPI120,sunflower,9135,thin_dropout,0.01,True,0.225,0.9897678512487622,0.020257024613373992,9182.0,0.0036257825264819814,108942.0,0.0,378.0,0.0,564.0,0.0425531914893617,1081.0,0.023287107626031544,8.493987049028677,0.38461538461538464,26.0,0.45588235294117646,68.0,0.0,3.0,0.0,1.0,0.002767963375577655,1.3118360875861206,0.0007737829952430218,8.426206453606696
test/masks_pixel_gt/Sunflower_640x480_DPI120/GT_Sunflower_T009_L043_2017.08.08_105209_EED_DPI120.png,sunflower_640x480_DPI120,sunflower,9135,thin_dropout,0.05,True,0.6477272727268883,0.9593108919868526,0.07819647135700283,9182.0,0.028042444603550515,108942.0,0.007936507936507936,378.0,0.0070921985815602835,564.0,0.1322849213691027,1081.0,0.06233434377727066,8.493987049028677,0.46153846153846156,26.0,0.9117647058823529,68.0,0.6666666666666666,3.0,1.0,1.0,0.014189291060313533,1.3118360875861206,0.009234904809582153,8.426206453606696
test/masks_pixel_gt/Sunflower_640x480_DPI120/GT_Sunflower_T009_L043_2017.08.08_105209_EED_DPI120.png,sunflower_640x480_DPI120,sunflower,9135,speckle,0.01,True,0.0005859375000000001,0.9905604401531906,0.019059028534088435,9182.0,1.6821336123808999,108942.0,0.2619047619047619,378.0,0.12588652482269502,564.0,0.16558741905642924,1081.0,0.1257120556782939,8.493987049028677,0.11538461538461539,26.0,0.07352941176470588,68.0,57.333333333333336,3.0,0.0,1.0,0.13007856904552492,1.3118360875861206,0.029662604393439457,8.426206453606696
test/masks_pixel_gt/Sunflower_640x480_DPI120/GT_Sunflower_T009_L043_2017.08.08_105209_EED_DPI120.png,sunflower_640x480_DPI120,sunflower,9135,speckle,0.05,True,0.0033203125000000003,0.9488477834039475,0.10781964713570029,9182.0,1.7916964990545428,108942.0,0.2698412698412698,378.0,0.1347517730496454,564.0,0.9222941720629048,1081.0,0.42369921147560535,8.493987049028677,1.2307692307692308,26.0,0.058823529411764705,68.0,323.6666666666667,3.0,0.0,1.0,0.014514357422729208,1.3118360875861206,0.15542170981745435,8.426206453606696
test/masks_pixel_gt/Sunflower_640x480_DPI120/GT_Sunflower_T009_L043_2017.08.08_105209_EED_DPI120.png,sunflower_640x480_DPI120,sunflower,9135,blob,0.01,True,0.037500000000818545,0.9868343274759525,0.026682639947723807,9182.0,0.015356795358998367,108942.0,0.0,378.0,0.0,564.0,0.009250693802035153,1081.0,0.017272166620980297,8.493987049028677,0.038461538461538464,26.0,0.058823529411764705,68.0,0.3333333333333333,3.0,0.0,1.0,0.008430849046011473,1.3118360875861206,0.02199420691966792,8.426206453606696
test/masks_pixel_gt/Sunflower_640x480_DPI120/GT_Sunflower_T009_L043_2017.08.08_105209_EED_DPI120.png,sunflower_640x480_DPI120,sunflower,9135,blob,0.05,True,0.28125,0.9495346432264736,0.1062949248529732,9182.0,1.2542361990784088,108942.0,0.2698412698412698,378.0,0.10460992907801418,564.0,0.018501387604070305,1081.0,0.08619874093193827,8.493987049028677,0.23076923076923078,26.0,0.0,68.0,3.6666666666666665,3.0,0.0,1.0,0.04558518057227049,1.3118360875861206,0.10993571337134896,8.426206453606696
test/masks_pixel_gt/Sunflower_640x480_DPI120/GT_Sunflower_T010_L031_2017.08.08_110001_EED_DPI120.png,sunflower_640x480_DPI120,sunflower,3501,boundary_erode,0.01,True,-0.09375,0.9903804737975592,0.019055745164960183,3516.0,0.0004130524576621231,9684.0,0.0,131.0,0.0,307.0,0.027247956403269755,367.0,0.04507548667252099,9.580381471389646,0.18181818181818182,11.0,0.21428571428571427,28.0,0.0,1.0,0.0,0.0,0.0018504507488321682,1.3391983724191159,0.0023969497978828564,22.059209486742404
test/masks_pixel_gt/Sunflower_640x480_DPI120/GT_Sunflower_T010_L031_2017.08.08_110001_EED_DPI120.png,sunflower_640x480_DPI120,sunflower,3501,boundary_erode,0.05,True,-0.46875,0.9502910882221227,0.0947098976109215,3516.0,0.028810408921933085,9684.0,0.007633587786259542,131.0,0.003257328990228013,307.0,0.05994550408719346,367.0,0.14590882371004685,9.580381471389646,0.45454545454545453,11.0,0.5357142857142857,28.0,3.0,1.0,0.0,0.0,0.009373451544309866,1.3391983724191159,0.012552036121823344,22.059209486742404
test/masks_pixel_gt/Sunflower_640x480_DPI120/GT_Sunflower_T010_L031_2017.08.08_110001_EED_DPI120.png,sunflower_640x480_DPI120,sunflower,3501,boundary_dilate,0.01,True,0.09375,0.9907016060862215,0.01877133105802048,3516.0,0.026022304832713755,9684.0,0.007633587786259542,131.0,0.0,307.0,0.07629427792915532,367.0,0.05344537089039619,9.580381471389646,0.18181818181818182,11.0,0.6428571428571429,28.0,0.0,1.0,2.0,0.0,0.005525509672750102,1.3391983724191159,0.0033848924041678884,22.059209486742404
test/masks_pixel_gt/Sunflower_640x480_DPI120/GT_Sunflower_T010_L031_2017.08.08_110001_EED_DPI120.png,sunflower_640x480_DPI120,sunflower,3501,boundary_dilate,0.05,True,0.515625,0.950784207679827,0.10352673492605233,3516.0,0.0604089219330855,9684.0,0.015267175572519083,131.0,0.003257328990228013,307.0,0.2561307901907357,367.0,0.12148739323674368,9.580381471389646,0.36363636363636365,11.0,3.0,28.0,0.0,1.0,12.0,0.0,0.019961773796012477,1.3391983724191159,0.01454063770823979,22.059209486742404
test/masks_pixel_gt/Sunflower_640x480_DPI120/GT_Sunflower_T010_L031_2017.08.08_110001_EED_DPI120.png,sunflower_640x480_DPI120,sunflower,3501,junction_break,0.01,True,0.08928571428577925,0.9874730021598273,0.024744027303754267,3516.0,0.0,9684.0,0.0,131.0,0.0,307.0,0.09264305177111716,367.0,0.1074340599014409,9.580381471389646,0.2727272727272727,11.0,0.2857142857142857,28.0,0.0,1.0,3.0,0.0,0.0012309583812716888,1.3391983724191159,0.0005228843576808648,22.059209486742404
test/masks_pixel_gt/Sunflower_640x480_DPI120/GT_Sunflower_T010_L031_2017.08.08_110001_EED_DPI120.png,sunflower_640x480_DPI120,sunflower,3501,junction_break,0.05,True,0.75,0.9490360185323569,0.09698521046643914,3516.0,0.0,9684.0,0.0,131.0,0.0,307.0,0.3215258855585831,367.0,0.3166877778168726,9.580381471389646,0.5454545454545454,11.0,1.5714285714285714,28.0,0.0,1.0,9.0,0.0,0.005856105467276343,1.3391983724191159,0.012706382434375515,22.059209486742404
test/masks_pixel_gt/Sunflower_640x480_DPI120/GT_Sunflower_T010_L031_2017.08.08_110001_EED_DPI120.png,sunflower_640x480_DPI120,sunflower,3501,thin_dropout,0.01,True,0.16875,0.9886379979864807,0.022468714448236633,3516.0,0.0,9684.0,0.0,131.0,0.0,307.0,0.04904632152588556,367.0,0.027948371912599235,9.580381471389646,0.2727272727272727,11.0,0.17857142857142858,28.0,0.0,1.0,0.0,0.0,0.0036713932866500585,1.3391983724191159,0.004666718712329073,22.059209486742404
test/masks_pixel_gt/Sunflower_640x480_DPI120/GT_Sunflower_T010_L031_2017.08.08_110001_EED_DPI120.png,sunflower_640x480_DPI120,sunflower,3501,thin_dropout,0.05,True,0.4999999999996817,0.9527922561429635,0.09015927189988623,3516.0,0.09489880214787277,9684.0,0.030534351145038167,131.0,0.0,307.0,0.1880108991825613,367.0,0.12050854769376428,9.580381471389646,0.5454545454545454,11.0,0.8571428571428571,28.0,1.0,1.0,0.0,0.0,0.00367439125455827,1.3391983724191159,0.02848887913669113,22.059209486742404
test/masks_pixel_gt/Sunflower_640x480_DPI120/GT_Sunflower_T010_L031_2017.08.08_110001_EED_DPI120.png,sunflower_640x480_DPI120,sunflower,3501,speckle,0.01,True,0.000244140625,0.9895862651280608,0.02104664391353811,3516.0,25.448368442792233,9684.0,2.549618320610687,131.0,1.0716612377850163,307.0,0.2016348773841962,367.0,0.1502854459948561,9.580381471389646,0.0,11.0,0.0,28.0,74.0,1.0,0.0,0.0,0.3284031759343654,1.3391983724191159,0.0353920472118258,22.059209486742404
test/masks_pixel_gt/Sunflower_640x480_DPI120/GT_Sunflower_T010_L031_2017.08.08_110001_EED_DPI120.png,sunflower_640x480_DPI120,sunflower,3501,speckle,0.05,True,0.0012207031250000002,0.9498851816831014,0.10551763367463027,3516.0,29.23822800495663,9684.0,2.648854961832061,131.0,1.0651465798045603,307.0,1.013623978201635,367.0,0.4509810939667263,9.580381471389646,0.36363636363636365,11.0,0.0,28.0,367.0,1.0,0.0,0.0,0.25240807642134394,1.3391983724191159,0.16082964948172596,22.059209486742404
test/masks_pixel_gt/Sunflower_640x480_DPI120/GT_Sunflower_T010_L031_2017.08.08_110001_EED_DPI120.png,sunflower_640x480_DPI120,sunflower,3501,blob,0.01,True,1.3642420526593924e-12,0.9792508007241332,0.042377701934015924,3516.0,0.656237092110698,9684.0,0.29770992366412213,131.0,0.6319218241042345,307.0,0.0027247956403269754,367.0,0.03954515383093434,9.580381471389646,0.0,11.0,0.0,28.0,1.0,1.0,0.0,0.0,0.04162259810145416,1.3391983724191159,0.06439503097640939,22.059209486742404
test/masks_pixel_gt/Sunflower_640x480_DPI120/GT_Sunflower_T010_L031_2017.08.08_110001_EED_DPI120.png,sunflower_640x480_DPI120,sunflower,3501,blob,0.05,True,0.08750000000009095,0.9371002132196162,0.1342434584755404,3516.0,8.876910367616688,9684.0,2.3587786259541983,131.0,0.34527687296416937,307.0,0.010899182561307902,367.0,0.12201441849197647,9.580381471389646,0.0,11.0,0.0,28.0,4.0,1.0,0.0,0.0,0.07713390867531053,1.3391983724191159,0.15338203334032086,22.059209486742404
test/masks_pixel_gt/Sunflower_640x480_DPI120/GT_Sunflower_T010_L080_2017.08.08_110306_EED_DPI120.png,sunflower_640x480_DPI120,sunflower,10967,boundary_erode,0.01,True,-0.0703125,0.991243753724843,0.017360479912743136,11002.0,0.0,151058.0,0.0,475.0,0.0,605.0,0.00724112961622013,1381.0,0.024424746771745758,7.966690803765387,0.1875,16.0,0.21428571428571427,42.0,1.0,1.0,0.0,0.0,0.001430757802736223,1.351799722383067,0.0016197058511774104,6.18556783958408
test/masks_pixel_gt/Sunflower_640x480_DPI120/GT_Sunflower_T010_L080_2017.08.08_110306_EED_DPI120.png,sunflower_640x480_DPI120,sunflower,10967,boundary_erode,0.05,True,-0.375,0.9514914705041456,0.09252863115797128,11002.0,0.0008539766182525917,151058.0,0.0,475.0,0.001652892561983471,605.0,0.09341057204923968,1381.0,0.17005433088023736,7.966690803765387,2.0,16.0,2.4761904761904763,42.0,1.0,1.0,0.0,0.0,0.007716830365158845,1.351799722383067,0.011202844951204088,6.18556783958408
test/masks_pixel_gt/Sunflower_640x480_DPI120/GT_Sunflower_T010_L080_2017.08.08_110306_EED_DPI120.png,sunflower_640x480_DPI120,sunflower,10967,boundary_dilate,0.01,True,0.09375,0.9886327896841444,0.022995818942010544,11002.0,0.0034423863681499823,151058.0,0.0,475.0,0.0,605.0,0.0832729905865315,1381.0,0.05564356553548358,7.966690803765387,1.5,16.0,1.8571428571428572,42.0,0.0,1.0,4.0,0.0,0.006259212246555724,1.351799722383067,0.003177076375242578,6.18556783958408
test/masks_pixel_gt/Sunflower_640x480_DPI120/GT_Sunflower_T010_L080_2017.08.08_110306_EED_DPI120.png,sunflower_640x480_DPI120,sunflower,10967,boundary_dilate,0.05,True,0.421875,0.9507842544181826,0.10352663152154154,11002.0,0.003541685974923539,151058.0,0.002105263157894737,475.0,0.0,605.0,0.16437364228819695,1381.0,0.05225728971937265,7.966690803765387,3.25,16.0,4.071428571428571,42.0,0.0,1.0,9.0,0.0,0.021117337475430736,1.351799722383067,0.013943591531251477,6.18556783958408
test/masks_pixel_gt/Sunflower_640x480_DPI120/GT_Sunflower_T010_L080_2017.08.08_110306_EED_DPI120.png,sunflower_640x480_DPI120,sunflower,10967,junction_break,0.01,True,0.25,0.9904106446432668,0.018996546082530447,11002.0,0.0,151058.0,0.0,475.0,0.0,605.0,0.036929761042722664,1381.0,0.05393451825417221,7.966690803765387,0.125,16.0,0.3333333333333333,42.0,1.0,1.0,2.0,0.0,0.0009085082294160189,1.351799722383067,0.01305625683684373,6.18556783958408
test/masks_pixel_gt/Sunflower_640x480_DPI120/GT_Sunflower_T010_L080_2017.08.08_110306_EED_DPI120.png,sunflower_640x480_DPI120,sunflower,10967,junction_break,0.05,False,,,,,,,,,,,,,,,,,,,,,,,,,,
test/masks_pixel_gt/Sunflower_640x480_DPI120/GT_Sunflower_T010_L080_2017.08.08_110306_EED_DPI120.png,sunflower_640x480_DPI120,sunflower,10967,thin_dropout,0.01,True,0.45,0.9910587372185795,0.017724050172695873,11002.0,0.007440850534231884,151058.0,0.00631578947368421,475.0,0.0,605.0,0.041274438812454746,1381.0,0.024564264887845074,7.966690803765387,0.625,16.0,0.7619047619047619,42.0,0.0,1.0,0.0,0.0,0.0023464393664832483,1.351799722383067,0.003344490842879673,6.18556783958408
test/masks_pixel_gt/Sunflower_640x480_DPI120/GT_Sunflower_T010_L080_2017.08.08_110306_EED_DPI120.png,sunflower_640x480_DPI120,sunflower,10967,thin_dropout,0.05,True,0.6111111111110861,0.9731672033226002,0.05226322486820578,11002.0,0.11857035046141218,151058.0,0.13052631578947368,475.0,0.0,605.0,0.10427226647356988,1381.0,0.058063449035576135,7.966690803765387,0.375,16.0,0.8809523809523809,42.0,3.0,1.0,0.0,0.0,0.009952706343074824,1.351799722383067,0.02294163412806766,6.18556783958408
test/masks_pixel_gt/Sunflower_640x480_DPI120/GT_Sunflower_T010_L080_2017.08.08_110306_EED_DPI120.png,sunflower_640x480_DPI120,sunflower,10967,speckle,0.01,True,0.00078125,0.9896109736901282,0.020996182512270496,11002.0,0.9047716771041586,151058.0,0.002105263157894737,475.0,0.05454545454545454,605.0,0.166545981173063,1381.0,0.12476987706427957,7.966690803765387,0.125,16.0,0.0,42.0,229.0,1.0,0.0,0.0,0.10712445665465146,1.351799722383067,0.03357570574132139,6.18556783958408
test/masks_pixel_gt/Sunflower_640x480_DPI120/GT_Sunflower_T010_L080_2017.08.08_110306_EED_DPI120.png,sunflower_640x480_DPI120,sunflower,10967,speckle,0.05,True,0.00390625,0.9500453348301023,0.10516269769132885,11002.0,1.0068913927100849,151058.0,0.010526315789473684,475.0,0.05785123966942149,605.0,0.8385228095582911,1381.0,0.3988855118110575,7.966690803765387,2.4375,16.0,0.07142857142857142,42.0,1131.0,1.0,0.0,0.0,0.0009024741982137533,1.351799722383067,0.14866690924610942,6.18556783958408
test/masks_pixel_gt/Sunflower_640x480_DPI120/GT_Sunflower_T010_L080_2017.08.08_110306_EED_DPI120.png,sunflower_640x480_DPI120,sunflower,10967,blob,0.01,True,0.06250000000045475,0.9876565375465686,0.024995455371750592,11002.0,0.0,151058.0,0.0,475.0,0.0,605.0,0.002172338884866039,1381.0,0.022773644413574747,7.966690803765387,0.0,16.0,0.0,42.0,3.0,1.0,0.0,0.0,0.014253099040494035,1.351799722383067,0.038852146430908945,6.18556783958408
test/masks_pixel_gt/Sunflower_640x480_DPI120/GT_Sunflower_T010_L080_2017.08.08_110306_EED_DPI120.png,sunflower_640x480_DPI120,sunflower,10967,blob,0.05,True,0.328125,0.9498812864234837,0.10552626795128159,11002.0,0.8419878457281309,151058.0,0.010526315789473684,475.0,0.049586776859504134,605.0,0.015930485155684286,1381.0,0.08819085961562363,7.966690803765387,0.375,16.0,0.0,42.0,13.0,1.0,0.0,0.0,0.03813656117624137,1.351799722383067,0.10023750572591839,6.18556783958408
test/masks_pixel_gt/Sunflower_640x480_DPI120/GT_Sunflower_T010_L088_2017.07.18_104934_EED_DPI120.png,sunflower_640x480_DPI120,sunflower,17775,boundary_erode,0.01,True,-0.1171875,0.9893617021276596,0.021052631578947368,17860.0,6.830107112150359e-05,248898.0,0.0,480.0,0.0,615.0,0.020945541591861162,1671.0,0.04113654593694076,10.68821065230401,0.16129032258064516,31.0,0.21794871794871795,78.0,0.0,4.0,0.0,0.0,0.0012631897760776356,1.4257448240404103,0.004590974156842577,5.4323216826449165
test/masks_pixel_gt/Sunflower_640x480_DPI120/GT_Sunflower_T010_L088_2017.07.18_104934_EED_DPI120.png,sunflower_640x480_DPI120,sunflower,17775,boundary_erode,0.05,True,-0.515625,0.9514164098047849,0.09266517357222845,17860.0,0.0015146766948709914,248898.0,0.0,480.0,0.0032520325203252032,615.0,0.11011370436864153,1671.0,0.1826649622852796,10.68821065230401,1.2580645161290323,31.0,1.6282051282051282,78.0,0.75,4.0,0.0,0.0,0.007751589822654492,1.4257448240404103,0.02046978641419604,5.4323216826449165
test/masks_pixel_gt/Sunflower_640x480_DPI120/GT_Sunflower_T010_L088_2017.07.18_104934_EED_DPI120.png,sunflower_640x480_DPI120,sunflower,17775,boundary_dilate,0.01,True,0.1171875,0.9896107494112758,0.020996640537514,17860.0,0.002422679169780392,248898.0,0.0,480.0,0.0016260162601626016,615.0,0.10293237582286056,1671.0,0.07428899276278578,10.68821065230401,0.7741935483870968,31.0,1.1282051282051282,78.0,0.0,4.0,5.0,0.0,0.005464502655370293,1.4257448240404103,0.004978357704319906,5.4323216826449165
test/masks_pixel_gt/Sunflower_640x480_DPI120/GT_Sunflower_T010_L088_2017.07.18_104934_EED_DPI120.png,sunflower_640x480_DPI120,sunflower,17775,boundary_dilate,0.05,True,0.5859375,0.9500758039205256,0.10509518477043674,17860.0,0.003101672170929457,248898.0,0.0,480.0,0.0,615.0,0.17115499700777978,1671.0,0.056405695579254136,10.68821065230401,0.7741935483870968,31.0,2.448717948717949,78.0,0.0,4.0,21.0,0.0,0.0203371326902016,1.4257448240404103,0.021736633370512456,5.4323216826449165
test/masks_pixel_gt/Sunflower_640x480_DPI120/GT_Sunflower_T010_L088_2017.07.18_104934_EED_DPI120.png,sunflower_640x480_DPI120,sunflower,17775,junction_break,0.01,True,0.1875,0.98950465359699,0.020772676371780516,17860.0,0.0,248898.0,0.0,480.0,0.0,615.0,0.09515260323159784,1671.0,0.10585308317882255,10.68821065230401,0.12903225806451613,31.0,0.6538461538461539,78.0,0.25,4.0,10.0,0.0,0.0010364213567886254,1.4257448240404103,0.0006390185458857933,5.4323216826449165
test/masks_pixel_gt/Sunflower_640x480_DPI120/GT_Sunflower_T010_L088_2017.07.18_104934_EED_DPI120.png,sunflower_640x480_DPI120,sunflower,17775,junction_break,0.05,False,,,,,,,,,,,,,,,,,,,,,,,,,,
test/masks_pixel_gt/Sunflower_640x480_DPI120/GT_Sunflower_T010_L088_2017.07.18_104934_EED_DPI120.png,sunflower_640x480_DPI120,sunflower,17775,thin_dropout,0.01,True,0.3375,0.9891042875336069,0.021556550951847706,17860.0,0.1572772782424929,248898.0,0.058333333333333334,480.0,0.0032520325203252032,615.0,0.056253740275284264,1671.0,0.03676537942895519,10.68821065230401,0.45161290322580644,31.0,0.5641025641025641,78.0,0.25,4.0,0.0,0.0,0.0028691008259596573,1.4257448240404103,0.007999827110195585,5.4323216826449165
test/masks_pixel_gt/Sunflower_640x480_DPI120/GT_Sunflower_T010_L088_2017.07.18_104934_EED_DPI120.png,sunflower_640x480_DPI120,sunflower,17775,thin_dropout,0.05,True,0.6018518518521432,0.8806016922594798,0.21332586786114222,17860.0,0.15929015098554428,248898.0,0.058333333333333334,480.0,0.0032520325203252032,615.0,0.30041891083183725,1671.0,0.12449313499061711,10.68821065230401,0.25806451612903225,31.0,0.8461538461538461,78.0,1.25,4.0,0.0,0.0,0.03162037339222512,1.4257448240404103,0.237734820267526,5.4323216826449165
test/masks_pixel_gt/Sunflower_640x480_DPI120/GT_Sunflower_T010_L088_2017.07.18_104934_EED_DPI120.png,sunflower_640x480_DPI120,sunflower,17775,speckle,0.01,True,0.0011718750000000002,0.9905987409523281,0.018980963045912656,17860.0,0.1878239278740689,248898.0,0.0,480.0,0.03577235772357724,615.0,0.20287253141831238,1671.0,0.15287702027377117,10.68821065230401,0.22580645161290322,31.0,0.038461538461538464,78.0,82.75,4.0,0.0,0.0,0.07382860046853748,1.4257448240404103,0.031459450958669574,5.4323216826449165
test/masks_pixel_gt/Sunflower_640x480_DPI120/GT_Sunflower_T010_L088_2017.07.18_104934_EED_DPI120.png,sunflower_640x480_DPI120,sunflower,17775,speckle,0.05,True,0.006640625000000001,0.9489652240907521,0.10755879059350504,17860.0,0.22745461996480487,248898.0,0.0,480.0,0.04065040650406504,615.0,1.1615798922800717,1671.0,0.4876160744513436,10.68821065230401,3.5806451612903225,31.0,0.3333333333333333,78.0,459.75,4.0,2.0,0.0,0.04112018881276171,1.4257448240404103,0.15941466474570892,5.4323216826449165
test/masks_pixel_gt/Sunflower_640x480_DPI120/GT_Sunflower_T010_L088_2017.07.18_104934_EED_DPI120.png,sunflower_640x480_DPI120,sunflower,17775,blob,0.01,True,0.08750000000009095,0.9881597875401129,0.023964165733482642,17860.0,0.0,248898.0,0.0,480.0,0.0,615.0,0.0023937761819269898,1671.0,0.021518878173522053,10.68821065230401,0.0,31.0,0.0,78.0,1.0,4.0,0.0,0.0,0.022068321616189865,1.4257448240404103,0.043647661045470194,5.4323216826449165
test/masks_pixel_gt/Sunflower_640x480_DPI120/GT_Sunflower_T010_L088_2017.07.18_104934_EED_DPI120.png,sunflower_640x480_DPI120,sunflower,17775,blob,0.05,True,0.46875,0.948738379814077,0.10806270996640538,17860.0,0.09966331589647165,248898.0,0.0,480.0,0.0065040650406504065,615.0,0.02333931777378815,1671.0,0.08279110430050492,10.68821065230401,0.16129032258064516,31.0,0.05128205128205128,78.0,3.75,4.0,0.0,0.0,0.028670776325603217,1.4257448240404103,0.12839118911182704,5.4323216826449165
test/masks_pixel_gt/Sunflower_640x480_DPI120/GT_Sunflower_T010_L098_2017.08.08_110601_EED_DPI120.png,sunflower_640x480_DPI120,sunflower,3454,boundary_erode,0.01,True,-0.09375,0.9903986034332266,0.019020172910662825,3470.0,0.0,42898.0,0.0,448.0,0.0,195.0,0.03021978021978022,364.0,0.04779558117195,9.532967032967033,0.08333333333333333,12.0,0.22727272727272727,22.0,0.0,2.0,0.0,0.0,0.0015036567670029602,1.299292013622148,0.0023392222178805016,19.632301311487417
test/masks_pixel_gt/Sunflower_640x480_DPI120/GT_Sunflower_T010_L098_2017.08.08_110601_EED_DPI120.png,sunflower_640x480_DPI120,sunflower,3454,boundary_erode,0.05,True,-0.46875,0.9497578692493946,0.09567723342939481,3470.0,0.007506177444169891,42898.0,0.002232142857142857,448.0,0.005128205128205128,195.0,0.18956043956043955,364.0,0.2397840946150109,9.532967032967033,1.5833333333333333,12.0,2.3636363636363638,22.0,0.0,2.0,0.0,0.0,0.01419293087243876,1.299292013622148,0.011334062232507774,19.632301311487417
test/masks_pixel_gt/Sunflower_640x480_DPI120/GT_Sunflower_T010_L098_2017.08.08_110601_EED_DPI120.png,sunflower_640x480_DPI120,sunflower,3454,boundary_dilate,0.01,True,0.09375,0.9904381332952762,0.01930835734870317,3470.0,0.004195999813511119,42898.0,0.0,448.0,0.0,195.0,0.04945054945054945,364.0,0.02872187938500543,9.532967032967033,0.25,12.0,0.5,22.0,0.0,2.0,0.0,0.0,0.003837876285116682,1.299292013622148,0.0034654349209805742,19.632301311487417
test/masks_pixel_gt/Sunflower_640x480_DPI120/GT_Sunflower_T010_L098_2017.08.08_110601_EED_DPI120.png,sunflower_640x480_DPI120,sunflower,3454,boundary_dilate,0.05,True,0.515625,0.9495142974415105,0.10634005763688761,3470.0,0.015525199309991142,42898.0,0.002232142857142857,448.0,0.005128205128205128,195.0,0.1978021978021978,364.0,0.07635830050498371,9.532967032967033,0.16666666666666666,12.0,1.9545454545454546,22.0,0.0,2.0,7.0,0.0,0.017257863562655115,1.299292013622148,0.01121593677205925,19.632301311487417
test/masks_pixel_gt/Sunflower_640x480_DPI120/GT_Sunflower_T010_L098_2017.08.08_110601_EED_DPI120.png,sunflower_640x480_DPI120,sunflower,3454,junction_break,0.01,True,0.11363636363648766,0.9873048300014592,0.025072046109510086,3470.0,0.0,42898.0,0.0,448.0,0.0,195.0,0.07417582417582418,364.0,0.09239443678736997,9.532967032967033,0.16666666666666666,12.0,0.13636363636363635,22.0,0.5,2.0,1.0,0.0,0.0012458140738379581,1.299292013622148,0.008730119356828334,19.632301311487417
test/masks_pixel_gt/Sunflower_640x480_DPI120/GT_Sunflower_T010_L098_2017.08.08_110601_EED_DPI120.png,sunflower_640x480_DPI120,sunflower,3454,junction_break,0.05,False,,,,,,,,,,,,,,,,,,,,,,,,,,
test/masks_pixel_gt/Sunflower_640x480_DPI120/GT_Sunflower_T010_L098_2017.08.08_110601_EED_DPI120.png,sunflower_640x480_DPI120,sunflower,3454,thin_dropout,0.01,True,0.225,0.9911324320395406,0.017579250720461095,3470.0,0.004499044244486923,42898.0,0.0,448.0,0.0,195.0,0.04395604395604396,364.0,0.02758951936135684,9.532967032967033,0.25,12.0,0.36363636363636365,22.0,0.0,2.0,0.0,0.0,0.0008335567476665094,1.299292013622148,0.010752440640109221,19.632301311487417
test/masks_pixel_gt/Sunflower_640x480_DPI120/GT_Sunflower_T010_L098_2017.08.08_110601_EED_DPI120.png,sunflower_640x480_DPI120,sunflower,3454,thin_dropout,0.05,True,0.6944444444448434,0.9198443579766536,0.1484149855907781,3470.0,0.042216420345936874,42898.0,0.011160714285714286,448.0,0.015384615384615385,195.0,0.22802197802197802,364.0,0.10312080158347614,9.532967032967033,0.3333333333333333,12.0,1.0,22.0,1.0,2.0,0.0,0.0,0.025282040947313175,1.299292013622148,0.12636704424610895,19.632301311487417
test/masks_pixel_gt/Sunflower_640x480_DPI120/GT_Sunflower_T010_L098_2017.08.08_110601_EED_DPI120.png,sunflower_640x480_DPI120,sunflower,3454,speckle,0.01,True,0.000244140625,0.9894496720844026,0.02132564841498559,3470.0,5.239311856030584,42898.0,0.049107142857142856,448.0,2.2512820512820513,195.0,0.2032967032967033,364.0,0.15122708670535445,9.532967032967033,0.0,12.0,0.0,22.0,37.0,2.0,0.0,0.0,0.30368145810337416,1.299292013622148,0.03666522935715981,19.632301311487417
test/masks_pixel_gt/Sunflower_640x480_DPI120/GT_Sunflower_T010_L098_2017.08.08_110601_EED_DPI120.png,sunflower_640x480_DPI120,sunflower,3454,speckle,0.05,True,0.0011718750000000002,0.9512061403508771,0.10259365994236311,3470.0,5.807869830761341,42898.0,0.07142857142857142,448.0,2.2564102564102564,195.0,0.978021978021978,364.0,0.44257764969580526,9.532967032967033,0.3333333333333333,12.0,0.0,22.0,177.0,2.0,0.0,0.0,0.2274723308399122,1.299292013622148,0.161050566431936,19.632301311487417
test/masks_pixel_gt/Sunflower_640x480_DPI120/GT_Sunflower_T010_L098_2017.08.08_110601_EED_DPI120.png,sunflower_640x480_DPI120,sunflower,3454,blob,0.01,True,1.3642420526593924e-12,0.9789815206658203,0.042939481268011524,3470.0,1.3666837614807217,42898.0,0.0,448.0,1.3076923076923077,195.0,0.0027472527472527475,364.0,0.04008211282618133,9.532967032967033,0.0,12.0,0.0,22.0,0.5,2.0,0.0,0.0,0.023440200632521356,1.299292013622148,0.06474073879316343,19.632301311487417
test/masks_pixel_gt/Sunflower_640x480_DPI120/GT_Sunflower_T010_L098_2017.08.08_110601_EED_DPI120.png,sunflower_640x480_DPI120,sunflower,3454,blob,0.05,True,0.11249999999972715,0.952119632322678,0.1005763688760807,3470.0,3.687584502774022,42898.0,0.0,448.0,2.1487179487179486,195.0,0.04120879120879121,364.0,0.05701793739022,9.532967032967033,0.3333333333333333,12.0,0.0,22.0,2.0,2.0,0.0,0.0,0.08406279376087462,1.299292013622148,0.10784494552117892,19.632301311487417
test/masks_pixel_gt/Switchgrass_720x510_DPI300/GT_Switchgrass_T152_L2_2018.05.09_095823_TMPL_DPI300_3_1.png,switchgrass_720x510_DPI300,switchgrass,3226,boundary_erode,0.01,True,-0.0703125,0.9887147335423198,0.022318660880347178,3226.0,0.0,52419.0,0.0,358.0,0.0,292.0,0.0531496062992126,508.0,0.07165958827517088,6.350393700787402,0.2916666666666667,24.0,0.5454545454545454,33.0,0.0,8.0,0.0,0.0,0.00095239777123585,1.3575084719149497,0.0030396052460716166,19.508481985119744
test/masks_pixel_gt/Switchgrass_720x510_DPI300/GT_Switchgrass_T152_L2_2018.05.09_095823_TMPL_DPI300_3_1.png,switchgrass_720x510_DPI300,switchgrass,3226,boundary_erode,0.05,True,-0.3046875,0.9488432714239166,0.09733415995040298,3226.0,0.0005150804097750816,52419.0,0.0,358.0,0.003424657534246575,292.0,0.09645669291338582,508.0,0.17674282451490975,6.350393700787402,0.8333333333333334,24.0,1.0,33.0,0.25,8.0,0.0,0.0,0.007731808967389514,1.3575084719149497,0.011292073241305807,19.508481985119744
test/masks_pixel_gt/Switchgrass_720x510_DPI300/GT_Switchgrass_T152_L2_2018.05.09_095823_TMPL_DPI300_3_1.png,switchgrass_720x510_DPI300,switchgrass,3226,boundary_dilate,0.01,True,0.0703125,0.9888122605363985,0.02262864228146311,3226.0,0.00015261641771113527,52419.0,0.002793296089385475,358.0,0.0,292.0,0.045275590551181105,508.0,0.021666007007564485,6.350393700787402,0.2916666666666667,24.0,0.45454545454545453,33.0,0.0,8.0,0.0,0.0,0.005838683802852663,1.3575084719149497,0.004143290057961953,19.508481985119744
test/masks_pixel_gt/Switchgrass_720x510_DPI300/GT_Switchgrass_T152_L2_2018.05.09_095823_TMPL_DPI300_3_1.png,switchgrass_720x510_DPI300,switchgrass,3226,boundary_dilate,0.05,True,0.328125,0.9498012660091271,0.10570365778053317,3226.0,0.005551422194242546,52419.0,0.0,358.0,0.0,292.0,0.21850393700787402,508.0,0.09257276550482904,6.350393700787402,0.9166666666666666,24.0,2.212121212121212,33.0,0.0,8.0,2.0,0.0,0.02222498551760756,1.3575084719149497,0.01807044944792432,19.508481985119744
test/masks_pixel_gt/Switchgrass_720x510_DPI300/GT_Switchgrass_T152_L2_2018.05.09_095823_TMPL_DPI300_3_1.png,switchgrass_720x510_DPI300,switchgrass,3226,junction_break,0.01,True,0.0625,0.9909289959336879,0.017978921264724116,3226.0,0.0,52419.0,0.0,358.0,0.0,292.0,0.021653543307086614,508.0,0.03879247013965299,6.350393700787402,0.041666666666666664,24.0,0.09090909090909091,33.0,0.0,8.0,0.0,0.0,0.0007773887838406776,1.3575084719149497,0.012781855755297307,19.508481985119744
test/masks_pixel_gt/Switchgrass_720x510_DPI300/GT_Switchgrass_T152_L2_2018.05.09_095823_TMPL_DPI300_3_1.png,switchgrass_720x510_DPI300,switchgrass,3226,junction_break,0.05,True,0.65625,0.9508943089430895,0.09361438313701177,3226.0,0.0,52419.0,0.0,358.0,0.0,292.0,0.04921259842519685,508.0,0.13612777980037896,6.350393700787402,0.875,24.0,0.2727272727272727,33.0,1.375,8.0,1.0,0.0,0.006822756348548394,1.3575084719149497,0.025625934691552277,19.508481985119744
test/masks_pixel_gt/Switchgrass_720x510_DPI300/GT_Switchgrass_T152_L2_2018.05.09_095823_TMPL_DPI300_3_1.png,switchgrass_720x510_DPI300,switchgrass,3226,thin_dropout,0.01,True,0.09615384615367477,0.9989138867339022,0.0021698698078115313,3226.0,0.006276350178370438,52419.0,0.0,358.0,0.0,292.0,0.011811023622047244,508.0,0.009756386728350054,6.350393700787402,0.08333333333333333,24.0,0.09090909090909091,33.0,0.125,8.0,0.0,0.0,0.0007848914489031686,1.3575084719149497,0.0004267180790938909,19.508481985119744
test/masks_pixel_gt/Switchgrass_720x510_DPI300/GT_Switchgrass_T152_L2_2018.05.09_095823_TMPL_DPI300_3_1.png,switchgrass_720x510_DPI300,switchgrass,3226,thin_dropout,0.05,True,0.45,0.9495278410941062,0.09609423434593925,3226.0,0.15271180297220474,52419.0,0.0,358.0,0.0,292.0,0.14960629921259844,508.0,0.06292622442653437,6.350393700787402,0.5,24.0,0.7575757575757576,33.0,0.375,8.0,0.0,0.0,0.023042033369225695,1.3575084719149497,0.05814856460543722,19.508481985119744
test/masks_pixel_gt/Switchgrass_720x510_DPI300/GT_Switchgrass_T152_L2_2018.05.09_095823_TMPL_DPI300_3_1.png,switchgrass_720x510_DPI300,switchgrass,3226,speckle,0.01,True,0.0001953125,0.9891154376820481,0.022008679479231245,3226.0,5.038497491367634,52419.0,1.0027932960893855,358.0,0.7294520547945206,292.0,0.13976377952755906,508.0,0.10331535548281617,6.350393700787402,0.0,24.0,0.0,33.0,8.875,8.0,0.0,0.0,0.31936256481093883,1.3575084719149497,0.04254335351405031,19.508481985119744
test/masks_pixel_gt/Switchgrass_720x510_DPI300/GT_Switchgrass_T152_L2_2018.05.09_095823_TMPL_DPI300_3_1.png,switchgrass_720x510_DPI300,switchgrass,3226,speckle,0.05,True,0.000927734375,0.950220913107511,0.10477371357718537,3226.0,5.728781548675099,52419.0,1.0027932960893855,358.0,0.7465753424657534,292.0,0.6653543307086615,508.0,0.3366134202160637,6.350393700787402,0.08333333333333333,24.0,0.0,33.0,42.125,8.0,0.0,0.0,0.2672130759361659,1.3575084719149497,0.17814630791760003,19.508481985119744
test/masks_pixel_gt/Switchgrass_720x510_DPI300/GT_Switchgrass_T152_L2_2018.05.09_095823_TMPL_DPI300_3_1.png,switchgrass_720x510_DPI300,switchgrass,3226,blob,0.01,True,1.3642420526593924e-12,0.9827875095201828,0.03502789832610043,3226.0,0.5932200156431828,52419.0,0.0,358.0,0.3047945205479452,292.0,0.001968503937007874,508.0,0.0329944446948114,6.350393700787402,0.0,24.0,0.0,33.0,0.125,8.0,0.0,0.0,0.04772154660602258,1.3575084719149497,0.061603521760817,19.508481985119744
test/masks_pixel_gt/Switchgrass_720x510_DPI300/GT_Switchgrass_T152_L2_2018.05.09_095823_TMPL_DPI300_3_1.png,switchgrass_720x510_DPI300,switchgrass,3226,blob,0.05,True,0.11249999999972715,0.9521841794569067,0.10043397396156231,3226.0,2.2263492245178274,52419.0,0.8966480446927374,358.0,0.5273972602739726,292.0,0.007874015748031496,508.0,0.09183683353998756,6.350393700787402,0.0,24.0,0.0,33.0,0.5,8.0,0.0,0.0,0.08920037053535047,1.3575084719149497,0.14052041728139908,19.508481985119744
test/masks_pixel_gt/Switchgrass_720x510_DPI300/GT_Switchgrass_T262_L7_2018.04.17_140033_TMPL_DPI300_1_2.png,switchgrass_720x510_DPI300,switchgrass,12053,boundary_erode,0.01,True,-0.0703125,0.990623691921306,0.018578419175582648,12057.0,0.0,150139.0,0.0,564.0,0.0,510.0,0.02008269344359126,1693.0,0.0378999789601977,7.121677495569994,0.07142857142857142,70.0,0.23148148148148148,108.0,0.05263157894736842,19.0,0.0,1.0,0.0009591525778452345,1.4467001479753376,0.007523197855626156,8.342348040242943
test/masks_pixel_gt/Switchgrass_720x510_DPI300/GT_Switchgrass_T262_L7_2018.04.17_140033_TMPL_DPI300_1_2.png,switchgrass_720x510_DPI300,switchgrass,12053,boundary_erode,0.05,True,-0.3515625,0.9512004175365344,0.09305797462055238,12057.0,0.001192228534891001,150139.0,0.0,564.0,0.0,510.0,0.09214412285883047,1693.0,0.16957660953628725,7.121677495569994,0.6,70.0,1.1574074074074074,108.0,0.42105263157894735,19.0,0.0,1.0,0.006533039331711685,1.4467001479753376,0.03963677100905771,8.342348040242943
test/masks_pixel_gt/Switchgrass_720x510_DPI300/GT_Switchgrass_T262_L7_2018.04.17_140033_TMPL_DPI300_1_2.png,switchgrass_720x510_DPI300,switchgrass,12053,boundary_dilate,0.01,True,0.0703125,0.990633473009613,0.018910176660860912,12057.0,0.00038630868728311765,150139.0,0.0017730496453900709,564.0,0.0,510.0,0.052569403425871235,1693.0,0.031978154272257316,7.121677495569994,0.15714285714285714,70.0,0.5925925925925926,108.0,0.15789473684210525,19.0,3.0,1.0,0.005277491945988183,1.4467001479753376,0.008272169253834612,8.342348040242943
test/masks_pixel_gt/Switchgrass_720x510_DPI300/GT_Switchgrass_T262_L7_2018.04.17_140033_TMPL_DPI300_1_2.png,switchgrass_720x510_DPI300,switchgrass,12053,boundary_dilate,0.05,True,0.3984375,0.9491832316473136,0.10707472837355893,12057.0,0.0045291363336641376,150139.0,0.0035460992907801418,564.0,0.0,510.0,0.23626698168930893,1693.0,0.1045019039004131,7.121677495569994,0.6142857142857143,70.0,2.8518518518518516,108.0,0.3684210526315789,19.0,25.0,1.0,0.00781782599640635,1.4467001479753376,0.038140854413777917,8.342348040242943
test/masks_pixel_gt/Switchgrass_720x510_DPI300/GT_Switchgrass_T262_L7_2018.04.17_140033_TMPL_DPI300_1_2.png,switchgrass_720x510_DPI300,switchgrass,12053,junction_break,0.01,True,0.09375,0.9887612178143085,0.022227751513643527,12057.0,0.0,150139.0,0.0,564.0,0.0,510.0,0.027761370348493797,1693.0,0.048638840984251974,7.121677495569994,0.14285714285714285,70.0,0.10185185185185185,108.0,0.3684210526315789,19.0,6.0,1.0,0.001191798071242496,1.4467001479753376,0.001389289675560933,8.342348040242943
test/masks_pixel_gt/Switchgrass_720x510_DPI300/GT_Switchgrass_T262_L7_2018.04.17_140033_TMPL_DPI300_1_2.png,switchgrass_720x510_DPI300,switchgrass,12053,junction_break,0.05,True,0.75,0.9514740412209758,0.09256033839263499,12057.0,0.0,150139.0,0.0,564.0,0.0,510.0,0.09627879503839339,1693.0,0.1722546621221611,7.121677495569994,0.4857142857142857,70.0,0.5648148148148148,108.0,1.2105263157894737,19.0,11.0,1.0,0.006187597534158439,1.4467001479753376,0.004050752092958676,8.342348040242943
test/masks_pixel_gt/Switchgrass_720x510_DPI300/GT_Switchgrass_T262_L7_2018.04.17_140033_TMPL_DPI300_1_2.png,switchgrass_720x510_DPI300,switchgrass,12053,thin_dropout,0.01,True,0.19687500000000002,0.9910038076906984,0.01783196483370656,12057.0,0.0,150139.0,0.0,564.0,0.0,510.0,0.047844063792085056,1693.0,0.0315201510772548,7.121677495569994,0.4,70.0,0.25925925925925924,108.0,0.5789473684210527,19.0,0.0,1.0,0.005694277678822328,1.4467001479753376,0.008547981268361166,8.342348040242943
test/masks_pixel_gt/Switchgrass_720x510_DPI300/GT_Switchgrass_T262_L7_2018.04.17_140033_TMPL_DPI300_1_2.png,switchgrass_720x510_DPI300,switchgrass,12053,thin_dropout,0.05,True,0.35882352941157497,0.9548370319001387,0.08642282491498715,12057.0,0.002024790360932203,150139.0,0.0,564.0,0.0,510.0,0.16893089190785587,1693.0,0.09927942957990538,7.121677495569994,0.42857142857142855,70.0,0.4444444444444444,108.0,0.47368421052631576,19.0,0.0,1.0,0.020772563808043508,1.4467001479753376,0.08347969432022286,8.342348040242943
test/masks_pixel_gt/Switchgrass_720x510_DPI300/GT_Switchgrass_T262_L7_2018.04.17_140033_TMPL_DPI300_1_2.png,switchgrass_720x510_DPI300,switchgrass,12053,speckle,0.01,True,0.00078125,0.9886433520560862,0.022974205855519614,12057.0,1.3166931976368565,150139.0,0.274822695035461,564.0,0.0,510.0,0.16656822209096278,1693.0,0.12309097189195199,7.121677495569994,0.02857142857142857,70.0,0.06481481481481481,108.0,14.31578947368421,19.0,0.0,1.0,0.15156315422546326,1.4467001479753376,0.037985531911451285,8.342348040242943
test/masks_pixel_gt/Switchgrass_720x510_DPI300/GT_Switchgrass_T262_L7_2018.04.17_140033_TMPL_DPI300_1_2.png,switchgrass_720x510_DPI300,switchgrass,12053,speckle,0.05,True,0.003515625,0.9507550368647242,0.10359127477813718,12057.0,1.4195512158732908,150139.0,0.274822695035461,564.0,0.0,510.0,0.7424689899586533,1693.0,0.3666508378985131,7.121677495569994,0.6142857142857143,70.0,0.25,108.0,63.578947368421055,19.0,0.0,1.0,0.05926504222931021,1.4467001479753376,0.15063586178395683,8.342348040242943
test/masks_pixel_gt/Switchgrass_720x510_DPI300/GT_Switchgrass_T262_L7_2018.04.17_140033_TMPL_DPI300_1_2.png,switchgrass_720x510_DPI300,switchgrass,12053,blob,0.01,True,0.037500000000818545,0.9884002131409599,0.023471842083437007,12057.0,0.29931596720372455,150139.0,0.047872340425531915,564.0,0.0,510.0,0.008860011813349085,1693.0,0.014483506233758164,7.121677495569994,0.02857142857142857,70.0,0.1111111111111111,108.0,0.0,19.0,2.0,1.0,0.03153766007025726,1.4467001479753376,0.019444581838135196,8.342348040242943
test/masks_pixel_gt/Switchgrass_720x510_DPI300/GT_Switchgrass_T262_L7_2018.04.17_140033_TMPL_DPI300_1_2.png,switchgrass_720x510_DPI300,switchgrass,12053,blob,0.05,True,0.28125,0.9486977732315682,0.10815294020071328,12057.0,0.411918289052145,150139.0,0.14893617021276595,564.0,0.0,510.0,0.010632014176018901,1693.0,0.09649498992390862,7.121677495569994,0.02857142857142857,70.0,0.0,108.0,0.5263157894736842,19.0,0.0,1.0,0.0662875547094359,1.4467001479753376,0.15467084502521863,8.342348040242943
test/masks_pixel_gt/Switchgrass_720x510_DPI300/GT_Switchgrass_T312_L3_2017.08.09_115803_FRMI_DPI300_1_1.png,switchgrass_720x510_DPI300,switchgrass,13293,boundary_erode,0.01,True,-0.0703125,0.9911202185792349,0.017603249830737983,13293.0,0.0003503109501692514,254060.0,0.0,603.0,0.0,510.0,0.01540216771249287,1753.0,0.03250477356926041,7.583000570450656,0.03278688524590164,61.0,0.30851063829787234,94.0,0.18181818181818182,11.0,0.0,0.0,0.001040327402216508,1.3584871139062382,0.0031006004647187143,6.370047329718762
test/masks_pixel_gt/Switchgrass_720x510_DPI300/GT_Switchgrass_T312_L3_2017.08.09_115803_FRMI_DPI300_1_1.png,switchgrass_720x510_DPI300,switchgrass,13293,boundary_erode,0.05,True,-0.375,0.9507873238880776,0.09380877153389001,13293.0,0.0014839014406045816,254060.0,0.0,603.0,0.0,510.0,0.09697661152310325,1753.0,0.17391928055065473,7.583000570450656,0.9180327868852459,61.0,1.7127659574468086,94.0,2.0,11.0,0.0,0.0,0.006691013664588739,1.3584871139062382,0.015280649715575245,6.370047329718762
test/masks_pixel_gt/Switchgrass_720x510_DPI300/GT_Switchgrass_T312_L3_2017.08.09_115803_FRMI_DPI300_1_1.png,switchgrass_720x510_DPI300,switchgrass,13293,boundary_dilate,0.01,True,0.0703125,0.9911273486430062,0.01790416008425487,13293.0,0.0011808234275368023,254060.0,0.0,603.0,0.0,510.0,0.07815173987450086,1753.0,0.05588042718111176,7.583000570450656,0.3770491803278688,61.0,0.9468085106382979,94.0,0.09090909090909091,11.0,2.0,0.0,0.004908729513897696,1.3584871139062382,0.0036110532590202466,6.370047329718762
test/masks_pixel_gt/Switchgrass_720x510_DPI300/GT_Switchgrass_T312_L3_2017.08.09_115803_FRMI_DPI300_1_1.png,switchgrass_720x510_DPI300,switchgrass,13293,boundary_dilate,0.05,True,0.421875,0.9490932457518206,0.10727450537877078,13293.0,0.0027316381957018026,254060.0,0.003316749585406302,603.0,0.0,510.0,0.23730747290359383,1753.0,0.10509349565284223,7.583000570450656,0.7377049180327869,61.0,3.202127659574468,94.0,0.2727272727272727,11.0,24.0,0.0,0.019671218741352404,1.3584871139062382,0.019633676793335362,6.370047329718762
test/masks_pixel_gt/Switchgrass_720x510_DPI300/GT_Switchgrass_T312_L3_2017.08.09_115803_FRMI_DPI300_1_1.png,switchgrass_720x510_DPI300,switchgrass,13293,junction_break,0.01,True,0.109375,0.9904689576609076,0.01888211840818476,13293.0,0.0,254060.0,0.0,603.0,0.0,510.0,0.05476326297775243,1753.0,0.06982171637076676,7.583000570450656,0.0,61.0,0.425531914893617,94.0,0.18181818181818182,11.0,6.0,0.0,0.000903780784945031,1.3584871139062382,0.004347311177862836,6.370047329718762
test/masks_pixel_gt/Switchgrass_720x510_DPI300/GT_Switchgrass_T312_L3_2017.08.09_115803_FRMI_DPI300_1_1.png,switchgrass_720x510_DPI300,switchgrass,13293,junction_break,0.05,True,0.875,0.9494606235428933,0.09621605356202513,13293.0,0.0,254060.0,0.0,603.0,0.0,510.0,0.15630347974900172,1753.0,0.21838517113676859,7.583000570450656,0.4262295081967213,61.0,0.8297872340425532,94.0,2.090909090909091,11.0,17.0,0.0,0.005806527133815982,1.3584871139062382,0.020869493615390623,6.370047329718762
test/masks_pixel_gt/Switchgrass_720x510_DPI300/GT_Switchgrass_T312_L3_2017.08.09_115803_FRMI_DPI300_1_1.png,switchgrass_720x510_DPI300,switchgrass,13293,thin_dropout,0.01,True,0.1546875,0.9910053512467266,0.01782893252087565,13293.0,0.0019680390458946704,254060.0,0.0,603.0,0.0,510.0,0.050770108385624645,1753.0,0.03470305366039962,7.583000570450656,0.29508196721311475,61.0,0.1595744680851064,94.0,0.45454545454545453,11.0,0.0,0.0,0.004268883176398013,1.3584871139062382,0.00025089567430429995,6.370047329718762
test/masks_pixel_gt/Switchgrass_720x510_DPI300/GT_Switchgrass_T312_L3_2017.08.09_115803_FRMI_DPI300_1_1.png,switchgrass_720x510_DPI300,switchgrass,13293,thin_dropout,0.05,True,0.35795454545473154,0.9378770324797251,0.11697886105469044,13293.0,0.00603007163662127,254060.0,0.008291873963515755,603.0,0.0,510.0,0.21962350256702795,1753.0,0.13153220509585364,7.583000570450656,0.47540983606557374,61.0,0.5319148936170213,94.0,0.18181818181818182,11.0,0.0,0.0,0.019524866268868644,1.3584871139062382,0.09735048973340192,6.370047329718762
test/masks_pixel_gt/Switchgrass_720x510_DPI300/GT_Switchgrass_T312_L3_2017.08.09_115803_FRMI_DPI300_1_1.png,switchgrass_720x510_DPI300,switchgrass,13293,speckle,0.01,True,0.00078125,0.9897252624525352,0.020762807492665313,13293.0,0.37324254113201605,254060.0,0.16749585406301823,603.0,0.0,510.0,0.16029663434112948,1753.0,0.12025702972731443,7.583000570450656,0.03278688524590164,61.0,0.0425531914893617,94.0,24.727272727272727,11.0,0.0,0.0,0.0836145223276203,1.3584871139062382,0.03395564274047194,6.370047329718762
test/masks_pixel_gt/Switchgrass_720x510_DPI300/GT_Switchgrass_T312_L3_2017.08.09_115803_FRMI_DPI300_1_1.png,switchgrass_720x510_DPI300,switchgrass,13293,speckle,0.05,True,0.00390625,0.9505863844393593,0.103964492590085,13293.0,0.4360899000236165,254060.0,0.19237147595356552,603.0,0.0,510.0,0.7900741585852824,1753.0,0.38328561009865547,7.583000570450656,0.9180327868852459,61.0,0.14893617021276595,94.0,122.0909090909091,11.0,0.0,0.0,0.022023832040057496,1.3584871139062382,0.1501198214873485,6.370047329718762
test/masks_pixel_gt/Switchgrass_720x510_DPI300/GT_Switchgrass_T312_L3_2017.08.09_115803_FRMI_DPI300_1_1.png,switchgrass_720x510_DPI300,switchgrass,13293,blob,0.01,True,0.0703125,0.9897621086333346,0.02068757992928609,13293.0,0.0,254060.0,0.0,603.0,0.0,510.0,0.0017113519680547634,1753.0,0.018943808437379632,7.583000570450656,0.0,61.0,0.0,94.0,0.2727272727272727,11.0,0.0,0.0,0.022595189288089054,1.3584871139062382,0.03728968283376399,6.370047329718762
test/masks_pixel_gt/Switchgrass_720x510_DPI300/GT_Switchgrass_T312_L3_2017.08.09_115803_FRMI_DPI300_1_1.png,switchgrass_720x510_DPI300,switchgrass,13293,blob,0.05,True,0.23750000000063665,0.9463567436728011,0.11336793801248778,13293.0,0.0,254060.0,0.0,603.0,0.0,510.0,0.017683970336565887,1753.0,0.09402129783401963,7.583000570450656,0.04918032786885246,61.0,0.0425531914893617,94.0,0.7272727272727273,11.0,0.0,0.0,0.011020882130843176,1.3584871139062382,0.12619005996761865,6.370047329718762
test/masks_pixel_gt/Switchgrass_720x510_DPI300/GT_Switchgrass_T312_L6_2017.08.09_120128_FRMI_DPI300_2_1.png,switchgrass_720x510_DPI300,switchgrass,12679,boundary_erode,0.01,True,-0.09375,0.990002788067073,0.019796513920656202,12679.0,0.00011090347516039415,180337.0,0.0,539.0,0.0,510.0,0.03596614950634697,1418.0,0.05382672344417326,8.941466854724965,0.2,40.0,0.3037974683544304,79.0,0.125,8.0,0.0,0.0,0.0012728596608179194,1.4720087394313042,0.011705848499205312,9.39717298258677
test/masks_pixel_gt/Switchgrass_720x510_DPI300/GT_Switchgrass_T312_L6_2017.08.09_120128_FRMI_DPI300_2_1.png,switchgrass_720x510_DPI300,switchgrass,12679,boundary_erode,0.05,True,-0.4453125,0.9506310780053797,0.09409259405315877,12679.0,0.016962686525782287,180337.0,0.0,539.0,0.0,510.0,0.1311706629055007,1418.0,0.19914170721158303,8.941466854724965,1.325,40.0,1.6582278481012658,79.0,0.875,8.0,0.0,0.0,0.00826621935461441,1.4720087394313042,0.05599368263695756,9.39717298258677
test/masks_pixel_gt/Switchgrass_720x510_DPI300/GT_Switchgrass_T312_L6_2017.08.09_120128_FRMI_DPI300_2_1.png,switchgrass_720x510_DPI300,switchgrass,12679,boundary_dilate,0.01,True,0.09375,0.990198758249053,0.019796513920656202,12679.0,0.000626604634656227,180337.0,0.0,539.0,0.0,510.0,0.10366713681241185,1418.0,0.07599267939968653,8.941466854724965,0.75,40.0,1.1012658227848102,79.0,0.0,8.0,1.0,0.0,0.005057072486800703,1.4720087394313042,0.01021273445781784,9.39717298258677
test/masks_pixel_gt/Switchgrass_720x510_DPI300/GT_Switchgrass_T312_L6_2017.08.09_120128_FRMI_DPI300_2_1.png,switchgrass_720x510_DPI300,switchgrass,12679,boundary_dilate,0.05,True,0.4921875,0.9506635675189323,0.10379367458001419,12679.0,0.0048520270382672445,180337.0,0.0018552875695732839,539.0,0.0,510.0,0.18194640338504936,1418.0,0.06612205814173032,8.941466854724965,1.0,40.0,2.2658227848101267,79.0,0.0,8.0,10.0,0.0,0.0184601851707002,1.4720087394313042,0.04818755420467451,9.39717298258677
test/masks_pixel_gt/Switchgrass_720x510_DPI300/GT_Switchgrass_T312_L6_2017.08.09_120128_FRMI_DPI300_2_1.png,switchgrass_720x510_DPI300,switchgrass,12679,junction_break,0.01,True,0.125,0.990002788067073,0.019796513920656202,12679.0,0.0,180337.0,0.0,539.0,0.0,510.0,0.06276445698166432,1418.0,0.0776851073254748,8.941466854724965,0.025,40.0,0.2911392405063291,79.0,0.0,8.0,5.0,0.0,0.0009125413125205968,1.4720087394313042,0.006539184219580878,9.39717298258677
test/masks_pixel_gt/Switchgrass_720x510_DPI300/GT_Switchgrass_T312_L6_2017.08.09_120128_FRMI_DPI300_2_1.png,switchgrass_720x510_DPI300,switchgrass,12679,junction_break,0.05,False,,,,,,,,,,,,,,,,,,,,,,,,,,
test/masks_pixel_gt/Switchgrass_720x510_DPI300/GT_Switchgrass_T312_L6_2017.08.09_120128_FRMI_DPI300_2_1.png,switchgrass_720x510_DPI300,switchgrass,12679,thin_dropout,0.01,True,0.1125,0.9891572988918121,0.021452795961826643,12679.0,0.011805674930823958,180337.0,0.0,539.0,0.0,510.0,0.06346967559943582,1418.0,0.044864409131121795,8.941466854724965,0.225,40.0,0.22784810126582278,79.0,0.375,8.0,0.0,0.0,0.006837861955224775,1.4720087394313042,0.024493664776412814,9.39717298258677
test/masks_pixel_gt/Switchgrass_720x510_DPI300/GT_Switchgrass_T312_L6_2017.08.09_120128_FRMI_DPI300_2_1.png,switchgrass_720x510_DPI300,switchgrass,12679,thin_dropout,0.05,True,0.2796610169490577,0.9640493504371273,0.06940610458238032,12679.0,0.44723489910556347,180337.0,0.3877551020408163,539.0,0.0,510.0,0.1375176304654443,1418.0,0.07897149934765717,8.941466854724965,0.45,40.0,0.4177215189873418,79.0,0.625,8.0,0.0,0.0,0.016266947247430247,1.4720087394313042,0.039626302806894526,9.39717298258677
test/masks_pixel_gt/Switchgrass_720x510_DPI300/GT_Switchgrass_T312_L6_2017.08.09_120128_FRMI_DPI300_2_1.png,switchgrass_720x510_DPI300,switchgrass,12679,speckle,0.01,True,0.00078125,0.9891944606982641,0.021847148828771985,12679.0,0.967632820774439,180337.0,0.3228200371057514,539.0,0.0,510.0,0.19534555712270804,1418.0,0.14514498109781784,8.941466854724965,0.1,40.0,0.0759493670886076,79.0,33.875,8.0,0.0,0.0,0.16919165269735603,1.4720087394313042,0.03539894350474188,9.39717298258677
test/masks_pixel_gt/Switchgrass_720x510_DPI300/GT_Switchgrass_T312_L6_2017.08.09_120128_FRMI_DPI300_2_1.png,switchgrass_720x510_DPI300,switchgrass,12679,speckle,0.05,True,0.0037109375,0.9506635675189323,0.10379367458001419,12679.0,1.0113454255089083,180337.0,0.3339517625231911,539.0,0.0,510.0,0.9330042313117066,1418.0,0.42897503445659974,8.941466854724965,0.85,40.0,0.12658227848101267,79.0,160.75,8.0,0.0,0.0,0.06987162002165304,1.4720087394313042,0.1557927294872728,9.39717298258677
test/masks_pixel_gt/Switchgrass_720x510_DPI300/GT_Switchgrass_T312_L6_2017.08.09_120128_FRMI_DPI300_2_1.png,switchgrass_720x510_DPI300,switchgrass,12679,blob,0.01,True,0.0703125,0.9912825925491576,0.017588137865762285,12679.0,0.15522050383448766,180337.0,0.15955473098330242,539.0,0.0,510.0,0.004231311706629055,1418.0,0.013300547397226784,8.941466854724965,0.05,40.0,0.0,79.0,0.375,8.0,0.0,0.0,0.04132191141168248,1.4720087394313042,0.033119851441041494,9.39717298258677
test/masks_pixel_gt/Switchgrass_720x510_DPI300/GT_Switchgrass_T312_L6_2017.08.09_120128_FRMI_DPI300_2_1.png,switchgrass_720x510_DPI300,switchgrass,12679,blob,0.05,True,0.375,0.949062464912609,0.10734285038252228,12679.0,0.5796869194896223,180337.0,0.2857142857142857,539.0,0.0,510.0,0.01763046544428773,1418.0,0.08815811631491102,8.941466854724965,0.2,40.0,0.0,79.0,1.75,8.0,0.0,0.0,0.07265662726814111,1.4720087394313042,0.14800873992419744,9.39717298258677
test/masks_pixel_gt/Switchgrass_720x510_DPI300/GT_Switchgrass_T312_L6_2017.08.09_120128_FRMI_DPI300_3_1.png,switchgrass_720x510_DPI300,switchgrass,11246,boundary_erode,0.01,True,-0.05859375,0.9895351448461711,0.020712952262423326,11249.0,0.0010277310179852928,112870.0,0.0,272.0,0.0,510.0,0.011011011011011011,1998.0,0.031378454762535465,5.63013013013013,0.2,50.0,0.20588235294117646,68.0,0.2,15.0,0.0,0.0,0.0006131786600496599,1.4403715464070885,0.006457505940877378,7.427052185879742
test/masks_pixel_gt/Switchgrass_720x510_DPI300/GT_Switchgrass_T312_L6_2017.08.09_120128_FRMI_DPI300_3_1.png,switchgrass_720x510_DPI300,switchgrass,11246,boundary_erode,0.05,True,-0.26953125,0.9498693054518297,0.09547515334696417,11249.0,0.0,112870.0,0.0,272.0,0.0,510.0,0.027527527527527528,1998.0,0.11970743126509233,5.63013013013013,0.9,50.0,0.8823529411764706,68.0,1.2,15.0,0.0,0.0,0.004678991206478747,1.4403715464070885,0.036409674528800964,7.427052185879742
test/masks_pixel_gt/Switchgrass_720x510_DPI300/GT_Switchgrass_T312_L6_2017.08.09_120128_FRMI_DPI300_3_1.png,switchgrass_720x510_DPI300,switchgrass,11246,boundary_dilate,0.01,True,0.05859375,0.9897932248130225,0.020624055471597475,11249.0,0.0,112870.0,0.0,272.0,0.0,510.0,0.023023023023023025,1998.0,0.0023449790448865676,5.63013013013013,0.14,50.0,0.3382352941176471,68.0,0.06666666666666667,15.0,2.0,0.0,0.006132116427602896,1.4403715464070885,0.006140777636495557,7.427052185879742
test/masks_pixel_gt/Switchgrass_720x510_DPI300/GT_Switchgrass_T312_L6_2017.08.09_120128_FRMI_DPI300_3_1.png,switchgrass_720x510_DPI300,switchgrass,11246,boundary_dilate,0.05,True,0.3046875,0.9491625532633,0.10712063294515067,11249.0,0.0032958270576769733,112870.0,0.003676470588235294,272.0,0.0,510.0,0.13763763763763764,1998.0,0.02682489017843777,5.63013013013013,0.78,50.0,3.5441176470588234,68.0,0.26666666666666666,15.0,16.0,0.0,0.021245751707507952,1.4403715464070885,0.035014201824679556,7.427052185879742
test/masks_pixel_gt/Switchgrass_720x510_DPI300/GT_Switchgrass_T312_L6_2017.08.09_120128_FRMI_DPI300_3_1.png,switchgrass_720x510_DPI300,switchgrass,11246,junction_break,0.01,True,0.125,0.9905778894472361,0.018668326073428748,11249.0,0.0,112870.0,0.0,272.0,0.0,510.0,0.04354354354354354,1998.0,0.059615978654537445,5.63013013013013,0.02,50.0,0.3382352941176471,68.0,0.06666666666666667,15.0,4.0,0.0,0.0007661658973548459,1.4403715464070885,0.009229910090072476,7.427052185879742
test/masks_pixel_gt/Switchgrass_720x510_DPI300/GT_Switchgrass_T312_L6_2017.08.09_120128_FRMI_DPI300_3_1.png,switchgrass_720x510_DPI300,switchgrass,11246,junction_break,0.05,False,,,,,,,,,,,,,,,,,,,,,,,,,,
test/masks_pixel_gt/Switchgrass_720x510_DPI300/GT_Switchgrass_T312_L6_2017.08.09_120128_FRMI_DPI300_3_1.png,switchgrass_720x510_DPI300,switchgrass,11246,thin_dropout,0.01,True,0.0648148148146447,0.9940532081377151,0.011823273179838207,11249.0,0.062292903340125806,112870.0,0.025735294117647058,272.0,0.0,510.0,0.024024024024024024,1998.0,0.012501077018811873,5.63013013013013,0.08,50.0,0.07352941176470588,68.0,0.06666666666666667,15.0,0.0,0.0,0.007755147548855689,1.4403715464070885,0.007323773025450682,7.427052185879742
test/masks_pixel_gt/Switchgrass_720x510_DPI300/GT_Switchgrass_T312_L6_2017.08.09_120128_FRMI_DPI300_3_1.png,switchgrass_720x510_DPI300,switchgrass,11246,thin_dropout,0.05,True,0.19687500000000002,0.9509954772229217,0.0934305271579696,11249.0,0.07668113759191991,112870.0,0.025735294117647058,272.0,0.0,510.0,0.16966966966966968,1998.0,0.09181784613524821,5.63013013013013,0.32,50.0,0.29411764705882354,68.0,0.3333333333333333,15.0,0.0,0.0,0.008740325736147608,1.4403715464070885,0.08963704498941709,7.427052185879742
test/masks_pixel_gt/Switchgrass_720x510_DPI300/GT_Switchgrass_T312_L6_2017.08.09_120128_FRMI_DPI300_3_1.png,switchgrass_720x510_DPI300,switchgrass,11246,speckle,0.01,True,0.0005859375000000001,0.9907957898445413,0.018579429282602897,11249.0,2.0865243200141754,112870.0,1.6470588235294117,272.0,0.0,510.0,0.10510510510510511,1998.0,0.07829633165460119,5.63013013013013,0.02,50.0,0.04411764705882353,68.0,13.866666666666667,15.0,0.0,0.0,0.15513979367279662,1.4403715464070885,0.033212309738780525,7.427052185879742
test/masks_pixel_gt/Switchgrass_720x510_DPI300/GT_Switchgrass_T312_L6_2017.08.09_120128_FRMI_DPI300_3_1.png,switchgrass_720x510_DPI300,switchgrass,11246,speckle,0.05,True,0.0033203125000000003,0.9500844594594594,0.10507600675615611,11249.0,2.2292283157614956,112870.0,1.6470588235294117,272.0,0.0,510.0,0.5900900900900901,1998.0,0.30502302124683667,5.63013013013013,0.44,50.0,0.19117647058823528,68.0,77.06666666666666,15.0,0.0,0.0,0.059679203179293525,1.4403715464070885,0.15796716029744315,7.427052185879742
test/masks_pixel_gt/Switchgrass_720x510_DPI300/GT_Switchgrass_T312_L6_2017.08.09_120128_FRMI_DPI300_3_1.png,switchgrass_720x510_DPI300,switchgrass,11246,blob,0.01,True,0.037500000000818545,0.9877941693010186,0.02471330784958663,11249.0,0.24325330025693276,112870.0,0.4227941176470588,272.0,0.0,510.0,0.003003003003003003,1998.0,0.02164530393386936,5.63013013013013,0.04,50.0,0.0,68.0,0.13333333333333333,15.0,0.0,0.0,0.004054230590181948,1.4403715464070885,0.02317333045384003,7.427052185879742
test/masks_pixel_gt/Switchgrass_720x510_DPI300/GT_Switchgrass_T312_L6_2017.08.09_120128_FRMI_DPI300_3_1.png,switchgrass_720x510_DPI300,switchgrass,11246,blob,0.05,True,0.21250000000100044,0.9462881177707676,0.11352120188461197,11249.0,1.1645521396296625,112870.0,1.5661764705882353,272.0,0.0,510.0,0.006006006006006006,1998.0,0.10687331411216656,5.63013013013013,0.04,50.0,0.0,68.0,0.6,15.0,0.0,0.0,0.05030396574259174,1.4403715464070885,0.14232253147221954,7.427052185879742
test/masks_pixel_gt/Switchgrass_720x510_DPI300/GT_Switchgrass_T322_L2_2017.08.09_122341_FRMI_DPI300_3_3.png,switchgrass_720x510_DPI300,switchgrass,3108,boundary_erode,0.01,True,-0.046875,0.990089358245329,0.019626769626769628,3108.0,0.0,122114.0,0.0,515.0,0.0,510.0,0.010703363914373088,654.0,0.0300089369680899,4.752293577981652,0.08695652173913043,23.0,0.10714285714285714,28.0,0.25,8.0,0.0,0.0,0.000956121167496777,1.1338794157685788,0.008732621813830565,18.45378064041913
test/masks_pixel_gt/Switchgrass_720x510_DPI300/GT_Switchgrass_T322_L2_2017.08.09_122341_FRMI_DPI300_3_3.png,switchgrass_720x510_DPI300,switchgrass,3108,boundary_erode,0.05,True,-0.22265625,0.9510631117111036,0.0933075933075933,3108.0,0.001998132892215471,122114.0,0.001941747572815534,515.0,0.0,510.0,0.053516819571865444,654.0,0.13936598842259224,4.752293577981652,0.391304347826087,23.0,1.0,28.0,0.25,8.0,0.0,0.0,0.005731932325363466,1.1338794157685788,0.03259351044279477,18.45378064041913
test/masks_pixel_gt/Switchgrass_720x510_DPI300/GT_Switchgrass_T322_L2_2017.08.09_122341_FRMI_DPI300_3_3.png,switchgrass_720x510_DPI300,switchgrass,3108,boundary_dilate,0.01,True,0.046875,0.9901242433896146,0.019948519948519948,3108.0,0.0007288271615048233,122114.0,0.0,515.0,0.0,510.0,0.03363914373088685,654.0,0.013245070937378691,4.752293577981652,0.17391304347826086,23.0,0.8214285714285714,28.0,0.0,8.0,0.0,0.0,0.006738898369728401,1.1338794157685788,0.006781790319303908,18.45378064041913
test/masks_pixel_gt/Switchgrass_720x510_DPI300/GT_Switchgrass_T322_L2_2017.08.09_122341_FRMI_DPI300_3_3.png,switchgrass_720x510_DPI300,switchgrass,3108,boundary_dilate,0.05,True,0.24609375,0.9503134077358202,0.10456885456885456,3108.0,0.006510310038161063,122114.0,0.003883495145631068,515.0,0.0,510.0,0.1559633027522936,654.0,0.04446027660313379,4.752293577981652,1.2173913043478262,23.0,3.607142857142857,28.0,0.0,8.0,1.0,0.0,0.029470762371802756,1.1338794157685788,0.028887656927295433,18.45378064041913
test/masks_pixel_gt/Switchgrass_720x510_DPI300/GT_Switchgrass_T322_L2_2017.08.09_122341_FRMI_DPI300_3_3.png,switchgrass_720x510_DPI300,switchgrass,3108,junction_break,0.01,True,0.0625,0.9905813575836311,0.01866151866151866,3108.0,0.0,122114.0,0.0,515.0,0.0,510.0,0.0382262996941896,654.0,0.054793274233627766,4.752293577981652,0.043478260869565216,23.0,0.2857142857142857,28.0,0.0,8.0,2.0,0.0,0.0009307324086417402,1.1338794157685788,0.035766578579018056,18.45378064041913
test/masks_pixel_gt/Switchgrass_720x510_DPI300/GT_Switchgrass_T322_L2_2017.08.09_122341_FRMI_DPI300_3_3.png,switchgrass_720x510_DPI300,switchgrass,3108,junction_break,0.05,True,0.875,0.951417004048583,0.09266409266409266,3108.0,0.0,122114.0,0.0,515.0,0.0,510.0,0.0581039755351682,654.0,0.1424888968241571,4.752293577981652,0.08695652173913043,23.0,0.17857142857142858,28.0,0.25,8.0,3.0,0.0,0.008023600046216045,1.1338794157685788,0.08738120037819895,18.45378064041913
test/masks_pixel_gt/Switchgrass_720x510_DPI300/GT_Switchgrass_T322_L2_2017.08.09_122341_FRMI_DPI300_3_3.png,switchgrass_720x510_DPI300,switchgrass,3108,thin_dropout,0.01,True,0.11363636363653314,0.9705200397482611,0.05727155727155727,3108.0,0.15514191656976267,122114.0,0.22330097087378642,515.0,0.01764705882352941,510.0,0.0963302752293578,654.0,0.043222337638581236,4.752293577981652,0.21739130434782608,23.0,0.17857142857142858,28.0,0.25,8.0,0.0,0.0,0.015415099138600789,1.1338794157685788,0.060581355023593984,18.45378064041913
test/masks_pixel_gt/Switchgrass_720x510_DPI300/GT_Switchgrass_T322_L2_2017.08.09_122341_FRMI_DPI300_3_3.png,switchgrass_720x510_DPI300,switchgrass,3108,thin_dropout,0.05,True,0.15909090909131007,0.9459046973037137,0.10263835263835264,3108.0,0.517852170922253,122114.0,0.48349514563106794,515.0,0.3352941176470588,510.0,0.1529051987767584,654.0,0.05934028406952578,4.752293577981652,0.30434782608695654,23.0,0.17857142857142858,28.0,0.375,8.0,0.0,0.0,0.044014343289307686,1.1338794157685788,0.13359919699898629,18.45378064041913
test/masks_pixel_gt/Switchgrass_720x510_DPI300/GT_Switchgrass_T322_L2_2017.08.09_122341_FRMI_DPI300_3_3.png,switchgrass_720x510_DPI300,switchgrass,3108,speckle,0.01,True,0.0001953125,0.9887068554159376,0.022844272844272845,3108.0,1.6074242101642728,122114.0,0.39223300970873787,515.0,0.0,510.0,0.10856269113149847,654.0,0.07732392491013182,4.752293577981652,0.0,23.0,0.0,28.0,8.875,8.0,0.0,0.0,0.18484979575806423,1.1338794157685788,0.03990425374111482,18.45378064041913
test/masks_pixel_gt/Switchgrass_720x510_DPI300/GT_Switchgrass_T322_L2_2017.08.09_122341_FRMI_DPI300_3_3.png,switchgrass_720x510_DPI300,switchgrass,3108,speckle,0.05,True,0.00087890625,0.9510403916768666,0.10296010296010295,3108.0,1.8797353292824737,122114.0,0.39611650485436894,515.0,0.0,510.0,0.4892966360856269,654.0,0.25940871936765164,4.752293577981652,0.0,23.0,0.0,28.0,40.0,8.0,0.0,0.0,0.12660437235110025,1.1338794157685788,0.16752657718167988,18.45378064041913
test/masks_pixel_gt/Switchgrass_720x510_DPI300/GT_Switchgrass_T322_L2_2017.08.09_122341_FRMI_DPI300_3_3.png,switchgrass_720x510_DPI300,switchgrass,3108,blob,0.01,True,1.3642420526593924e-12,0.9765907305577376,0.04794079794079794,3108.0,0.0,122114.0,0.0,515.0,0.0,510.0,0.0015290519877675841,654.0,0.04634088832562099,4.752293577981652,0.0,23.0,0.0,28.0,0.125,8.0,0.0,0.0,0.0239258679443443,1.1338794157685788,0.07098297506063597,18.45378064041913
test/masks_pixel_gt/Switchgrass_720x510_DPI300/GT_Switchgrass_T322_L2_2017.08.09_122341_FRMI_DPI300_3_3.png,switchgrass_720x510_DPI300,switchgrass,3108,blob,0.05,True,0.09375,0.9487179487179487,0.10810810810810811,3108.0,0.73043221907398,122114.0,0.26601941747572816,515.0,0.0,510.0,0.010703363914373088,654.0,0.0963732264791266,4.752293577981652,0.08695652173913043,23.0,0.0,28.0,0.5,8.0,0.0,0.0,0.05201431531306253,1.1338794157685788,0.16229451921752863,18.45378064041913
test/masks_pixel_gt/Switchgrass_720x510_DPI300/GT_Switchgrass_T322_L4_2017.08.09_122732_FRMI_DPI300_3_1.png,switchgrass_720x510_DPI300,switchgrass,2145,boundary_erode,0.01,True,-0.05859375,0.9893992932862191,0.02097902097902098,2145.0,0.0,84319.0,0.0,595.0,0.0,294.0,0.002680965147453083,373.0,0.018347244153695645,5.750670241286863,0.0,10.0,0.0,0.0,0.2,5.0,0.0,0.0,0.0013620360828182755,1.1825127803290538,0.004891606372547831,23.74073801551449
test/masks_pixel_gt/Switchgrass_720x510_DPI300/GT_Switchgrass_T322_L4_2017.08.09_122732_FRMI_DPI300_3_1.png,switchgrass_720x510_DPI300,switchgrass,2145,boundary_erode,0.05,True,-0.26953125,0.9495592556317336,0.09603729603729604,2145.0,0.0008183209003901849,84319.0,0.0033613445378151263,595.0,0.0,294.0,0.05093833780160858,373.0,0.13985181485181483,5.750670241286863,0.8,10.0,24.0,0.0,0.2,5.0,0.0,0.0,0.006664764047845477,1.1825127803290538,0.021964253467793796,23.74073801551449
test/masks_pixel_gt/Switchgrass_720x510_DPI300/GT_Switchgrass_T322_L4_2017.08.09_122732_FRMI_DPI300_3_1.png,switchgrass_720x510_DPI300,switchgrass,2145,boundary_dilate,0.01,True,0.05859375,0.9896193771626297,0.02097902097902098,2145.0,0.001150393149823883,84319.0,0.0,595.0,0.0,294.0,0.04825737265415549,373.0,0.026022570779603998,5.750670241286863,0.5,10.0,14.0,0.0,0.0,5.0,0.0,0.0,0.005650332553661782,1.1825127803290538,0.003309309592093314,23.74073801551449
test/masks_pixel_gt/Switchgrass_720x510_DPI300/GT_Switchgrass_T322_L4_2017.08.09_122732_FRMI_DPI300_3_1.png,switchgrass_720x510_DPI300,switchgrass,2145,boundary_dilate,0.05,True,0.29296875,0.9497454062430817,0.10582750582750583,2145.0,0.004447396197772744,84319.0,0.0,595.0,0.0,294.0,0.09651474530831099,373.0,0.008493055436820838,5.750670241286863,0.8,10.0,28.0,0.0,0.0,5.0,0.0,0.0,0.022876611309999507,1.1825127803290538,0.020676351178293473,23.74073801551449
test/masks_pixel_gt/Switchgrass_720x510_DPI300/GT_Switchgrass_T322_L4_2017.08.09_122732_FRMI_DPI300_3_1.png,switchgrass_720x510_DPI300,switchgrass,2145,junction_break,0.01,False,,,,,,,,,,,,,,,,,,,,,,,,,,
test/masks_pixel_gt/Switchgrass_720x510_DPI300/GT_Switchgrass_T322_L4_2017.08.09_122732_FRMI_DPI300_3_1.png,switchgrass_720x510_DPI300,switchgrass,2145,junction_break,0.05,False,,,,,,,,,,,,,,,,,,,,,,,,,,
test/masks_pixel_gt/Switchgrass_720x510_DPI300/GT_Switchgrass_T322_L4_2017.08.09_122732_FRMI_DPI300_3_1.png,switchgrass_720x510_DPI300,switchgrass,2145,thin_dropout,0.01,True,0.09999999999977263,1.0,0.0,2145.0,0.0,84319.0,0.0,595.0,0.0,294.0,0.0,373.0,0.0,5.750670241286863,0.0,10.0,0.0,0.0,0.0,5.0,0.0,0.0,0.0,1.1825127803290538,0.0,23.74073801551449
test/masks_pixel_gt/Switchgrass_720x510_DPI300/GT_Switchgrass_T322_L4_2017.08.09_122732_FRMI_DPI300_3_1.png,switchgrass_720x510_DPI300,switchgrass,2145,thin_dropout,0.05,True,0.30000000000013644,0.898870636550308,0.1836829836829837,2145.0,0.6602900888293267,84319.0,0.6504201680672269,595.0,0.1054421768707483,294.0,0.26273458445040215,373.0,0.10722271667726219,5.750670241286863,0.4,10.0,0.0,0.0,0.4,5.0,0.0,0.0,0.004093686371748527,1.1825127803290538,0.21779884546541797,23.74073801551449
test/masks_pixel_gt/Switchgrass_720x510_DPI300/GT_Switchgrass_T322_L4_2017.08.09_122732_FRMI_DPI300_3_1.png,switchgrass_720x510_DPI300,switchgrass,2145,speckle,0.01,True,0.0001220703125,0.9896193771626297,0.02097902097902098,2145.0,2.700269215716505,84319.0,0.19327731092436976,595.0,0.7142857142857143,294.0,0.12064343163538874,373.0,0.08893498845651955,5.750670241286863,0.0,10.0,0.0,0.0,9.0,5.0,0.0,0.0,0.28847501420610844,1.1825127803290538,0.036295731543522045,23.74073801551449
test/masks_pixel_gt/Switchgrass_720x510_DPI300/GT_Switchgrass_T322_L4_2017.08.09_122732_FRMI_DPI300_3_1.png,switchgrass_720x510_DPI300,switchgrass,2145,speckle,0.05,True,0.0006347656250000001,0.9486952675807165,0.10815850815850817,2145.0,2.977502105100867,84319.0,0.17142857142857143,595.0,0.7312925170068028,294.0,0.6219839142091153,373.0,0.31678822554855607,5.750670241286863,0.0,10.0,0.0,0.0,46.4,5.0,0.0,0.0,0.24436822768398286,1.1825127803290538,0.1845712474086003,23.74073801551449
test/masks_pixel_gt/Switchgrass_720x510_DPI300/GT_Switchgrass_T322_L4_2017.08.09_122732_FRMI_DPI300_3_1.png,switchgrass_720x510_DPI300,switchgrass,2145,blob,0.01,True,0.0234375,0.9887070753629869,0.022843822843822845,2145.0,0.49849974501595135,84319.0,0.0,595.0,0.04081632653061224,294.0,0.002680965147453083,373.0,0.020108946312154923,5.750670241286863,0.0,10.0,0.0,0.0,0.2,5.0,0.0,0.0,0.04489072389805795,1.1825127803290538,0.044218221438306,23.74073801551449
test/masks_pixel_gt/Switchgrass_720x510_DPI300/GT_Switchgrass_T322_L4_2017.08.09_122732_FRMI_DPI300_3_1.png,switchgrass_720x510_DPI300,switchgrass,2145,blob,0.05,True,0.037500000000818545,0.9326086956521739,0.1445221445221445,2145.0,0.1312278371422811,84319.0,0.02857142857142857,595.0,0.0,294.0,0.005361930294906166,373.0,0.13841802641802653,5.750670241286863,0.0,10.0,0.0,0.0,0.4,5.0,0.0,0.0,0.0008426801583965885,1.1825127803290538,0.15079356788628545,23.74073801551449
test/masks_pixel_gt/Switchgrass_720x510_DPI300/GT_Switchgrass_T352_L8_2017.08.09_140236_FRMI_DPI300_2_2.png,switchgrass_720x510_DPI300,switchgrass,10413,boundary_erode,0.01,True,-0.0703125,0.9892744479495268,0.02122347066167291,10413.0,0.0006982790640089142,201925.0,0.0,638.0,0.0,510.0,0.014057507987220448,1565.0,0.034791891358234434,6.653674121405751,0.15625,32.0,0.14285714285714285,49.0,0.125,8.0,0.0,0.0,0.0009970814318084687,1.2787817910430324,0.0055820200907632745,6.372704146782437
test/masks_pixel_gt/Switchgrass_720x510_DPI300/GT_Switchgrass_T352_L8_2017.08.09_140236_FRMI_DPI300_2_2.png,switchgrass_720x510_DPI300,switchgrass,10413,boundary_erode,0.05,True,-0.31640625,0.949931931629103,0.09536156727167963,10413.0,0.0010845610994181009,201925.0,0.0,638.0,0.0,510.0,0.05750798722044728,1565.0,0.14455640651370308,6.653674121405751,0.78125,32.0,1.4081632653061225,49.0,0.5,8.0,0.0,0.0,0.006673790207200312,1.2787817910430324,0.03508401092922941,6.372704146782437
test/masks_pixel_gt/Switchgrass_720x510_DPI300/GT_Switchgrass_T352_L8_2017.08.09_140236_FRMI_DPI300_2_2.png,switchgrass_720x510_DPI300,switchgrass,10413,boundary_dilate,0.01,True,0.0703125,0.9894526795895097,0.021319504465571883,10413.0,0.0014312244645289093,201925.0,0.0,638.0,0.0,510.0,0.06389776357827476,1565.0,0.04002100631314115,6.653674121405751,0.59375,32.0,1.530612244897959,49.0,0.0,8.0,1.0,0.0,0.0007227436791887986,1.2787817910430324,0.007245775473422724,6.372704146782437
test/masks_pixel_gt/Switchgrass_720x510_DPI300/GT_Switchgrass_T352_L8_2017.08.09_140236_FRMI_DPI300_2_2.png,switchgrass_720x510_DPI300,switchgrass,10413,boundary_dilate,0.05,True,0.3515625,0.9494848180906356,0.10640545472006147,10413.0,0.0031249226197845735,201925.0,0.003134796238244514,638.0,0.0,510.0,0.1635782747603834,1565.0,0.04913534506485661,6.653674121405751,1.4375,32.0,3.673469387755102,49.0,0.0,8.0,6.0,0.0,0.02131503596546287,1.2787817910430324,0.030230821061605167,6.372704146782437
test/masks_pixel_gt/Switchgrass_720x510_DPI300/GT_Switchgrass_T352_L8_2017.08.09_140236_FRMI_DPI300_2_2.png,switchgrass_720x510_DPI300,switchgrass,10413,junction_break,0.01,True,0.15625,0.989813736903376,0.020167098818784212,10413.0,0.0,201925.0,0.0,638.0,0.0,510.0,0.05623003194888179,1565.0,0.07233001188832261,6.653674121405751,0.03125,32.0,0.4897959183673469,49.0,0.125,8.0,5.0,0.0,0.0009453377442377582,1.2787817910430324,0.016825777287877448,6.372704146782437
test/masks_pixel_gt/Switchgrass_720x510_DPI300/GT_Switchgrass_T352_L8_2017.08.09_140236_FRMI_DPI300_2_2.png,switchgrass_720x510_DPI300,switchgrass,10413,junction_break,0.05,False,,,,,,,,,,,,,,,,,,,,,,,,,,
test/masks_pixel_gt/Switchgrass_720x510_DPI300/GT_Switchgrass_T352_L8_2017.08.09_140236_FRMI_DPI300_2_2.png,switchgrass_720x510_DPI300,switchgrass,10413,thin_dropout,0.01,True,0.1410256410256352,0.9925503095975232,0.014789205800441756,10413.0,0.0008418967438405348,201925.0,0.0,638.0,0.0,510.0,0.02875399361022364,1565.0,0.014378219027834599,6.653674121405751,0.0625,32.0,0.08163265306122448,49.0,0.0,8.0,0.0,0.0,0.003784655265886441,1.2787817910430324,0.002924835346083277,6.372704146782437
test/masks_pixel_gt/Switchgrass_720x510_DPI300/GT_Switchgrass_T352_L8_2017.08.09_140236_FRMI_DPI300_2_2.png,switchgrass_720x510_DPI300,switchgrass,10413,thin_dropout,0.05,True,0.1923076923077588,0.9269373454245672,0.13617593392874291,10413.0,0.04739383434443482,201925.0,0.050156739811912224,638.0,0.0,510.0,0.19680511182108626,1565.0,0.07548501463923417,6.653674121405751,0.1875,32.0,0.2653061224489796,49.0,0.125,8.0,0.0,0.0,0.007911348379849385,1.2787817910430324,0.1711806056433846,6.372704146782437
test/masks_pixel_gt/Switchgrass_720x510_DPI300/GT_Switchgrass_T352_L8_2017.08.09_140236_FRMI_DPI300_2_2.png,switchgrass_720x510_DPI300,switchgrass,10413,speckle,0.01,True,0.0005859375000000001,0.9900641787497029,0.020071065014885238,10413.0,0.7073368825058809,201925.0,0.11285266457680251,638.0,0.0,510.0,0.134185303514377,1565.0,0.10061339901504482,6.653674121405751,0.09375,32.0,0.02040816326530612,49.0,25.875,8.0,0.0,0.0,0.07107353060777283,1.2787817910430324,0.03273493024800067,6.372704146782437
test/masks_pixel_gt/Switchgrass_720x510_DPI300/GT_Switchgrass_T352_L8_2017.08.09_140236_FRMI_DPI300_2_2.png,switchgrass_720x510_DPI300,switchgrass,10413,speckle,0.05,True,0.003125,0.949181896905337,0.10707769134735427,10413.0,0.7945722421691221,201925.0,0.12852664576802508,638.0,0.0,510.0,0.708626198083067,1565.0,0.3520655994919187,6.653674121405751,0.6875,32.0,0.02040816326530612,49.0,136.375,8.0,0.0,0.0,0.04014845064747741,1.2787817910430324,0.1486800765414223,6.372704146782437
test/masks_pixel_gt/Switchgrass_720x510_DPI300/GT_Switchgrass_T352_L8_2017.08.09_140236_FRMI_DPI300_2_2.png,switchgrass_720x510_DPI300,switchgrass,10413,blob,0.01,True,0.037500000000818545,0.9857528281346145,0.028906174973590704,10413.0,0.045997276216416985,201925.0,0.012539184952978056,638.0,0.0,510.0,0.006389776357827476,1565.0,0.022373437354710802,6.653674121405751,0.0625,32.0,0.0,49.0,0.25,8.0,0.0,0.0,0.0005643982936483197,1.2787817910430324,0.025679793961833834,6.372704146782437
test/masks_pixel_gt/Switchgrass_720x510_DPI300/GT_Switchgrass_T352_L8_2017.08.09_140236_FRMI_DPI300_2_2.png,switchgrass_720x510_DPI300,switchgrass,10413,blob,0.05,True,0.328125,0.9506550417674716,0.1038125420147892,10413.0,0.3080401139036771,201925.0,0.02037617554858934,638.0,0.0,510.0,0.01597444089456869,1565.0,0.08645699890134917,6.653674121405751,0.25,32.0,0.0,49.0,1.625,8.0,0.0,0.0,0.02643176252557968,1.2787817910430324,0.14119957287489257,6.372704146782437
test/masks_pixel_gt/Switchgrass_720x510_DPI300/GT_Switchgrass_T354_L5_2018.05.09_112026_TMPL_DPI300_1_1.png,switchgrass_720x510_DPI300,switchgrass,8465,boundary_erode,0.01,True,-0.0703125,0.9906542056074766,0.018518518518518517,8478.0,1.2769272023801922e-05,234939.0,0.0,631.0,0.0,510.0,0.03479036574487065,1121.0,0.05151660280970621,7.562890276538805,0.109375,64.0,0.1875,96.0,0.0625,16.0,0.0,0.0,0.001375364044757959,1.2770789929942772,0.0065083094942741575,10.850395643082276
test/masks_pixel_gt/Switchgrass_720x510_DPI300/GT_Switchgrass_T354_L5_2018.05.09_112026_TMPL_DPI300_1_1.png,switchgrass_720x510_DPI300,switchgrass,8465,boundary_erode,0.05,True,-0.3515625,0.9513266126538438,0.09282849728709601,8478.0,0.00031923180059504805,234939.0,0.001584786053882726,631.0,0.0,510.0,0.12221231043710973,1121.0,0.19162221419621198,7.562890276538805,0.6875,64.0,0.96875,96.0,0.8125,16.0,0.0,0.0,0.002459851260577594,1.2770789929942772,0.03544600969328593,10.850395643082276
test/masks_pixel_gt/Switchgrass_720x510_DPI300/GT_Switchgrass_T354_L5_2018.05.09_112026_TMPL_DPI300_1_1.png,switchgrass_720x510_DPI300,switchgrass,8465,boundary_dilate,0.01,True,0.0703125,0.9907677924506252,0.01863647086577023,8478.0,0.0017025696031735898,234939.0,0.0,631.0,0.0,510.0,0.10437109723461195,1121.0,0.07763208090425809,7.562890276538805,0.328125,64.0,0.78125,96.0,0.0,16.0,2.0,0.0,0.006223190993877706,1.2770789929942772,0.007510441669285255,10.850395643082276
test/masks_pixel_gt/Switchgrass_720x510_DPI300/GT_Switchgrass_T354_L5_2018.05.09_112026_TMPL_DPI300_1_1.png,switchgrass_720x510_DPI300,switchgrass,8465,boundary_dilate,0.05,True,0.3984375,0.949809545149003,0.10568530313753244,8478.0,0.0028688297813474987,234939.0,0.001584786053882726,631.0,0.0,510.0,0.2256913470115968,1121.0,0.09790886112287202,7.562890276538805,0.453125,64.0,1.8541666666666667,96.0,0.0,16.0,15.0,0.0,0.018939878549577505,1.2770789929942772,0.040740932521092225,10.850395643082276
test/masks_pixel_gt/Switchgrass_720x510_DPI300/GT_Switchgrass_T354_L5_2018.05.09_112026_TMPL_DPI300_1_1.png,switchgrass_720x510_DPI300,switchgrass,8465,junction_break,0.01,True,0.0625,0.9900530108999941,0.01969804199103562,8478.0,0.0,234939.0,0.0,631.0,0.0,510.0,0.02230151650312221,1121.0,0.041083337759119466,7.562890276538805,0.078125,64.0,0.0625,96.0,0.25,16.0,1.0,0.0,0.0014114522375346618,1.2770789929942772,0.007478889766789386,10.850395643082276
test/masks_pixel_gt/Switchgrass_720x510_DPI300/GT_Switchgrass_T354_L5_2018.05.09_112026_TMPL_DPI300_1_1.png,switchgrass_720x510_DPI300,switchgrass,8465,junction_break,0.05,True,0.484375,0.9501578849606835,0.0949516395376268,8478.0,0.0,234939.0,0.0,631.0,0.0,510.0,0.043710972346119537,1121.0,0.1328553742920339,7.562890276538805,0.484375,64.0,0.010416666666666666,96.0,1.75,16.0,6.0,0.0,0.007382956127564962,1.2770789929942772,0.04884259341842215,10.850395643082276
test/masks_pixel_gt/Switchgrass_720x510_DPI300/GT_Switchgrass_T354_L5_2018.05.09_112026_TMPL_DPI300_1_1.png,switchgrass_720x510_DPI300,switchgrass,8465,thin_dropout,0.01,True,0.225,0.9897521448999047,0.020287803727294173,8478.0,0.004856579793052665,234939.0,0.0,631.0,0.0,510.0,0.06779661016949153,1121.0,0.0509639923652662,7.562890276538805,0.28125,64.0,0.34375,96.0,0.1875,16.0,0.0,0.0,0.01160464561058882,1.2770789929942772,0.010955342012983274,10.850395643082276
test/masks_pixel_gt/Switchgrass_720x510_DPI300/GT_Switchgrass_T354_L5_2018.05.09_112026_TMPL_DPI300_1_1.png,switchgrass_720x510_DPI300,switchgrass,8465,thin_dropout,0.05,True,0.40909090909094636,0.9426950177714036,0.10839820712432177,8478.0,0.17081880828640625,234939.0,0.0,631.0,0.0,510.0,0.23996431757359502,1121.0,0.17310517583760004,7.562890276538805,0.421875,64.0,0.6145833333333334,96.0,0.1875,16.0,0.0,0.0,0.003963387467391762,1.2770789929942772,0.10468635479060963,10.850395643082276
test/masks_pixel_gt/Switchgrass_720x510_DPI300/GT_Switchgrass_T354_L5_2018.05.09_112026_TMPL_DPI300_1_1.png,switchgrass_720x510_DPI300,switchgrass,8465,speckle,0.01,True,0.00048828125,0.9897846010157025,0.020641660769049303,8478.0,0.5154018702727091,234939.0,0.1410459587955626,631.0,0.0,510.0,0.1543264942016057,1121.0,0.11581197703083136,7.562890276538805,0.0,64.0,0.0,96.0,10.8125,16.0,0.0,0.0,0.11827632958817881,1.2770789929942772,0.037842169342641896,10.850395643082276
test/masks_pixel_gt/Switchgrass_720x510_DPI300/GT_Switchgrass_T354_L5_2018.05.09_112026_TMPL_DPI300_1_1.png,switchgrass_720x510_DPI300,switchgrass,8465,speckle,0.05,True,0.0025390625000000005,0.9490121452957967,0.1074545883463081,8478.0,0.5429153950599943,234939.0,0.1410459587955626,631.0,0.0,510.0,0.8206958073148974,1121.0,0.3917410124761335,7.562890276538805,0.296875,64.0,0.125,96.0,55.6875,16.0,0.0,0.0,0.008306580255211062,1.2770789929942772,0.18044407614766536,10.850395643082276
test/masks_pixel_gt/Switchgrass_720x510_DPI300/GT_Switchgrass_T354_L5_2018.05.09_112026_TMPL_DPI300_1_1.png,switchgrass_720x510_DPI300,switchgrass,8465,blob,0.01,True,0.06250000000045475,0.9803989592367737,0.0399858457183298,8478.0,0.3310391207930569,234939.0,0.12361331220285261,631.0,0.0,510.0,0.0053523639607493305,1121.0,0.03444909764884451,7.562890276538805,0.03125,64.0,0.0,96.0,0.1875,16.0,0.0,0.0,0.015596757231774507,1.2770789929942772,0.05848384168705722,10.850395643082276
test/masks_pixel_gt/Switchgrass_720x510_DPI300/GT_Switchgrass_T354_L5_2018.05.09_112026_TMPL_DPI300_1_1.png,switchgrass_720x510_DPI300,switchgrass,8465,blob,0.05,True,0.2578125,0.9505549949545913,0.1040339702760085,8478.0,0.31829113088929467,234939.0,0.1410459587955626,631.0,0.0,510.0,0.026761819803746655,1121.0,0.07525810658506123,7.562890276538805,0.078125,64.0,0.03125,96.0,0.5625,16.0,0.0,0.0,0.044259918210374685,1.2770789929942772,0.1336535354465867,10.850395643082276
test/masks_pixel_gt/Switchgrass_720x510_DPI300/GT_Switchgrass_T354_L5_2018.05.09_112026_TMPL_DPI300_2_5.png,switchgrass_720x510_DPI300,switchgrass,7363,boundary_erode,0.01,True,-0.0703125,0.9895011322308378,0.02077957354339264,7363.0,0.0,109297.0,0.0,576.0,0.0,379.0,0.013850415512465374,1083.0,0.03415690177367408,6.79870729455217,0.1,30.0,0.2553191489361702,47.0,0.0,8.0,0.0,0.0,0.0014237778246928884,1.3628351443481659,0.0025279451649131046,11.463945524489237
test/masks_pixel_gt/Switchgrass_720x510_DPI300/GT_Switchgrass_T354_L5_2018.05.09_112026_TMPL_DPI300_2_5.png,switchgrass_720x510_DPI300,switchgrass,7363,boundary_erode,0.05,True,-0.328125,0.9491936634793777,0.09669971479016705,7363.0,0.002058610940830947,109297.0,0.0,576.0,0.0,379.0,0.05817174515235457,1083.0,0.14635758387238293,6.79870729455217,0.6333333333333333,30.0,1.3404255319148937,47.0,0.125,8.0,0.0,0.0,0.007586296616064118,1.3628351443481659,0.009751032619341434,11.463945524489237
test/masks_pixel_gt/Switchgrass_720x510_DPI300/GT_Switchgrass_T354_L5_2018.05.09_112026_TMPL_DPI300_2_5.png,switchgrass_720x510_DPI300,switchgrass,7363,boundary_dilate,0.01,True,0.0703125,0.9897835730608953,0.020643759337226675,7363.0,0.0006679048830251517,109297.0,0.0,576.0,0.0,379.0,0.034164358264081256,1083.0,0.013073936283735198,6.79870729455217,0.23333333333333334,30.0,0.6382978723404256,47.0,0.0,8.0,1.0,0.0,0.005568983944008023,1.3628351443481659,0.003272266863312431,11.463945524489237
test/masks_pixel_gt/Switchgrass_720x510_DPI300/GT_Switchgrass_T354_L5_2018.05.09_112026_TMPL_DPI300_2_5.png,switchgrass_720x510_DPI300,switchgrass,7363,boundary_dilate,0.05,True,0.3515625,0.9510462412813226,0.10294716827380145,7363.0,0.0063588204616778134,109297.0,0.001736111111111111,576.0,0.002638522427440633,379.0,0.1283471837488458,1083.0,0.022510815678783075,6.79870729455217,0.6,30.0,2.425531914893617,47.0,0.125,8.0,6.0,0.0,0.019674369299957844,1.3628351443481659,0.01378034854287126,11.463945524489237
test/masks_pixel_gt/Switchgrass_720x510_DPI300/GT_Switchgrass_T354_L5_2018.05.09_112026_TMPL_DPI300_2_5.png,switchgrass_720x510_DPI300,switchgrass,7363,junction_break,0.01,True,0.11702127659600592,0.9881124166838453,0.023495857666711938,7363.0,0.0,109297.0,0.0,576.0,0.0,379.0,0.06555863342566944,1083.0,0.0835754019523821,6.79870729455217,0.06666666666666667,30.0,0.8723404255319149,47.0,0.0,8.0,5.0,0.0,0.0010435845372760665,1.3628351443481659,0.0077727741383006805,11.463945524489237
test/masks_pixel_gt/Switchgrass_720x510_DPI300/GT_Switchgrass_T354_L5_2018.05.09_112026_TMPL_DPI300_2_5.png,switchgrass_720x510_DPI300,switchgrass,7363,junction_break,0.05,False,,,,,,,,,,,,,,,,,,,,,,,,,,
test/masks_pixel_gt/Switchgrass_720x510_DPI300/GT_Switchgrass_T354_L5_2018.05.09_112026_TMPL_DPI300_2_5.png,switchgrass_720x510_DPI300,switchgrass,7363,thin_dropout,0.01,True,0.1125,0.9887378107402829,0.022273529811218253,7363.0,0.002818009643448585,109297.0,0.0,576.0,0.0,379.0,0.05263157894736842,1083.0,0.03204460742149183,6.79870729455217,0.13333333333333333,30.0,0.2978723404255319,47.0,0.0,8.0,0.0,0.0,0.0063594967473638775,1.3628351443481659,0.0032257206589143207,11.463945524489237
test/masks_pixel_gt/Switchgrass_720x510_DPI300/GT_Switchgrass_T354_L5_2018.05.09_112026_TMPL_DPI300_2_5.png,switchgrass_720x510_DPI300,switchgrass,7363,thin_dropout,0.05,True,0.3375,0.948818616603612,0.09737878582099688,7363.0,0.008710211625204717,109297.0,0.0,576.0,0.0,379.0,0.16712834718374883,1083.0,0.08374587023931312,6.79870729455217,0.4666666666666667,30.0,0.6808510638297872,47.0,0.25,8.0,0.0,0.0,0.019730369396157767,1.3628351443481659,0.05834489140242977,11.463945524489237
test/masks_pixel_gt/Switchgrass_720x510_DPI300/GT_Switchgrass_T354_L5_2018.05.09_112026_TMPL_DPI300_2_5.png,switchgrass_720x510_DPI300,switchgrass,7363,speckle,0.01,True,0.000390625,0.9905159077150737,0.019149803069401058,7363.0,2.1315681125739956,109297.0,0.23958333333333334,576.0,0.33509234828496043,379.0,0.13019390581717452,1083.0,0.09825225757829945,6.79870729455217,0.0,30.0,0.0,47.0,17.625,8.0,0.0,0.0,0.194379634848078,1.3628351443481659,0.041477259595845535,11.463945524489237
test/masks_pixel_gt/Switchgrass_720x510_DPI300/GT_Switchgrass_T354_L5_2018.05.09_112026_TMPL_DPI300_2_5.png,switchgrass_720x510_DPI300,switchgrass,7363,speckle,0.05,True,0.0021484375,0.9501258145686818,0.10498438136629092,7363.0,2.3042443982908956,109297.0,0.25,576.0,0.34564643799472294,379.0,0.7054478301015698,1083.0,0.352085498094373,6.79870729455217,0.26666666666666666,30.0,0.0,47.0,95.125,8.0,0.0,0.0,0.1002379609522781,1.3628351443481659,0.1943375598702455,11.463945524489237
test/masks_pixel_gt/Switchgrass_720x510_DPI300/GT_Switchgrass_T354_L5_2018.05.09_112026_TMPL_DPI300_2_5.png,switchgrass_720x510_DPI300,switchgrass,7363,blob,0.01,True,0.0234375,0.9899831932773109,0.02023631671872878,7363.0,0.6984180718592459,109297.0,0.0,576.0,0.0,379.0,0.0009233610341643582,1083.0,0.019295139304781633,6.79870729455217,0.0,30.0,0.0,47.0,0.125,8.0,0.0,0.0,0.010851281874975987,1.3628351443481659,0.039858469766241016,11.463945524489237
test/masks_pixel_gt/Switchgrass_720x510_DPI300/GT_Switchgrass_T354_L5_2018.05.09_112026_TMPL_DPI300_2_5.png,switchgrass_720x510_DPI300,switchgrass,7363,blob,0.05,True,0.1875,0.9492071677194792,0.10702159445878039,7363.0,1.2489821312570335,109297.0,0.2204861111111111,576.0,0.08443271767810026,379.0,0.012927054478301015,1083.0,0.09289369808464829,6.79870729455217,0.13333333333333333,30.0,0.0,47.0,1.0,8.0,0.0,0.0,0.05460880171378121,1.3628351443481659,0.17237930914757166,11.463945524489237
test/masks_pixel_gt/Switchgrass_720x510_DPI300/GT_Switchgrass_T523_L7_2018.05.09_121216_TMPL_DPI300_3_2.png,switchgrass_720x510_DPI300,switchgrass,9005,boundary_erode,0.01,True,-0.09375,0.9910364145658264,0.01776790671848973,9005.0,0.0012522900674845202,86242.0,0.0,382.0,0.0,350.0,0.028376844494892167,881.0,0.0448714413013128,10.221339387060159,0.17391304347826086,23.0,0.4,30.0,0.0,6.0,0.0,0.0,0.0014818492318370328,1.3649605842972177,0.011294058487946939,13.428885505717636
test/masks_pixel_gt/Switchgrass_720x510_DPI300/GT_Switchgrass_T523_L7_2018.05.09_121216_TMPL_DPI300_3_2.png,switchgrass_720x510_DPI300,switchgrass,9005,boundary_erode,0.05,True,-0.515625,0.948566758129488,0.09783453636868407,9005.0,0.003838037151272002,86242.0,0.002617801047120419,382.0,0.0,350.0,0.12372304199772985,881.0,0.19716386519273793,10.221339387060159,0.9130434782608695,23.0,2.7666666666666666,30.0,0.0,6.0,0.0,0.0,0.008989832991529908,1.3649605842972177,0.07790359937623223,13.428885505717636
test/masks_pixel_gt/Switchgrass_720x510_DPI300/GT_Switchgrass_T523_L7_2018.05.09_121216_TMPL_DPI300_3_2.png,switchgrass_720x510_DPI300,switchgrass,9005,boundary_dilate,0.01,True,0.09375,0.9911397281382422,0.017878956135480288,9005.0,0.002284269845318986,86242.0,0.0,382.0,0.0,350.0,0.08286038592508513,881.0,0.06000905623128078,10.221339387060159,0.782608695652174,23.0,1.5666666666666667,30.0,0.0,6.0,0.0,0.0,0.004726418008696383,1.3649605842972177,0.012357181235030122,13.428885505717636
test/masks_pixel_gt/Switchgrass_720x510_DPI300/GT_Switchgrass_T523_L7_2018.05.09_121216_TMPL_DPI300_3_2.png,switchgrass_720x510_DPI300,switchgrass,9005,boundary_dilate,0.05,True,0.5625,0.9490435790693998,0.1073847862298723,9005.0,0.008951554926833792,86242.0,0.005235602094240838,382.0,0.002857142857142857,350.0,0.2292849035187287,881.0,0.0991634379792082,10.221339387060159,1.2173913043478262,23.0,4.266666666666667,30.0,0.0,6.0,7.0,0.0,0.01948662167619553,1.3649605842972177,0.06725659496863963,13.428885505717636
test/masks_pixel_gt/Switchgrass_720x510_DPI300/GT_Switchgrass_T523_L7_2018.05.09_121216_TMPL_DPI300_3_2.png,switchgrass_720x510_DPI300,switchgrass,9005,junction_break,0.01,True,0.25,0.9892811044390819,0.021210438645197113,9005.0,0.0,86242.0,0.0,382.0,0.0,350.0,0.09080590238365494,881.0,0.10269135946557613,10.221339387060159,0.17391304347826086,23.0,0.6666666666666666,30.0,0.0,6.0,5.0,0.0,0.00115021057968909,1.3649605842972177,0.015391166690699011,13.428885505717636
test/masks_pixel_gt/Switchgrass_720x510_DPI300/GT_Switchgrass_T523_L7_2018.05.09_121216_TMPL_DPI300_3_2.png,switchgrass_720x510_DPI300,switchgrass,9005,junction_break,0.05,False,,,,,,,,,,,,,,,,,,,,,,,,,,
test/masks_pixel_gt/Switchgrass_720x510_DPI300/GT_Switchgrass_T523_L7_2018.05.09_121216_TMPL_DPI300_3_2.png,switchgrass_720x510_DPI300,switchgrass,9005,thin_dropout,0.01,True,0.16071428571399343,0.9957622393219583,0.008439755691282622,9005.0,0.0014610050787319403,86242.0,0.0,382.0,0.0,350.0,0.021566401816118047,881.0,0.013415980552181034,10.221339387060159,0.21739130434782608,23.0,0.1,30.0,0.3333333333333333,6.0,0.0,0.0,0.003079202291627115,1.3649605842972177,0.006505626525996841,13.428885505717636
test/masks_pixel_gt/Switchgrass_720x510_DPI300/GT_Switchgrass_T523_L7_2018.05.09_121216_TMPL_DPI300_3_2.png,switchgrass_720x510_DPI300,switchgrass,9005,thin_dropout,0.05,True,0.3749999999998636,0.9627368542302598,0.07184897279289283,9005.0,0.06542056074766354,86242.0,0.08638743455497382,382.0,0.0,350.0,0.13393870601589103,881.0,0.07169207728631902,10.221339387060159,0.391304347826087,23.0,0.5333333333333333,30.0,0.3333333333333333,6.0,0.0,0.0,0.018842115818694046,1.3649605842972177,0.0951391084524497,13.428885505717636
test/masks_pixel_gt/Switchgrass_720x510_DPI300/GT_Switchgrass_T523_L7_2018.05.09_121216_TMPL_DPI300_3_2.png,switchgrass_720x510_DPI300,switchgrass,9005,speckle,0.01,True,0.00048828125,0.9903766840802859,0.01943364797334814,9005.0,2.989343939147979,86242.0,0.8638743455497382,382.0,0.45714285714285713,350.0,0.19863791146424517,881.0,0.1495065872495078,10.221339387060159,0.0,23.0,0.0,30.0,29.166666666666668,6.0,0.0,0.0,0.17449711371537263,1.3649605842972177,0.03206471111507018,13.428885505717636
test/masks_pixel_gt/Switchgrass_720x510_DPI300/GT_Switchgrass_T523_L7_2018.05.09_121216_TMPL_DPI300_3_2.png,switchgrass_720x510_DPI300,switchgrass,9005,speckle,0.05,True,0.00263671875,0.9501952094544687,0.10483064963908939,9005.0,3.16447902414137,86242.0,0.8821989528795812,382.0,0.4542857142857143,350.0,1.0771850170261068,881.0,0.46811158342511594,10.221339387060159,0.7391304347826086,23.0,0.23333333333333334,30.0,155.0,6.0,0.0,0.0,0.06970986160128802,1.3649605842972177,0.15745400459148495,13.428885505717636
test/masks_pixel_gt/Switchgrass_720x510_DPI300/GT_Switchgrass_T523_L7_2018.05.09_121216_TMPL_DPI300_3_2.png,switchgrass_720x510_DPI300,switchgrass,9005,blob,0.01,True,0.0234375,0.9909215955983494,0.018323153803442533,9005.0,0.1173442174346606,86242.0,0.015706806282722512,382.0,0.0,350.0,0.0056753688989784334,881.0,0.012576409143152337,10.221339387060159,0.08695652173913043,23.0,0.0,30.0,0.16666666666666666,6.0,0.0,0.0,0.003177288161445488,1.3649605842972177,0.005687207881001918,13.428885505717636
test/masks_pixel_gt/Switchgrass_720x510_DPI300/GT_Switchgrass_T523_L7_2018.05.09_121216_TMPL_DPI300_3_2.png,switchgrass_720x510_DPI300,switchgrass,9005,blob,0.05,True,0.26250000000027285,0.9449108079748164,0.11660188784008883,9005.0,1.5948145914983418,86242.0,0.7120418848167539,382.0,0.45714285714285713,350.0,0.022701475595913734,881.0,0.0918160523719404,10.221339387060159,0.34782608695652173,23.0,0.0,30.0,1.6666666666666667,6.0,0.0,0.0,0.05642228795532939,1.3649605842972177,0.14221045868366172,13.428885505717636
test/masks_pixel_gt/Switchgrass_720x510_DPI300/GT_Switchgrass_T523_L7_2018.05.09_121216_TMPL_DPI300_3_4.png,switchgrass_720x510_DPI300,switchgrass,6948,boundary_erode,0.01,True,-0.09375,0.9901162790697674,0.01957397812320092,6948.0,2.2903560740243085e-05,130984.0,0.0,467.0,0.0,485.0,0.023676880222841225,718.0,0.042250498357086046,9.676880222841225,0.4,10.0,2.0,7.0,0.0,3.0,0.0,0.0,0.0006123921679341951,1.3408768955830717,0.003986912361641361,12.625653906772534
test/masks_pixel_gt/Switchgrass_720x510_DPI300/GT_Switchgrass_T523_L7_2018.05.09_121216_TMPL_DPI300_3_4.png,switchgrass_720x510_DPI300,switchgrass,6948,boundary_erode,0.05,True,-0.46875,0.948626768555648,0.09772596430627518,6948.0,0.002328528675258047,130984.0,0.004282655246252677,467.0,0.0,485.0,0.17827298050139276,718.0,0.23424023921029025,9.676880222841225,2.9,10.0,14.285714285714286,7.0,0.3333333333333333,3.0,0.0,0.0,0.009366679267842295,1.3408768955830717,0.027426234811915924,12.625653906772534
test/masks_pixel_gt/Switchgrass_720x510_DPI300/GT_Switchgrass_T523_L7_2018.05.09_121216_TMPL_DPI300_3_4.png,switchgrass_720x510_DPI300,switchgrass,6948,boundary_dilate,0.01,True,0.09375,0.9904490377761939,0.019286125503742084,6948.0,0.0024125083979722713,130984.0,0.0,467.0,0.0,485.0,0.02924791086350975,718.0,0.009678703502453468,9.676880222841225,0.4,10.0,1.5714285714285714,7.0,0.0,3.0,0.0,0.0,5.9584381067838984e-05,1.3408768955830717,0.005533261393265809,12.625653906772534
test/masks_pixel_gt/Switchgrass_720x510_DPI300/GT_Switchgrass_T523_L7_2018.05.09_121216_TMPL_DPI300_3_4.png,switchgrass_720x510_DPI300,switchgrass,6948,boundary_dilate,0.05,True,0.515625,0.9497641993028502,0.10578583765112262,6948.0,0.0068557991815794295,130984.0,0.0021413276231263384,467.0,0.002061855670103093,485.0,0.1573816155988858,718.0,0.044579745567381375,9.676880222841225,2.2,10.0,11.142857142857142,7.0,0.0,3.0,0.0,0.0,0.016687875379771885,1.3408768955830717,0.026990628464981924,12.625653906772534
test/masks_pixel_gt/Switchgrass_720x510_DPI300/GT_Switchgrass_T523_L7_2018.05.09_121216_TMPL_DPI300_3_4.png,switchgrass_720x510_DPI300,switchgrass,6948,junction_break,0.01,False,,,,,,,,,,,,,,,,,,,,,,,,,,
test/masks_pixel_gt/Switchgrass_720x510_DPI300/GT_Switchgrass_T523_L7_2018.05.09_121216_TMPL_DPI300_3_4.png,switchgrass_720x510_DPI300,switchgrass,6948,junction_break,0.05,False,,,,,,,,,,,,,,,,,,,,,,,,,,
test/masks_pixel_gt/Switchgrass_720x510_DPI300/GT_Switchgrass_T523_L7_2018.05.09_121216_TMPL_DPI300_3_4.png,switchgrass_720x510_DPI300,switchgrass,6948,thin_dropout,0.01,True,0.3375,0.9894553123409207,0.02086931491076569,6948.0,0.016597447016429488,130984.0,0.0,467.0,0.0,485.0,0.04317548746518106,718.0,0.023312710180597114,9.676880222841225,0.3,10.0,0.8571428571428571,7.0,0.0,3.0,0.0,0.0,0.004485805670671851,1.3408768955830717,0.0035204461932960025,12.625653906772534
test/masks_pixel_gt/Switchgrass_720x510_DPI300/GT_Switchgrass_T523_L7_2018.05.09_121216_TMPL_DPI300_3_4.png,switchgrass_720x510_DPI300,switchgrass,6948,thin_dropout,0.05,True,0.5909090909092356,0.9432699619771863,0.10736902705814623,6948.0,0.01757466560801319,130984.0,0.0,467.0,0.0,485.0,0.15041782729805014,718.0,0.05067055503647708,9.676880222841225,0.4,10.0,1.0,7.0,0.0,3.0,0.0,0.0,0.03360260180011275,1.3408768955830717,0.14498551963627251,12.625653906772534
test/masks_pixel_gt/Switchgrass_720x510_DPI300/GT_Switchgrass_T523_L7_2018.05.09_121216_TMPL_DPI300_3_4.png,switchgrass_720x510_DPI300,switchgrass,6948,speckle,0.01,True,0.000390625,0.9899551186150887,0.020293609671848015,6948.0,1.631626763574177,130984.0,0.5396145610278372,467.0,0.05154639175257732,485.0,0.19637883008356546,718.0,0.14718182567591748,9.676880222841225,0.0,10.0,0.0,7.0,47.0,3.0,0.0,0.0,0.20706320281986745,1.3408768955830717,0.03380553210036542,12.625653906772534
test/masks_pixel_gt/Switchgrass_720x510_DPI300/GT_Switchgrass_T523_L7_2018.05.09_121216_TMPL_DPI300_3_4.png,switchgrass_720x510_DPI300,switchgrass,6948,speckle,0.05,True,0.00205078125,0.9495046122309532,0.1063615428900403,6948.0,1.7564664386489952,130984.0,0.5374732334047109,467.0,0.05154639175257732,485.0,1.0250696378830084,718.0,0.4536674086691548,9.676880222841225,1.4,10.0,0.0,7.0,243.0,3.0,0.0,0.0,0.10975447978047213,1.3408768955830717,0.16835013894782622,12.625653906772534
test/masks_pixel_gt/Switchgrass_720x510_DPI300/GT_Switchgrass_T523_L7_2018.05.09_121216_TMPL_DPI300_3_4.png,switchgrass_720x510_DPI300,switchgrass,6948,blob,0.01,True,0.037500000000818545,0.982605006364022,0.03540587219343696,6948.0,0.20837659561473157,130984.0,0.09207708779443255,467.0,0.0,485.0,0.002785515320334262,718.0,0.03252974477067751,9.676880222841225,0.0,10.0,0.0,7.0,0.6666666666666666,3.0,0.0,0.0,0.003221223334549448,1.3408768955830717,0.04505501070461293,12.625653906772534
test/masks_pixel_gt/Switchgrass_720x510_DPI300/GT_Switchgrass_T523_L7_2018.05.09_121216_TMPL_DPI300_3_4.png,switchgrass_720x510_DPI300,switchgrass,6948,blob,0.05,True,0.140625,0.9508690296975503,0.1033390903857225,6948.0,0.5929808220851401,130984.0,0.0,467.0,0.0,485.0,0.012534818941504178,718.0,0.08968014703844401,9.676880222841225,0.2,10.0,0.0,7.0,2.0,3.0,0.0,0.0,0.04940961192456626,1.3408768955830717,0.15061761268696408,12.625653906772534
